source_id,cab,name,recovery_products,files
,,animation_recovery_report,highest-quality,1
,,manifest.ndjson,scalar-full-source|standalone-native,2
,,standalone_recovery_report,standalone-native,1
102847481,CAB-00e8dae3c8695a5fec36908196b88b5a,-8503893327316144235,highest-quality,1
102847481,CAB-00e8dae3c8695a5fec36908196b88b5a,-929057884553090256,highest-quality,1
102847481,CAB-00e8dae3c8695a5fec36908196b88b5a,Avatar_Female_Size02_Remielle_Origin_Ani_SwitchOut_AirState_Back,scalar-full-source,1
102847481,CAB-00e8dae3c8695a5fec36908196b88b5a,Avatar_Female_Size02_Remielle_Origin_Default_Ani_SwitchOut_AirState_Back,scalar-full-source,1
102847481,CAB-00e8dae3c8695a5fec36908196b88b5a,acl-database-bulk,scalar-full-source,2
102847481,CAB-00e8dae3c8695a5fec36908196b88b5a,native-object,scalar-full-source,2
102847481,CAB-00e8dae3c8695a5fec36908196b88b5a,streaming-info,scalar-full-source,2
102847481,CAB-1c77d52a1225dc8eb72e210ec8ff54f5,-5487044827770026367,highest-quality,1
102847481,CAB-1c77d52a1225dc8eb72e210ec8ff54f5,4158058185425734256,highest-quality,1
102847481,CAB-1c77d52a1225dc8eb72e210ec8ff54f5,Avatar_Female_Size02_Remielle_Origin_Ani_Hit_L_Front,scalar-full-source,1
102847481,CAB-1c77d52a1225dc8eb72e210ec8ff54f5,Avatar_Female_Size02_Remielle_Origin_Default_Ani_Hit_L_Front,scalar-full-source,1
102847481,CAB-1c77d52a1225dc8eb72e210ec8ff54f5,acl-database-bulk,scalar-full-source,2
102847481,CAB-1c77d52a1225dc8eb72e210ec8ff54f5,native-object,scalar-full-source,2
102847481,CAB-1c77d52a1225dc8eb72e210ec8ff54f5,streaming-info,scalar-full-source,2
102847481,CAB-5429044575e0ff50fab2b8b898ad357d,6889733307893748972,highest-quality,1
102847481,CAB-5429044575e0ff50fab2b8b898ad357d,7807589847472477599,highest-quality,1
102847481,CAB-5429044575e0ff50fab2b8b898ad357d,Avatar_Female_Size02_Remielle_Origin_Ani_Evade_Front,scalar-full-source,1
102847481,CAB-5429044575e0ff50fab2b8b898ad357d,Avatar_Female_Size02_Remielle_Origin_Default_Ani_Evade_Front,scalar-full-source,1
102847481,CAB-5429044575e0ff50fab2b8b898ad357d,acl-database-bulk,scalar-full-source,2
102847481,CAB-5429044575e0ff50fab2b8b898ad357d,native-object,scalar-full-source,2
102847481,CAB-5429044575e0ff50fab2b8b898ad357d,streaming-info,scalar-full-source,2
102847481,CAB-8a2af431202af655544c1f6939a6e526,-5724022541439689088,highest-quality,1
102847481,CAB-8a2af431202af655544c1f6939a6e526,-6889905996062850525,highest-quality,1
102847481,CAB-8a2af431202af655544c1f6939a6e526,3246741233040945598,highest-quality,1
102847481,CAB-8a2af431202af655544c1f6939a6e526,7520176871862997284,highest-quality,1
102847481,CAB-8a2af431202af655544c1f6939a6e526,Avatar_Female_Size02_Remielle_Origin_Ani_Attack_Burst_Ex_02,scalar-full-source,1
102847481,CAB-8a2af431202af655544c1f6939a6e526,Avatar_Female_Size02_Remielle_Origin_Ani_Attack_Burst_Ex_02_End,scalar-full-source,1
102847481,CAB-8a2af431202af655544c1f6939a6e526,Avatar_Female_Size02_Remielle_Origin_Default_Ani_Attack_Burst_Ex_02,scalar-full-source,1
102847481,CAB-8a2af431202af655544c1f6939a6e526,Avatar_Female_Size02_Remielle_Origin_Default_Ani_Attack_Burst_Ex_02_End,scalar-full-source,1
102847481,CAB-8a2af431202af655544c1f6939a6e526,acl-database-bulk,scalar-full-source,4
102847481,CAB-8a2af431202af655544c1f6939a6e526,native-object,scalar-full-source,4
102847481,CAB-8a2af431202af655544c1f6939a6e526,streaming-info,scalar-full-source,4
102847481,CAB-9af1ea5d8a69568e15a5ea4b98240113,-1644446915680665024,highest-quality,1
102847481,CAB-9af1ea5d8a69568e15a5ea4b98240113,485121230454011730,highest-quality,1
102847481,CAB-9af1ea5d8a69568e15a5ea4b98240113,521717370930988612,highest-quality,1
102847481,CAB-9af1ea5d8a69568e15a5ea4b98240113,5225909447599136991,highest-quality,1
102847481,CAB-9af1ea5d8a69568e15a5ea4b98240113,Avatar_Female_Size02_Remielle_Origin_Ani_Attack_Counter,scalar-full-source,1
102847481,CAB-9af1ea5d8a69568e15a5ea4b98240113,Avatar_Female_Size02_Remielle_Origin_Ani_Attack_Counter_End,scalar-full-source,1
102847481,CAB-9af1ea5d8a69568e15a5ea4b98240113,Avatar_Female_Size02_Remielle_Origin_Default_Ani_Attack_Counter,scalar-full-source,1
102847481,CAB-9af1ea5d8a69568e15a5ea4b98240113,Avatar_Female_Size02_Remielle_Origin_Default_Ani_Attack_Counter_End,scalar-full-source,1
102847481,CAB-9af1ea5d8a69568e15a5ea4b98240113,acl-database-bulk,scalar-full-source,4
102847481,CAB-9af1ea5d8a69568e15a5ea4b98240113,native-object,scalar-full-source,4
102847481,CAB-9af1ea5d8a69568e15a5ea4b98240113,streaming-info,scalar-full-source,4
102847481,CAB-a6983a3896095e5d0d0ca7300e520f51,-4405432581584559684,highest-quality,1
102847481,CAB-a6983a3896095e5d0d0ca7300e520f51,-8803156122219701776,highest-quality,1
102847481,CAB-a6983a3896095e5d0d0ca7300e520f51,4633368758962200941,highest-quality,1
102847481,CAB-a6983a3896095e5d0d0ca7300e520f51,8462630438214950599,highest-quality,1
102847481,CAB-a6983a3896095e5d0d0ca7300e520f51,Avatar_Female_Size02_Remielle_Origin_Ani_Finish_Ex_AirState,scalar-full-source,1
102847481,CAB-a6983a3896095e5d0d0ca7300e520f51,Avatar_Female_Size02_Remielle_Origin_Ani_Finish_Ex_AirState_End,scalar-full-source,1
102847481,CAB-a6983a3896095e5d0d0ca7300e520f51,Avatar_Female_Size02_Remielle_Origin_Default_Ani_Finish_Ex_AirState,scalar-full-source,1
102847481,CAB-a6983a3896095e5d0d0ca7300e520f51,Avatar_Female_Size02_Remielle_Origin_Default_Ani_Finish_Ex_AirState_End,scalar-full-source,1
102847481,CAB-a6983a3896095e5d0d0ca7300e520f51,acl-database-bulk,scalar-full-source,4
102847481,CAB-a6983a3896095e5d0d0ca7300e520f51,native-object,scalar-full-source,4
102847481,CAB-a6983a3896095e5d0d0ca7300e520f51,streaming-info,scalar-full-source,4
102847481,CAB-b618c17e0ed2d6f851f86ae5aef2ecd2,-8290319353614040747,highest-quality,1
102847481,CAB-b618c17e0ed2d6f851f86ae5aef2ecd2,2420885211496853281,highest-quality,1
102847481,CAB-b618c17e0ed2d6f851f86ae5aef2ecd2,Avatar_Female_Size02_Remielle_Origin_Ani_Move_F_AirBack_Loop,scalar-full-source,1
102847481,CAB-b618c17e0ed2d6f851f86ae5aef2ecd2,Avatar_Female_Size02_Remielle_Origin_Default_Ani_Move_F_AirBack_Loop,scalar-full-source,1
102847481,CAB-b618c17e0ed2d6f851f86ae5aef2ecd2,acl-database-bulk,scalar-full-source,2
102847481,CAB-b618c17e0ed2d6f851f86ae5aef2ecd2,native-object,scalar-full-source,2
102847481,CAB-b618c17e0ed2d6f851f86ae5aef2ecd2,streaming-info,scalar-full-source,2
102847481,CAB-cbb7d42202fed0705a9c77c2ef34be2a,-5433537715502596119,highest-quality,1
102847481,CAB-cbb7d42202fed0705a9c77c2ef34be2a,8521723471483421154,highest-quality,1
102847481,CAB-cbb7d42202fed0705a9c77c2ef34be2a,Avatar_Female_Size02_Remielle_Origin_Ani_Walk_End,scalar-full-source,1
102847481,CAB-cbb7d42202fed0705a9c77c2ef34be2a,Avatar_Female_Size02_Remielle_Origin_Default_Ani_Walk_End,scalar-full-source,1
102847481,CAB-cbb7d42202fed0705a9c77c2ef34be2a,acl-database-bulk,scalar-full-source,2
102847481,CAB-cbb7d42202fed0705a9c77c2ef34be2a,native-object,scalar-full-source,2
102847481,CAB-cbb7d42202fed0705a9c77c2ef34be2a,streaming-info,scalar-full-source,2
1142011360,CAB-0d2764bbd9198836d4bfd1899f3dd52f,Eff_RemielleOrigin_Skill_01_01_Feather,scalar-full-source|standalone-native,2
1142011360,CAB-0d2764bbd9198836d4bfd1899f3dd52f,native-object,scalar-full-source,1
1142011360,CAB-1ce135978d09e031bb8aa60c1d3da48a,Eff_RemielleOrigin_DtoS1_01_Feather,scalar-full-source|standalone-native,2
1142011360,CAB-1ce135978d09e031bb8aa60c1d3da48a,native-object,scalar-full-source,1
1142011360,CAB-1eda398b5d574f1e3e15e88f8255c9b7,Eff_RemielleOrigin_S1toE_01_Feather,scalar-full-source|standalone-native,2
1142011360,CAB-1eda398b5d574f1e3e15e88f8255c9b7,native-object,scalar-full-source,1
1142011360,CAB-2633c12e9540af229a2e0eb4707af800,Eff_RemielleOrigin_DtoS1_02_Flare,scalar-full-source|standalone-native,2
1142011360,CAB-2633c12e9540af229a2e0eb4707af800,native-object,scalar-full-source,1
1142011360,CAB-40360f67660cfd7bcfdb87cd6b6d5d77,Avatar_Female_Size02_Remielle_Ani_UI_S1toD,scalar-full-source|standalone-native,2
1142011360,CAB-40360f67660cfd7bcfdb87cd6b6d5d77,native-object,scalar-full-source,1
1142011360,CAB-573fab6f699cbfa99ae0b18eb39499ce,Eff_RemielleOrigin_S1toD_01_Feather,scalar-full-source|standalone-native,2
1142011360,CAB-573fab6f699cbfa99ae0b18eb39499ce,native-object,scalar-full-source,1
1142011360,CAB-8c5c571c9f4c668d726dab90381d46a1,Eff_RemielleOrigin_Skill_01_02_Flare,scalar-full-source|standalone-native,2
1142011360,CAB-8c5c571c9f4c668d726dab90381d46a1,native-object,scalar-full-source,1
1142011360,CAB-91de6474ea1d7f1621b96d3a4c8fc41b,Eff_RemielleOrigin_S1toD_02_Flare,scalar-full-source|standalone-native,2
1142011360,CAB-91de6474ea1d7f1621b96d3a4c8fc41b,native-object,scalar-full-source,1
1142011360,CAB-aa60e94a0ac45618ac218bd885410a8f,Eff_RemielleOrigin_S1toE_02_Flare,scalar-full-source|standalone-native,2
1142011360,CAB-aa60e94a0ac45618ac218bd885410a8f,native-object,scalar-full-source,1
1142011360,CAB-e3882721d7998c399ffbd2175c4d4b00,Avatar_Female_Size02_Remielle_Ani_UI_DtoS1,scalar-full-source|standalone-native,2
1142011360,CAB-e3882721d7998c399ffbd2175c4d4b00,native-object,scalar-full-source,1
1186972585,CAB-025ec63081710535a751715600ae5afc,1539313848409567955,highest-quality,1
1186972585,CAB-025ec63081710535a751715600ae5afc,6811696467375545514,highest-quality,1
1186972585,CAB-025ec63081710535a751715600ae5afc,Avatar_Female_Size02_Remielle_Origin_Ani_UI_Equipment,scalar-full-source,1
1186972585,CAB-025ec63081710535a751715600ae5afc,Avatar_Female_Size02_Remielle_Origin_Default_Ani_UI_Equipment,scalar-full-source,1
1186972585,CAB-025ec63081710535a751715600ae5afc,acl-database-bulk,scalar-full-source,2
1186972585,CAB-025ec63081710535a751715600ae5afc,native-object,scalar-full-source,2
1186972585,CAB-025ec63081710535a751715600ae5afc,streaming-info,scalar-full-source,2
1186972585,CAB-611b1b8a6d2293f56d406ad34f154181,-4642342276331182895,highest-quality,1
1186972585,CAB-611b1b8a6d2293f56d406ad34f154181,-5130596990700648998,highest-quality,1
1186972585,CAB-611b1b8a6d2293f56d406ad34f154181,Avatar_Female_Size02_Remielle_Origin_Ani_Gal_Think_Loop,scalar-full-source,1
1186972585,CAB-611b1b8a6d2293f56d406ad34f154181,Avatar_Female_Size02_Remielle_Origin_Default_Ani_Gal_Think_Loop,scalar-full-source,1
1186972585,CAB-611b1b8a6d2293f56d406ad34f154181,acl-database-bulk,scalar-full-source,2
1186972585,CAB-611b1b8a6d2293f56d406ad34f154181,native-object,scalar-full-source,2
1186972585,CAB-611b1b8a6d2293f56d406ad34f154181,streaming-info,scalar-full-source,2
1186972585,CAB-69f28d52a67ea219a2c69ad5a7ac4d06,-4170381540393360754,highest-quality,1
1186972585,CAB-69f28d52a67ea219a2c69ad5a7ac4d06,-4412330399154329950,highest-quality,1
1186972585,CAB-69f28d52a67ea219a2c69ad5a7ac4d06,Avatar_Female_Size02_Remielle_Origin_Ani_Gal_Happy_End,scalar-full-source,1
1186972585,CAB-69f28d52a67ea219a2c69ad5a7ac4d06,Avatar_Female_Size02_Remielle_Origin_Default_Ani_Gal_Happy_End,scalar-full-source,1
1186972585,CAB-69f28d52a67ea219a2c69ad5a7ac4d06,acl-database-bulk,scalar-full-source,2
1186972585,CAB-69f28d52a67ea219a2c69ad5a7ac4d06,native-object,scalar-full-source,2
1186972585,CAB-69f28d52a67ea219a2c69ad5a7ac4d06,streaming-info,scalar-full-source,2
1186972585,CAB-6db348098761db4032082455b032f42f,1253384568466234109,highest-quality,1
1186972585,CAB-6db348098761db4032082455b032f42f,2555431876738953443,highest-quality,1
1186972585,CAB-6db348098761db4032082455b032f42f,Avatar_Female_Size02_Remielle_Origin_Ani_Gal_Idle,scalar-full-source,1
1186972585,CAB-6db348098761db4032082455b032f42f,Avatar_Female_Size02_Remielle_Origin_Default_Ani_Gal_Idle,scalar-full-source,1
1186972585,CAB-6db348098761db4032082455b032f42f,acl-database-bulk,scalar-full-source,2
1186972585,CAB-6db348098761db4032082455b032f42f,native-object,scalar-full-source,2
1186972585,CAB-6db348098761db4032082455b032f42f,streaming-info,scalar-full-source,2
1186972585,CAB-977e42edf66c0e48afb9bbc0b7490d91,2045774491675328414,highest-quality,1
1186972585,CAB-977e42edf66c0e48afb9bbc0b7490d91,5878337502696187076,highest-quality,1
1186972585,CAB-977e42edf66c0e48afb9bbc0b7490d91,Avatar_Female_Size02_Remielle_Origin_Ani_Gal_Sad_End,scalar-full-source,1
1186972585,CAB-977e42edf66c0e48afb9bbc0b7490d91,Avatar_Female_Size02_Remielle_Origin_Default_Ani_Gal_Sad_End,scalar-full-source,1
1186972585,CAB-977e42edf66c0e48afb9bbc0b7490d91,acl-database-bulk,scalar-full-source,2
1186972585,CAB-977e42edf66c0e48afb9bbc0b7490d91,native-object,scalar-full-source,2
1186972585,CAB-977e42edf66c0e48afb9bbc0b7490d91,streaming-info,scalar-full-source,2
1186972585,CAB-b239bb2c6995b6391056baf7e0580bba,-2912069511717118028,highest-quality,1
1186972585,CAB-b239bb2c6995b6391056baf7e0580bba,1465532539227399683,highest-quality,1
1186972585,CAB-b239bb2c6995b6391056baf7e0580bba,Avatar_Female_Size02_Remielle_Origin_Ani_UI_S1toE,scalar-full-source,1
1186972585,CAB-b239bb2c6995b6391056baf7e0580bba,Avatar_Female_Size02_Remielle_Origin_Default_Ani_UI_S1toE,scalar-full-source,1
1186972585,CAB-b239bb2c6995b6391056baf7e0580bba,acl-database-bulk,scalar-full-source,2
1186972585,CAB-b239bb2c6995b6391056baf7e0580bba,native-object,scalar-full-source,2
1186972585,CAB-b239bb2c6995b6391056baf7e0580bba,streaming-info,scalar-full-source,2
1186972585,CAB-bdb8d9e84a389a38d42a00e37b98ca22,-8200816506748520153,highest-quality,1
1186972585,CAB-bdb8d9e84a389a38d42a00e37b98ca22,472486514639819991,highest-quality,1
1186972585,CAB-bdb8d9e84a389a38d42a00e37b98ca22,Avatar_Female_Size02_Remielle_Origin_Ani_Gal_Special_Start,scalar-full-source,1
1186972585,CAB-bdb8d9e84a389a38d42a00e37b98ca22,Avatar_Female_Size02_Remielle_Origin_Default_Ani_Gal_Special_Start,scalar-full-source,1
1186972585,CAB-bdb8d9e84a389a38d42a00e37b98ca22,acl-database-bulk,scalar-full-source,2
1186972585,CAB-bdb8d9e84a389a38d42a00e37b98ca22,native-object,scalar-full-source,2
1186972585,CAB-bdb8d9e84a389a38d42a00e37b98ca22,streaming-info,scalar-full-source,2
1186972585,CAB-bf111adf0be9e1a866f4509d03f887f2,-4696264967594137980,highest-quality,1
1186972585,CAB-bf111adf0be9e1a866f4509d03f887f2,-5813938829306315185,highest-quality,1
1186972585,CAB-bf111adf0be9e1a866f4509d03f887f2,Avatar_Female_Size02_Remielle_Origin_Ani_UI_Detail,scalar-full-source,1
1186972585,CAB-bf111adf0be9e1a866f4509d03f887f2,Avatar_Female_Size02_Remielle_Origin_Default_Ani_UI_Detail,scalar-full-source,1
1186972585,CAB-bf111adf0be9e1a866f4509d03f887f2,acl-database-bulk,scalar-full-source,2
1186972585,CAB-bf111adf0be9e1a866f4509d03f887f2,native-object,scalar-full-source,2
1186972585,CAB-bf111adf0be9e1a866f4509d03f887f2,streaming-info,scalar-full-source,2
1186972585,CAB-d006774c3d8ee56af752784bb4bb810b,-1507456339828849665,highest-quality,1
1186972585,CAB-d006774c3d8ee56af752784bb4bb810b,-3244033172409104278,highest-quality,1
1186972585,CAB-d006774c3d8ee56af752784bb4bb810b,Avatar_Female_Size02_Remielle_Origin_Ani_Gal_Shy_End,scalar-full-source,1
1186972585,CAB-d006774c3d8ee56af752784bb4bb810b,Avatar_Female_Size02_Remielle_Origin_Default_Ani_Gal_Shy_End,scalar-full-source,1
1186972585,CAB-d006774c3d8ee56af752784bb4bb810b,acl-database-bulk,scalar-full-source,2
1186972585,CAB-d006774c3d8ee56af752784bb4bb810b,native-object,scalar-full-source,2
1186972585,CAB-d006774c3d8ee56af752784bb4bb810b,streaming-info,scalar-full-source,2
1186972585,CAB-e89fce5b362afe40ee71e40798b09205,-992807101245387548,highest-quality,1
1186972585,CAB-e89fce5b362afe40ee71e40798b09205,2788974981811062752,highest-quality,1
1186972585,CAB-e89fce5b362afe40ee71e40798b09205,Avatar_Female_Size02_Remielle_Origin_Ani_Gal_Surprise_End,scalar-full-source,1
1186972585,CAB-e89fce5b362afe40ee71e40798b09205,Avatar_Female_Size02_Remielle_Origin_Default_Ani_Gal_Surprise_End,scalar-full-source,1
1186972585,CAB-e89fce5b362afe40ee71e40798b09205,acl-database-bulk,scalar-full-source,2
1186972585,CAB-e89fce5b362afe40ee71e40798b09205,native-object,scalar-full-source,2
1186972585,CAB-e89fce5b362afe40ee71e40798b09205,streaming-info,scalar-full-source,2
1186972585,CAB-f9e136273b9f4bdce72935ed724fcb43,-5491137950491540181,highest-quality,1
1186972585,CAB-f9e136273b9f4bdce72935ed724fcb43,3905988045497503854,highest-quality,1
1186972585,CAB-f9e136273b9f4bdce72935ed724fcb43,Avatar_Female_Size02_Remielle_Origin_Ani_UI_S2toD,scalar-full-source,1
1186972585,CAB-f9e136273b9f4bdce72935ed724fcb43,Avatar_Female_Size02_Remielle_Origin_Default_Ani_UI_S2toD,scalar-full-source,1
1186972585,CAB-f9e136273b9f4bdce72935ed724fcb43,acl-database-bulk,scalar-full-source,2
1186972585,CAB-f9e136273b9f4bdce72935ed724fcb43,native-object,scalar-full-source,2
1186972585,CAB-f9e136273b9f4bdce72935ed724fcb43,streaming-info,scalar-full-source,2
1270699580,CAB-29d80b2f8837038ba1f7373645104440,Avatar_Female_Size02_Remielle_Origin_Ani_Gal_Facial_Blink_Happy,scalar-full-source|standalone-native,2
1270699580,CAB-29d80b2f8837038ba1f7373645104440,native-object,scalar-full-source,1
1270699580,CAB-2c46ed1522cb8f784d34f4e4f9623e6c,Avatar_Female_Size02_Remielle_Origin_Ani_Gal_Facial_Blink_Angry,scalar-full-source|standalone-native,2
1270699580,CAB-2c46ed1522cb8f784d34f4e4f9623e6c,native-object,scalar-full-source,1
1270699580,CAB-557c9bde4053ddc382c3ac395efa662e,Avatar_Female_Size02_Remielle_Origin_Ani_Gal_Facial_Angry,scalar-full-source|standalone-native,2
1270699580,CAB-557c9bde4053ddc382c3ac395efa662e,native-object,scalar-full-source,1
1270699580,CAB-6bb6a9e527a3467ff48ac0b25ce58b5a,Avatar_Female_Size02_Remielle_Origin_Ani_Gal_Facial_Blink_Idle,scalar-full-source|standalone-native,2
1270699580,CAB-6bb6a9e527a3467ff48ac0b25ce58b5a,native-object,scalar-full-source,1
1270699580,CAB-6fa42bb47d0b24c6e64b4def6a51676a,Avatar_Female_Size02_Remielle_Origin_Ani_Gal_Facial_Happy,scalar-full-source|standalone-native,2
1270699580,CAB-6fa42bb47d0b24c6e64b4def6a51676a,native-object,scalar-full-source,1
1270699580,CAB-86a0467579f1681954a048d233d57d1a,Avatar_Female_Size02_Remielle_Origin_Ani_Gal_Facial_Think,scalar-full-source|standalone-native,2
1270699580,CAB-86a0467579f1681954a048d233d57d1a,native-object,scalar-full-source,1
1270699580,CAB-8891550b325567db97d20043b55e21d0,Avatar_Female_Size02_Remielle_Origin_Ani_Gal_Facial_Shy,scalar-full-source|standalone-native,2
1270699580,CAB-8891550b325567db97d20043b55e21d0,native-object,scalar-full-source,1
1270699580,CAB-8ef15d0d44881a06e6374f346640a5ff,Avatar_Female_Size02_Remielle_Origin_Ani_Gal_Facial_Surprise,scalar-full-source|standalone-native,2
1270699580,CAB-8ef15d0d44881a06e6374f346640a5ff,native-object,scalar-full-source,1
1270699580,CAB-947296a7eff1965711d57b496baa67da,Avatar_Female_Size02_Remielle_Origin_Ani_Gal_Facial_Sad,scalar-full-source|standalone-native,2
1270699580,CAB-947296a7eff1965711d57b496baa67da,native-object,scalar-full-source,1
1270699580,CAB-bf1457c507ac1bfac0236d5f02ee3e7c,Avatar_Female_Size02_Remielle_Origin_Ani_Gal_Facial_Blink_Sad,scalar-full-source|standalone-native,2
1270699580,CAB-bf1457c507ac1bfac0236d5f02ee3e7c,native-object,scalar-full-source,1
1270699580,CAB-ce2559781a1bfba3fabcae7513c187d4,Avatar_Female_Size02_Remielle_Origin_Ani_Gal_Facial_Idle,scalar-full-source|standalone-native,2
1270699580,CAB-ce2559781a1bfba3fabcae7513c187d4,native-object,scalar-full-source,1
1270699580,CAB-d8cf9b330261fb9b635df064b652b55f,Avatar_Female_Size02_Remielle_Origin_Ani_Gal_Facial_Blink_Think,scalar-full-source|standalone-native,2
1270699580,CAB-d8cf9b330261fb9b635df064b652b55f,native-object,scalar-full-source,1
1270699580,CAB-ea98614ef7888e06bcce9c516ba87c48,Avatar_Female_Size02_Remielle_Origin_Ani_Gal_Facial_Blink_Shy,scalar-full-source|standalone-native,2
1270699580,CAB-ea98614ef7888e06bcce9c516ba87c48,native-object,scalar-full-source,1
1270699580,CAB-f4996bec1f1f5c1ef8d51fda4b7af2af,Avatar_Female_Size02_Remielle_Origin_Ani_Gal_Facial_Blink_Surprise,scalar-full-source|standalone-native,2
1270699580,CAB-f4996bec1f1f5c1ef8d51fda4b7af2af,native-object,scalar-full-source,1
1436584839,CAB-1d1372ae2df0ba5732f6f1523467e0fb,TL_C30_ZiplineChasing_05_SC010_Avatar_MaxRemielleOriginCS,scalar-full-source|standalone-native,2
1436584839,CAB-1d1372ae2df0ba5732f6f1523467e0fb,native-object,scalar-full-source,1
1475924805,CAB-69ac775c5e438746585e16627ceb520c,Eff_RemielleOrigin_Skill05_AirState_Back_27_Trail,scalar-full-source|standalone-native,2
1475924805,CAB-69ac775c5e438746585e16627ceb520c,native-object,scalar-full-source,1
1523850217,CAB-04e4af7419c482a635f72fa1ca258d42,8989496986587551793,highest-quality,1
1523850217,CAB-04e4af7419c482a635f72fa1ca258d42,Avatar_Female_Size02_Remielle_PasSeul_Ani_Idle_Loop,scalar-full-source,1
1523850217,CAB-04e4af7419c482a635f72fa1ca258d42,acl-database-bulk,scalar-full-source,1
1523850217,CAB-04e4af7419c482a635f72fa1ca258d42,native-object,scalar-full-source,1
1523850217,CAB-04e4af7419c482a635f72fa1ca258d42,streaming-info,scalar-full-source,1
1523850217,CAB-07ef025a1ca730fc6b7cdab602cfae19,-7859734431836772985,highest-quality,1
1523850217,CAB-07ef025a1ca730fc6b7cdab602cfae19,Avatar_Female_Size02_Remielle_PasSeul_Ani_Evade_to_Run_01,scalar-full-source,1
1523850217,CAB-07ef025a1ca730fc6b7cdab602cfae19,acl-database-bulk,scalar-full-source,1
1523850217,CAB-07ef025a1ca730fc6b7cdab602cfae19,native-object,scalar-full-source,1
1523850217,CAB-07ef025a1ca730fc6b7cdab602cfae19,streaming-info,scalar-full-source,1
1523850217,CAB-0b10eb5048484095af52372785bdf153,-4130641420515559846,highest-quality,1
1523850217,CAB-0b10eb5048484095af52372785bdf153,Avatar_Female_Size02_Remielle_PasSeul_Ani_HitFly_Back,scalar-full-source,1
1523850217,CAB-0b10eb5048484095af52372785bdf153,acl-database-bulk,scalar-full-source,1
1523850217,CAB-0b10eb5048484095af52372785bdf153,native-object,scalar-full-source,1
1523850217,CAB-0b10eb5048484095af52372785bdf153,streaming-info,scalar-full-source,1
1523850217,CAB-0f97bf0a30419cdd53aebf87bc85f7f0,6580722672136368370,highest-quality,1
1523850217,CAB-0f97bf0a30419cdd53aebf87bc85f7f0,Avatar_Female_Size02_Remielle_PasSeul_Ani_Start_AirState_Back,scalar-full-source,1
1523850217,CAB-0f97bf0a30419cdd53aebf87bc85f7f0,acl-database-bulk,scalar-full-source,1
1523850217,CAB-0f97bf0a30419cdd53aebf87bc85f7f0,native-object,scalar-full-source,1
1523850217,CAB-0f97bf0a30419cdd53aebf87bc85f7f0,streaming-info,scalar-full-source,1
1523850217,CAB-10968be86815c2104d00211f7fbdda88,-6759752939614417531,highest-quality,1
1523850217,CAB-10968be86815c2104d00211f7fbdda88,3936000032070737572,highest-quality,1
1523850217,CAB-10968be86815c2104d00211f7fbdda88,Avatar_Female_Size02_Remielle_PasSeul_Ani_Attack_Normal_02,scalar-full-source,1
1523850217,CAB-10968be86815c2104d00211f7fbdda88,Avatar_Female_Size02_Remielle_PasSeul_Ani_Attack_Normal_02_End,scalar-full-source,1
1523850217,CAB-10968be86815c2104d00211f7fbdda88,acl-database-bulk,scalar-full-source,2
1523850217,CAB-10968be86815c2104d00211f7fbdda88,native-object,scalar-full-source,2
1523850217,CAB-10968be86815c2104d00211f7fbdda88,streaming-info,scalar-full-source,2
1523850217,CAB-1849fe39cfa60809ce0f387f0526a2d3,1972841566982944910,highest-quality,1
1523850217,CAB-1849fe39cfa60809ce0f387f0526a2d3,Avatar_Female_Size02_Remielle_PasSeul_Ani_Death,scalar-full-source,1
1523850217,CAB-1849fe39cfa60809ce0f387f0526a2d3,acl-database-bulk,scalar-full-source,1
1523850217,CAB-1849fe39cfa60809ce0f387f0526a2d3,native-object,scalar-full-source,1
1523850217,CAB-1849fe39cfa60809ce0f387f0526a2d3,streaming-info,scalar-full-source,1
1523850217,CAB-1f466002e215f70f8858419255e63b62,-6435327900545201723,highest-quality,1
1523850217,CAB-1f466002e215f70f8858419255e63b62,Avatar_Female_Size02_Remielle_PasSeul_Ani_Run_Transform_01,scalar-full-source,1
1523850217,CAB-1f466002e215f70f8858419255e63b62,acl-database-bulk,scalar-full-source,1
1523850217,CAB-1f466002e215f70f8858419255e63b62,native-object,scalar-full-source,1
1523850217,CAB-1f466002e215f70f8858419255e63b62,streaming-info,scalar-full-source,1
1523850217,CAB-2cfe73fe8ecf9607ce69e288da13c32d,-4087193232744972234,highest-quality,1
1523850217,CAB-2cfe73fe8ecf9607ce69e288da13c32d,5273620667827153111,highest-quality,1
1523850217,CAB-2cfe73fe8ecf9607ce69e288da13c32d,Avatar_Female_Size02_Remielle_PasSeul_Ani_Attack_ParryAid_H,scalar-full-source,1
1523850217,CAB-2cfe73fe8ecf9607ce69e288da13c32d,Avatar_Female_Size02_Remielle_PasSeul_Ani_Attack_ParryAid_H_End,scalar-full-source,1
1523850217,CAB-2cfe73fe8ecf9607ce69e288da13c32d,acl-database-bulk,scalar-full-source,2
1523850217,CAB-2cfe73fe8ecf9607ce69e288da13c32d,native-object,scalar-full-source,2
1523850217,CAB-2cfe73fe8ecf9607ce69e288da13c32d,streaming-info,scalar-full-source,2
1523850217,CAB-304aa4d4e8a47c27396e4c78677d402d,6375438528676596695,highest-quality,1
1523850217,CAB-304aa4d4e8a47c27396e4c78677d402d,Avatar_Female_Size02_Remielle_PasSeul_Ani_Dash_Start,scalar-full-source,1
1523850217,CAB-304aa4d4e8a47c27396e4c78677d402d,acl-database-bulk,scalar-full-source,1
1523850217,CAB-304aa4d4e8a47c27396e4c78677d402d,native-object,scalar-full-source,1
1523850217,CAB-304aa4d4e8a47c27396e4c78677d402d,streaming-info,scalar-full-source,1
1523850217,CAB-3359d7b33b146f286fd537a55785c74c,-2881933274264665742,highest-quality,1
1523850217,CAB-3359d7b33b146f286fd537a55785c74c,Avatar_Female_Size02_Remielle_PasSeul_Ani_Walk_End,scalar-full-source,1
1523850217,CAB-3359d7b33b146f286fd537a55785c74c,acl-database-bulk,scalar-full-source,1
1523850217,CAB-3359d7b33b146f286fd537a55785c74c,native-object,scalar-full-source,1
1523850217,CAB-3359d7b33b146f286fd537a55785c74c,streaming-info,scalar-full-source,1
1523850217,CAB-40a5d15767c840d457ad299d7197d261,-7875433444000694659,highest-quality,1
1523850217,CAB-40a5d15767c840d457ad299d7197d261,Avatar_Female_Size02_Remielle_PasSeul_Ani_HitFly_Front,scalar-full-source,1
1523850217,CAB-40a5d15767c840d457ad299d7197d261,acl-database-bulk,scalar-full-source,1
1523850217,CAB-40a5d15767c840d457ad299d7197d261,native-object,scalar-full-source,1
1523850217,CAB-40a5d15767c840d457ad299d7197d261,streaming-info,scalar-full-source,1
1523850217,CAB-4232d49fc14b028880a20705f18b2a75,2644980667515921557,highest-quality,1
1523850217,CAB-4232d49fc14b028880a20705f18b2a75,Avatar_Female_Size02_Remielle_PasSeul_Ani_Skill02_AirState_Back,scalar-full-source,1
1523850217,CAB-4232d49fc14b028880a20705f18b2a75,acl-database-bulk,scalar-full-source,1
1523850217,CAB-4232d49fc14b028880a20705f18b2a75,native-object,scalar-full-source,1
1523850217,CAB-4232d49fc14b028880a20705f18b2a75,streaming-info,scalar-full-source,1
1523850217,CAB-498338bc4096fd65ffd81badba402202,-3555870113992379841,highest-quality,1
1523850217,CAB-498338bc4096fd65ffd81badba402202,-6903300994333483617,highest-quality,1
1523850217,CAB-498338bc4096fd65ffd81badba402202,Avatar_Female_Size02_Remielle_PasSeul_Ani_Attack_Normal_01,scalar-full-source,1
1523850217,CAB-498338bc4096fd65ffd81badba402202,Avatar_Female_Size02_Remielle_PasSeul_Ani_Attack_Normal_01_End,scalar-full-source,1
1523850217,CAB-498338bc4096fd65ffd81badba402202,acl-database-bulk,scalar-full-source,2
1523850217,CAB-498338bc4096fd65ffd81badba402202,native-object,scalar-full-source,2
1523850217,CAB-498338bc4096fd65ffd81badba402202,streaming-info,scalar-full-source,2
1523850217,CAB-4ffcb0bc7eda79df0267fa31a619b457,-1969486077493927947,highest-quality,1
1523850217,CAB-4ffcb0bc7eda79df0267fa31a619b457,Avatar_Female_Size02_Remielle_PasSeul_Ani_Walk_Start_End,scalar-full-source,1
1523850217,CAB-4ffcb0bc7eda79df0267fa31a619b457,acl-database-bulk,scalar-full-source,1
1523850217,CAB-4ffcb0bc7eda79df0267fa31a619b457,native-object,scalar-full-source,1
1523850217,CAB-4ffcb0bc7eda79df0267fa31a619b457,streaming-info,scalar-full-source,1
1523850217,CAB-50af935651124c0eb7a837399527305f,-2086817660766517078,highest-quality,1
1523850217,CAB-50af935651124c0eb7a837399527305f,Avatar_Female_Size02_Remielle_PasSeul_Ani_Run_End,scalar-full-source,1
1523850217,CAB-50af935651124c0eb7a837399527305f,acl-database-bulk,scalar-full-source,1
1523850217,CAB-50af935651124c0eb7a837399527305f,native-object,scalar-full-source,1
1523850217,CAB-50af935651124c0eb7a837399527305f,streaming-info,scalar-full-source,1
1523850217,CAB-55e785702e8ecf60e9a29e785c3eb71c,-6953991387548681326,highest-quality,1
1523850217,CAB-55e785702e8ecf60e9a29e785c3eb71c,Avatar_Female_Size02_Remielle_PasSeul_Ani_SwitchIn_Attack_Ex,scalar-full-source,1
1523850217,CAB-55e785702e8ecf60e9a29e785c3eb71c,acl-database-bulk,scalar-full-source,1
1523850217,CAB-55e785702e8ecf60e9a29e785c3eb71c,native-object,scalar-full-source,1
1523850217,CAB-55e785702e8ecf60e9a29e785c3eb71c,streaming-info,scalar-full-source,1
1523850217,CAB-5be24841a9a1f3c910be40c665b39b10,121531804778053132,highest-quality,1
1523850217,CAB-5be24841a9a1f3c910be40c665b39b10,Avatar_Female_Size02_Remielle_PasSeul_Ani_Move_F_AirBack_Loop,scalar-full-source,1
1523850217,CAB-5be24841a9a1f3c910be40c665b39b10,acl-database-bulk,scalar-full-source,1
1523850217,CAB-5be24841a9a1f3c910be40c665b39b10,native-object,scalar-full-source,1
1523850217,CAB-5be24841a9a1f3c910be40c665b39b10,streaming-info,scalar-full-source,1
1523850217,CAB-5eff061f8808ad30b53e5b5612181069,-5088587143379627752,highest-quality,1
1523850217,CAB-5eff061f8808ad30b53e5b5612181069,Avatar_Female_Size02_Remielle_PasSeul_Ani_Evade_Back,scalar-full-source,1
1523850217,CAB-5eff061f8808ad30b53e5b5612181069,acl-database-bulk,scalar-full-source,1
1523850217,CAB-5eff061f8808ad30b53e5b5612181069,native-object,scalar-full-source,1
1523850217,CAB-5eff061f8808ad30b53e5b5612181069,streaming-info,scalar-full-source,1
1523850217,CAB-619f79d32da64d91304c1a531672738b,-1656722489883847159,highest-quality,1
1523850217,CAB-619f79d32da64d91304c1a531672738b,Avatar_Female_Size02_Remielle_PasSeul_Ani_Dash_Loop,scalar-full-source,1
1523850217,CAB-619f79d32da64d91304c1a531672738b,acl-database-bulk,scalar-full-source,1
1523850217,CAB-619f79d32da64d91304c1a531672738b,native-object,scalar-full-source,1
1523850217,CAB-619f79d32da64d91304c1a531672738b,streaming-info,scalar-full-source,1
1523850217,CAB-698201f549400e18fa7caa17f35017c1,7307114470387854560,highest-quality,1
1523850217,CAB-698201f549400e18fa7caa17f35017c1,Avatar_Female_Size02_Remielle_PasSeul_Ani_Idle_AirState_Back_Loop,scalar-full-source,1
1523850217,CAB-698201f549400e18fa7caa17f35017c1,acl-database-bulk,scalar-full-source,1
1523850217,CAB-698201f549400e18fa7caa17f35017c1,native-object,scalar-full-source,1
1523850217,CAB-698201f549400e18fa7caa17f35017c1,streaming-info,scalar-full-source,1
1523850217,CAB-6a8b1b01b4cb715de99576d25cd6c2dc,-7504940210168695040,highest-quality,1
1523850217,CAB-6a8b1b01b4cb715de99576d25cd6c2dc,Avatar_Female_Size02_Remielle_PasSeul_Ani_Walk_Loop,scalar-full-source,1
1523850217,CAB-6a8b1b01b4cb715de99576d25cd6c2dc,acl-database-bulk,scalar-full-source,1
1523850217,CAB-6a8b1b01b4cb715de99576d25cd6c2dc,native-object,scalar-full-source,1
1523850217,CAB-6a8b1b01b4cb715de99576d25cd6c2dc,streaming-info,scalar-full-source,1
1523850217,CAB-6af25c81887fbcb6d1cf858538d27a63,-3628994143320135176,highest-quality,1
1523850217,CAB-6af25c81887fbcb6d1cf858538d27a63,Avatar_Female_Size02_Remielle_PasSeul_Ani_Attack_ParryAid_Start,scalar-full-source,1
1523850217,CAB-6af25c81887fbcb6d1cf858538d27a63,acl-database-bulk,scalar-full-source,1
1523850217,CAB-6af25c81887fbcb6d1cf858538d27a63,native-object,scalar-full-source,1
1523850217,CAB-6af25c81887fbcb6d1cf858538d27a63,streaming-info,scalar-full-source,1
1523850217,CAB-6f27068b8859422ecd62e5b5be0885f1,1017477211783881926,highest-quality,1
1523850217,CAB-6f27068b8859422ecd62e5b5be0885f1,Avatar_Female_Size02_Remielle_PasSeul_Ani_Dash_Evade,scalar-full-source,1
1523850217,CAB-6f27068b8859422ecd62e5b5be0885f1,acl-database-bulk,scalar-full-source,1
1523850217,CAB-6f27068b8859422ecd62e5b5be0885f1,native-object,scalar-full-source,1
1523850217,CAB-6f27068b8859422ecd62e5b5be0885f1,streaming-info,scalar-full-source,1
1523850217,CAB-7472799b6ce60302c9766a2462e2528d,5560887246414865443,highest-quality,1
1523850217,CAB-7472799b6ce60302c9766a2462e2528d,Avatar_Female_Size02_Remielle_PasSeul_Ani_Attack_Burst_Ex_Max01,scalar-full-source,1
1523850217,CAB-7472799b6ce60302c9766a2462e2528d,acl-database-bulk,scalar-full-source,1
1523850217,CAB-7472799b6ce60302c9766a2462e2528d,native-object,scalar-full-source,1
1523850217,CAB-7472799b6ce60302c9766a2462e2528d,streaming-info,scalar-full-source,1
1523850217,CAB-752e8fe0e3fcd85b7adff385a0f97874,-8315336653619334883,highest-quality,1
1523850217,CAB-752e8fe0e3fcd85b7adff385a0f97874,678368150928868819,highest-quality,1
1523850217,CAB-752e8fe0e3fcd85b7adff385a0f97874,Avatar_Female_Size02_Remielle_PasSeul_Ani_Attack_ExSpecial,scalar-full-source,1
1523850217,CAB-752e8fe0e3fcd85b7adff385a0f97874,Avatar_Female_Size02_Remielle_PasSeul_Ani_Attack_ExSpecial_End,scalar-full-source,1
1523850217,CAB-752e8fe0e3fcd85b7adff385a0f97874,acl-database-bulk,scalar-full-source,2
1523850217,CAB-752e8fe0e3fcd85b7adff385a0f97874,native-object,scalar-full-source,2
1523850217,CAB-752e8fe0e3fcd85b7adff385a0f97874,streaming-info,scalar-full-source,2
1523850217,CAB-79319d67b852d405749d025d53240717,-2121907366908414223,highest-quality,1
1523850217,CAB-79319d67b852d405749d025d53240717,Avatar_Female_Size02_Remielle_PasSeul_Ani_Skill05_AirState_Back,scalar-full-source,1
1523850217,CAB-79319d67b852d405749d025d53240717,acl-database-bulk,scalar-full-source,1
1523850217,CAB-79319d67b852d405749d025d53240717,native-object,scalar-full-source,1
1523850217,CAB-79319d67b852d405749d025d53240717,streaming-info,scalar-full-source,1
1523850217,CAB-796e34792e81342116e3887980f79e44,-8776362409554944054,highest-quality,1
1523850217,CAB-796e34792e81342116e3887980f79e44,Avatar_Female_Size02_Remielle_PasSeul_Ani_Finish_Ex_AirState_Start,scalar-full-source,1
1523850217,CAB-796e34792e81342116e3887980f79e44,acl-database-bulk,scalar-full-source,1
1523850217,CAB-796e34792e81342116e3887980f79e44,native-object,scalar-full-source,1
1523850217,CAB-796e34792e81342116e3887980f79e44,streaming-info,scalar-full-source,1
1523850217,CAB-7baa6ca91b004c57563a1199551753d5,2134020514806175719,highest-quality,1
1523850217,CAB-7baa6ca91b004c57563a1199551753d5,2926518983236155192,highest-quality,1
1523850217,CAB-7baa6ca91b004c57563a1199551753d5,Avatar_Female_Size02_Remielle_PasSeul_Ani_Attack_Normal_04,scalar-full-source,1
1523850217,CAB-7baa6ca91b004c57563a1199551753d5,Avatar_Female_Size02_Remielle_PasSeul_Ani_Attack_Normal_04_End,scalar-full-source,1
1523850217,CAB-7baa6ca91b004c57563a1199551753d5,acl-database-bulk,scalar-full-source,2
1523850217,CAB-7baa6ca91b004c57563a1199551753d5,native-object,scalar-full-source,2
1523850217,CAB-7baa6ca91b004c57563a1199551753d5,streaming-info,scalar-full-source,2
1523850217,CAB-7c38049e2ff51e4d0e0c68d194fc253a,-6518441698820575275,highest-quality,1
1523850217,CAB-7c38049e2ff51e4d0e0c68d194fc253a,Avatar_Female_Size02_Remielle_PasSeul_Ani_SwitchIn_Normal,scalar-full-source,1
1523850217,CAB-7c38049e2ff51e4d0e0c68d194fc253a,acl-database-bulk,scalar-full-source,1
1523850217,CAB-7c38049e2ff51e4d0e0c68d194fc253a,native-object,scalar-full-source,1
1523850217,CAB-7c38049e2ff51e4d0e0c68d194fc253a,streaming-info,scalar-full-source,1
1523850217,CAB-7cd551e162f6ed06c4b71106da96f4dc,8504739905493641752,highest-quality,1
1523850217,CAB-7cd551e162f6ed06c4b71106da96f4dc,Avatar_Female_Size02_Remielle_PasSeul_Ani_Hit_H_Front,scalar-full-source,1
1523850217,CAB-7cd551e162f6ed06c4b71106da96f4dc,acl-database-bulk,scalar-full-source,1
1523850217,CAB-7cd551e162f6ed06c4b71106da96f4dc,native-object,scalar-full-source,1
1523850217,CAB-7cd551e162f6ed06c4b71106da96f4dc,streaming-info,scalar-full-source,1
1523850217,CAB-884e7e65a65ab40173f5345b37b0f517,-2352093389254818161,highest-quality,1
1523850217,CAB-884e7e65a65ab40173f5345b37b0f517,8156505608347191738,highest-quality,1
1523850217,CAB-884e7e65a65ab40173f5345b37b0f517,Avatar_Female_Size02_Remielle_PasSeul_Ani_Attack_Burst_Ex_Max02,scalar-full-source,1
1523850217,CAB-884e7e65a65ab40173f5345b37b0f517,Avatar_Female_Size02_Remielle_PasSeul_Ani_Attack_Burst_Ex_Max02_End,scalar-full-source,1
1523850217,CAB-884e7e65a65ab40173f5345b37b0f517,acl-database-bulk,scalar-full-source,2
1523850217,CAB-884e7e65a65ab40173f5345b37b0f517,native-object,scalar-full-source,2
1523850217,CAB-884e7e65a65ab40173f5345b37b0f517,streaming-info,scalar-full-source,2
1523850217,CAB-8a08e9882a14fc838abf0113eba1b7f3,-2645361912310965306,highest-quality,1
1523850217,CAB-8a08e9882a14fc838abf0113eba1b7f3,Avatar_Female_Size02_Remielle_PasSeul_Ani_MC_Walk_End_R,scalar-full-source,1
1523850217,CAB-8a08e9882a14fc838abf0113eba1b7f3,acl-database-bulk,scalar-full-source,1
1523850217,CAB-8a08e9882a14fc838abf0113eba1b7f3,native-object,scalar-full-source,1
1523850217,CAB-8a08e9882a14fc838abf0113eba1b7f3,streaming-info,scalar-full-source,1
1523850217,CAB-8c540054562db7edbd601ad9f9312fd0,4734551596987841323,highest-quality,1
1523850217,CAB-8c540054562db7edbd601ad9f9312fd0,Avatar_Female_Size02_Remielle_PasSeul_Ani_Dash_End,scalar-full-source,1
1523850217,CAB-8c540054562db7edbd601ad9f9312fd0,acl-database-bulk,scalar-full-source,1
1523850217,CAB-8c540054562db7edbd601ad9f9312fd0,native-object,scalar-full-source,1
1523850217,CAB-8c540054562db7edbd601ad9f9312fd0,streaming-info,scalar-full-source,1
1523850217,CAB-98d9079cd109170d572afb8511b86a0b,-5412887485860329321,highest-quality,1
1523850217,CAB-98d9079cd109170d572afb8511b86a0b,2990538837624449409,highest-quality,1
1523850217,CAB-98d9079cd109170d572afb8511b86a0b,Avatar_Female_Size02_Remielle_PasSeul_Ani_Attack_Special,scalar-full-source,1
1523850217,CAB-98d9079cd109170d572afb8511b86a0b,Avatar_Female_Size02_Remielle_PasSeul_Ani_Attack_Special_End,scalar-full-source,1
1523850217,CAB-98d9079cd109170d572afb8511b86a0b,acl-database-bulk,scalar-full-source,2
1523850217,CAB-98d9079cd109170d572afb8511b86a0b,native-object,scalar-full-source,2
1523850217,CAB-98d9079cd109170d572afb8511b86a0b,streaming-info,scalar-full-source,2
1523850217,CAB-9c533c0979b3e022f349fa506946b745,-3265296203472712284,highest-quality,1
1523850217,CAB-9c533c0979b3e022f349fa506946b745,Avatar_Female_Size02_Remielle_PasSeul_Ani_Evade_Front,scalar-full-source,1
1523850217,CAB-9c533c0979b3e022f349fa506946b745,acl-database-bulk,scalar-full-source,1
1523850217,CAB-9c533c0979b3e022f349fa506946b745,native-object,scalar-full-source,1
1523850217,CAB-9c533c0979b3e022f349fa506946b745,streaming-info,scalar-full-source,1
1523850217,CAB-9d563c46975db1bfdab301bf8614f312,-3447199759255882351,highest-quality,1
1523850217,CAB-9d563c46975db1bfdab301bf8614f312,Avatar_Female_Size02_Remielle_PasSeul_Ani_SwitchOut_AirState_Back,scalar-full-source,1
1523850217,CAB-9d563c46975db1bfdab301bf8614f312,acl-database-bulk,scalar-full-source,1
1523850217,CAB-9d563c46975db1bfdab301bf8614f312,native-object,scalar-full-source,1
1523850217,CAB-9d563c46975db1bfdab301bf8614f312,streaming-info,scalar-full-source,1
1523850217,CAB-a0aa630adf112db6491b4ce613c65951,148087719974129614,highest-quality,1
1523850217,CAB-a0aa630adf112db6491b4ce613c65951,6622967762030173133,highest-quality,1
1523850217,CAB-a0aa630adf112db6491b4ce613c65951,Avatar_Female_Size02_Remielle_PasSeul_Ani_Attack_Burst_Ex_01,scalar-full-source,1
1523850217,CAB-a0aa630adf112db6491b4ce613c65951,Avatar_Female_Size02_Remielle_PasSeul_Ani_Attack_Burst_Ex_01_End,scalar-full-source,1
1523850217,CAB-a0aa630adf112db6491b4ce613c65951,acl-database-bulk,scalar-full-source,2
1523850217,CAB-a0aa630adf112db6491b4ce613c65951,native-object,scalar-full-source,2
1523850217,CAB-a0aa630adf112db6491b4ce613c65951,streaming-info,scalar-full-source,2
1523850217,CAB-a6527aa5d84bf5e232a827d9240574ce,-1155290675334462679,highest-quality,1
1523850217,CAB-a6527aa5d84bf5e232a827d9240574ce,5799038561787546060,highest-quality,1
1523850217,CAB-a6527aa5d84bf5e232a827d9240574ce,Avatar_Female_Size02_Remielle_PasSeul_Ani_Attack_Counter,scalar-full-source,1
1523850217,CAB-a6527aa5d84bf5e232a827d9240574ce,Avatar_Female_Size02_Remielle_PasSeul_Ani_Attack_Counter_End,scalar-full-source,1
1523850217,CAB-a6527aa5d84bf5e232a827d9240574ce,acl-database-bulk,scalar-full-source,2
1523850217,CAB-a6527aa5d84bf5e232a827d9240574ce,native-object,scalar-full-source,2
1523850217,CAB-a6527aa5d84bf5e232a827d9240574ce,streaming-info,scalar-full-source,2
1523850217,CAB-a823d6263a2a9559f85464c3370ed6a2,8867792996369793557,highest-quality,1
1523850217,CAB-a823d6263a2a9559f85464c3370ed6a2,Avatar_Female_Size02_Remielle_PasSeul_Ani_MC_Walk_End_L,scalar-full-source,1
1523850217,CAB-a823d6263a2a9559f85464c3370ed6a2,acl-database-bulk,scalar-full-source,1
1523850217,CAB-a823d6263a2a9559f85464c3370ed6a2,native-object,scalar-full-source,1
1523850217,CAB-a823d6263a2a9559f85464c3370ed6a2,streaming-info,scalar-full-source,1
1523850217,CAB-a8a6b7f923fb70988e94cdd37346489b,-634271642169061373,highest-quality,1
1523850217,CAB-a8a6b7f923fb70988e94cdd37346489b,4421834620260399912,highest-quality,1
1523850217,CAB-a8a6b7f923fb70988e94cdd37346489b,Avatar_Female_Size02_Remielle_PasSeul_Ani_Finish_Ex_AirState,scalar-full-source,1
1523850217,CAB-a8a6b7f923fb70988e94cdd37346489b,Avatar_Female_Size02_Remielle_PasSeul_Ani_Finish_Ex_AirState_End,scalar-full-source,1
1523850217,CAB-a8a6b7f923fb70988e94cdd37346489b,acl-database-bulk,scalar-full-source,2
1523850217,CAB-a8a6b7f923fb70988e94cdd37346489b,native-object,scalar-full-source,2
1523850217,CAB-a8a6b7f923fb70988e94cdd37346489b,streaming-info,scalar-full-source,2
1523850217,CAB-ab1757a88896e229d07184875853c58c,2778352940527704367,highest-quality,1
1523850217,CAB-ab1757a88896e229d07184875853c58c,Avatar_Female_Size02_Remielle_PasSeul_Ani_Idle_AFK,scalar-full-source,1
1523850217,CAB-ab1757a88896e229d07184875853c58c,acl-database-bulk,scalar-full-source,1
1523850217,CAB-ab1757a88896e229d07184875853c58c,native-object,scalar-full-source,1
1523850217,CAB-ab1757a88896e229d07184875853c58c,streaming-info,scalar-full-source,1
1523850217,CAB-ab8aa7f478d9b1c5d296e46679442409,2086426869383369578,highest-quality,1
1523850217,CAB-ab8aa7f478d9b1c5d296e46679442409,Avatar_Female_Size02_Remielle_PasSeul_Ani_Run_Loop_02,scalar-full-source,1
1523850217,CAB-ab8aa7f478d9b1c5d296e46679442409,acl-database-bulk,scalar-full-source,1
1523850217,CAB-ab8aa7f478d9b1c5d296e46679442409,native-object,scalar-full-source,1
1523850217,CAB-ab8aa7f478d9b1c5d296e46679442409,streaming-info,scalar-full-source,1
1523850217,CAB-ae6112767b4de944948ff3d9db0ef901,7162119520429048974,highest-quality,1
1523850217,CAB-ae6112767b4de944948ff3d9db0ef901,Avatar_Female_Size02_Remielle_PasSeul_Ani_Finish_AirState_Front,scalar-full-source,1
1523850217,CAB-ae6112767b4de944948ff3d9db0ef901,acl-database-bulk,scalar-full-source,1
1523850217,CAB-ae6112767b4de944948ff3d9db0ef901,native-object,scalar-full-source,1
1523850217,CAB-ae6112767b4de944948ff3d9db0ef901,streaming-info,scalar-full-source,1
1523850217,CAB-b9d8018d23e2cb9d73ca084a0f2a20a3,-786566853111875148,highest-quality,1
1523850217,CAB-b9d8018d23e2cb9d73ca084a0f2a20a3,Avatar_Female_Size02_Remielle_PasSeul_Ani_Skill01_AirState_Back,scalar-full-source,1
1523850217,CAB-b9d8018d23e2cb9d73ca084a0f2a20a3,acl-database-bulk,scalar-full-source,1
1523850217,CAB-b9d8018d23e2cb9d73ca084a0f2a20a3,native-object,scalar-full-source,1
1523850217,CAB-b9d8018d23e2cb9d73ca084a0f2a20a3,streaming-info,scalar-full-source,1
1523850217,CAB-c79d6e50611fc9c8053126a906b2e78a,3892386236045217096,highest-quality,1
1523850217,CAB-c79d6e50611fc9c8053126a906b2e78a,Avatar_Female_Size02_Remielle_PasSeul_Ani_Dash_Loop_02,scalar-full-source,1
1523850217,CAB-c79d6e50611fc9c8053126a906b2e78a,acl-database-bulk,scalar-full-source,1
1523850217,CAB-c79d6e50611fc9c8053126a906b2e78a,native-object,scalar-full-source,1
1523850217,CAB-c79d6e50611fc9c8053126a906b2e78a,streaming-info,scalar-full-source,1
1523850217,CAB-cdd962c9f0fb76fd3077ee7f50825dd1,-453599638320599670,highest-quality,1
1523850217,CAB-cdd962c9f0fb76fd3077ee7f50825dd1,-5515147803904659855,highest-quality,1
1523850217,CAB-cdd962c9f0fb76fd3077ee7f50825dd1,Avatar_Female_Size02_Remielle_PasSeul_Ani_Attack_Burst_01,scalar-full-source,1
1523850217,CAB-cdd962c9f0fb76fd3077ee7f50825dd1,Avatar_Female_Size02_Remielle_PasSeul_Ani_Attack_Burst_01_End,scalar-full-source,1
1523850217,CAB-cdd962c9f0fb76fd3077ee7f50825dd1,acl-database-bulk,scalar-full-source,2
1523850217,CAB-cdd962c9f0fb76fd3077ee7f50825dd1,native-object,scalar-full-source,2
1523850217,CAB-cdd962c9f0fb76fd3077ee7f50825dd1,streaming-info,scalar-full-source,2
1523850217,CAB-ce2c632735300d19082d603243d62c2e,-6628969260325167827,highest-quality,1
1523850217,CAB-ce2c632735300d19082d603243d62c2e,Avatar_Female_Size02_Remielle_PasSeul_Ani_QuestStart,scalar-full-source,1
1523850217,CAB-ce2c632735300d19082d603243d62c2e,acl-database-bulk,scalar-full-source,1
1523850217,CAB-ce2c632735300d19082d603243d62c2e,native-object,scalar-full-source,1
1523850217,CAB-ce2c632735300d19082d603243d62c2e,streaming-info,scalar-full-source,1
1523850217,CAB-dfca78e19214b67ae1b0e8e1beb37a63,-2371397975648665643,highest-quality,1
1523850217,CAB-dfca78e19214b67ae1b0e8e1beb37a63,-5836051886755954451,highest-quality,1
1523850217,CAB-dfca78e19214b67ae1b0e8e1beb37a63,Avatar_Female_Size02_Remielle_PasSeul_Ani_Attack_Normal_03,scalar-full-source,1
1523850217,CAB-dfca78e19214b67ae1b0e8e1beb37a63,Avatar_Female_Size02_Remielle_PasSeul_Ani_Attack_Normal_03_End,scalar-full-source,1
1523850217,CAB-dfca78e19214b67ae1b0e8e1beb37a63,acl-database-bulk,scalar-full-source,2
1523850217,CAB-dfca78e19214b67ae1b0e8e1beb37a63,native-object,scalar-full-source,2
1523850217,CAB-dfca78e19214b67ae1b0e8e1beb37a63,streaming-info,scalar-full-source,2
1523850217,CAB-e05267109b0d875623c52c4e76df2941,2457671196260810409,highest-quality,1
1523850217,CAB-e05267109b0d875623c52c4e76df2941,Avatar_Female_Size02_Remielle_PasSeul_Ani_Hit_H_Back,scalar-full-source,1
1523850217,CAB-e05267109b0d875623c52c4e76df2941,acl-database-bulk,scalar-full-source,1
1523850217,CAB-e05267109b0d875623c52c4e76df2941,native-object,scalar-full-source,1
1523850217,CAB-e05267109b0d875623c52c4e76df2941,streaming-info,scalar-full-source,1
1523850217,CAB-e381a6dd36416c169752fb518b38e000,-869303386291863426,highest-quality,1
1523850217,CAB-e381a6dd36416c169752fb518b38e000,282829697858500702,highest-quality,1
1523850217,CAB-e381a6dd36416c169752fb518b38e000,Avatar_Female_Size02_Remielle_PasSeul_Ani_Attack_Rush,scalar-full-source,1
1523850217,CAB-e381a6dd36416c169752fb518b38e000,Avatar_Female_Size02_Remielle_PasSeul_Ani_Attack_Rush_End,scalar-full-source,1
1523850217,CAB-e381a6dd36416c169752fb518b38e000,acl-database-bulk,scalar-full-source,2
1523850217,CAB-e381a6dd36416c169752fb518b38e000,native-object,scalar-full-source,2
1523850217,CAB-e381a6dd36416c169752fb518b38e000,streaming-info,scalar-full-source,2
1523850217,CAB-e5e86e8272aecca0023a3de0cf7adf3d,-1865633390978939768,highest-quality,1
1523850217,CAB-e5e86e8272aecca0023a3de0cf7adf3d,7019626000825424181,highest-quality,1
1523850217,CAB-e5e86e8272aecca0023a3de0cf7adf3d,Avatar_Female_Size02_Remielle_PasSeul_Ani_Attack_ParryAid_L,scalar-full-source,1
1523850217,CAB-e5e86e8272aecca0023a3de0cf7adf3d,Avatar_Female_Size02_Remielle_PasSeul_Ani_Attack_ParryAid_L_End,scalar-full-source,1
1523850217,CAB-e5e86e8272aecca0023a3de0cf7adf3d,acl-database-bulk,scalar-full-source,2
1523850217,CAB-e5e86e8272aecca0023a3de0cf7adf3d,native-object,scalar-full-source,2
1523850217,CAB-e5e86e8272aecca0023a3de0cf7adf3d,streaming-info,scalar-full-source,2
1523850217,CAB-e668327a20856d36e417d27c83a1a024,1212575651489049186,highest-quality,1
1523850217,CAB-e668327a20856d36e417d27c83a1a024,Avatar_Female_Size02_Remielle_PasSeul_Ani_Evade_Front_02,scalar-full-source,1
1523850217,CAB-e668327a20856d36e417d27c83a1a024,acl-database-bulk,scalar-full-source,1
1523850217,CAB-e668327a20856d36e417d27c83a1a024,native-object,scalar-full-source,1
1523850217,CAB-e668327a20856d36e417d27c83a1a024,streaming-info,scalar-full-source,1
1523850217,CAB-fc25c3b03dc852e5b4d2ef81bdb29c83,-8882356081313299500,highest-quality,1
1523850217,CAB-fc25c3b03dc852e5b4d2ef81bdb29c83,Avatar_Female_Size02_Remielle_PasSeul_Ani_Run_Loop_01,scalar-full-source,1
1523850217,CAB-fc25c3b03dc852e5b4d2ef81bdb29c83,acl-database-bulk,scalar-full-source,1
1523850217,CAB-fc25c3b03dc852e5b4d2ef81bdb29c83,native-object,scalar-full-source,1
1523850217,CAB-fc25c3b03dc852e5b4d2ef81bdb29c83,streaming-info,scalar-full-source,1
1523850217,CAB-fc33e3c3f318a0f1826dde90d1a4e1b3,-2234826315727283405,highest-quality,1
1523850217,CAB-fc33e3c3f318a0f1826dde90d1a4e1b3,4962035264147276382,highest-quality,1
1523850217,CAB-fc33e3c3f318a0f1826dde90d1a4e1b3,Avatar_Female_Size02_Remielle_PasSeul_Ani_Attack_AssaultAid,scalar-full-source,1
1523850217,CAB-fc33e3c3f318a0f1826dde90d1a4e1b3,Avatar_Female_Size02_Remielle_PasSeul_Ani_Attack_AssaultAid_End,scalar-full-source,1
1523850217,CAB-fc33e3c3f318a0f1826dde90d1a4e1b3,acl-database-bulk,scalar-full-source,2
1523850217,CAB-fc33e3c3f318a0f1826dde90d1a4e1b3,native-object,scalar-full-source,2
1523850217,CAB-fc33e3c3f318a0f1826dde90d1a4e1b3,streaming-info,scalar-full-source,2
166455023,CAB-ecd553c66a81e5a42fb13f88e9688494,-8967589269667655798,highest-quality,1
166455023,CAB-ecd553c66a81e5a42fb13f88e9688494,749183524389434420,highest-quality,1
166455023,CAB-ecd553c66a81e5a42fb13f88e9688494,Avatar_Female_Size02_Remielle_Origin_Ani_MC_Stand_Weak_Loop,scalar-full-source,1
166455023,CAB-ecd553c66a81e5a42fb13f88e9688494,Avatar_Female_Size02_Remielle_Origin_Default_Ani_MC_Stand_Weak_Loop,scalar-full-source,1
166455023,CAB-ecd553c66a81e5a42fb13f88e9688494,acl-database-bulk,scalar-full-source,2
166455023,CAB-ecd553c66a81e5a42fb13f88e9688494,native-object,scalar-full-source,2
166455023,CAB-ecd553c66a81e5a42fb13f88e9688494,streaming-info,scalar-full-source,2
1704382549,CAB-032223020f5c723eefc3368416cbd5e1,515039831682801160,highest-quality,1
1704382549,CAB-032223020f5c723eefc3368416cbd5e1,Avatar_Female_Size02_Remielle_Ramiel_Ani_Gal_Angry_End,scalar-full-source,1
1704382549,CAB-032223020f5c723eefc3368416cbd5e1,acl-database-bulk,scalar-full-source,1
1704382549,CAB-032223020f5c723eefc3368416cbd5e1,native-object,scalar-full-source,1
1704382549,CAB-032223020f5c723eefc3368416cbd5e1,streaming-info,scalar-full-source,1
1704382549,CAB-0c8dba6ca843205d50751c0ff9b6a011,-5036785912351465611,highest-quality,1
1704382549,CAB-0c8dba6ca843205d50751c0ff9b6a011,Avatar_Female_Size02_Remielle_Ramiel_Ani_UI_Detail,scalar-full-source,1
1704382549,CAB-0c8dba6ca843205d50751c0ff9b6a011,acl-database-bulk,scalar-full-source,1
1704382549,CAB-0c8dba6ca843205d50751c0ff9b6a011,native-object,scalar-full-source,1
1704382549,CAB-0c8dba6ca843205d50751c0ff9b6a011,streaming-info,scalar-full-source,1
1704382549,CAB-0fdb155c3dac8c9377342e63b566dbeb,1384830706564237703,highest-quality,1
1704382549,CAB-0fdb155c3dac8c9377342e63b566dbeb,5310189695225751449,highest-quality,1
1704382549,CAB-0fdb155c3dac8c9377342e63b566dbeb,Avatar_Female_Size02_Remielle_Ramiel_Ani_Attack_Rush,scalar-full-source,1
1704382549,CAB-0fdb155c3dac8c9377342e63b566dbeb,Avatar_Female_Size02_Remielle_Ramiel_Ani_Attack_Rush_End,scalar-full-source,1
1704382549,CAB-0fdb155c3dac8c9377342e63b566dbeb,acl-database-bulk,scalar-full-source,2
1704382549,CAB-0fdb155c3dac8c9377342e63b566dbeb,native-object,scalar-full-source,2
1704382549,CAB-0fdb155c3dac8c9377342e63b566dbeb,streaming-info,scalar-full-source,2
1704382549,CAB-1110fe4280f6d46960a76fac015c7a88,-6787169860043975556,highest-quality,1
1704382549,CAB-1110fe4280f6d46960a76fac015c7a88,Avatar_Female_Size02_Remielle_Ramiel_Ani_UI_S1toE,scalar-full-source,1
1704382549,CAB-1110fe4280f6d46960a76fac015c7a88,acl-database-bulk,scalar-full-source,1
1704382549,CAB-1110fe4280f6d46960a76fac015c7a88,native-object,scalar-full-source,1
1704382549,CAB-1110fe4280f6d46960a76fac015c7a88,streaming-info,scalar-full-source,1
1704382549,CAB-1495f565ffb654275ce64a952b2df75f,5579212848912087808,highest-quality,1
1704382549,CAB-1495f565ffb654275ce64a952b2df75f,Avatar_Female_Size02_Remielle_Ramiel_Ani_MC_Walk_End_02_L,scalar-full-source,1
1704382549,CAB-1495f565ffb654275ce64a952b2df75f,acl-database-bulk,scalar-full-source,1
1704382549,CAB-1495f565ffb654275ce64a952b2df75f,native-object,scalar-full-source,1
1704382549,CAB-1495f565ffb654275ce64a952b2df75f,streaming-info,scalar-full-source,1
1704382549,CAB-154858aa4c50c4f2451005d9c5dea10e,2002140185024447925,highest-quality,1
1704382549,CAB-154858aa4c50c4f2451005d9c5dea10e,Avatar_Female_Size02_Remielle_Ramiel_Ani_UI_CharSel_Loop,scalar-full-source,1
1704382549,CAB-154858aa4c50c4f2451005d9c5dea10e,acl-database-bulk,scalar-full-source,1
1704382549,CAB-154858aa4c50c4f2451005d9c5dea10e,native-object,scalar-full-source,1
1704382549,CAB-154858aa4c50c4f2451005d9c5dea10e,streaming-info,scalar-full-source,1
1704382549,CAB-1d42c3fa80fef6ccf27a3f523864b743,8617459412162619682,highest-quality,1
1704382549,CAB-1d42c3fa80fef6ccf27a3f523864b743,Avatar_Female_Size02_Remielle_Ramiel_Ani_MC_Stand_Photo,scalar-full-source,1
1704382549,CAB-1d42c3fa80fef6ccf27a3f523864b743,acl-database-bulk,scalar-full-source,1
1704382549,CAB-1d42c3fa80fef6ccf27a3f523864b743,native-object,scalar-full-source,1
1704382549,CAB-1d42c3fa80fef6ccf27a3f523864b743,streaming-info,scalar-full-source,1
1704382549,CAB-223b072e96a33570f5b5f721a11623e9,7375287920953694611,highest-quality,1
1704382549,CAB-223b072e96a33570f5b5f721a11623e9,Avatar_Female_Size02_Remielle_Ramiel_Ani_MC_Run_Loop,scalar-full-source,1
1704382549,CAB-223b072e96a33570f5b5f721a11623e9,acl-database-bulk,scalar-full-source,1
1704382549,CAB-223b072e96a33570f5b5f721a11623e9,native-object,scalar-full-source,1
1704382549,CAB-223b072e96a33570f5b5f721a11623e9,streaming-info,scalar-full-source,1
1704382549,CAB-23f2c4f148dded48267120de5530f67d,568624441380478596,highest-quality,1
1704382549,CAB-23f2c4f148dded48267120de5530f67d,Avatar_Female_Size02_Remielle_Ramiel_Ani_MC_Walk_End_02_R,scalar-full-source,1
1704382549,CAB-23f2c4f148dded48267120de5530f67d,acl-database-bulk,scalar-full-source,1
1704382549,CAB-23f2c4f148dded48267120de5530f67d,native-object,scalar-full-source,1
1704382549,CAB-23f2c4f148dded48267120de5530f67d,streaming-info,scalar-full-source,1
1704382549,CAB-312fe475e3415d379846d064fcaf8957,-6389968001128065014,highest-quality,1
1704382549,CAB-312fe475e3415d379846d064fcaf8957,Avatar_Female_Size02_Remielle_Ramiel_Ani_Gal_Sad_Loop,scalar-full-source,1
1704382549,CAB-312fe475e3415d379846d064fcaf8957,acl-database-bulk,scalar-full-source,1
1704382549,CAB-312fe475e3415d379846d064fcaf8957,native-object,scalar-full-source,1
1704382549,CAB-312fe475e3415d379846d064fcaf8957,streaming-info,scalar-full-source,1
1704382549,CAB-3391fd3ab2e2b669a798e97e5267c232,-6260324507213880840,highest-quality,1
1704382549,CAB-3391fd3ab2e2b669a798e97e5267c232,Avatar_Female_Size02_Remielle_Ramiel_Ani_UI_Skill_01,scalar-full-source,1
1704382549,CAB-3391fd3ab2e2b669a798e97e5267c232,acl-database-bulk,scalar-full-source,1
1704382549,CAB-3391fd3ab2e2b669a798e97e5267c232,native-object,scalar-full-source,1
1704382549,CAB-3391fd3ab2e2b669a798e97e5267c232,streaming-info,scalar-full-source,1
1704382549,CAB-347a0d15bc1f1c0d4896dcb2f199cfe1,377070469331215385,highest-quality,1
1704382549,CAB-347a0d15bc1f1c0d4896dcb2f199cfe1,Avatar_Female_Size02_Remielle_Ramiel_Ani_MC_Walk_End_L,scalar-full-source,1
1704382549,CAB-347a0d15bc1f1c0d4896dcb2f199cfe1,acl-database-bulk,scalar-full-source,1
1704382549,CAB-347a0d15bc1f1c0d4896dcb2f199cfe1,native-object,scalar-full-source,1
1704382549,CAB-347a0d15bc1f1c0d4896dcb2f199cfe1,streaming-info,scalar-full-source,1
1704382549,CAB-3e9fe04d4932ad03a2b4da5d13fc1f2b,-5377426071181693287,highest-quality,1
1704382549,CAB-3e9fe04d4932ad03a2b4da5d13fc1f2b,Avatar_Female_Size02_Remielle_Ramiel_Ani_UI_DtoS1,scalar-full-source,1
1704382549,CAB-3e9fe04d4932ad03a2b4da5d13fc1f2b,acl-database-bulk,scalar-full-source,1
1704382549,CAB-3e9fe04d4932ad03a2b4da5d13fc1f2b,native-object,scalar-full-source,1
1704382549,CAB-3e9fe04d4932ad03a2b4da5d13fc1f2b,streaming-info,scalar-full-source,1
1704382549,CAB-3fc2c0af41ac3b44254823ea9e48e284,6650659754387199229,highest-quality,1
1704382549,CAB-3fc2c0af41ac3b44254823ea9e48e284,Avatar_Female_Size02_Remielle_Ramiel_Ani_UI_S2toE,scalar-full-source,1
1704382549,CAB-3fc2c0af41ac3b44254823ea9e48e284,acl-database-bulk,scalar-full-source,1
1704382549,CAB-3fc2c0af41ac3b44254823ea9e48e284,native-object,scalar-full-source,1
1704382549,CAB-3fc2c0af41ac3b44254823ea9e48e284,streaming-info,scalar-full-source,1
1704382549,CAB-46f5c52613b243a526e08069a4af4b96,-2178446478776927915,highest-quality,1
1704382549,CAB-46f5c52613b243a526e08069a4af4b96,Avatar_Female_Size02_Remielle_Ramiel_Ani_Gal_Surprise_End,scalar-full-source,1
1704382549,CAB-46f5c52613b243a526e08069a4af4b96,acl-database-bulk,scalar-full-source,1
1704382549,CAB-46f5c52613b243a526e08069a4af4b96,native-object,scalar-full-source,1
1704382549,CAB-46f5c52613b243a526e08069a4af4b96,streaming-info,scalar-full-source,1
1704382549,CAB-6c136a6d1a38193b7e9d6f87f99d068d,-5177117304079189082,highest-quality,1
1704382549,CAB-6c136a6d1a38193b7e9d6f87f99d068d,Avatar_Female_Size02_Remielle_Ramiel_Ani_UI_Skill_02,scalar-full-source,1
1704382549,CAB-6c136a6d1a38193b7e9d6f87f99d068d,acl-database-bulk,scalar-full-source,1
1704382549,CAB-6c136a6d1a38193b7e9d6f87f99d068d,native-object,scalar-full-source,1
1704382549,CAB-6c136a6d1a38193b7e9d6f87f99d068d,streaming-info,scalar-full-source,1
1704382549,CAB-6e5d453e780c35fe61c652d54d7c0b19,8242360160143665182,highest-quality,1
1704382549,CAB-6e5d453e780c35fe61c652d54d7c0b19,Avatar_Female_Size02_Remielle_Ramiel_Ani_UI_S2toD,scalar-full-source,1
1704382549,CAB-6e5d453e780c35fe61c652d54d7c0b19,acl-database-bulk,scalar-full-source,1
1704382549,CAB-6e5d453e780c35fe61c652d54d7c0b19,native-object,scalar-full-source,1
1704382549,CAB-6e5d453e780c35fe61c652d54d7c0b19,streaming-info,scalar-full-source,1
1704382549,CAB-747bbac80ad77b06c011f492b9d3801e,-3040720397802887349,highest-quality,1
1704382549,CAB-747bbac80ad77b06c011f492b9d3801e,Avatar_Female_Size02_Remielle_Ramiel_Ani_MC_Stand_Idle01_Loop,scalar-full-source,1
1704382549,CAB-747bbac80ad77b06c011f492b9d3801e,acl-database-bulk,scalar-full-source,1
1704382549,CAB-747bbac80ad77b06c011f492b9d3801e,native-object,scalar-full-source,1
1704382549,CAB-747bbac80ad77b06c011f492b9d3801e,streaming-info,scalar-full-source,1
1704382549,CAB-81243191e7fe4a55ce27ee0ca65b512e,-5793928149087727708,highest-quality,1
1704382549,CAB-81243191e7fe4a55ce27ee0ca65b512e,Avatar_Female_Size02_Remielle_Ramiel_Ani_MC_Run_End_R,scalar-full-source,1
1704382549,CAB-81243191e7fe4a55ce27ee0ca65b512e,acl-database-bulk,scalar-full-source,1
1704382549,CAB-81243191e7fe4a55ce27ee0ca65b512e,native-object,scalar-full-source,1
1704382549,CAB-81243191e7fe4a55ce27ee0ca65b512e,streaming-info,scalar-full-source,1
1704382549,CAB-8584ed69033619671fb538adba1e55d0,-4057830702806959602,highest-quality,1
1704382549,CAB-8584ed69033619671fb538adba1e55d0,Avatar_Female_Size02_Remielle_Ramiel_Ani_MC_TurnAround_L,scalar-full-source,1
1704382549,CAB-8584ed69033619671fb538adba1e55d0,acl-database-bulk,scalar-full-source,1
1704382549,CAB-8584ed69033619671fb538adba1e55d0,native-object,scalar-full-source,1
1704382549,CAB-8584ed69033619671fb538adba1e55d0,streaming-info,scalar-full-source,1
1704382549,CAB-875afd9fb592fdc8e124cb89fc0d8b27,8179446946906836718,highest-quality,1
1704382549,CAB-875afd9fb592fdc8e124cb89fc0d8b27,Avatar_Female_Size02_Remielle_Ramiel_Ani_Gal_Sad_Start,scalar-full-source,1
1704382549,CAB-875afd9fb592fdc8e124cb89fc0d8b27,acl-database-bulk,scalar-full-source,1
1704382549,CAB-875afd9fb592fdc8e124cb89fc0d8b27,native-object,scalar-full-source,1
1704382549,CAB-875afd9fb592fdc8e124cb89fc0d8b27,streaming-info,scalar-full-source,1
1704382549,CAB-89a08a1d23703691101e3b43b2ef2d7d,2520456379740600705,highest-quality,1
1704382549,CAB-89a08a1d23703691101e3b43b2ef2d7d,Avatar_Female_Size02_Remielle_Ramiel_Ani_UI_Equipment,scalar-full-source,1
1704382549,CAB-89a08a1d23703691101e3b43b2ef2d7d,acl-database-bulk,scalar-full-source,1
1704382549,CAB-89a08a1d23703691101e3b43b2ef2d7d,native-object,scalar-full-source,1
1704382549,CAB-89a08a1d23703691101e3b43b2ef2d7d,streaming-info,scalar-full-source,1
1704382549,CAB-8d05f7fcae2a2d05323c546ce4901fff,2654218092699803568,highest-quality,1
1704382549,CAB-8d05f7fcae2a2d05323c546ce4901fff,Avatar_Female_Size02_Remielle_Ramiel_Ani_MC_Walk_Start,scalar-full-source,1
1704382549,CAB-8d05f7fcae2a2d05323c546ce4901fff,acl-database-bulk,scalar-full-source,1
1704382549,CAB-8d05f7fcae2a2d05323c546ce4901fff,native-object,scalar-full-source,1
1704382549,CAB-8d05f7fcae2a2d05323c546ce4901fff,streaming-info,scalar-full-source,1
1704382549,CAB-8e5bae6ec39bb7ca3c5ac48f74e8fcca,8423170002218103669,highest-quality,1
1704382549,CAB-8e5bae6ec39bb7ca3c5ac48f74e8fcca,Avatar_Female_Size02_Remielle_Ramiel_Ani_MC_Run_Start,scalar-full-source,1
1704382549,CAB-8e5bae6ec39bb7ca3c5ac48f74e8fcca,acl-database-bulk,scalar-full-source,1
1704382549,CAB-8e5bae6ec39bb7ca3c5ac48f74e8fcca,native-object,scalar-full-source,1
1704382549,CAB-8e5bae6ec39bb7ca3c5ac48f74e8fcca,streaming-info,scalar-full-source,1
1704382549,CAB-956077505a74bb6a3e8d7f47d4c8d019,8844670144911292491,highest-quality,1
1704382549,CAB-956077505a74bb6a3e8d7f47d4c8d019,Avatar_Female_Size02_Remielle_Ramiel_Ani_UI_CharSel_Start,scalar-full-source,1
1704382549,CAB-956077505a74bb6a3e8d7f47d4c8d019,acl-database-bulk,scalar-full-source,1
1704382549,CAB-956077505a74bb6a3e8d7f47d4c8d019,native-object,scalar-full-source,1
1704382549,CAB-956077505a74bb6a3e8d7f47d4c8d019,streaming-info,scalar-full-source,1
1704382549,CAB-a229ee41794d14d0307f521afbcf77ad,3417920780662954083,highest-quality,1
1704382549,CAB-a229ee41794d14d0307f521afbcf77ad,Avatar_Female_Size02_Remielle_Ramiel_Ani_MC_TurnAround_R,scalar-full-source,1
1704382549,CAB-a229ee41794d14d0307f521afbcf77ad,acl-database-bulk,scalar-full-source,1
1704382549,CAB-a229ee41794d14d0307f521afbcf77ad,native-object,scalar-full-source,1
1704382549,CAB-a229ee41794d14d0307f521afbcf77ad,streaming-info,scalar-full-source,1
1704382549,CAB-ad419a240b335cde1da75370aaf5a0f8,-4532001091464511097,highest-quality,1
1704382549,CAB-ad419a240b335cde1da75370aaf5a0f8,Avatar_Female_Size02_Remielle_Ramiel_Ani_Gal_Angry_Loop,scalar-full-source,1
1704382549,CAB-ad419a240b335cde1da75370aaf5a0f8,acl-database-bulk,scalar-full-source,1
1704382549,CAB-ad419a240b335cde1da75370aaf5a0f8,native-object,scalar-full-source,1
1704382549,CAB-ad419a240b335cde1da75370aaf5a0f8,streaming-info,scalar-full-source,1
1704382549,CAB-aee289f39d1d860eb7dede8fc576ce24,3411542325075466861,highest-quality,1
1704382549,CAB-aee289f39d1d860eb7dede8fc576ce24,Avatar_Female_Size02_Remielle_Ramiel_Ani_MC_Idle_Loop,scalar-full-source,1
1704382549,CAB-aee289f39d1d860eb7dede8fc576ce24,acl-database-bulk,scalar-full-source,1
1704382549,CAB-aee289f39d1d860eb7dede8fc576ce24,native-object,scalar-full-source,1
1704382549,CAB-aee289f39d1d860eb7dede8fc576ce24,streaming-info,scalar-full-source,1
1704382549,CAB-b646ea4c5ff9cfbe0dc2a4f0ff63fcfa,7378223686047169184,highest-quality,1
1704382549,CAB-b646ea4c5ff9cfbe0dc2a4f0ff63fcfa,Avatar_Female_Size02_Remielle_Ramiel_Ani_UI_MainPage_01,scalar-full-source,1
1704382549,CAB-b646ea4c5ff9cfbe0dc2a4f0ff63fcfa,acl-database-bulk,scalar-full-source,1
1704382549,CAB-b646ea4c5ff9cfbe0dc2a4f0ff63fcfa,native-object,scalar-full-source,1
1704382549,CAB-b646ea4c5ff9cfbe0dc2a4f0ff63fcfa,streaming-info,scalar-full-source,1
1704382549,CAB-bf3c5b2d738ee46d28327e9b5f865151,8518318409222403670,highest-quality,1
1704382549,CAB-bf3c5b2d738ee46d28327e9b5f865151,Avatar_Female_Size02_Remielle_Ramiel_Ani_MC_Walk_Loop,scalar-full-source,1
1704382549,CAB-bf3c5b2d738ee46d28327e9b5f865151,acl-database-bulk,scalar-full-source,1
1704382549,CAB-bf3c5b2d738ee46d28327e9b5f865151,native-object,scalar-full-source,1
1704382549,CAB-bf3c5b2d738ee46d28327e9b5f865151,streaming-info,scalar-full-source,1
1704382549,CAB-bfa650b7c5fc079aa38957c16e00ae34,6525180720145526982,highest-quality,1
1704382549,CAB-bfa650b7c5fc079aa38957c16e00ae34,Avatar_Female_Size02_Remielle_Ramiel_Ani_MC_Run_TurnBack,scalar-full-source,1
1704382549,CAB-bfa650b7c5fc079aa38957c16e00ae34,acl-database-bulk,scalar-full-source,1
1704382549,CAB-bfa650b7c5fc079aa38957c16e00ae34,native-object,scalar-full-source,1
1704382549,CAB-bfa650b7c5fc079aa38957c16e00ae34,streaming-info,scalar-full-source,1
1704382549,CAB-c0ffb9db6bd37a58cc850dd04a4cf12d,-8661473285749684346,highest-quality,1
1704382549,CAB-c0ffb9db6bd37a58cc850dd04a4cf12d,Avatar_Female_Size02_Remielle_Ramiel_Ani_MC_Run_End_L,scalar-full-source,1
1704382549,CAB-c0ffb9db6bd37a58cc850dd04a4cf12d,acl-database-bulk,scalar-full-source,1
1704382549,CAB-c0ffb9db6bd37a58cc850dd04a4cf12d,native-object,scalar-full-source,1
1704382549,CAB-c0ffb9db6bd37a58cc850dd04a4cf12d,streaming-info,scalar-full-source,1
1704382549,CAB-c1dae052a8f374388be01e0600a0af66,-3970582303084377354,highest-quality,1
1704382549,CAB-c1dae052a8f374388be01e0600a0af66,Avatar_Female_Size02_Remielle_Ramiel_Ani_UI_DtoE,scalar-full-source,1
1704382549,CAB-c1dae052a8f374388be01e0600a0af66,acl-database-bulk,scalar-full-source,1
1704382549,CAB-c1dae052a8f374388be01e0600a0af66,native-object,scalar-full-source,1
1704382549,CAB-c1dae052a8f374388be01e0600a0af66,streaming-info,scalar-full-source,1
1704382549,CAB-cd0b1b67c11695bcaf24298ee443c0ff,-6588496166271787003,highest-quality,1
1704382549,CAB-cd0b1b67c11695bcaf24298ee443c0ff,Avatar_Female_Size02_Remielle_Ramiel_Ani_UI_EtoD,scalar-full-source,1
1704382549,CAB-cd0b1b67c11695bcaf24298ee443c0ff,acl-database-bulk,scalar-full-source,1
1704382549,CAB-cd0b1b67c11695bcaf24298ee443c0ff,native-object,scalar-full-source,1
1704382549,CAB-cd0b1b67c11695bcaf24298ee443c0ff,streaming-info,scalar-full-source,1
1704382549,CAB-cd472cf3154f89ba14ed7c986a9f7f3c,-1665942086419258198,highest-quality,1
1704382549,CAB-cd472cf3154f89ba14ed7c986a9f7f3c,Avatar_Female_Size02_Remielle_Ramiel_Ani_MC_RunToWalk,scalar-full-source,1
1704382549,CAB-cd472cf3154f89ba14ed7c986a9f7f3c,acl-database-bulk,scalar-full-source,1
1704382549,CAB-cd472cf3154f89ba14ed7c986a9f7f3c,native-object,scalar-full-source,1
1704382549,CAB-cd472cf3154f89ba14ed7c986a9f7f3c,streaming-info,scalar-full-source,1
1704382549,CAB-cf6705734aee5321f2bf49d950486ec9,4950076632996511775,highest-quality,1
1704382549,CAB-cf6705734aee5321f2bf49d950486ec9,Avatar_Female_Size02_Remielle_Ramiel_Ani_MC_Stand_Think_Loop,scalar-full-source,1
1704382549,CAB-cf6705734aee5321f2bf49d950486ec9,acl-database-bulk,scalar-full-source,1
1704382549,CAB-cf6705734aee5321f2bf49d950486ec9,native-object,scalar-full-source,1
1704382549,CAB-cf6705734aee5321f2bf49d950486ec9,streaming-info,scalar-full-source,1
1704382549,CAB-d5ee7d3e2168afada47c5f5b55623756,516731653013529872,highest-quality,1
1704382549,CAB-d5ee7d3e2168afada47c5f5b55623756,Avatar_Female_Size02_Remielle_Ramiel_Ani_UI_S1toD,scalar-full-source,1
1704382549,CAB-d5ee7d3e2168afada47c5f5b55623756,acl-database-bulk,scalar-full-source,1
1704382549,CAB-d5ee7d3e2168afada47c5f5b55623756,native-object,scalar-full-source,1
1704382549,CAB-d5ee7d3e2168afada47c5f5b55623756,streaming-info,scalar-full-source,1
1704382549,CAB-e66353c6bbab78732070c3cefad05291,6280393617582618,highest-quality,1
1704382549,CAB-e66353c6bbab78732070c3cefad05291,Avatar_Female_Size02_Remielle_Ramiel_Ani_MC_Sprint_Loop,scalar-full-source,1
1704382549,CAB-e66353c6bbab78732070c3cefad05291,acl-database-bulk,scalar-full-source,1
1704382549,CAB-e66353c6bbab78732070c3cefad05291,native-object,scalar-full-source,1
1704382549,CAB-e66353c6bbab78732070c3cefad05291,streaming-info,scalar-full-source,1
1704382549,CAB-e7d532f162f21b569d1ae4099b93d072,-2343199801225763205,highest-quality,1
1704382549,CAB-e7d532f162f21b569d1ae4099b93d072,Avatar_Female_Size02_Remielle_Ramiel_Ani_Gal_Think_Loop,scalar-full-source,1
1704382549,CAB-e7d532f162f21b569d1ae4099b93d072,acl-database-bulk,scalar-full-source,1
1704382549,CAB-e7d532f162f21b569d1ae4099b93d072,native-object,scalar-full-source,1
1704382549,CAB-e7d532f162f21b569d1ae4099b93d072,streaming-info,scalar-full-source,1
1704382549,CAB-ede75bd22ecb567f37e86820b89f1ab9,-2431180140212211413,highest-quality,1
1704382549,CAB-ede75bd22ecb567f37e86820b89f1ab9,Avatar_Female_Size02_Remielle_Ramiel_Ani_MC_Walk_End_R,scalar-full-source,1
1704382549,CAB-ede75bd22ecb567f37e86820b89f1ab9,acl-database-bulk,scalar-full-source,1
1704382549,CAB-ede75bd22ecb567f37e86820b89f1ab9,native-object,scalar-full-source,1
1704382549,CAB-ede75bd22ecb567f37e86820b89f1ab9,streaming-info,scalar-full-source,1
1704382549,CAB-f28126959cada55ea7d40bcf36921109,-8815137970800821067,highest-quality,1
1704382549,CAB-f28126959cada55ea7d40bcf36921109,Avatar_Female_Size02_Remielle_Ramiel_Ani_MC_Run_Start_End,scalar-full-source,1
1704382549,CAB-f28126959cada55ea7d40bcf36921109,acl-database-bulk,scalar-full-source,1
1704382549,CAB-f28126959cada55ea7d40bcf36921109,native-object,scalar-full-source,1
1704382549,CAB-f28126959cada55ea7d40bcf36921109,streaming-info,scalar-full-source,1
1704382549,CAB-f3646afb0dafe55fbc287d95b2e53063,-6458055481287383449,highest-quality,1
1704382549,CAB-f3646afb0dafe55fbc287d95b2e53063,Avatar_Female_Size02_Remielle_Ramiel_Ani_UI_EtoS2,scalar-full-source,1
1704382549,CAB-f3646afb0dafe55fbc287d95b2e53063,acl-database-bulk,scalar-full-source,1
1704382549,CAB-f3646afb0dafe55fbc287d95b2e53063,native-object,scalar-full-source,1
1704382549,CAB-f3646afb0dafe55fbc287d95b2e53063,streaming-info,scalar-full-source,1
1704382549,CAB-fba945e6756a0e2cf7d145c968291b84,1367766434552027700,highest-quality,1
1704382549,CAB-fba945e6756a0e2cf7d145c968291b84,Avatar_Female_Size02_Remielle_Ramiel_Ani_Gal_Shy_Loop,scalar-full-source,1
1704382549,CAB-fba945e6756a0e2cf7d145c968291b84,acl-database-bulk,scalar-full-source,1
1704382549,CAB-fba945e6756a0e2cf7d145c968291b84,native-object,scalar-full-source,1
1704382549,CAB-fba945e6756a0e2cf7d145c968291b84,streaming-info,scalar-full-source,1
1715600529,CAB-0733cdaad7735f0d021d846ab41f7f37,-1021160638770416884,highest-quality,1
1715600529,CAB-0733cdaad7735f0d021d846ab41f7f37,1440121578779192547,highest-quality,1
1715600529,CAB-0733cdaad7735f0d021d846ab41f7f37,Avatar_Female_Size02_Remielle_Origin_Ani_Dash_Loop,scalar-full-source,1
1715600529,CAB-0733cdaad7735f0d021d846ab41f7f37,Avatar_Female_Size02_Remielle_Origin_Default_Ani_Dash_Loop,scalar-full-source,1
1715600529,CAB-0733cdaad7735f0d021d846ab41f7f37,acl-database-bulk,scalar-full-source,2
1715600529,CAB-0733cdaad7735f0d021d846ab41f7f37,native-object,scalar-full-source,2
1715600529,CAB-0733cdaad7735f0d021d846ab41f7f37,streaming-info,scalar-full-source,2
1715600529,CAB-37a2e82010a74c1af5e91ce696540eff,-213536611033901722,highest-quality,1
1715600529,CAB-37a2e82010a74c1af5e91ce696540eff,-2893577299971434832,highest-quality,1
1715600529,CAB-37a2e82010a74c1af5e91ce696540eff,Avatar_Female_Size02_Remielle_Origin_Ani_Walk_Loop,scalar-full-source,1
1715600529,CAB-37a2e82010a74c1af5e91ce696540eff,Avatar_Female_Size02_Remielle_Origin_Default_Ani_Walk_Loop,scalar-full-source,1
1715600529,CAB-37a2e82010a74c1af5e91ce696540eff,acl-database-bulk,scalar-full-source,2
1715600529,CAB-37a2e82010a74c1af5e91ce696540eff,native-object,scalar-full-source,2
1715600529,CAB-37a2e82010a74c1af5e91ce696540eff,streaming-info,scalar-full-source,2
1715600529,CAB-7087c1c761ef8a84da8d07b67a642115,43752608032791348,highest-quality,1
1715600529,CAB-7087c1c761ef8a84da8d07b67a642115,8307318319186089469,highest-quality,1
1715600529,CAB-7087c1c761ef8a84da8d07b67a642115,Avatar_Female_Size02_Remielle_Origin_Ani_Skill03_AirState_Back,scalar-full-source,1
1715600529,CAB-7087c1c761ef8a84da8d07b67a642115,Avatar_Female_Size02_Remielle_Origin_Default_Ani_Skill03_AirState_Back,scalar-full-source,1
1715600529,CAB-7087c1c761ef8a84da8d07b67a642115,acl-database-bulk,scalar-full-source,2
1715600529,CAB-7087c1c761ef8a84da8d07b67a642115,native-object,scalar-full-source,2
1715600529,CAB-7087c1c761ef8a84da8d07b67a642115,streaming-info,scalar-full-source,2
1715600529,CAB-7895f618aaad46091d0eabaa8838f0c9,-4712315809483842211,highest-quality,1
1715600529,CAB-7895f618aaad46091d0eabaa8838f0c9,1544813674513079468,highest-quality,1
1715600529,CAB-7895f618aaad46091d0eabaa8838f0c9,Avatar_Female_Size02_Remielle_Origin_Ani_Run_End,scalar-full-source,1
1715600529,CAB-7895f618aaad46091d0eabaa8838f0c9,Avatar_Female_Size02_Remielle_Origin_Default_Ani_Run_End,scalar-full-source,1
1715600529,CAB-7895f618aaad46091d0eabaa8838f0c9,acl-database-bulk,scalar-full-source,2
1715600529,CAB-7895f618aaad46091d0eabaa8838f0c9,native-object,scalar-full-source,2
1715600529,CAB-7895f618aaad46091d0eabaa8838f0c9,streaming-info,scalar-full-source,2
1715600529,CAB-ad03df6b944ebc6d94acf235fb58356b,-2834775492895240316,highest-quality,1
1715600529,CAB-ad03df6b944ebc6d94acf235fb58356b,-3374308206746047625,highest-quality,1
1715600529,CAB-ad03df6b944ebc6d94acf235fb58356b,Avatar_Female_Size02_Remielle_Origin_Ani_Run_Loop_02,scalar-full-source,1
1715600529,CAB-ad03df6b944ebc6d94acf235fb58356b,Avatar_Female_Size02_Remielle_Origin_Default_Ani_Run_Loop_02,scalar-full-source,1
1715600529,CAB-ad03df6b944ebc6d94acf235fb58356b,acl-database-bulk,scalar-full-source,2
1715600529,CAB-ad03df6b944ebc6d94acf235fb58356b,native-object,scalar-full-source,2
1715600529,CAB-ad03df6b944ebc6d94acf235fb58356b,streaming-info,scalar-full-source,2
1715600529,CAB-e309f311f32845499196484ef821cb3f,-2077618035229796624,highest-quality,1
1715600529,CAB-e309f311f32845499196484ef821cb3f,3904083204131904281,highest-quality,1
1715600529,CAB-e309f311f32845499196484ef821cb3f,Avatar_Female_Size02_Remielle_Origin_Ani_QuestStart,scalar-full-source,1
1715600529,CAB-e309f311f32845499196484ef821cb3f,Avatar_Female_Size02_Remielle_Origin_Default_Ani_QuestStart,scalar-full-source,1
1715600529,CAB-e309f311f32845499196484ef821cb3f,acl-database-bulk,scalar-full-source,2
1715600529,CAB-e309f311f32845499196484ef821cb3f,native-object,scalar-full-source,2
1715600529,CAB-e309f311f32845499196484ef821cb3f,streaming-info,scalar-full-source,2
1715600529,CAB-e3904b61fb0c015c0af3e7eb785ce1ae,-402973070275490428,highest-quality,1
1715600529,CAB-e3904b61fb0c015c0af3e7eb785ce1ae,6951737216419734359,highest-quality,1
1715600529,CAB-e3904b61fb0c015c0af3e7eb785ce1ae,Avatar_Female_Size02_Remielle_Origin_Ani_Dash_Start,scalar-full-source,1
1715600529,CAB-e3904b61fb0c015c0af3e7eb785ce1ae,Avatar_Female_Size02_Remielle_Origin_Default_Ani_Dash_Start,scalar-full-source,1
1715600529,CAB-e3904b61fb0c015c0af3e7eb785ce1ae,acl-database-bulk,scalar-full-source,2
1715600529,CAB-e3904b61fb0c015c0af3e7eb785ce1ae,native-object,scalar-full-source,2
1715600529,CAB-e3904b61fb0c015c0af3e7eb785ce1ae,streaming-info,scalar-full-source,2
1715600529,CAB-e60b1813519d286ca38b9838f44b4630,-4898536414085021582,highest-quality,1
1715600529,CAB-e60b1813519d286ca38b9838f44b4630,-9199533477340216773,highest-quality,1
1715600529,CAB-e60b1813519d286ca38b9838f44b4630,1562909486031391805,highest-quality,1
1715600529,CAB-e60b1813519d286ca38b9838f44b4630,4995497788641215052,highest-quality,1
1715600529,CAB-e60b1813519d286ca38b9838f44b4630,Avatar_Female_Size02_Remielle_Origin_Ani_Attack_Normal_02,scalar-full-source,1
1715600529,CAB-e60b1813519d286ca38b9838f44b4630,Avatar_Female_Size02_Remielle_Origin_Ani_Attack_Normal_02_End,scalar-full-source,1
1715600529,CAB-e60b1813519d286ca38b9838f44b4630,Avatar_Female_Size02_Remielle_Origin_Default_Ani_Attack_Normal_02,scalar-full-source,1
1715600529,CAB-e60b1813519d286ca38b9838f44b4630,Avatar_Female_Size02_Remielle_Origin_Default_Ani_Attack_Normal_02_End,scalar-full-source,1
1715600529,CAB-e60b1813519d286ca38b9838f44b4630,acl-database-bulk,scalar-full-source,4
1715600529,CAB-e60b1813519d286ca38b9838f44b4630,native-object,scalar-full-source,4
1715600529,CAB-e60b1813519d286ca38b9838f44b4630,streaming-info,scalar-full-source,4
1846016037,CAB-5cec44d12ff090f787ea26556dbb387f,TL_C30_ZiplineChasing_04_SC010_Avatar_MaxRemielleOriginCS,scalar-full-source|standalone-native,2
1846016037,CAB-5cec44d12ff090f787ea26556dbb387f,native-object,scalar-full-source,1
1846016037,CAB-86701be3b444797d6298bb85399b74bd,TL_C30_ZiplineChasing_03_SC010_Avatar_MaxRemielleOriginCS,scalar-full-source|standalone-native,2
1846016037,CAB-86701be3b444797d6298bb85399b74bd,native-object,scalar-full-source,1
1860708741,CAB-2306941d57f7544f7d5a39105e114edf,-6086909508455192655,highest-quality,1
1860708741,CAB-2306941d57f7544f7d5a39105e114edf,321527116734104337,highest-quality,1
1860708741,CAB-2306941d57f7544f7d5a39105e114edf,Avatar_Female_Size02_Remielle_Origin_Ani_MC_Run_End_R,scalar-full-source,1
1860708741,CAB-2306941d57f7544f7d5a39105e114edf,Avatar_Female_Size02_Remielle_Origin_Default_Ani_MC_Run_End_R,scalar-full-source,1
1860708741,CAB-2306941d57f7544f7d5a39105e114edf,acl-database-bulk,scalar-full-source,2
1860708741,CAB-2306941d57f7544f7d5a39105e114edf,native-object,scalar-full-source,2
1860708741,CAB-2306941d57f7544f7d5a39105e114edf,streaming-info,scalar-full-source,2
1860708741,CAB-494bd5c08978d90b9e429e89eefd3afe,-3648239661755005706,highest-quality,1
1860708741,CAB-494bd5c08978d90b9e429e89eefd3afe,-6451535175577738020,highest-quality,1
1860708741,CAB-494bd5c08978d90b9e429e89eefd3afe,Avatar_Female_Size02_Remielle_Origin_Ani_MC_RunToWalk,scalar-full-source,1
1860708741,CAB-494bd5c08978d90b9e429e89eefd3afe,Avatar_Female_Size02_Remielle_Origin_Default_Ani_MC_RunToWalk,scalar-full-source,1
1860708741,CAB-494bd5c08978d90b9e429e89eefd3afe,acl-database-bulk,scalar-full-source,2
1860708741,CAB-494bd5c08978d90b9e429e89eefd3afe,native-object,scalar-full-source,2
1860708741,CAB-494bd5c08978d90b9e429e89eefd3afe,streaming-info,scalar-full-source,2
1860708741,CAB-65578e3cddc52b0bd391b580c5885c28,-6414009409087881918,highest-quality,1
1860708741,CAB-65578e3cddc52b0bd391b580c5885c28,-7957749517175371076,highest-quality,1
1860708741,CAB-65578e3cddc52b0bd391b580c5885c28,Avatar_Female_Size02_Remielle_Origin_Ani_MC_Walk_End_R,scalar-full-source,1
1860708741,CAB-65578e3cddc52b0bd391b580c5885c28,Avatar_Female_Size02_Remielle_Origin_Default_Ani_MC_Walk_End_R,scalar-full-source,1
1860708741,CAB-65578e3cddc52b0bd391b580c5885c28,acl-database-bulk,scalar-full-source,2
1860708741,CAB-65578e3cddc52b0bd391b580c5885c28,native-object,scalar-full-source,2
1860708741,CAB-65578e3cddc52b0bd391b580c5885c28,streaming-info,scalar-full-source,2
1860708741,CAB-b7c0e0ef400c5932687047f20f402217,-7520317271572137748,highest-quality,1
1860708741,CAB-b7c0e0ef400c5932687047f20f402217,8637045531324463456,highest-quality,1
1860708741,CAB-b7c0e0ef400c5932687047f20f402217,Avatar_Female_Size02_Remielle_Origin_Ani_MC_Stand_Photo,scalar-full-source,1
1860708741,CAB-b7c0e0ef400c5932687047f20f402217,Avatar_Female_Size02_Remielle_Origin_Default_Ani_MC_Stand_Photo,scalar-full-source,1
1860708741,CAB-b7c0e0ef400c5932687047f20f402217,acl-database-bulk,scalar-full-source,2
1860708741,CAB-b7c0e0ef400c5932687047f20f402217,native-object,scalar-full-source,2
1860708741,CAB-b7c0e0ef400c5932687047f20f402217,streaming-info,scalar-full-source,2
1860708741,CAB-bbf4c01a537179d93199e7204bb4f544,-5036748116070463981,highest-quality,1
1860708741,CAB-bbf4c01a537179d93199e7204bb4f544,6549233636137054704,highest-quality,1
1860708741,CAB-bbf4c01a537179d93199e7204bb4f544,Avatar_Female_Size02_Remielle_Origin_Ani_MC_Walk_Loop,scalar-full-source,1
1860708741,CAB-bbf4c01a537179d93199e7204bb4f544,Avatar_Female_Size02_Remielle_Origin_Default_Ani_MC_Walk_Loop,scalar-full-source,1
1860708741,CAB-bbf4c01a537179d93199e7204bb4f544,acl-database-bulk,scalar-full-source,2
1860708741,CAB-bbf4c01a537179d93199e7204bb4f544,native-object,scalar-full-source,2
1860708741,CAB-bbf4c01a537179d93199e7204bb4f544,streaming-info,scalar-full-source,2
1860708741,CAB-cd1a70e4cc6d0ca6529ca9f313fe5d89,-2198007012778656735,highest-quality,1
1860708741,CAB-cd1a70e4cc6d0ca6529ca9f313fe5d89,-2943291743233252209,highest-quality,1
1860708741,CAB-cd1a70e4cc6d0ca6529ca9f313fe5d89,Avatar_Female_Size02_Remielle_Origin_Ani_MC_TurnAround_L,scalar-full-source,1
1860708741,CAB-cd1a70e4cc6d0ca6529ca9f313fe5d89,Avatar_Female_Size02_Remielle_Origin_Default_Ani_MC_TurnAround_L,scalar-full-source,1
1860708741,CAB-cd1a70e4cc6d0ca6529ca9f313fe5d89,acl-database-bulk,scalar-full-source,2
1860708741,CAB-cd1a70e4cc6d0ca6529ca9f313fe5d89,native-object,scalar-full-source,2
1860708741,CAB-cd1a70e4cc6d0ca6529ca9f313fe5d89,streaming-info,scalar-full-source,2
1873273914,CAB-11cf926a8d80ffc49fc1f3074d2f0b78,Eff_RemielleOrigin_Common_68_Light,scalar-full-source|standalone-native,2
1873273914,CAB-11cf926a8d80ffc49fc1f3074d2f0b78,native-object,scalar-full-source,1
1873273914,CAB-252a4c5251f62ba43a000847a100fe11,Eff_RemielleOrigin_Finish_Ex_AirState_Back_Start_07_Glow,scalar-full-source|standalone-native,2
1873273914,CAB-252a4c5251f62ba43a000847a100fe11,native-object,scalar-full-source,1
1873273914,CAB-2ba1e7fb6f4e823ca52d7d3a6d5954d5,Eff_RemielleOrigin_Finish_Ex_AirState_Back_Start_13_Glow,scalar-full-source|standalone-native,2
1873273914,CAB-2ba1e7fb6f4e823ca52d7d3a6d5954d5,native-object,scalar-full-source,1
1873273914,CAB-4072e7ddfba69c1565f3b793e3adfcc8,Eff_RemielleOrigin_Skill02_AirState_Front_07_Trail,scalar-full-source|standalone-native,2
1873273914,CAB-4072e7ddfba69c1565f3b793e3adfcc8,native-object,scalar-full-source,1
1873273914,CAB-439db914cf2b0aae64d48bc0061689ee,Eff_RemielleOrigin_Finish_Ex_AirState_Back_Start_12_Glow,scalar-full-source|standalone-native,2
1873273914,CAB-439db914cf2b0aae64d48bc0061689ee,native-object,scalar-full-source,1
1873273914,CAB-491b5a9b8b0d833b79c7e45bbfc3c0e3,Eff_RemielleOrigin_Finish_Ex_AirState_Back_Start_23_Glow,scalar-full-source|standalone-native,2
1873273914,CAB-491b5a9b8b0d833b79c7e45bbfc3c0e3,native-object,scalar-full-source,1
1873273914,CAB-60df6300b1c549e348d7f057963167e1,Eff_RemielleOrigin_Finish_Ex_AirState_Back_03_Trail,scalar-full-source|standalone-native,2
1873273914,CAB-60df6300b1c549e348d7f057963167e1,native-object,scalar-full-source,1
1873273914,CAB-61c494f52021ee29f9ddeda944114fae,Eff_RemielleOrigin_Common_11_Distor,scalar-full-source|standalone-native,2
1873273914,CAB-61c494f52021ee29f9ddeda944114fae,native-object,scalar-full-source,1
1873273914,CAB-7b5007e95c860d2681d7b1786a0a3101,Eff_RemielleOrigin_Finish_Ex_AirState_Back_Start_09_Glow,scalar-full-source|standalone-native,2
1873273914,CAB-7b5007e95c860d2681d7b1786a0a3101,native-object,scalar-full-source,1
1873273914,CAB-7ba6dd6b8936cd5c89733099ab884e0b,Eff_RemielleOrigin_Finish_AirState_Front_05_Trail,scalar-full-source|standalone-native,2
1873273914,CAB-7ba6dd6b8936cd5c89733099ab884e0b,native-object,scalar-full-source,1
1873273914,CAB-863a1aae771079685a7ccdde4b9e5390,Eff_RemielleOrigin_Finish_Ex_AirState_Back_Start_10_Glow,scalar-full-source|standalone-native,2
1873273914,CAB-863a1aae771079685a7ccdde4b9e5390,native-object,scalar-full-source,1
1873273914,CAB-a3773fd7b1983205dbe40f34d34bc6b8,Eff_RemielleOrigin_Finish_AirState_Front_09_Trail,scalar-full-source|standalone-native,2
1873273914,CAB-a3773fd7b1983205dbe40f34d34bc6b8,native-object,scalar-full-source,1
1873273914,CAB-b1f8384c4e0ff3f9032b431331a864e3,Eff_RemielleOrigin_Finish_Ex_AirState_Back_04_Trail,scalar-full-source|standalone-native,2
1873273914,CAB-b1f8384c4e0ff3f9032b431331a864e3,native-object,scalar-full-source,1
1873273914,CAB-ba3286a194f9243458070e7b1c9c7339,Eff_RemielleOrigin_Finish_Ex_AirState_Back_Start_11_Glow,scalar-full-source|standalone-native,2
1873273914,CAB-ba3286a194f9243458070e7b1c9c7339,native-object,scalar-full-source,1
1873273914,CAB-c3f60eeaac87ba031203af3354be7df7,Eff_RemielleOrigin_Finish_AirState_Front_04_Trail,scalar-full-source|standalone-native,2
1873273914,CAB-c3f60eeaac87ba031203af3354be7df7,native-object,scalar-full-source,1
1873273914,CAB-e73d93d73455b24a169b690791675f46,Eff_RemielleOrigin_Finish_Ex_AirState_Back_13_Trail,scalar-full-source|standalone-native,2
1873273914,CAB-e73d93d73455b24a169b690791675f46,native-object,scalar-full-source,1
1876963883,CAB-0959ef4accf36578df1c91884f1734f1,-8534133473829246735,highest-quality,1
1876963883,CAB-0959ef4accf36578df1c91884f1734f1,-8674294909014153322,highest-quality,1
1876963883,CAB-0959ef4accf36578df1c91884f1734f1,Avatar_Female_Size02_Remielle_Origin_Ani_Move_R_AirFront_Loop,scalar-full-source,1
1876963883,CAB-0959ef4accf36578df1c91884f1734f1,Avatar_Female_Size02_Remielle_Origin_Default_Ani_Move_R_AirFront_Loop,scalar-full-source,1
1876963883,CAB-0959ef4accf36578df1c91884f1734f1,acl-database-bulk,scalar-full-source,2
1876963883,CAB-0959ef4accf36578df1c91884f1734f1,native-object,scalar-full-source,2
1876963883,CAB-0959ef4accf36578df1c91884f1734f1,streaming-info,scalar-full-source,2
1876963883,CAB-241fbaf4fd60b205539b13de2a17245b,-1160565790859856226,highest-quality,1
1876963883,CAB-241fbaf4fd60b205539b13de2a17245b,-2784842692007170474,highest-quality,1
1876963883,CAB-241fbaf4fd60b205539b13de2a17245b,Avatar_Female_Size02_Remielle_Origin_Ani_Evade_Back,scalar-full-source,1
1876963883,CAB-241fbaf4fd60b205539b13de2a17245b,Avatar_Female_Size02_Remielle_Origin_Default_Ani_Evade_Back,scalar-full-source,1
1876963883,CAB-241fbaf4fd60b205539b13de2a17245b,acl-database-bulk,scalar-full-source,2
1876963883,CAB-241fbaf4fd60b205539b13de2a17245b,native-object,scalar-full-source,2
1876963883,CAB-241fbaf4fd60b205539b13de2a17245b,streaming-info,scalar-full-source,2
1876963883,CAB-4fa0b31c2ead4193c24efccdab012a68,-7917930783476894538,highest-quality,1
1876963883,CAB-4fa0b31c2ead4193c24efccdab012a68,5751198730476278853,highest-quality,1
1876963883,CAB-4fa0b31c2ead4193c24efccdab012a68,Avatar_Female_Size02_Remielle_Origin_Ani_Move_R_AirBack_Loop,scalar-full-source,1
1876963883,CAB-4fa0b31c2ead4193c24efccdab012a68,Avatar_Female_Size02_Remielle_Origin_Default_Ani_Move_R_AirBack_Loop,scalar-full-source,1
1876963883,CAB-4fa0b31c2ead4193c24efccdab012a68,acl-database-bulk,scalar-full-source,2
1876963883,CAB-4fa0b31c2ead4193c24efccdab012a68,native-object,scalar-full-source,2
1876963883,CAB-4fa0b31c2ead4193c24efccdab012a68,streaming-info,scalar-full-source,2
1876963883,CAB-82074f88a886fcfc9b7d870cc09bd340,201129590458849080,highest-quality,1
1876963883,CAB-82074f88a886fcfc9b7d870cc09bd340,Avatar_Female_Size02_Remielle_Ani_Skill04_AirState_Back,scalar-full-source,1
1876963883,CAB-82074f88a886fcfc9b7d870cc09bd340,acl-database-bulk,scalar-full-source,1
1876963883,CAB-82074f88a886fcfc9b7d870cc09bd340,native-object,scalar-full-source,1
1876963883,CAB-82074f88a886fcfc9b7d870cc09bd340,streaming-info,scalar-full-source,1
1876963883,CAB-c22c2d1c569babc26368ba110771de3c,7322397595745092629,highest-quality,1
1876963883,CAB-c22c2d1c569babc26368ba110771de3c,9167602165747736858,highest-quality,1
1876963883,CAB-c22c2d1c569babc26368ba110771de3c,Avatar_Female_Size02_Remielle_Origin_Ani_Evade_to_Run_01,scalar-full-source,1
1876963883,CAB-c22c2d1c569babc26368ba110771de3c,Avatar_Female_Size02_Remielle_Origin_Default_Ani_Evade_to_Run_01,scalar-full-source,1
1876963883,CAB-c22c2d1c569babc26368ba110771de3c,acl-database-bulk,scalar-full-source,2
1876963883,CAB-c22c2d1c569babc26368ba110771de3c,native-object,scalar-full-source,2
1876963883,CAB-c22c2d1c569babc26368ba110771de3c,streaming-info,scalar-full-source,2
1876963883,CAB-d8fbebcff3461c85f6e8e3d656faadcf,-2053451558984455083,highest-quality,1
1876963883,CAB-d8fbebcff3461c85f6e8e3d656faadcf,-5596166863796330384,highest-quality,1
1876963883,CAB-d8fbebcff3461c85f6e8e3d656faadcf,5634588132277865150,highest-quality,1
1876963883,CAB-d8fbebcff3461c85f6e8e3d656faadcf,7813796038876496448,highest-quality,1
1876963883,CAB-d8fbebcff3461c85f6e8e3d656faadcf,Avatar_Female_Size02_Remielle_Origin_Ani_SwitchIn_Attack,scalar-full-source,1
1876963883,CAB-d8fbebcff3461c85f6e8e3d656faadcf,Avatar_Female_Size02_Remielle_Origin_Ani_SwitchIn_Attack_End,scalar-full-source,1
1876963883,CAB-d8fbebcff3461c85f6e8e3d656faadcf,Avatar_Female_Size02_Remielle_Origin_Default_Ani_SwitchIn_Attack,scalar-full-source,1
1876963883,CAB-d8fbebcff3461c85f6e8e3d656faadcf,Avatar_Female_Size02_Remielle_Origin_Default_Ani_SwitchIn_Attack_End,scalar-full-source,1
1876963883,CAB-d8fbebcff3461c85f6e8e3d656faadcf,acl-database-bulk,scalar-full-source,4
1876963883,CAB-d8fbebcff3461c85f6e8e3d656faadcf,native-object,scalar-full-source,4
1876963883,CAB-d8fbebcff3461c85f6e8e3d656faadcf,streaming-info,scalar-full-source,4
1916835551,CAB-72af46e231ac1c92c740e6efa20a3946,-6481802436214235179,highest-quality,1
1916835551,CAB-72af46e231ac1c92c740e6efa20a3946,-9218743410937264583,highest-quality,1
1916835551,CAB-72af46e231ac1c92c740e6efa20a3946,Avatar_Female_Size02_Remielle_Origin_Ani_MC_TL_TurnAround,scalar-full-source,1
1916835551,CAB-72af46e231ac1c92c740e6efa20a3946,Avatar_Female_Size02_Remielle_Origin_Default_Ani_MC_TL_TurnAround,scalar-full-source,1
1916835551,CAB-72af46e231ac1c92c740e6efa20a3946,acl-database-bulk,scalar-full-source,2
1916835551,CAB-72af46e231ac1c92c740e6efa20a3946,native-object,scalar-full-source,2
1916835551,CAB-72af46e231ac1c92c740e6efa20a3946,streaming-info,scalar-full-source,2
2006710238,CAB-00a0aeebf8545327f25f5674b93c05d4,-4526792344613562278,highest-quality,1
2006710238,CAB-00a0aeebf8545327f25f5674b93c05d4,-6396914387315774793,highest-quality,1
2006710238,CAB-00a0aeebf8545327f25f5674b93c05d4,3571753758861711803,highest-quality,1
2006710238,CAB-00a0aeebf8545327f25f5674b93c05d4,955851873304441410,highest-quality,1
2006710238,CAB-00a0aeebf8545327f25f5674b93c05d4,Avatar_Female_Size02_Remielle_Origin_Ani_Attack_ParryAid_L,scalar-full-source,1
2006710238,CAB-00a0aeebf8545327f25f5674b93c05d4,Avatar_Female_Size02_Remielle_Origin_Ani_Attack_ParryAid_L_End,scalar-full-source,1
2006710238,CAB-00a0aeebf8545327f25f5674b93c05d4,Avatar_Female_Size02_Remielle_Origin_Default_Ani_Attack_ParryAid_L,scalar-full-source,1
2006710238,CAB-00a0aeebf8545327f25f5674b93c05d4,Avatar_Female_Size02_Remielle_Origin_Default_Ani_Attack_ParryAid_L_End,scalar-full-source,1
2006710238,CAB-00a0aeebf8545327f25f5674b93c05d4,acl-database-bulk,scalar-full-source,4
2006710238,CAB-00a0aeebf8545327f25f5674b93c05d4,native-object,scalar-full-source,4
2006710238,CAB-00a0aeebf8545327f25f5674b93c05d4,streaming-info,scalar-full-source,4
2006710238,CAB-0353b71bd01a780f3970689d4b8aa030,-409771880834856509,highest-quality,1
2006710238,CAB-0353b71bd01a780f3970689d4b8aa030,2897952514858722300,highest-quality,1
2006710238,CAB-0353b71bd01a780f3970689d4b8aa030,4344555018720723428,highest-quality,1
2006710238,CAB-0353b71bd01a780f3970689d4b8aa030,4941240938121583892,highest-quality,1
2006710238,CAB-0353b71bd01a780f3970689d4b8aa030,Avatar_Female_Size02_Remielle_Origin_Ani_Attack_Normal_04,scalar-full-source,1
2006710238,CAB-0353b71bd01a780f3970689d4b8aa030,Avatar_Female_Size02_Remielle_Origin_Ani_Attack_Normal_04_End,scalar-full-source,1
2006710238,CAB-0353b71bd01a780f3970689d4b8aa030,Avatar_Female_Size02_Remielle_Origin_Default_Ani_Attack_Normal_04,scalar-full-source,1
2006710238,CAB-0353b71bd01a780f3970689d4b8aa030,Avatar_Female_Size02_Remielle_Origin_Default_Ani_Attack_Normal_04_End,scalar-full-source,1
2006710238,CAB-0353b71bd01a780f3970689d4b8aa030,acl-database-bulk,scalar-full-source,4
2006710238,CAB-0353b71bd01a780f3970689d4b8aa030,native-object,scalar-full-source,4
2006710238,CAB-0353b71bd01a780f3970689d4b8aa030,streaming-info,scalar-full-source,4
2006710238,CAB-29459d6b716e366147e997e02faf1fa1,-6844243640780810553,highest-quality,1
2006710238,CAB-29459d6b716e366147e997e02faf1fa1,2038985433102997564,highest-quality,1
2006710238,CAB-29459d6b716e366147e997e02faf1fa1,Avatar_Female_Size02_Remielle_Origin_Ani_SwitchOut_Normal,scalar-full-source,1
2006710238,CAB-29459d6b716e366147e997e02faf1fa1,Avatar_Female_Size02_Remielle_Origin_Default_Ani_SwitchOut_Normal,scalar-full-source,1
2006710238,CAB-29459d6b716e366147e997e02faf1fa1,acl-database-bulk,scalar-full-source,2
2006710238,CAB-29459d6b716e366147e997e02faf1fa1,native-object,scalar-full-source,2
2006710238,CAB-29459d6b716e366147e997e02faf1fa1,streaming-info,scalar-full-source,2
2006710238,CAB-3f4c4dd48e40fbf7bf6cbb23796960bc,-4095588600957599538,highest-quality,1
2006710238,CAB-3f4c4dd48e40fbf7bf6cbb23796960bc,-929815099799922380,highest-quality,1
2006710238,CAB-3f4c4dd48e40fbf7bf6cbb23796960bc,Avatar_Female_Size02_Remielle_Origin_Ani_Evade_Back_02,scalar-full-source,1
2006710238,CAB-3f4c4dd48e40fbf7bf6cbb23796960bc,Avatar_Female_Size02_Remielle_Origin_Default_Ani_Evade_Back_02,scalar-full-source,1
2006710238,CAB-3f4c4dd48e40fbf7bf6cbb23796960bc,acl-database-bulk,scalar-full-source,2
2006710238,CAB-3f4c4dd48e40fbf7bf6cbb23796960bc,native-object,scalar-full-source,2
2006710238,CAB-3f4c4dd48e40fbf7bf6cbb23796960bc,streaming-info,scalar-full-source,2
2006710238,CAB-833fd3d22127ff7228b525d40f997aa0,6245713423748851663,highest-quality,1
2006710238,CAB-833fd3d22127ff7228b525d40f997aa0,7065537084702335652,highest-quality,1
2006710238,CAB-833fd3d22127ff7228b525d40f997aa0,Avatar_Female_Size02_Remielle_Origin_Ani_Hit_H_Front,scalar-full-source,1
2006710238,CAB-833fd3d22127ff7228b525d40f997aa0,Avatar_Female_Size02_Remielle_Origin_Default_Ani_Hit_H_Front,scalar-full-source,1
2006710238,CAB-833fd3d22127ff7228b525d40f997aa0,acl-database-bulk,scalar-full-source,2
2006710238,CAB-833fd3d22127ff7228b525d40f997aa0,native-object,scalar-full-source,2
2006710238,CAB-833fd3d22127ff7228b525d40f997aa0,streaming-info,scalar-full-source,2
2006710238,CAB-8e1edcaf001ec3c019aef205d32f0b80,-8089345243544448965,highest-quality,1
2006710238,CAB-8e1edcaf001ec3c019aef205d32f0b80,2133478860367677187,highest-quality,1
2006710238,CAB-8e1edcaf001ec3c019aef205d32f0b80,3343346788711538502,highest-quality,1
2006710238,CAB-8e1edcaf001ec3c019aef205d32f0b80,7342936708937862502,highest-quality,1
2006710238,CAB-8e1edcaf001ec3c019aef205d32f0b80,Avatar_Female_Size02_Remielle_Origin_Ani_Attack_Special,scalar-full-source,1
2006710238,CAB-8e1edcaf001ec3c019aef205d32f0b80,Avatar_Female_Size02_Remielle_Origin_Ani_Attack_Special_End,scalar-full-source,1
2006710238,CAB-8e1edcaf001ec3c019aef205d32f0b80,Avatar_Female_Size02_Remielle_Origin_Default_Ani_Attack_Special,scalar-full-source,1
2006710238,CAB-8e1edcaf001ec3c019aef205d32f0b80,Avatar_Female_Size02_Remielle_Origin_Default_Ani_Attack_Special_End,scalar-full-source,1
2006710238,CAB-8e1edcaf001ec3c019aef205d32f0b80,acl-database-bulk,scalar-full-source,4
2006710238,CAB-8e1edcaf001ec3c019aef205d32f0b80,native-object,scalar-full-source,4
2006710238,CAB-8e1edcaf001ec3c019aef205d32f0b80,streaming-info,scalar-full-source,4
2006710238,CAB-c101e9fdd690dfbeca81c304d8d70e96,-1426568102937424029,highest-quality,1
2006710238,CAB-c101e9fdd690dfbeca81c304d8d70e96,3805677695536517420,highest-quality,1
2006710238,CAB-c101e9fdd690dfbeca81c304d8d70e96,Avatar_Female_Size02_Remielle_Origin_Ani_Move_L_AirFront_Loop,scalar-full-source,1
2006710238,CAB-c101e9fdd690dfbeca81c304d8d70e96,Avatar_Female_Size02_Remielle_Origin_Default_Ani_Move_L_AirFront_Loop,scalar-full-source,1
2006710238,CAB-c101e9fdd690dfbeca81c304d8d70e96,acl-database-bulk,scalar-full-source,2
2006710238,CAB-c101e9fdd690dfbeca81c304d8d70e96,native-object,scalar-full-source,2
2006710238,CAB-c101e9fdd690dfbeca81c304d8d70e96,streaming-info,scalar-full-source,2
2006710238,CAB-eb0cbd48e218dc6b8616a93d22822362,-5561527666033287597,highest-quality,1
2006710238,CAB-eb0cbd48e218dc6b8616a93d22822362,3724978590284937653,highest-quality,1
2006710238,CAB-eb0cbd48e218dc6b8616a93d22822362,7852443070286253166,highest-quality,1
2006710238,CAB-eb0cbd48e218dc6b8616a93d22822362,8022910211048519476,highest-quality,1
2006710238,CAB-eb0cbd48e218dc6b8616a93d22822362,Avatar_Female_Size02_Remielle_Origin_Ani_Attack_ExSpecial,scalar-full-source,1
2006710238,CAB-eb0cbd48e218dc6b8616a93d22822362,Avatar_Female_Size02_Remielle_Origin_Ani_Attack_ExSpecial_End,scalar-full-source,1
2006710238,CAB-eb0cbd48e218dc6b8616a93d22822362,Avatar_Female_Size02_Remielle_Origin_Default_Ani_Attack_ExSpecial,scalar-full-source,1
2006710238,CAB-eb0cbd48e218dc6b8616a93d22822362,Avatar_Female_Size02_Remielle_Origin_Default_Ani_Attack_ExSpecial_End,scalar-full-source,1
2006710238,CAB-eb0cbd48e218dc6b8616a93d22822362,acl-database-bulk,scalar-full-source,4
2006710238,CAB-eb0cbd48e218dc6b8616a93d22822362,native-object,scalar-full-source,4
2006710238,CAB-eb0cbd48e218dc6b8616a93d22822362,streaming-info,scalar-full-source,4
2104872804,CAB-65e465f547e81e3551250368c361cc70,Avatar_Female_Size02_Remielle_Origin_Ani_Attack_Burst_Ex_02,scalar-full-source|standalone-native,2
2104872804,CAB-65e465f547e81e3551250368c361cc70,acl-database-bulk,scalar-full-source,1
2104872804,CAB-65e465f547e81e3551250368c361cc70,native-object,scalar-full-source,1
2104872804,CAB-65e465f547e81e3551250368c361cc70,streaming-info,scalar-full-source,1
2104872804,CAB-eb26aa027a063c0df36a140698155d38,Eff_RemielleOrigin_AirCombat_Parry_F_Start_01_Trail,scalar-full-source|standalone-native,2
2104872804,CAB-eb26aa027a063c0df36a140698155d38,native-object,scalar-full-source,1
2132654338,CAB-066993d8a5ff8d0ccef4a25cb579569a,-7129616130449428738,highest-quality,1
2132654338,CAB-066993d8a5ff8d0ccef4a25cb579569a,2355478525442785719,highest-quality,1
2132654338,CAB-066993d8a5ff8d0ccef4a25cb579569a,Avatar_Female_Size02_Remielle_Origin_Ani_Finish_Ex_AirState_Start,scalar-full-source,1
2132654338,CAB-066993d8a5ff8d0ccef4a25cb579569a,Avatar_Female_Size02_Remielle_Origin_Default_Ani_Finish_Ex_AirState_Start,scalar-full-source,1
2132654338,CAB-066993d8a5ff8d0ccef4a25cb579569a,acl-database-bulk,scalar-full-source,2
2132654338,CAB-066993d8a5ff8d0ccef4a25cb579569a,native-object,scalar-full-source,2
2132654338,CAB-066993d8a5ff8d0ccef4a25cb579569a,streaming-info,scalar-full-source,2
2132654338,CAB-15a4232294e11c716d031bbb083d7624,-4084114386154507887,highest-quality,1
2132654338,CAB-15a4232294e11c716d031bbb083d7624,-4541582683945369037,highest-quality,1
2132654338,CAB-15a4232294e11c716d031bbb083d7624,Avatar_Female_Size02_Remielle_Origin_Ani_Attack_ParryAid_Start,scalar-full-source,1
2132654338,CAB-15a4232294e11c716d031bbb083d7624,Avatar_Female_Size02_Remielle_Origin_Default_Ani_Attack_ParryAid_Start,scalar-full-source,1
2132654338,CAB-15a4232294e11c716d031bbb083d7624,acl-database-bulk,scalar-full-source,2
2132654338,CAB-15a4232294e11c716d031bbb083d7624,native-object,scalar-full-source,2
2132654338,CAB-15a4232294e11c716d031bbb083d7624,streaming-info,scalar-full-source,2
2132654338,CAB-2bb8c19b923ef6385b1ddfc59840a5d1,-386601933073037890,highest-quality,1
2132654338,CAB-2bb8c19b923ef6385b1ddfc59840a5d1,-6926137905584299039,highest-quality,1
2132654338,CAB-2bb8c19b923ef6385b1ddfc59840a5d1,Avatar_Female_Size02_Remielle_Origin_Ani_Move_B_AirBack_Loop,scalar-full-source,1
2132654338,CAB-2bb8c19b923ef6385b1ddfc59840a5d1,Avatar_Female_Size02_Remielle_Origin_Default_Ani_Move_B_AirBack_Loop,scalar-full-source,1
2132654338,CAB-2bb8c19b923ef6385b1ddfc59840a5d1,acl-database-bulk,scalar-full-source,2
2132654338,CAB-2bb8c19b923ef6385b1ddfc59840a5d1,native-object,scalar-full-source,2
2132654338,CAB-2bb8c19b923ef6385b1ddfc59840a5d1,streaming-info,scalar-full-source,2
2132654338,CAB-975769008ea745b3b1120bf4040819d9,-1685276881627157094,highest-quality,1
2132654338,CAB-975769008ea745b3b1120bf4040819d9,2506288528843049181,highest-quality,1
2132654338,CAB-975769008ea745b3b1120bf4040819d9,Avatar_Female_Size02_Remielle_Origin_Ani_Skill05_AirState_Back,scalar-full-source,1
2132654338,CAB-975769008ea745b3b1120bf4040819d9,Avatar_Female_Size02_Remielle_Origin_Default_Ani_Skill05_AirState_Back,scalar-full-source,1
2132654338,CAB-975769008ea745b3b1120bf4040819d9,acl-database-bulk,scalar-full-source,2
2132654338,CAB-975769008ea745b3b1120bf4040819d9,native-object,scalar-full-source,2
2132654338,CAB-975769008ea745b3b1120bf4040819d9,streaming-info,scalar-full-source,2
2132654338,CAB-9b4af7685cf267f83ff85a5ec3bf63fa,1178091772023656799,highest-quality,1
2132654338,CAB-9b4af7685cf267f83ff85a5ec3bf63fa,2601924044941141242,highest-quality,1
2132654338,CAB-9b4af7685cf267f83ff85a5ec3bf63fa,6947939037786921133,highest-quality,1
2132654338,CAB-9b4af7685cf267f83ff85a5ec3bf63fa,8389937142144858319,highest-quality,1
2132654338,CAB-9b4af7685cf267f83ff85a5ec3bf63fa,Avatar_Female_Size02_Remielle_Origin_Ani_Attack_Burst_Ex_Max02,scalar-full-source,1
2132654338,CAB-9b4af7685cf267f83ff85a5ec3bf63fa,Avatar_Female_Size02_Remielle_Origin_Ani_Attack_Burst_Ex_Max02_End,scalar-full-source,1
2132654338,CAB-9b4af7685cf267f83ff85a5ec3bf63fa,Avatar_Female_Size02_Remielle_Origin_Default_Ani_Attack_Burst_Ex_Max02,scalar-full-source,1
2132654338,CAB-9b4af7685cf267f83ff85a5ec3bf63fa,Avatar_Female_Size02_Remielle_Origin_Default_Ani_Attack_Burst_Ex_Max02_End,scalar-full-source,1
2132654338,CAB-9b4af7685cf267f83ff85a5ec3bf63fa,acl-database-bulk,scalar-full-source,4
2132654338,CAB-9b4af7685cf267f83ff85a5ec3bf63fa,native-object,scalar-full-source,4
2132654338,CAB-9b4af7685cf267f83ff85a5ec3bf63fa,streaming-info,scalar-full-source,4
2132654338,CAB-cbf6cc6406d5e1b3033b8596ae1c33cc,-1418419951338338821,highest-quality,1
2132654338,CAB-cbf6cc6406d5e1b3033b8596ae1c33cc,-4370769054611414791,highest-quality,1
2132654338,CAB-cbf6cc6406d5e1b3033b8596ae1c33cc,Avatar_Female_Size02_Remielle_Origin_Ani_Attack_ChangeState_02,scalar-full-source,1
2132654338,CAB-cbf6cc6406d5e1b3033b8596ae1c33cc,Avatar_Female_Size02_Remielle_Origin_Default_Ani_Attack_ChangeState_02,scalar-full-source,1
2132654338,CAB-cbf6cc6406d5e1b3033b8596ae1c33cc,acl-database-bulk,scalar-full-source,2
2132654338,CAB-cbf6cc6406d5e1b3033b8596ae1c33cc,native-object,scalar-full-source,2
2132654338,CAB-cbf6cc6406d5e1b3033b8596ae1c33cc,streaming-info,scalar-full-source,2
2132654338,CAB-cca7ec1a1760f2a8d6df50fccf3e7be7,-2362288373351358621,highest-quality,1
2132654338,CAB-cca7ec1a1760f2a8d6df50fccf3e7be7,-7674882666090462320,highest-quality,1
2132654338,CAB-cca7ec1a1760f2a8d6df50fccf3e7be7,Avatar_Female_Size02_Remielle_Origin_Ani_Walk_Start_End,scalar-full-source,1
2132654338,CAB-cca7ec1a1760f2a8d6df50fccf3e7be7,Avatar_Female_Size02_Remielle_Origin_Default_Ani_Walk_Start_End,scalar-full-source,1
2132654338,CAB-cca7ec1a1760f2a8d6df50fccf3e7be7,acl-database-bulk,scalar-full-source,2
2132654338,CAB-cca7ec1a1760f2a8d6df50fccf3e7be7,native-object,scalar-full-source,2
2132654338,CAB-cca7ec1a1760f2a8d6df50fccf3e7be7,streaming-info,scalar-full-source,2
2132654338,CAB-d79218643cf93cba63ee791475ee3abf,-8643495931116851949,highest-quality,1
2132654338,CAB-d79218643cf93cba63ee791475ee3abf,3607275373443599767,highest-quality,1
2132654338,CAB-d79218643cf93cba63ee791475ee3abf,Avatar_Female_Size02_Remielle_Origin_Ani_HitFly_Back,scalar-full-source,1
2132654338,CAB-d79218643cf93cba63ee791475ee3abf,Avatar_Female_Size02_Remielle_Origin_Default_Ani_HitFly_Back,scalar-full-source,1
2132654338,CAB-d79218643cf93cba63ee791475ee3abf,acl-database-bulk,scalar-full-source,2
2132654338,CAB-d79218643cf93cba63ee791475ee3abf,native-object,scalar-full-source,2
2132654338,CAB-d79218643cf93cba63ee791475ee3abf,streaming-info,scalar-full-source,2
2183785604,CAB-0081e50605a79e2da9734d5e61074554,5753086557135762467,highest-quality,1
2183785604,CAB-0081e50605a79e2da9734d5e61074554,Avatar_Female_Size02_Remielle_PasSeul_Ani_Gal_Sad_End,scalar-full-source,1
2183785604,CAB-0081e50605a79e2da9734d5e61074554,acl-database-bulk,scalar-full-source,1
2183785604,CAB-0081e50605a79e2da9734d5e61074554,native-object,scalar-full-source,1
2183785604,CAB-0081e50605a79e2da9734d5e61074554,streaming-info,scalar-full-source,1
2183785604,CAB-00f44328cb87e7c8bced4391b7b79872,-6220004692115046641,highest-quality,1
2183785604,CAB-00f44328cb87e7c8bced4391b7b79872,Avatar_Female_Size02_Remielle_PasSeul_Ani_Gal_Special_Loop,scalar-full-source,1
2183785604,CAB-00f44328cb87e7c8bced4391b7b79872,acl-database-bulk,scalar-full-source,1
2183785604,CAB-00f44328cb87e7c8bced4391b7b79872,native-object,scalar-full-source,1
2183785604,CAB-00f44328cb87e7c8bced4391b7b79872,streaming-info,scalar-full-source,1
2183785604,CAB-0a06d3cee101691cb19f3178cbeaa657,5496730314928920704,highest-quality,1
2183785604,CAB-0a06d3cee101691cb19f3178cbeaa657,Avatar_Female_Size02_Remielle_PasSeul_Ani_UI_Skill_02,scalar-full-source,1
2183785604,CAB-0a06d3cee101691cb19f3178cbeaa657,acl-database-bulk,scalar-full-source,1
2183785604,CAB-0a06d3cee101691cb19f3178cbeaa657,native-object,scalar-full-source,1
2183785604,CAB-0a06d3cee101691cb19f3178cbeaa657,streaming-info,scalar-full-source,1
2183785604,CAB-0b5dc51a094df03cf39a5e3f2451de2c,-259409272885186121,highest-quality,1
2183785604,CAB-0b5dc51a094df03cf39a5e3f2451de2c,Avatar_Female_Size02_Remielle_PasSeul_Ani_MC_Beach_Walk_End_L,scalar-full-source,1
2183785604,CAB-0b5dc51a094df03cf39a5e3f2451de2c,acl-database-bulk,scalar-full-source,1
2183785604,CAB-0b5dc51a094df03cf39a5e3f2451de2c,native-object,scalar-full-source,1
2183785604,CAB-0b5dc51a094df03cf39a5e3f2451de2c,streaming-info,scalar-full-source,1
2183785604,CAB-1b8aa5b857fc1c823d01e5e2f481b33f,6241273812928348439,highest-quality,1
2183785604,CAB-1b8aa5b857fc1c823d01e5e2f481b33f,Avatar_Female_Size02_Remielle_PasSeul_Ani_Gal_Special_Start,scalar-full-source,1
2183785604,CAB-1b8aa5b857fc1c823d01e5e2f481b33f,acl-database-bulk,scalar-full-source,1
2183785604,CAB-1b8aa5b857fc1c823d01e5e2f481b33f,native-object,scalar-full-source,1
2183785604,CAB-1b8aa5b857fc1c823d01e5e2f481b33f,streaming-info,scalar-full-source,1
2183785604,CAB-1bf1c7e6dafde66281b6d4c494f6e6ce,-8341292177973709198,highest-quality,1
2183785604,CAB-1bf1c7e6dafde66281b6d4c494f6e6ce,Avatar_Female_Size02_Remielle_PasSeul_Ani_Gal_Think_Start,scalar-full-source,1
2183785604,CAB-1bf1c7e6dafde66281b6d4c494f6e6ce,acl-database-bulk,scalar-full-source,1
2183785604,CAB-1bf1c7e6dafde66281b6d4c494f6e6ce,native-object,scalar-full-source,1
2183785604,CAB-1bf1c7e6dafde66281b6d4c494f6e6ce,streaming-info,scalar-full-source,1
2183785604,CAB-26d5a02903184363cbcc41eb74ba5853,6057668080471592257,highest-quality,1
2183785604,CAB-26d5a02903184363cbcc41eb74ba5853,Avatar_Female_Size02_Remielle_Ramiel_Ani_Hit_L_Back,scalar-full-source,1
2183785604,CAB-26d5a02903184363cbcc41eb74ba5853,acl-database-bulk,scalar-full-source,1
2183785604,CAB-26d5a02903184363cbcc41eb74ba5853,native-object,scalar-full-source,1
2183785604,CAB-26d5a02903184363cbcc41eb74ba5853,streaming-info,scalar-full-source,1
2183785604,CAB-2dca7d9ca85098d09e896d1de322c718,-7598932651543768829,highest-quality,1
2183785604,CAB-2dca7d9ca85098d09e896d1de322c718,Avatar_Female_Size02_Remielle_PasSeul_Ani_Gal_Surprise_Start,scalar-full-source,1
2183785604,CAB-2dca7d9ca85098d09e896d1de322c718,acl-database-bulk,scalar-full-source,1
2183785604,CAB-2dca7d9ca85098d09e896d1de322c718,native-object,scalar-full-source,1
2183785604,CAB-2dca7d9ca85098d09e896d1de322c718,streaming-info,scalar-full-source,1
2183785604,CAB-2e943818f2dc143bc056a2dd73705886,5072287211732483410,highest-quality,1
2183785604,CAB-2e943818f2dc143bc056a2dd73705886,Avatar_Female_Size02_Remielle_PasSeul_Ani_UI_MainPage_01,scalar-full-source,1
2183785604,CAB-2e943818f2dc143bc056a2dd73705886,acl-database-bulk,scalar-full-source,1
2183785604,CAB-2e943818f2dc143bc056a2dd73705886,native-object,scalar-full-source,1
2183785604,CAB-2e943818f2dc143bc056a2dd73705886,streaming-info,scalar-full-source,1
2183785604,CAB-358a540d75c0fbe22f8c48cfab7bb7a5,5515688759472793411,highest-quality,1
2183785604,CAB-358a540d75c0fbe22f8c48cfab7bb7a5,Avatar_Female_Size02_Remielle_PasSeul_Ani_Gal_Happy_Loop,scalar-full-source,1
2183785604,CAB-358a540d75c0fbe22f8c48cfab7bb7a5,acl-database-bulk,scalar-full-source,1
2183785604,CAB-358a540d75c0fbe22f8c48cfab7bb7a5,native-object,scalar-full-source,1
2183785604,CAB-358a540d75c0fbe22f8c48cfab7bb7a5,streaming-info,scalar-full-source,1
2183785604,CAB-3f471b94cd34d28989267cc95e6f5153,5409304696682500092,highest-quality,1
2183785604,CAB-3f471b94cd34d28989267cc95e6f5153,Avatar_Female_Size02_Remielle_PasSeul_Ani_Gal_Angry_Loop,scalar-full-source,1
2183785604,CAB-3f471b94cd34d28989267cc95e6f5153,acl-database-bulk,scalar-full-source,1
2183785604,CAB-3f471b94cd34d28989267cc95e6f5153,native-object,scalar-full-source,1
2183785604,CAB-3f471b94cd34d28989267cc95e6f5153,streaming-info,scalar-full-source,1
2183785604,CAB-3f494418752d2a601ad9bcd0655dd693,-2752172452494131541,highest-quality,1
2183785604,CAB-3f494418752d2a601ad9bcd0655dd693,Avatar_Female_Size02_Remielle_PasSeul_Ani_UI_EtoS2,scalar-full-source,1
2183785604,CAB-3f494418752d2a601ad9bcd0655dd693,acl-database-bulk,scalar-full-source,1
2183785604,CAB-3f494418752d2a601ad9bcd0655dd693,native-object,scalar-full-source,1
2183785604,CAB-3f494418752d2a601ad9bcd0655dd693,streaming-info,scalar-full-source,1
2183785604,CAB-43d84f052cdab39a53dc47804a840fbb,7669795211835659818,highest-quality,1
2183785604,CAB-43d84f052cdab39a53dc47804a840fbb,Avatar_Female_Size02_Remielle_PasSeul_Ani_UI_EtoD,scalar-full-source,1
2183785604,CAB-43d84f052cdab39a53dc47804a840fbb,acl-database-bulk,scalar-full-source,1
2183785604,CAB-43d84f052cdab39a53dc47804a840fbb,native-object,scalar-full-source,1
2183785604,CAB-43d84f052cdab39a53dc47804a840fbb,streaming-info,scalar-full-source,1
2183785604,CAB-595d9d336fae704854ddf934daa1524f,6112627569387406495,highest-quality,1
2183785604,CAB-595d9d336fae704854ddf934daa1524f,Avatar_Female_Size02_Remielle_PasSeul_Ani_UI_Skill_01,scalar-full-source,1
2183785604,CAB-595d9d336fae704854ddf934daa1524f,acl-database-bulk,scalar-full-source,1
2183785604,CAB-595d9d336fae704854ddf934daa1524f,native-object,scalar-full-source,1
2183785604,CAB-595d9d336fae704854ddf934daa1524f,streaming-info,scalar-full-source,1
2183785604,CAB-5bdef30a9e6217f576a41c6f379eaa9f,-5819553117001485341,highest-quality,1
2183785604,CAB-5bdef30a9e6217f576a41c6f379eaa9f,Avatar_Female_Size02_Remielle_PasSeul_Ani_UI_S2toE,scalar-full-source,1
2183785604,CAB-5bdef30a9e6217f576a41c6f379eaa9f,acl-database-bulk,scalar-full-source,1
2183785604,CAB-5bdef30a9e6217f576a41c6f379eaa9f,native-object,scalar-full-source,1
2183785604,CAB-5bdef30a9e6217f576a41c6f379eaa9f,streaming-info,scalar-full-source,1
2183785604,CAB-6ce8f865ec68024843efa2e344a08a69,-2893357577079155099,highest-quality,1
2183785604,CAB-6ce8f865ec68024843efa2e344a08a69,Avatar_Female_Size02_Remielle_PasSeul_Ani_Gal_Think_Loop,scalar-full-source,1
2183785604,CAB-6ce8f865ec68024843efa2e344a08a69,acl-database-bulk,scalar-full-source,1
2183785604,CAB-6ce8f865ec68024843efa2e344a08a69,native-object,scalar-full-source,1
2183785604,CAB-6ce8f865ec68024843efa2e344a08a69,streaming-info,scalar-full-source,1
2183785604,CAB-6d0fbce54e4dc57ca69f5b2cc5f95e99,3984165087841632480,highest-quality,1
2183785604,CAB-6d0fbce54e4dc57ca69f5b2cc5f95e99,Avatar_Female_Size02_Remielle_PasSeul_Ani_UI_CharSel_Start,scalar-full-source,1
2183785604,CAB-6d0fbce54e4dc57ca69f5b2cc5f95e99,acl-database-bulk,scalar-full-source,1
2183785604,CAB-6d0fbce54e4dc57ca69f5b2cc5f95e99,native-object,scalar-full-source,1
2183785604,CAB-6d0fbce54e4dc57ca69f5b2cc5f95e99,streaming-info,scalar-full-source,1
2183785604,CAB-72f8c7f9827fcfe0173693c8bdb902a7,-457393528185390061,highest-quality,1
2183785604,CAB-72f8c7f9827fcfe0173693c8bdb902a7,Avatar_Female_Size02_Remielle_PasSeul_Ani_UI_DtoS1,scalar-full-source,1
2183785604,CAB-72f8c7f9827fcfe0173693c8bdb902a7,acl-database-bulk,scalar-full-source,1
2183785604,CAB-72f8c7f9827fcfe0173693c8bdb902a7,native-object,scalar-full-source,1
2183785604,CAB-72f8c7f9827fcfe0173693c8bdb902a7,streaming-info,scalar-full-source,1
2183785604,CAB-77c00d7f0c032a453bd3e434ab289511,39029034316122007,highest-quality,1
2183785604,CAB-77c00d7f0c032a453bd3e434ab289511,Avatar_Female_Size02_Remielle_PasSeul_Ani_Gal_Angry_End,scalar-full-source,1
2183785604,CAB-77c00d7f0c032a453bd3e434ab289511,acl-database-bulk,scalar-full-source,1
2183785604,CAB-77c00d7f0c032a453bd3e434ab289511,native-object,scalar-full-source,1
2183785604,CAB-77c00d7f0c032a453bd3e434ab289511,streaming-info,scalar-full-source,1
2183785604,CAB-7e1ca352d334bdb66920d5507c2271b0,2427008954198029178,highest-quality,1
2183785604,CAB-7e1ca352d334bdb66920d5507c2271b0,Avatar_Female_Size02_Remielle_PasSeul_Ani_Gal_Surprise_End,scalar-full-source,1
2183785604,CAB-7e1ca352d334bdb66920d5507c2271b0,acl-database-bulk,scalar-full-source,1
2183785604,CAB-7e1ca352d334bdb66920d5507c2271b0,native-object,scalar-full-source,1
2183785604,CAB-7e1ca352d334bdb66920d5507c2271b0,streaming-info,scalar-full-source,1
2183785604,CAB-7f1b7b904692de4525488c7d02f4aa4a,7482761893202181617,highest-quality,1
2183785604,CAB-7f1b7b904692de4525488c7d02f4aa4a,Avatar_Female_Size02_Remielle_PasSeul_Ani_Gal_Idle,scalar-full-source,1
2183785604,CAB-7f1b7b904692de4525488c7d02f4aa4a,acl-database-bulk,scalar-full-source,1
2183785604,CAB-7f1b7b904692de4525488c7d02f4aa4a,native-object,scalar-full-source,1
2183785604,CAB-7f1b7b904692de4525488c7d02f4aa4a,streaming-info,scalar-full-source,1
2183785604,CAB-8146c8dd5a4a7d5f8cdb69ed9a1135cc,-5193148883567859068,highest-quality,1
2183785604,CAB-8146c8dd5a4a7d5f8cdb69ed9a1135cc,Avatar_Female_Size02_Remielle_PasSeul_Ani_UI_DtoE,scalar-full-source,1
2183785604,CAB-8146c8dd5a4a7d5f8cdb69ed9a1135cc,acl-database-bulk,scalar-full-source,1
2183785604,CAB-8146c8dd5a4a7d5f8cdb69ed9a1135cc,native-object,scalar-full-source,1
2183785604,CAB-8146c8dd5a4a7d5f8cdb69ed9a1135cc,streaming-info,scalar-full-source,1
2183785604,CAB-92ab1ae1ca44a05905734c0daa6fea22,-684304616127437470,highest-quality,1
2183785604,CAB-92ab1ae1ca44a05905734c0daa6fea22,Avatar_Female_Size02_Remielle_PasSeul_Ani_UI_Detail,scalar-full-source,1
2183785604,CAB-92ab1ae1ca44a05905734c0daa6fea22,acl-database-bulk,scalar-full-source,1
2183785604,CAB-92ab1ae1ca44a05905734c0daa6fea22,native-object,scalar-full-source,1
2183785604,CAB-92ab1ae1ca44a05905734c0daa6fea22,streaming-info,scalar-full-source,1
2183785604,CAB-99813c44a68531f239e4a21a8713528b,-8128278303651048468,highest-quality,1
2183785604,CAB-99813c44a68531f239e4a21a8713528b,Avatar_Female_Size02_Remielle_PasSeul_Ani_Gal_Sad_Loop,scalar-full-source,1
2183785604,CAB-99813c44a68531f239e4a21a8713528b,acl-database-bulk,scalar-full-source,1
2183785604,CAB-99813c44a68531f239e4a21a8713528b,native-object,scalar-full-source,1
2183785604,CAB-99813c44a68531f239e4a21a8713528b,streaming-info,scalar-full-source,1
2183785604,CAB-a8a7115ce6b2b71f2d378c7009a9ecd8,717107884146638124,highest-quality,1
2183785604,CAB-a8a7115ce6b2b71f2d378c7009a9ecd8,Avatar_Female_Size02_Remielle_PasSeul_Ani_Gal_Happy_Start,scalar-full-source,1
2183785604,CAB-a8a7115ce6b2b71f2d378c7009a9ecd8,acl-database-bulk,scalar-full-source,1
2183785604,CAB-a8a7115ce6b2b71f2d378c7009a9ecd8,native-object,scalar-full-source,1
2183785604,CAB-a8a7115ce6b2b71f2d378c7009a9ecd8,streaming-info,scalar-full-source,1
2183785604,CAB-b5243a409964c7da8c5cd9d4085df5a0,6747279293376576527,highest-quality,1
2183785604,CAB-b5243a409964c7da8c5cd9d4085df5a0,Avatar_Female_Size02_Remielle_PasSeul_Ani_Gal_Shy_End,scalar-full-source,1
2183785604,CAB-b5243a409964c7da8c5cd9d4085df5a0,acl-database-bulk,scalar-full-source,1
2183785604,CAB-b5243a409964c7da8c5cd9d4085df5a0,native-object,scalar-full-source,1
2183785604,CAB-b5243a409964c7da8c5cd9d4085df5a0,streaming-info,scalar-full-source,1
2183785604,CAB-b81a3c105ad76542d1fed3d7b0090d88,-4572345262567029485,highest-quality,1
2183785604,CAB-b81a3c105ad76542d1fed3d7b0090d88,Avatar_Female_Size02_Remielle_PasSeul_Ani_Gal_Special_End,scalar-full-source,1
2183785604,CAB-b81a3c105ad76542d1fed3d7b0090d88,acl-database-bulk,scalar-full-source,1
2183785604,CAB-b81a3c105ad76542d1fed3d7b0090d88,native-object,scalar-full-source,1
2183785604,CAB-b81a3c105ad76542d1fed3d7b0090d88,streaming-info,scalar-full-source,1
2183785604,CAB-c28086548a5f518af0c4280fe1374c07,-7194581708403485996,highest-quality,1
2183785604,CAB-c28086548a5f518af0c4280fe1374c07,Avatar_Female_Size02_Remielle_PasSeul_Ani_Gal_Shy_Loop,scalar-full-source,1
2183785604,CAB-c28086548a5f518af0c4280fe1374c07,acl-database-bulk,scalar-full-source,1
2183785604,CAB-c28086548a5f518af0c4280fe1374c07,native-object,scalar-full-source,1
2183785604,CAB-c28086548a5f518af0c4280fe1374c07,streaming-info,scalar-full-source,1
2183785604,CAB-c3b92ac7b9cd05bd4c225912ca8073d4,-6375596261657386419,highest-quality,1
2183785604,CAB-c3b92ac7b9cd05bd4c225912ca8073d4,Avatar_Female_Size02_Remielle_PasSeul_Ani_UI_S2toD,scalar-full-source,1
2183785604,CAB-c3b92ac7b9cd05bd4c225912ca8073d4,acl-database-bulk,scalar-full-source,1
2183785604,CAB-c3b92ac7b9cd05bd4c225912ca8073d4,native-object,scalar-full-source,1
2183785604,CAB-c3b92ac7b9cd05bd4c225912ca8073d4,streaming-info,scalar-full-source,1
2183785604,CAB-c8218c5371a35df56bd6977dac6ed3d5,4698564209988532943,highest-quality,1
2183785604,CAB-c8218c5371a35df56bd6977dac6ed3d5,Avatar_Female_Size02_Remielle_PasSeul_Ani_UI_Equipment,scalar-full-source,1
2183785604,CAB-c8218c5371a35df56bd6977dac6ed3d5,acl-database-bulk,scalar-full-source,1
2183785604,CAB-c8218c5371a35df56bd6977dac6ed3d5,native-object,scalar-full-source,1
2183785604,CAB-c8218c5371a35df56bd6977dac6ed3d5,streaming-info,scalar-full-source,1
2183785604,CAB-cca7f537795f6ce0fd324a8527293a3c,-7658537311699284674,highest-quality,1
2183785604,CAB-cca7f537795f6ce0fd324a8527293a3c,Avatar_Female_Size02_Remielle_PasSeul_Ani_Gal_Happy_End,scalar-full-source,1
2183785604,CAB-cca7f537795f6ce0fd324a8527293a3c,acl-database-bulk,scalar-full-source,1
2183785604,CAB-cca7f537795f6ce0fd324a8527293a3c,native-object,scalar-full-source,1
2183785604,CAB-cca7f537795f6ce0fd324a8527293a3c,streaming-info,scalar-full-source,1
2183785604,CAB-d964c5e1b71191ffd332c5d653f5a133,9004474526922390168,highest-quality,1
2183785604,CAB-d964c5e1b71191ffd332c5d653f5a133,Avatar_Female_Size02_Remielle_PasSeul_Ani_Gal_Angry_Start,scalar-full-source,1
2183785604,CAB-d964c5e1b71191ffd332c5d653f5a133,acl-database-bulk,scalar-full-source,1
2183785604,CAB-d964c5e1b71191ffd332c5d653f5a133,native-object,scalar-full-source,1
2183785604,CAB-d964c5e1b71191ffd332c5d653f5a133,streaming-info,scalar-full-source,1
2183785604,CAB-db38d303b997e6d0989d5379d843a13d,7842900288419341445,highest-quality,1
2183785604,CAB-db38d303b997e6d0989d5379d843a13d,Avatar_Female_Size02_Remielle_PasSeul_Ani_Gal_Shy_Start,scalar-full-source,1
2183785604,CAB-db38d303b997e6d0989d5379d843a13d,acl-database-bulk,scalar-full-source,1
2183785604,CAB-db38d303b997e6d0989d5379d843a13d,native-object,scalar-full-source,1
2183785604,CAB-db38d303b997e6d0989d5379d843a13d,streaming-info,scalar-full-source,1
2183785604,CAB-e205a31d6d691b9a5d8cf43084c05be3,-857057485727856337,highest-quality,1
2183785604,CAB-e205a31d6d691b9a5d8cf43084c05be3,Avatar_Female_Size02_Remielle_PasSeul_Ani_UI_S1toE,scalar-full-source,1
2183785604,CAB-e205a31d6d691b9a5d8cf43084c05be3,acl-database-bulk,scalar-full-source,1
2183785604,CAB-e205a31d6d691b9a5d8cf43084c05be3,native-object,scalar-full-source,1
2183785604,CAB-e205a31d6d691b9a5d8cf43084c05be3,streaming-info,scalar-full-source,1
2183785604,CAB-e6661bbfdd84567668a24aad186f2f95,1234831158966106872,highest-quality,1
2183785604,CAB-e6661bbfdd84567668a24aad186f2f95,Avatar_Female_Size02_Remielle_PasSeul_Ani_Gal_Surprise_Loop,scalar-full-source,1
2183785604,CAB-e6661bbfdd84567668a24aad186f2f95,acl-database-bulk,scalar-full-source,1
2183785604,CAB-e6661bbfdd84567668a24aad186f2f95,native-object,scalar-full-source,1
2183785604,CAB-e6661bbfdd84567668a24aad186f2f95,streaming-info,scalar-full-source,1
2183785604,CAB-e6ebe6ef09135bf09a57ce5acbc8c331,2394242469252247205,highest-quality,1
2183785604,CAB-e6ebe6ef09135bf09a57ce5acbc8c331,Avatar_Female_Size02_Remielle_PasSeul_Ani_UI_S1toD,scalar-full-source,1
2183785604,CAB-e6ebe6ef09135bf09a57ce5acbc8c331,acl-database-bulk,scalar-full-source,1
2183785604,CAB-e6ebe6ef09135bf09a57ce5acbc8c331,native-object,scalar-full-source,1
2183785604,CAB-e6ebe6ef09135bf09a57ce5acbc8c331,streaming-info,scalar-full-source,1
2183785604,CAB-e868f0703965c93957c510d43da868e1,6774797326677123329,highest-quality,1
2183785604,CAB-e868f0703965c93957c510d43da868e1,Avatar_Female_Size02_Remielle_PasSeul_Ani_Gal_Sad_Start,scalar-full-source,1
2183785604,CAB-e868f0703965c93957c510d43da868e1,acl-database-bulk,scalar-full-source,1
2183785604,CAB-e868f0703965c93957c510d43da868e1,native-object,scalar-full-source,1
2183785604,CAB-e868f0703965c93957c510d43da868e1,streaming-info,scalar-full-source,1
2183785604,CAB-faa24614903bcfc08a87fa83e909652f,6894555916552605433,highest-quality,1
2183785604,CAB-faa24614903bcfc08a87fa83e909652f,Avatar_Female_Size02_Remielle_PasSeul_Ani_UI_CharSel_Loop,scalar-full-source,1
2183785604,CAB-faa24614903bcfc08a87fa83e909652f,acl-database-bulk,scalar-full-source,1
2183785604,CAB-faa24614903bcfc08a87fa83e909652f,native-object,scalar-full-source,1
2183785604,CAB-faa24614903bcfc08a87fa83e909652f,streaming-info,scalar-full-source,1
2183785604,CAB-ff06538f2cf37b3828c67f756843f5b6,-1511587253743835861,highest-quality,1
2183785604,CAB-ff06538f2cf37b3828c67f756843f5b6,Avatar_Female_Size02_Remielle_PasSeul_Ani_Gal_Think_End,scalar-full-source,1
2183785604,CAB-ff06538f2cf37b3828c67f756843f5b6,acl-database-bulk,scalar-full-source,1
2183785604,CAB-ff06538f2cf37b3828c67f756843f5b6,native-object,scalar-full-source,1
2183785604,CAB-ff06538f2cf37b3828c67f756843f5b6,streaming-info,scalar-full-source,1
2195884044,CAB-1901aad6f689eed7044c69b77ff05e73,2272509558430219576,highest-quality,1
2195884044,CAB-1901aad6f689eed7044c69b77ff05e73,2707735251575366205,highest-quality,1
2195884044,CAB-1901aad6f689eed7044c69b77ff05e73,Avatar_Female_Size02_Remielle_Origin_Ani_Hit_L_Back,scalar-full-source,1
2195884044,CAB-1901aad6f689eed7044c69b77ff05e73,Avatar_Female_Size02_Remielle_Origin_Default_Ani_Hit_L_Back,scalar-full-source,1
2195884044,CAB-1901aad6f689eed7044c69b77ff05e73,acl-database-bulk,scalar-full-source,2
2195884044,CAB-1901aad6f689eed7044c69b77ff05e73,native-object,scalar-full-source,2
2195884044,CAB-1901aad6f689eed7044c69b77ff05e73,streaming-info,scalar-full-source,2
2195884044,CAB-229aeeb264be1fa68db9456ba381a48a,-7143672486435236734,highest-quality,1
2195884044,CAB-229aeeb264be1fa68db9456ba381a48a,1453475456654051085,highest-quality,1
2195884044,CAB-229aeeb264be1fa68db9456ba381a48a,2844175604424413368,highest-quality,1
2195884044,CAB-229aeeb264be1fa68db9456ba381a48a,8233339942382250937,highest-quality,1
2195884044,CAB-229aeeb264be1fa68db9456ba381a48a,Avatar_Female_Size02_Remielle_Origin_Ani_Attack_Burst_Ex_01,scalar-full-source,1
2195884044,CAB-229aeeb264be1fa68db9456ba381a48a,Avatar_Female_Size02_Remielle_Origin_Ani_Attack_Burst_Ex_01_End,scalar-full-source,1
2195884044,CAB-229aeeb264be1fa68db9456ba381a48a,Avatar_Female_Size02_Remielle_Origin_Default_Ani_Attack_Burst_Ex_01,scalar-full-source,1
2195884044,CAB-229aeeb264be1fa68db9456ba381a48a,Avatar_Female_Size02_Remielle_Origin_Default_Ani_Attack_Burst_Ex_01_End,scalar-full-source,1
2195884044,CAB-229aeeb264be1fa68db9456ba381a48a,acl-database-bulk,scalar-full-source,4
2195884044,CAB-229aeeb264be1fa68db9456ba381a48a,native-object,scalar-full-source,4
2195884044,CAB-229aeeb264be1fa68db9456ba381a48a,streaming-info,scalar-full-source,4
2195884044,CAB-4779813d2e0f93afdf2d3edbe23f0e12,-3502826584301887854,highest-quality,1
2195884044,CAB-4779813d2e0f93afdf2d3edbe23f0e12,-7583903113054318161,highest-quality,1
2195884044,CAB-4779813d2e0f93afdf2d3edbe23f0e12,-785317319300128836,highest-quality,1
2195884044,CAB-4779813d2e0f93afdf2d3edbe23f0e12,5614472396936221991,highest-quality,1
2195884044,CAB-4779813d2e0f93afdf2d3edbe23f0e12,Avatar_Female_Size02_Remielle_Origin_Ani_SwitchIn_Attack_Ex_Extra,scalar-full-source,1
2195884044,CAB-4779813d2e0f93afdf2d3edbe23f0e12,Avatar_Female_Size02_Remielle_Origin_Ani_SwitchIn_Attack_Ex_Extra_End,scalar-full-source,1
2195884044,CAB-4779813d2e0f93afdf2d3edbe23f0e12,Avatar_Female_Size02_Remielle_Origin_Default_Ani_SwitchIn_Attack_Ex_Extra,scalar-full-source,1
2195884044,CAB-4779813d2e0f93afdf2d3edbe23f0e12,Avatar_Female_Size02_Remielle_Origin_Default_Ani_SwitchIn_Attack_Ex_Extra_End,scalar-full-source,1
2195884044,CAB-4779813d2e0f93afdf2d3edbe23f0e12,acl-database-bulk,scalar-full-source,4
2195884044,CAB-4779813d2e0f93afdf2d3edbe23f0e12,native-object,scalar-full-source,4
2195884044,CAB-4779813d2e0f93afdf2d3edbe23f0e12,streaming-info,scalar-full-source,4
2195884044,CAB-5402ecb553c4ec8da345cdc0bc13adb1,7592755774221897175,highest-quality,1
2195884044,CAB-5402ecb553c4ec8da345cdc0bc13adb1,8725240327005835744,highest-quality,1
2195884044,CAB-5402ecb553c4ec8da345cdc0bc13adb1,Avatar_Female_Size02_Remielle_Origin_Ani_Move_L_AirBack_Loop,scalar-full-source,1
2195884044,CAB-5402ecb553c4ec8da345cdc0bc13adb1,Avatar_Female_Size02_Remielle_Origin_Default_Ani_Move_L_AirBack_Loop,scalar-full-source,1
2195884044,CAB-5402ecb553c4ec8da345cdc0bc13adb1,acl-database-bulk,scalar-full-source,2
2195884044,CAB-5402ecb553c4ec8da345cdc0bc13adb1,native-object,scalar-full-source,2
2195884044,CAB-5402ecb553c4ec8da345cdc0bc13adb1,streaming-info,scalar-full-source,2
2195884044,CAB-56cdc34c66d3452fe297032ff33b5d11,6770195970666286289,highest-quality,1
2195884044,CAB-56cdc34c66d3452fe297032ff33b5d11,7921310500411983711,highest-quality,1
2195884044,CAB-56cdc34c66d3452fe297032ff33b5d11,Avatar_Female_Size02_Remielle_Origin_Ani_Idle_AirState_Back_Loop,scalar-full-source,1
2195884044,CAB-56cdc34c66d3452fe297032ff33b5d11,Avatar_Female_Size02_Remielle_Origin_Default_Ani_Idle_AirState_Back_Loop,scalar-full-source,1
2195884044,CAB-56cdc34c66d3452fe297032ff33b5d11,acl-database-bulk,scalar-full-source,2
2195884044,CAB-56cdc34c66d3452fe297032ff33b5d11,native-object,scalar-full-source,2
2195884044,CAB-56cdc34c66d3452fe297032ff33b5d11,streaming-info,scalar-full-source,2
2195884044,CAB-aaef6b4fb34ad0132dcd1e5b3b885498,-5934462831740013695,highest-quality,1
2195884044,CAB-aaef6b4fb34ad0132dcd1e5b3b885498,5717691482782989239,highest-quality,1
2195884044,CAB-aaef6b4fb34ad0132dcd1e5b3b885498,Avatar_Female_Size02_Remielle_Origin_Ani_Skill01_AirState_Front,scalar-full-source,1
2195884044,CAB-aaef6b4fb34ad0132dcd1e5b3b885498,Avatar_Female_Size02_Remielle_Origin_Default_Ani_Skill01_AirState_Front,scalar-full-source,1
2195884044,CAB-aaef6b4fb34ad0132dcd1e5b3b885498,acl-database-bulk,scalar-full-source,2
2195884044,CAB-aaef6b4fb34ad0132dcd1e5b3b885498,native-object,scalar-full-source,2
2195884044,CAB-aaef6b4fb34ad0132dcd1e5b3b885498,streaming-info,scalar-full-source,2
2195884044,CAB-ac4906c6be59115fa632323c1195d7ec,-8569119342779080402,highest-quality,1
2195884044,CAB-ac4906c6be59115fa632323c1195d7ec,2831988533405923158,highest-quality,1
2195884044,CAB-ac4906c6be59115fa632323c1195d7ec,Avatar_Female_Size02_Remielle_Origin_Ani_Skill03_AirState_Front,scalar-full-source,1
2195884044,CAB-ac4906c6be59115fa632323c1195d7ec,Avatar_Female_Size02_Remielle_Origin_Default_Ani_Skill03_AirState_Front,scalar-full-source,1
2195884044,CAB-ac4906c6be59115fa632323c1195d7ec,acl-database-bulk,scalar-full-source,2
2195884044,CAB-ac4906c6be59115fa632323c1195d7ec,native-object,scalar-full-source,2
2195884044,CAB-ac4906c6be59115fa632323c1195d7ec,streaming-info,scalar-full-source,2
2195884044,CAB-c6ee2dec9eabf10ad92f7ab9a0e8aeca,-2561531122510358238,highest-quality,1
2195884044,CAB-c6ee2dec9eabf10ad92f7ab9a0e8aeca,8206013166952976172,highest-quality,1
2195884044,CAB-c6ee2dec9eabf10ad92f7ab9a0e8aeca,Avatar_Female_Size02_Remielle_Origin_Ani_Walk_to_Run_01,scalar-full-source,1
2195884044,CAB-c6ee2dec9eabf10ad92f7ab9a0e8aeca,Avatar_Female_Size02_Remielle_Origin_Default_Ani_Walk_to_Run_01,scalar-full-source,1
2195884044,CAB-c6ee2dec9eabf10ad92f7ab9a0e8aeca,acl-database-bulk,scalar-full-source,2
2195884044,CAB-c6ee2dec9eabf10ad92f7ab9a0e8aeca,native-object,scalar-full-source,2
2195884044,CAB-c6ee2dec9eabf10ad92f7ab9a0e8aeca,streaming-info,scalar-full-source,2
2195884044,CAB-fabacafb7ce5f06e406cf83e2501a46b,-1678135712426977003,highest-quality,1
2195884044,CAB-fabacafb7ce5f06e406cf83e2501a46b,-7902933829247098720,highest-quality,1
2195884044,CAB-fabacafb7ce5f06e406cf83e2501a46b,Avatar_Female_Size02_Remielle_Origin_Ani_Walk_Start,scalar-full-source,1
2195884044,CAB-fabacafb7ce5f06e406cf83e2501a46b,Avatar_Female_Size02_Remielle_Origin_Default_Ani_Walk_Start,scalar-full-source,1
2195884044,CAB-fabacafb7ce5f06e406cf83e2501a46b,acl-database-bulk,scalar-full-source,2
2195884044,CAB-fabacafb7ce5f06e406cf83e2501a46b,native-object,scalar-full-source,2
2195884044,CAB-fabacafb7ce5f06e406cf83e2501a46b,streaming-info,scalar-full-source,2
223229245,CAB-0a3e93111c2eb0bf9f21676ee06ff792,RemiellePanelColor1Loop,scalar-full-source|standalone-native,2
223229245,CAB-0a3e93111c2eb0bf9f21676ee06ff792,native-object,scalar-full-source,1
223229245,CAB-16fff6d15318478706ce7deb6429c697,RemiellePanelChange,scalar-full-source|standalone-native,2
223229245,CAB-16fff6d15318478706ce7deb6429c697,native-object,scalar-full-source,1
223229245,CAB-1cfb001771918c1d22f0bd7bb60598cd,RemiellePanelColor1FadeOut,scalar-full-source|standalone-native,2
223229245,CAB-1cfb001771918c1d22f0bd7bb60598cd,native-object,scalar-full-source,1
223229245,CAB-1dd6e663d36015829cac2f2ace863462,ActivityRemielleBg_OB3_1Loop,scalar-full-source|standalone-native,2
223229245,CAB-1dd6e663d36015829cac2f2ace863462,native-object,scalar-full-source,1
223229245,CAB-2d83631be2bdb469e82cbfa56ca1cd98,ActivityRemielleBg_OB3_1FadeIn,scalar-full-source|standalone-native,2
223229245,CAB-2d83631be2bdb469e82cbfa56ca1cd98,native-object,scalar-full-source,1
223229245,CAB-4dee4a37752d67547fc7017eb734e94d,RemiellePanelProgressLightLoop,scalar-full-source|standalone-native,2
223229245,CAB-4dee4a37752d67547fc7017eb734e94d,native-object,scalar-full-source,1
223229245,CAB-826040ddd00b00f33d006e37cd882e2c,RemiellePanelWingFadeOut,scalar-full-source|standalone-native,2
223229245,CAB-826040ddd00b00f33d006e37cd882e2c,native-object,scalar-full-source,1
223229245,CAB-86e1692e06cf543f09fa43024bd3458d,ActivityDemoRemielleFadeOut,scalar-full-source|standalone-native,2
223229245,CAB-86e1692e06cf543f09fa43024bd3458d,native-object,scalar-full-source,1
223229245,CAB-98083e4a0f956c601f1c922cf8896079,RemiellePanelWingLoop,scalar-full-source|standalone-native,2
223229245,CAB-98083e4a0f956c601f1c922cf8896079,native-object,scalar-full-source,1
223229245,CAB-a3eb6c0a83fd6db9d22e1e42f7ee5c68,ActivityRemielleCameraPageFadeIn,scalar-full-source|standalone-native,2
223229245,CAB-a3eb6c0a83fd6db9d22e1e42f7ee5c68,native-object,scalar-full-source,1
223229245,CAB-b3e0b8c4680d4ae6441ebd1ab11ddecd,ActivityDemoRemielleLoop,scalar-full-source|standalone-native,2
223229245,CAB-b3e0b8c4680d4ae6441ebd1ab11ddecd,native-object,scalar-full-source,1
223229245,CAB-b647d7766cda4255b7dfa7ceb9c1e29e,ActivityRemielleCameraPageFadeOut,scalar-full-source|standalone-native,2
223229245,CAB-b647d7766cda4255b7dfa7ceb9c1e29e,native-object,scalar-full-source,1
223229245,CAB-b72f4d083267e7b0b3d3498c138c587b,ActivityDemoRemielleShowFadeIn,scalar-full-source|standalone-native,2
223229245,CAB-b72f4d083267e7b0b3d3498c138c587b,native-object,scalar-full-source,1
223229245,CAB-bba49b5335b1faa89a5a69b6aecf4e70,RemiellePanelColor1FadeIn,scalar-full-source|standalone-native,2
223229245,CAB-bba49b5335b1faa89a5a69b6aecf4e70,native-object,scalar-full-source,1
223229245,CAB-c75034754d58d772fdef75b9b93c5fe3,ActivityRemielleCameraMissionRowFadeIn,scalar-full-source|standalone-native,2
223229245,CAB-c75034754d58d772fdef75b9b93c5fe3,native-object,scalar-full-source,1
223229245,CAB-debb31c4d53c4ffc7acf4beeadef7d29,RemiellePanelWingFadeIn,scalar-full-source|standalone-native,2
223229245,CAB-debb31c4d53c4ffc7acf4beeadef7d29,native-object,scalar-full-source,1
223229245,CAB-e2149a58521a1ecd40af05d00c3b2e31,ActivityDemoRemielleChangeFadeIn,scalar-full-source|standalone-native,2
223229245,CAB-e2149a58521a1ecd40af05d00c3b2e31,native-object,scalar-full-source,1
2329494380,CAB-77cc6dc8396de31b951456b5a60ca2a5,-2147687977520797852,highest-quality,1
2329494380,CAB-77cc6dc8396de31b951456b5a60ca2a5,-7671936509857743815,highest-quality,1
2329494380,CAB-77cc6dc8396de31b951456b5a60ca2a5,Avatar_Female_Size02_Remielle_Origin_Ani_MC_Run_Loop,scalar-full-source,1
2329494380,CAB-77cc6dc8396de31b951456b5a60ca2a5,Avatar_Female_Size02_Remielle_Origin_Default_Ani_MC_Run_Loop,scalar-full-source,1
2329494380,CAB-77cc6dc8396de31b951456b5a60ca2a5,acl-database-bulk,scalar-full-source,2
2329494380,CAB-77cc6dc8396de31b951456b5a60ca2a5,native-object,scalar-full-source,2
2329494380,CAB-77cc6dc8396de31b951456b5a60ca2a5,streaming-info,scalar-full-source,2
2364458862,CAB-6cc26b479da3ddcf68c466973a389429,8371197707490341155,highest-quality,1
2364458862,CAB-6cc26b479da3ddcf68c466973a389429,TL_C31_05_SC010_Avatar_Remielle,scalar-full-source,1
2364458862,CAB-6cc26b479da3ddcf68c466973a389429,acl-database-bulk,scalar-full-source,1
2364458862,CAB-6cc26b479da3ddcf68c466973a389429,native-object,scalar-full-source,1
2364458862,CAB-6cc26b479da3ddcf68c466973a389429,streaming-info,scalar-full-source,1
2375779530,CAB-0047acc1e8eee635d68aa600539aa2f3,Eff_RemielleOrigin_Attack_Normal_02_01_Trail,scalar-full-source|standalone-native,2
2375779530,CAB-0047acc1e8eee635d68aa600539aa2f3,native-object,scalar-full-source,1
2375779530,CAB-09ef7a9f9219f904bae6ef5f9c7491b4,Eff_RemielleOrigin_Attack_QTE_27_Trail,scalar-full-source|standalone-native,2
2375779530,CAB-09ef7a9f9219f904bae6ef5f9c7491b4,native-object,scalar-full-source,1
2375779530,CAB-0bbdfcc633c06f9a7d25a8ea2f9d1379,Eff_RemielleOrigin_Attack_QTE_29_Trail,scalar-full-source|standalone-native,2
2375779530,CAB-0bbdfcc633c06f9a7d25a8ea2f9d1379,native-object,scalar-full-source,1
2375779530,CAB-0f6804ef18d49904c392d50ec6aec5e7,Eff_RemielleOrigin_Attack_Normal_04_11_Trail,scalar-full-source|standalone-native,2
2375779530,CAB-0f6804ef18d49904c392d50ec6aec5e7,native-object,scalar-full-source,1
2375779530,CAB-0fe557bc38625ef90e729c9dada35a86,Eff_RemielleOrigin_Attack_QTE_17_Trail,scalar-full-source|standalone-native,2
2375779530,CAB-0fe557bc38625ef90e729c9dada35a86,native-object,scalar-full-source,1
2375779530,CAB-25dce4ff58465e58646a4b45e8362c53,Eff_RemielleOrigin_Attack_Normal_04_20_Trail,scalar-full-source|standalone-native,2
2375779530,CAB-25dce4ff58465e58646a4b45e8362c53,native-object,scalar-full-source,1
2375779530,CAB-3883affc862d136a4e049240e5399943,Eff_RemielleOrigin_Attack_Normal_04_13_Trail,scalar-full-source|standalone-native,2
2375779530,CAB-3883affc862d136a4e049240e5399943,native-object,scalar-full-source,1
2375779530,CAB-6f45b089093a780a6ad80cca5e58be83,Eff_RemielleOrigin_Attack_Normal_04_12_Trail,scalar-full-source|standalone-native,2
2375779530,CAB-6f45b089093a780a6ad80cca5e58be83,native-object,scalar-full-source,1
2375779530,CAB-79ce0b956e89d4399a3f744500bcdda6,Eff_RemielleOrigin_Attack_Normal_03_01_Trail,scalar-full-source|standalone-native,2
2375779530,CAB-79ce0b956e89d4399a3f744500bcdda6,native-object,scalar-full-source,1
2375779530,CAB-8193a02d4a78f9617384a9e8c5ea21ee,Eff_RemielleOrigin_Attack_QTE_28_Trail,scalar-full-source|standalone-native,2
2375779530,CAB-8193a02d4a78f9617384a9e8c5ea21ee,native-object,scalar-full-source,1
2375779530,CAB-916b13b0130f208744c1b7fda2976888,Eff_RemielleOrigin_Attack_Normal_04_08_Trail,scalar-full-source|standalone-native,2
2375779530,CAB-916b13b0130f208744c1b7fda2976888,native-object,scalar-full-source,1
2375779530,CAB-94e1567f225fb3d51f2c5cf57f3bbdf6,Eff_RemielleOrigin_Attack_Normal_01_02_Trail,scalar-full-source|standalone-native,2
2375779530,CAB-94e1567f225fb3d51f2c5cf57f3bbdf6,native-object,scalar-full-source,1
2375779530,CAB-954b1957e6e3a97cd629eff4386c99d8,Eff_RemielleOrigin_Attack_Normal_04_01_Trail,scalar-full-source|standalone-native,2
2375779530,CAB-954b1957e6e3a97cd629eff4386c99d8,native-object,scalar-full-source,1
2375779530,CAB-9d6345116776493cf934015e41f03c0e,Eff_RemielleOrigin_Attack_Normal_04_02_Trail,scalar-full-source|standalone-native,2
2375779530,CAB-9d6345116776493cf934015e41f03c0e,native-object,scalar-full-source,1
2375779530,CAB-a653bb162dbe15d132f570068fc4aea3,Eff_RemielleOrigin_Attack_Normal_04_09_Trail,scalar-full-source|standalone-native,2
2375779530,CAB-a653bb162dbe15d132f570068fc4aea3,native-object,scalar-full-source,1
2375779530,CAB-a9830d212f4d966161fa0fc9ca42ac75,Eff_RemielleOrigin_Attack_Normal_04_21_Trail,scalar-full-source|standalone-native,2
2375779530,CAB-a9830d212f4d966161fa0fc9ca42ac75,native-object,scalar-full-source,1
2375779530,CAB-c8b099547ec1dde2b4eaadda93a5a096,Eff_RemielleOrigin_Attack_QTE_41_Trail,scalar-full-source|standalone-native,2
2375779530,CAB-c8b099547ec1dde2b4eaadda93a5a096,native-object,scalar-full-source,1
2375779530,CAB-d4bc13f9b423fa8a7e794eefeeb84f14,Eff_RemielleOrigin_Attack_Normal_03_02_Trail,scalar-full-source|standalone-native,2
2375779530,CAB-d4bc13f9b423fa8a7e794eefeeb84f14,native-object,scalar-full-source,1
2375779530,CAB-d7cf53303011d50a0e01494de0c0a645,Eff_RemielleOrigin_Attack_Normal_04_10_Trail,scalar-full-source|standalone-native,2
2375779530,CAB-d7cf53303011d50a0e01494de0c0a645,native-object,scalar-full-source,1
2375779530,CAB-dfc0f6d91fdf361651b727aa5ff375cc,Eff_RemielleOrigin_Attack_QTE_33_Trail,scalar-full-source|standalone-native,2
2375779530,CAB-dfc0f6d91fdf361651b727aa5ff375cc,native-object,scalar-full-source,1
2375779530,CAB-f4f32e801ff3c5ab872b326eb85fa51b,Eff_RemielleOrigin_Attack_Rush_01_Trail,scalar-full-source|standalone-native,2
2375779530,CAB-f4f32e801ff3c5ab872b326eb85fa51b,native-object,scalar-full-source,1
2375779530,CAB-fbc21c224093a3b7b8317610dfb8036f,Eff_RemielleOrigin_Attack_Normal_04_14_Trail,scalar-full-source|standalone-native,2
2375779530,CAB-fbc21c224093a3b7b8317610dfb8036f,native-object,scalar-full-source,1
2375779530,CAB-fc30d5cbae994bb0a062aafb5d0113f7,Eff_RemielleOrigin_Attack_Normal_01_01_Trail,scalar-full-source|standalone-native,2
2375779530,CAB-fc30d5cbae994bb0a062aafb5d0113f7,native-object,scalar-full-source,1
24427665,CAB-033581278efab1e57530b03113c46c6b,-6517227038549039937,highest-quality,1
24427665,CAB-033581278efab1e57530b03113c46c6b,Avatar_Female_Size02_Remielle_Ramiel_Ani_Skill02_AirState_Front,scalar-full-source,1
24427665,CAB-033581278efab1e57530b03113c46c6b,acl-database-bulk,scalar-full-source,1
24427665,CAB-033581278efab1e57530b03113c46c6b,native-object,scalar-full-source,1
24427665,CAB-033581278efab1e57530b03113c46c6b,streaming-info,scalar-full-source,1
24427665,CAB-08820125b7bf6b817e5b3618cd163e7b,-6643186981959506375,highest-quality,1
24427665,CAB-08820125b7bf6b817e5b3618cd163e7b,Avatar_Female_Size02_Remielle_Ramiel_Ani_Attack_Burst_Ex_Max01,scalar-full-source,1
24427665,CAB-08820125b7bf6b817e5b3618cd163e7b,acl-database-bulk,scalar-full-source,1
24427665,CAB-08820125b7bf6b817e5b3618cd163e7b,native-object,scalar-full-source,1
24427665,CAB-08820125b7bf6b817e5b3618cd163e7b,streaming-info,scalar-full-source,1
24427665,CAB-09a485904e38c953a58ffc5e617a7fb0,8415560123460506923,highest-quality,1
24427665,CAB-09a485904e38c953a58ffc5e617a7fb0,Avatar_Female_Size02_Remielle_Ramiel_Ani_SwitchIn_Attack_Ex_Start,scalar-full-source,1
24427665,CAB-09a485904e38c953a58ffc5e617a7fb0,acl-database-bulk,scalar-full-source,1
24427665,CAB-09a485904e38c953a58ffc5e617a7fb0,native-object,scalar-full-source,1
24427665,CAB-09a485904e38c953a58ffc5e617a7fb0,streaming-info,scalar-full-source,1
24427665,CAB-09ef39187a2740f027e2e532e297e22d,-528873043306136799,highest-quality,1
24427665,CAB-09ef39187a2740f027e2e532e297e22d,Avatar_Female_Size02_Remielle_Ramiel_Ani_Walk_Start,scalar-full-source,1
24427665,CAB-09ef39187a2740f027e2e532e297e22d,acl-database-bulk,scalar-full-source,1
24427665,CAB-09ef39187a2740f027e2e532e297e22d,native-object,scalar-full-source,1
24427665,CAB-09ef39187a2740f027e2e532e297e22d,streaming-info,scalar-full-source,1
24427665,CAB-11f61711d5fb5ea3877976d392f8216b,2078453431832017114,highest-quality,1
24427665,CAB-11f61711d5fb5ea3877976d392f8216b,Avatar_Female_Size02_Remielle_Ramiel_Ani_Walk_to_Run_01,scalar-full-source,1
24427665,CAB-11f61711d5fb5ea3877976d392f8216b,acl-database-bulk,scalar-full-source,1
24427665,CAB-11f61711d5fb5ea3877976d392f8216b,native-object,scalar-full-source,1
24427665,CAB-11f61711d5fb5ea3877976d392f8216b,streaming-info,scalar-full-source,1
24427665,CAB-1863e057d3fae27883a1bb63f7f984c0,4549834553920584757,highest-quality,1
24427665,CAB-1863e057d3fae27883a1bb63f7f984c0,Avatar_Female_Size02_Remielle_Ani_Skill04_AirState_Back,scalar-full-source,1
24427665,CAB-1863e057d3fae27883a1bb63f7f984c0,acl-database-bulk,scalar-full-source,1
24427665,CAB-1863e057d3fae27883a1bb63f7f984c0,native-object,scalar-full-source,1
24427665,CAB-1863e057d3fae27883a1bb63f7f984c0,streaming-info,scalar-full-source,1
24427665,CAB-19b56fafd068f36be10d78fe98e88513,-8554636179666054150,highest-quality,1
24427665,CAB-19b56fafd068f36be10d78fe98e88513,Avatar_Female_Size02_Remielle_Ramiel_Ani_HitFly_Front,scalar-full-source,1
24427665,CAB-19b56fafd068f36be10d78fe98e88513,acl-database-bulk,scalar-full-source,1
24427665,CAB-19b56fafd068f36be10d78fe98e88513,native-object,scalar-full-source,1
24427665,CAB-19b56fafd068f36be10d78fe98e88513,streaming-info,scalar-full-source,1
24427665,CAB-1ea78866b09d4e0bc66b47a9acd3a7e4,-4103216256659258554,highest-quality,1
24427665,CAB-1ea78866b09d4e0bc66b47a9acd3a7e4,Avatar_Female_Size02_Remielle_Ramiel_Ani_Run_Transform_01,scalar-full-source,1
24427665,CAB-1ea78866b09d4e0bc66b47a9acd3a7e4,acl-database-bulk,scalar-full-source,1
24427665,CAB-1ea78866b09d4e0bc66b47a9acd3a7e4,native-object,scalar-full-source,1
24427665,CAB-1ea78866b09d4e0bc66b47a9acd3a7e4,streaming-info,scalar-full-source,1
24427665,CAB-247eabe2a495c8544558bd122a33d2c6,4394115493197169168,highest-quality,1
24427665,CAB-247eabe2a495c8544558bd122a33d2c6,Avatar_Female_Size02_Remielle_Ramiel_Ani_Attack_ParryAid_Start,scalar-full-source,1
24427665,CAB-247eabe2a495c8544558bd122a33d2c6,acl-database-bulk,scalar-full-source,1
24427665,CAB-247eabe2a495c8544558bd122a33d2c6,native-object,scalar-full-source,1
24427665,CAB-247eabe2a495c8544558bd122a33d2c6,streaming-info,scalar-full-source,1
24427665,CAB-2759101c2667489da87a93662864bbc4,-3009937604114770906,highest-quality,1
24427665,CAB-2759101c2667489da87a93662864bbc4,Avatar_Female_Size02_Remielle_Ramiel_Ani_Finish_AirState_Front,scalar-full-source,1
24427665,CAB-2759101c2667489da87a93662864bbc4,acl-database-bulk,scalar-full-source,1
24427665,CAB-2759101c2667489da87a93662864bbc4,native-object,scalar-full-source,1
24427665,CAB-2759101c2667489da87a93662864bbc4,streaming-info,scalar-full-source,1
24427665,CAB-2dbdeb93600d0f68523e214379a91a47,121098104875113796,highest-quality,1
24427665,CAB-2dbdeb93600d0f68523e214379a91a47,8291586285571566356,highest-quality,1
24427665,CAB-2dbdeb93600d0f68523e214379a91a47,Avatar_Female_Size02_Remielle_Ramiel_Ani_Attack_Normal_04,scalar-full-source,1
24427665,CAB-2dbdeb93600d0f68523e214379a91a47,Avatar_Female_Size02_Remielle_Ramiel_Ani_Attack_Normal_04_End,scalar-full-source,1
24427665,CAB-2dbdeb93600d0f68523e214379a91a47,acl-database-bulk,scalar-full-source,2
24427665,CAB-2dbdeb93600d0f68523e214379a91a47,native-object,scalar-full-source,2
24427665,CAB-2dbdeb93600d0f68523e214379a91a47,streaming-info,scalar-full-source,2
24427665,CAB-3169914aacc4dcb4957ed488584f3963,-8290846150353637863,highest-quality,1
24427665,CAB-3169914aacc4dcb4957ed488584f3963,Avatar_Female_Size02_Remielle_Ramiel_Ani_Hit_L_Front,scalar-full-source,1
24427665,CAB-3169914aacc4dcb4957ed488584f3963,acl-database-bulk,scalar-full-source,1
24427665,CAB-3169914aacc4dcb4957ed488584f3963,native-object,scalar-full-source,1
24427665,CAB-3169914aacc4dcb4957ed488584f3963,streaming-info,scalar-full-source,1
24427665,CAB-3321e6401c930a139981e26f6bf4068d,1693281251034968939,highest-quality,1
24427665,CAB-3321e6401c930a139981e26f6bf4068d,7219462307831516796,highest-quality,1
24427665,CAB-3321e6401c930a139981e26f6bf4068d,Avatar_Female_Size02_Remielle_Ramiel_Ani_Attack_Special,scalar-full-source,1
24427665,CAB-3321e6401c930a139981e26f6bf4068d,Avatar_Female_Size02_Remielle_Ramiel_Ani_Attack_Special_End,scalar-full-source,1
24427665,CAB-3321e6401c930a139981e26f6bf4068d,acl-database-bulk,scalar-full-source,2
24427665,CAB-3321e6401c930a139981e26f6bf4068d,native-object,scalar-full-source,2
24427665,CAB-3321e6401c930a139981e26f6bf4068d,streaming-info,scalar-full-source,2
24427665,CAB-3d3e45dc4db8b5594d6abfc28313ffdc,-8719144203074324110,highest-quality,1
24427665,CAB-3d3e45dc4db8b5594d6abfc28313ffdc,6256007830914868788,highest-quality,1
24427665,CAB-3d3e45dc4db8b5594d6abfc28313ffdc,Avatar_Female_Size02_Remielle_Ramiel_Ani_Attack_Normal_02,scalar-full-source,1
24427665,CAB-3d3e45dc4db8b5594d6abfc28313ffdc,Avatar_Female_Size02_Remielle_Ramiel_Ani_Attack_Normal_02_End,scalar-full-source,1
24427665,CAB-3d3e45dc4db8b5594d6abfc28313ffdc,acl-database-bulk,scalar-full-source,2
24427665,CAB-3d3e45dc4db8b5594d6abfc28313ffdc,native-object,scalar-full-source,2
24427665,CAB-3d3e45dc4db8b5594d6abfc28313ffdc,streaming-info,scalar-full-source,2
24427665,CAB-4098f62ae559142b6300765cb0c947d1,2210216557264874234,highest-quality,1
24427665,CAB-4098f62ae559142b6300765cb0c947d1,Avatar_Female_Size02_Remielle_Ramiel_Ani_Hit_H_Front,scalar-full-source,1
24427665,CAB-4098f62ae559142b6300765cb0c947d1,acl-database-bulk,scalar-full-source,1
24427665,CAB-4098f62ae559142b6300765cb0c947d1,native-object,scalar-full-source,1
24427665,CAB-4098f62ae559142b6300765cb0c947d1,streaming-info,scalar-full-source,1
24427665,CAB-4a0ebf1132d3ef976542cf8c0b9a499d,4685584786270174034,highest-quality,1
24427665,CAB-4a0ebf1132d3ef976542cf8c0b9a499d,5772246477562249339,highest-quality,1
24427665,CAB-4a0ebf1132d3ef976542cf8c0b9a499d,Avatar_Female_Size02_Remielle_Ramiel_Ani_Attack_ParryAid_L,scalar-full-source,1
24427665,CAB-4a0ebf1132d3ef976542cf8c0b9a499d,Avatar_Female_Size02_Remielle_Ramiel_Ani_Attack_ParryAid_L_End,scalar-full-source,1
24427665,CAB-4a0ebf1132d3ef976542cf8c0b9a499d,acl-database-bulk,scalar-full-source,2
24427665,CAB-4a0ebf1132d3ef976542cf8c0b9a499d,native-object,scalar-full-source,2
24427665,CAB-4a0ebf1132d3ef976542cf8c0b9a499d,streaming-info,scalar-full-source,2
24427665,CAB-56e0df31a81aaacb92b832fdff073966,-3249374020852526832,highest-quality,1
24427665,CAB-56e0df31a81aaacb92b832fdff073966,-388221891442973477,highest-quality,1
24427665,CAB-56e0df31a81aaacb92b832fdff073966,Avatar_Female_Size02_Remielle_Ramiel_Ani_Attack_Normal_01,scalar-full-source,1
24427665,CAB-56e0df31a81aaacb92b832fdff073966,Avatar_Female_Size02_Remielle_Ramiel_Ani_Attack_Normal_01_End,scalar-full-source,1
24427665,CAB-56e0df31a81aaacb92b832fdff073966,acl-database-bulk,scalar-full-source,2
24427665,CAB-56e0df31a81aaacb92b832fdff073966,native-object,scalar-full-source,2
24427665,CAB-56e0df31a81aaacb92b832fdff073966,streaming-info,scalar-full-source,2
24427665,CAB-58215d85374a5041bbb255c71e4aba54,-8919022182120865358,highest-quality,1
24427665,CAB-58215d85374a5041bbb255c71e4aba54,Avatar_Female_Size02_Remielle_Ramiel_Ani_Move_F_AirBack_Loop,scalar-full-source,1
24427665,CAB-58215d85374a5041bbb255c71e4aba54,acl-database-bulk,scalar-full-source,1
24427665,CAB-58215d85374a5041bbb255c71e4aba54,native-object,scalar-full-source,1
24427665,CAB-58215d85374a5041bbb255c71e4aba54,streaming-info,scalar-full-source,1
24427665,CAB-59950699f8393536cc14e8e711c7814b,1907580553361577124,highest-quality,1
24427665,CAB-59950699f8393536cc14e8e711c7814b,Avatar_Female_Size02_Remielle_Ramiel_Ani_Attack_ChangeState,scalar-full-source,1
24427665,CAB-59950699f8393536cc14e8e711c7814b,acl-database-bulk,scalar-full-source,1
24427665,CAB-59950699f8393536cc14e8e711c7814b,native-object,scalar-full-source,1
24427665,CAB-59950699f8393536cc14e8e711c7814b,streaming-info,scalar-full-source,1
24427665,CAB-59c5bbbe266c7018425cbb0115aae3a4,-838860191351508895,highest-quality,1
24427665,CAB-59c5bbbe266c7018425cbb0115aae3a4,Avatar_Female_Size02_Remielle_Ramiel_Ani_SwitchOut_Normal,scalar-full-source,1
24427665,CAB-59c5bbbe266c7018425cbb0115aae3a4,acl-database-bulk,scalar-full-source,1
24427665,CAB-59c5bbbe266c7018425cbb0115aae3a4,native-object,scalar-full-source,1
24427665,CAB-59c5bbbe266c7018425cbb0115aae3a4,streaming-info,scalar-full-source,1
24427665,CAB-59eec167a8a1403cba6af340c962e93a,-3014174931728632831,highest-quality,1
24427665,CAB-59eec167a8a1403cba6af340c962e93a,Avatar_Female_Size02_Remielle_Ramiel_Ani_Evade_Back_02,scalar-full-source,1
24427665,CAB-59eec167a8a1403cba6af340c962e93a,acl-database-bulk,scalar-full-source,1
24427665,CAB-59eec167a8a1403cba6af340c962e93a,native-object,scalar-full-source,1
24427665,CAB-59eec167a8a1403cba6af340c962e93a,streaming-info,scalar-full-source,1
24427665,CAB-6057e5b426b43f8d0f6e954f8882d737,7725782524280589625,highest-quality,1
24427665,CAB-6057e5b426b43f8d0f6e954f8882d737,Avatar_Female_Size02_Remielle_Ramiel_Ani_SwitchIn_Normal,scalar-full-source,1
24427665,CAB-6057e5b426b43f8d0f6e954f8882d737,acl-database-bulk,scalar-full-source,1
24427665,CAB-6057e5b426b43f8d0f6e954f8882d737,native-object,scalar-full-source,1
24427665,CAB-6057e5b426b43f8d0f6e954f8882d737,streaming-info,scalar-full-source,1
24427665,CAB-60e18895b6cab9f6aed209c8e06671c9,-1339668576400779210,highest-quality,1
24427665,CAB-60e18895b6cab9f6aed209c8e06671c9,Avatar_Female_Size02_Remielle_Ramiel_Ani_Attack_ChangeState_02,scalar-full-source,1
24427665,CAB-60e18895b6cab9f6aed209c8e06671c9,acl-database-bulk,scalar-full-source,1
24427665,CAB-60e18895b6cab9f6aed209c8e06671c9,native-object,scalar-full-source,1
24427665,CAB-60e18895b6cab9f6aed209c8e06671c9,streaming-info,scalar-full-source,1
24427665,CAB-6adcbbac80a1fda0d99823bd6bd22c96,-4936901184626308490,highest-quality,1
24427665,CAB-6adcbbac80a1fda0d99823bd6bd22c96,Avatar_Female_Size02_Remielle_Ramiel_Ani_Dash_Loop,scalar-full-source,1
24427665,CAB-6adcbbac80a1fda0d99823bd6bd22c96,acl-database-bulk,scalar-full-source,1
24427665,CAB-6adcbbac80a1fda0d99823bd6bd22c96,native-object,scalar-full-source,1
24427665,CAB-6adcbbac80a1fda0d99823bd6bd22c96,streaming-info,scalar-full-source,1
24427665,CAB-6cc75649fbd2a348e6b9deaf520ecfb0,-9024846054327176239,highest-quality,1
24427665,CAB-6cc75649fbd2a348e6b9deaf520ecfb0,Avatar_Female_Size02_Remielle_Ramiel_Ani_Evade_Back,scalar-full-source,1
24427665,CAB-6cc75649fbd2a348e6b9deaf520ecfb0,acl-database-bulk,scalar-full-source,1
24427665,CAB-6cc75649fbd2a348e6b9deaf520ecfb0,native-object,scalar-full-source,1
24427665,CAB-6cc75649fbd2a348e6b9deaf520ecfb0,streaming-info,scalar-full-source,1
24427665,CAB-6f4095b29b26e5771e6115f35b02adb7,2026252991653746316,highest-quality,1
24427665,CAB-6f4095b29b26e5771e6115f35b02adb7,Avatar_Female_Size02_Remielle_Ramiel_Ani_Run_Loop_02,scalar-full-source,1
24427665,CAB-6f4095b29b26e5771e6115f35b02adb7,acl-database-bulk,scalar-full-source,1
24427665,CAB-6f4095b29b26e5771e6115f35b02adb7,native-object,scalar-full-source,1
24427665,CAB-6f4095b29b26e5771e6115f35b02adb7,streaming-info,scalar-full-source,1
24427665,CAB-70591b070c367c4966cb7415f773dd09,1461950307909480746,highest-quality,1
24427665,CAB-70591b070c367c4966cb7415f773dd09,Avatar_Female_Size02_Remielle_Ramiel_Ani_Evade_Front,scalar-full-source,1
24427665,CAB-70591b070c367c4966cb7415f773dd09,acl-database-bulk,scalar-full-source,1
24427665,CAB-70591b070c367c4966cb7415f773dd09,native-object,scalar-full-source,1
24427665,CAB-70591b070c367c4966cb7415f773dd09,streaming-info,scalar-full-source,1
24427665,CAB-70c0173c75bb3a38dd3530b65d44a09b,-2804394262860721260,highest-quality,1
24427665,CAB-70c0173c75bb3a38dd3530b65d44a09b,-3416773218764856396,highest-quality,1
24427665,CAB-70c0173c75bb3a38dd3530b65d44a09b,Avatar_Female_Size02_Remielle_Ramiel_Ani_Attack_ParryAid_H,scalar-full-source,1
24427665,CAB-70c0173c75bb3a38dd3530b65d44a09b,Avatar_Female_Size02_Remielle_Ramiel_Ani_Attack_ParryAid_H_End,scalar-full-source,1
24427665,CAB-70c0173c75bb3a38dd3530b65d44a09b,acl-database-bulk,scalar-full-source,2
24427665,CAB-70c0173c75bb3a38dd3530b65d44a09b,native-object,scalar-full-source,2
24427665,CAB-70c0173c75bb3a38dd3530b65d44a09b,streaming-info,scalar-full-source,2
24427665,CAB-73a08bd0a8b0cfc0ff517ae27cba4e4f,-6464914983828472718,highest-quality,1
24427665,CAB-73a08bd0a8b0cfc0ff517ae27cba4e4f,-6558840696806598916,highest-quality,1
24427665,CAB-73a08bd0a8b0cfc0ff517ae27cba4e4f,Avatar_Female_Size02_Remielle_Ramiel_Ani_Attack_AssaultAid,scalar-full-source,1
24427665,CAB-73a08bd0a8b0cfc0ff517ae27cba4e4f,Avatar_Female_Size02_Remielle_Ramiel_Ani_Attack_AssaultAid_End,scalar-full-source,1
24427665,CAB-73a08bd0a8b0cfc0ff517ae27cba4e4f,acl-database-bulk,scalar-full-source,2
24427665,CAB-73a08bd0a8b0cfc0ff517ae27cba4e4f,native-object,scalar-full-source,2
24427665,CAB-73a08bd0a8b0cfc0ff517ae27cba4e4f,streaming-info,scalar-full-source,2
24427665,CAB-748a34dca84327bc625dff092d29280c,5235142190664765940,highest-quality,1
24427665,CAB-748a34dca84327bc625dff092d29280c,Avatar_Female_Size02_Remielle_Ramiel_Ani_Idle_Loop,scalar-full-source,1
24427665,CAB-748a34dca84327bc625dff092d29280c,acl-database-bulk,scalar-full-source,1
24427665,CAB-748a34dca84327bc625dff092d29280c,native-object,scalar-full-source,1
24427665,CAB-748a34dca84327bc625dff092d29280c,streaming-info,scalar-full-source,1
24427665,CAB-7a060b11843c8865f1ec60614748d6de,-3299140258923407797,highest-quality,1
24427665,CAB-7a060b11843c8865f1ec60614748d6de,Avatar_Female_Size02_Remielle_Ramiel_Ani_QuestStart,scalar-full-source,1
24427665,CAB-7a060b11843c8865f1ec60614748d6de,acl-database-bulk,scalar-full-source,1
24427665,CAB-7a060b11843c8865f1ec60614748d6de,native-object,scalar-full-source,1
24427665,CAB-7a060b11843c8865f1ec60614748d6de,streaming-info,scalar-full-source,1
24427665,CAB-7b8912ed168e93725571e463e95560ba,7366388199801043579,highest-quality,1
24427665,CAB-7b8912ed168e93725571e463e95560ba,Avatar_Female_Size02_Remielle_Ramiel_Ani_Run_Transform_02,scalar-full-source,1
24427665,CAB-7b8912ed168e93725571e463e95560ba,acl-database-bulk,scalar-full-source,1
24427665,CAB-7b8912ed168e93725571e463e95560ba,native-object,scalar-full-source,1
24427665,CAB-7b8912ed168e93725571e463e95560ba,streaming-info,scalar-full-source,1
24427665,CAB-809407bd67df85975ce73f0327660f97,2604241952422896524,highest-quality,1
24427665,CAB-809407bd67df85975ce73f0327660f97,Avatar_Female_Size02_Remielle_Ramiel_Ani_SwitchOut_AirState_Back,scalar-full-source,1
24427665,CAB-809407bd67df85975ce73f0327660f97,acl-database-bulk,scalar-full-source,1
24427665,CAB-809407bd67df85975ce73f0327660f97,native-object,scalar-full-source,1
24427665,CAB-809407bd67df85975ce73f0327660f97,streaming-info,scalar-full-source,1
24427665,CAB-8442043eec25932a90a631b649ac63e3,-6307593822715848178,highest-quality,1
24427665,CAB-8442043eec25932a90a631b649ac63e3,1819793502282694026,highest-quality,1
24427665,CAB-8442043eec25932a90a631b649ac63e3,Avatar_Female_Size02_Remielle_Ramiel_Ani_SwitchIn_Attack,scalar-full-source,1
24427665,CAB-8442043eec25932a90a631b649ac63e3,Avatar_Female_Size02_Remielle_Ramiel_Ani_SwitchIn_Attack_End,scalar-full-source,1
24427665,CAB-8442043eec25932a90a631b649ac63e3,acl-database-bulk,scalar-full-source,2
24427665,CAB-8442043eec25932a90a631b649ac63e3,native-object,scalar-full-source,2
24427665,CAB-8442043eec25932a90a631b649ac63e3,streaming-info,scalar-full-source,2
24427665,CAB-87b041ee67052d246c6db5312981185f,-6237851381448035536,highest-quality,1
24427665,CAB-87b041ee67052d246c6db5312981185f,Avatar_Female_Size02_Remielle_Ramiel_Ani_Finish_Ex_AirState_Start,scalar-full-source,1
24427665,CAB-87b041ee67052d246c6db5312981185f,acl-database-bulk,scalar-full-source,1
24427665,CAB-87b041ee67052d246c6db5312981185f,native-object,scalar-full-source,1
24427665,CAB-87b041ee67052d246c6db5312981185f,streaming-info,scalar-full-source,1
24427665,CAB-88ec486042300a04ea40525a3857691f,2768668869121923397,highest-quality,1
24427665,CAB-88ec486042300a04ea40525a3857691f,Avatar_Female_Size02_Remielle_Ramiel_Ani_SwitchIn_Attack_Ex,scalar-full-source,1
24427665,CAB-88ec486042300a04ea40525a3857691f,acl-database-bulk,scalar-full-source,1
24427665,CAB-88ec486042300a04ea40525a3857691f,native-object,scalar-full-source,1
24427665,CAB-88ec486042300a04ea40525a3857691f,streaming-info,scalar-full-source,1
24427665,CAB-92d525fe3e1d7bf0885b78cb1859f18c,-693390970664260250,highest-quality,1
24427665,CAB-92d525fe3e1d7bf0885b78cb1859f18c,1709896825840671857,highest-quality,1
24427665,CAB-92d525fe3e1d7bf0885b78cb1859f18c,Avatar_Female_Size02_Remielle_Ramiel_Ani_Attack_ExSpecial,scalar-full-source,1
24427665,CAB-92d525fe3e1d7bf0885b78cb1859f18c,Avatar_Female_Size02_Remielle_Ramiel_Ani_Attack_ExSpecial_End,scalar-full-source,1
24427665,CAB-92d525fe3e1d7bf0885b78cb1859f18c,acl-database-bulk,scalar-full-source,2
24427665,CAB-92d525fe3e1d7bf0885b78cb1859f18c,native-object,scalar-full-source,2
24427665,CAB-92d525fe3e1d7bf0885b78cb1859f18c,streaming-info,scalar-full-source,2
24427665,CAB-93554dfdbe0e25e5c05e77bc59396423,2708388234159328732,highest-quality,1
24427665,CAB-93554dfdbe0e25e5c05e77bc59396423,Avatar_Female_Size02_Remielle_Ramiel_Ani_Dash_Evade,scalar-full-source,1
24427665,CAB-93554dfdbe0e25e5c05e77bc59396423,acl-database-bulk,scalar-full-source,1
24427665,CAB-93554dfdbe0e25e5c05e77bc59396423,native-object,scalar-full-source,1
24427665,CAB-93554dfdbe0e25e5c05e77bc59396423,streaming-info,scalar-full-source,1
24427665,CAB-98c2e60af5d14b44021facea3e3c69e2,8421864199480761923,highest-quality,1
24427665,CAB-98c2e60af5d14b44021facea3e3c69e2,Avatar_Female_Size02_Remielle_Ramiel_Ani_Idle_AirState_Back_Loop,scalar-full-source,1
24427665,CAB-98c2e60af5d14b44021facea3e3c69e2,acl-database-bulk,scalar-full-source,1
24427665,CAB-98c2e60af5d14b44021facea3e3c69e2,native-object,scalar-full-source,1
24427665,CAB-98c2e60af5d14b44021facea3e3c69e2,streaming-info,scalar-full-source,1
24427665,CAB-9ec278c9d02524bb90528bd98e75a77a,1769091969533556823,highest-quality,1
24427665,CAB-9ec278c9d02524bb90528bd98e75a77a,8501448411502086622,highest-quality,1
24427665,CAB-9ec278c9d02524bb90528bd98e75a77a,Avatar_Female_Size02_Remielle_Ramiel_Ani_Attack_Burst_01,scalar-full-source,1
24427665,CAB-9ec278c9d02524bb90528bd98e75a77a,Avatar_Female_Size02_Remielle_Ramiel_Ani_Attack_Burst_01_End,scalar-full-source,1
24427665,CAB-9ec278c9d02524bb90528bd98e75a77a,acl-database-bulk,scalar-full-source,2
24427665,CAB-9ec278c9d02524bb90528bd98e75a77a,native-object,scalar-full-source,2
24427665,CAB-9ec278c9d02524bb90528bd98e75a77a,streaming-info,scalar-full-source,2
24427665,CAB-a3dce42833c2cfcd39a8d1680a12dc89,-1584588516545153718,highest-quality,1
24427665,CAB-a3dce42833c2cfcd39a8d1680a12dc89,Avatar_Female_Size02_Remielle_Ramiel_Ani_Start_AirState_Back,scalar-full-source,1
24427665,CAB-a3dce42833c2cfcd39a8d1680a12dc89,acl-database-bulk,scalar-full-source,1
24427665,CAB-a3dce42833c2cfcd39a8d1680a12dc89,native-object,scalar-full-source,1
24427665,CAB-a3dce42833c2cfcd39a8d1680a12dc89,streaming-info,scalar-full-source,1
24427665,CAB-a534ffa5a02f6397a9abcd2153daf538,1193839452981986739,highest-quality,1
24427665,CAB-a534ffa5a02f6397a9abcd2153daf538,4807955689464163136,highest-quality,1
24427665,CAB-a534ffa5a02f6397a9abcd2153daf538,Avatar_Female_Size02_Remielle_Ramiel_Ani_Finish_Ex_AirState,scalar-full-source,1
24427665,CAB-a534ffa5a02f6397a9abcd2153daf538,Avatar_Female_Size02_Remielle_Ramiel_Ani_Finish_Ex_AirState_End,scalar-full-source,1
24427665,CAB-a534ffa5a02f6397a9abcd2153daf538,acl-database-bulk,scalar-full-source,2
24427665,CAB-a534ffa5a02f6397a9abcd2153daf538,native-object,scalar-full-source,2
24427665,CAB-a534ffa5a02f6397a9abcd2153daf538,streaming-info,scalar-full-source,2
24427665,CAB-a9935740a3d2fe08f7fef3f0e0382e27,4746245725814143902,highest-quality,1
24427665,CAB-a9935740a3d2fe08f7fef3f0e0382e27,817781976616742575,highest-quality,1
24427665,CAB-a9935740a3d2fe08f7fef3f0e0382e27,Avatar_Female_Size02_Remielle_Ramiel_Ani_Attack_Burst_Ex_01,scalar-full-source,1
24427665,CAB-a9935740a3d2fe08f7fef3f0e0382e27,Avatar_Female_Size02_Remielle_Ramiel_Ani_Attack_Burst_Ex_01_End,scalar-full-source,1
24427665,CAB-a9935740a3d2fe08f7fef3f0e0382e27,acl-database-bulk,scalar-full-source,2
24427665,CAB-a9935740a3d2fe08f7fef3f0e0382e27,native-object,scalar-full-source,2
24427665,CAB-a9935740a3d2fe08f7fef3f0e0382e27,streaming-info,scalar-full-source,2
24427665,CAB-affeae28e2e6c40aad231c8be67c5625,5732312828342584619,highest-quality,1
24427665,CAB-affeae28e2e6c40aad231c8be67c5625,Avatar_Female_Size02_Remielle_Ramiel_Ani_Evade_Front_02,scalar-full-source,1
24427665,CAB-affeae28e2e6c40aad231c8be67c5625,acl-database-bulk,scalar-full-source,1
24427665,CAB-affeae28e2e6c40aad231c8be67c5625,native-object,scalar-full-source,1
24427665,CAB-affeae28e2e6c40aad231c8be67c5625,streaming-info,scalar-full-source,1
24427665,CAB-b499448718588590c861c97055dacef4,2992345940807642564,highest-quality,1
24427665,CAB-b499448718588590c861c97055dacef4,Avatar_Female_Size02_Remielle_Ramiel_Ani_HitFly_Back,scalar-full-source,1
24427665,CAB-b499448718588590c861c97055dacef4,acl-database-bulk,scalar-full-source,1
24427665,CAB-b499448718588590c861c97055dacef4,native-object,scalar-full-source,1
24427665,CAB-b499448718588590c861c97055dacef4,streaming-info,scalar-full-source,1
24427665,CAB-ba0d49dd75d1c23c9a2a72a894a53cd5,-397092869794286591,highest-quality,1
24427665,CAB-ba0d49dd75d1c23c9a2a72a894a53cd5,Avatar_Female_Size02_Remielle_Ramiel_Ani_Run_Loop_01,scalar-full-source,1
24427665,CAB-ba0d49dd75d1c23c9a2a72a894a53cd5,acl-database-bulk,scalar-full-source,1
24427665,CAB-ba0d49dd75d1c23c9a2a72a894a53cd5,native-object,scalar-full-source,1
24427665,CAB-ba0d49dd75d1c23c9a2a72a894a53cd5,streaming-info,scalar-full-source,1
24427665,CAB-c0a1680e263c9e4932b78b9d22e22bf7,-6405235845011757593,highest-quality,1
24427665,CAB-c0a1680e263c9e4932b78b9d22e22bf7,Avatar_Female_Size02_Remielle_Ramiel_Ani_Skill01_AirState_Back,scalar-full-source,1
24427665,CAB-c0a1680e263c9e4932b78b9d22e22bf7,acl-database-bulk,scalar-full-source,1
24427665,CAB-c0a1680e263c9e4932b78b9d22e22bf7,native-object,scalar-full-source,1
24427665,CAB-c0a1680e263c9e4932b78b9d22e22bf7,streaming-info,scalar-full-source,1
24427665,CAB-c2ac28c6a07734d9f7288025b4150b01,-6452968744330655602,highest-quality,1
24427665,CAB-c2ac28c6a07734d9f7288025b4150b01,Avatar_Female_Size02_Remielle_Ramiel_Ani_Run_End,scalar-full-source,1
24427665,CAB-c2ac28c6a07734d9f7288025b4150b01,acl-database-bulk,scalar-full-source,1
24427665,CAB-c2ac28c6a07734d9f7288025b4150b01,native-object,scalar-full-source,1
24427665,CAB-c2ac28c6a07734d9f7288025b4150b01,streaming-info,scalar-full-source,1
24427665,CAB-c32cb6c7f06c22d167415e895136f4aa,5511040316115674163,highest-quality,1
24427665,CAB-c32cb6c7f06c22d167415e895136f4aa,Avatar_Female_Size02_Remielle_Ramiel_Ani_Hit_Shake,scalar-full-source,1
24427665,CAB-c32cb6c7f06c22d167415e895136f4aa,acl-database-bulk,scalar-full-source,1
24427665,CAB-c32cb6c7f06c22d167415e895136f4aa,native-object,scalar-full-source,1
24427665,CAB-c32cb6c7f06c22d167415e895136f4aa,streaming-info,scalar-full-source,1
24427665,CAB-c5d1785cb68effc50426daa7f17e1bcb,-6232401724414908619,highest-quality,1
24427665,CAB-c5d1785cb68effc50426daa7f17e1bcb,Avatar_Female_Size02_Remielle_Ramiel_Ani_Skill03_AirState_Back,scalar-full-source,1
24427665,CAB-c5d1785cb68effc50426daa7f17e1bcb,acl-database-bulk,scalar-full-source,1
24427665,CAB-c5d1785cb68effc50426daa7f17e1bcb,native-object,scalar-full-source,1
24427665,CAB-c5d1785cb68effc50426daa7f17e1bcb,streaming-info,scalar-full-source,1
24427665,CAB-c5f904086cc7b8f3ff9f9c1261870060,-8985257679741066179,highest-quality,1
24427665,CAB-c5f904086cc7b8f3ff9f9c1261870060,2151238523462777693,highest-quality,1
24427665,CAB-c5f904086cc7b8f3ff9f9c1261870060,Avatar_Female_Size02_Remielle_Ramiel_Ani_Attack_Normal_03,scalar-full-source,1
24427665,CAB-c5f904086cc7b8f3ff9f9c1261870060,Avatar_Female_Size02_Remielle_Ramiel_Ani_Attack_Normal_03_End,scalar-full-source,1
24427665,CAB-c5f904086cc7b8f3ff9f9c1261870060,acl-database-bulk,scalar-full-source,2
24427665,CAB-c5f904086cc7b8f3ff9f9c1261870060,native-object,scalar-full-source,2
24427665,CAB-c5f904086cc7b8f3ff9f9c1261870060,streaming-info,scalar-full-source,2
24427665,CAB-cac06cd0d3fa01865a77489d196122aa,8672095411886951607,highest-quality,1
24427665,CAB-cac06cd0d3fa01865a77489d196122aa,Avatar_Female_Size02_Remielle_Ramiel_Ani_Skill02_AirState_Back,scalar-full-source,1
24427665,CAB-cac06cd0d3fa01865a77489d196122aa,acl-database-bulk,scalar-full-source,1
24427665,CAB-cac06cd0d3fa01865a77489d196122aa,native-object,scalar-full-source,1
24427665,CAB-cac06cd0d3fa01865a77489d196122aa,streaming-info,scalar-full-source,1
24427665,CAB-cd00ee2eb20ab6c476559532d9dfca1c,9211638345613001166,highest-quality,1
24427665,CAB-cd00ee2eb20ab6c476559532d9dfca1c,Avatar_Female_Size02_Remielle_Ramiel_Ani_Walk_Loop,scalar-full-source,1
24427665,CAB-cd00ee2eb20ab6c476559532d9dfca1c,acl-database-bulk,scalar-full-source,1
24427665,CAB-cd00ee2eb20ab6c476559532d9dfca1c,native-object,scalar-full-source,1
24427665,CAB-cd00ee2eb20ab6c476559532d9dfca1c,streaming-info,scalar-full-source,1
24427665,CAB-ce3e76318273023b88625f0187b27f2c,-1937549996049901146,highest-quality,1
24427665,CAB-ce3e76318273023b88625f0187b27f2c,Avatar_Female_Size02_Remielle_Ramiel_Ani_Skill05_AirState_Back,scalar-full-source,1
24427665,CAB-ce3e76318273023b88625f0187b27f2c,acl-database-bulk,scalar-full-source,1
24427665,CAB-ce3e76318273023b88625f0187b27f2c,native-object,scalar-full-source,1
24427665,CAB-ce3e76318273023b88625f0187b27f2c,streaming-info,scalar-full-source,1
24427665,CAB-ceee39edb4038a17aa06dd8eac541f58,-1825731554397375472,highest-quality,1
24427665,CAB-ceee39edb4038a17aa06dd8eac541f58,5066492146058701238,highest-quality,1
24427665,CAB-ceee39edb4038a17aa06dd8eac541f58,Avatar_Female_Size02_Remielle_Ramiel_Ani_Attack_Burst_Ex_Max02,scalar-full-source,1
24427665,CAB-ceee39edb4038a17aa06dd8eac541f58,Avatar_Female_Size02_Remielle_Ramiel_Ani_Attack_Burst_Ex_Max02_End,scalar-full-source,1
24427665,CAB-ceee39edb4038a17aa06dd8eac541f58,acl-database-bulk,scalar-full-source,2
24427665,CAB-ceee39edb4038a17aa06dd8eac541f58,native-object,scalar-full-source,2
24427665,CAB-ceee39edb4038a17aa06dd8eac541f58,streaming-info,scalar-full-source,2
24427665,CAB-d2ff33d8cb9ca5cfe6b7510b762a2dd8,-3246923103700744534,highest-quality,1
24427665,CAB-d2ff33d8cb9ca5cfe6b7510b762a2dd8,Avatar_Female_Size02_Remielle_Ramiel_Ani_Walk_Start_End,scalar-full-source,1
24427665,CAB-d2ff33d8cb9ca5cfe6b7510b762a2dd8,acl-database-bulk,scalar-full-source,1
24427665,CAB-d2ff33d8cb9ca5cfe6b7510b762a2dd8,native-object,scalar-full-source,1
24427665,CAB-d2ff33d8cb9ca5cfe6b7510b762a2dd8,streaming-info,scalar-full-source,1
24427665,CAB-d90fd2b98f9a235b6889b3c41f2728b8,-1461716527643530451,highest-quality,1
24427665,CAB-d90fd2b98f9a235b6889b3c41f2728b8,Avatar_Female_Size02_Remielle_Ramiel_Ani_Hit_H_Back,scalar-full-source,1
24427665,CAB-d90fd2b98f9a235b6889b3c41f2728b8,acl-database-bulk,scalar-full-source,1
24427665,CAB-d90fd2b98f9a235b6889b3c41f2728b8,native-object,scalar-full-source,1
24427665,CAB-d90fd2b98f9a235b6889b3c41f2728b8,streaming-info,scalar-full-source,1
24427665,CAB-dd8b1556f55531aa402da8ef33bb3d48,-366731662513794036,highest-quality,1
24427665,CAB-dd8b1556f55531aa402da8ef33bb3d48,Avatar_Female_Size02_Remielle_Ramiel_Ani_Evade_to_Run_01,scalar-full-source,1
24427665,CAB-dd8b1556f55531aa402da8ef33bb3d48,acl-database-bulk,scalar-full-source,1
24427665,CAB-dd8b1556f55531aa402da8ef33bb3d48,native-object,scalar-full-source,1
24427665,CAB-dd8b1556f55531aa402da8ef33bb3d48,streaming-info,scalar-full-source,1
24427665,CAB-e0cc836d9878c49b403656173d3ad4ac,3555054614603761825,highest-quality,1
24427665,CAB-e0cc836d9878c49b403656173d3ad4ac,Avatar_Female_Size02_Remielle_Ramiel_Ani_Dash_Loop_02,scalar-full-source,1
24427665,CAB-e0cc836d9878c49b403656173d3ad4ac,acl-database-bulk,scalar-full-source,1
24427665,CAB-e0cc836d9878c49b403656173d3ad4ac,native-object,scalar-full-source,1
24427665,CAB-e0cc836d9878c49b403656173d3ad4ac,streaming-info,scalar-full-source,1
24427665,CAB-ea8c2bf3fa2a7e391ad9b0e58d6842b2,3911248316156301007,highest-quality,1
24427665,CAB-ea8c2bf3fa2a7e391ad9b0e58d6842b2,Avatar_Female_Size02_Remielle_Ramiel_Ani_Idle_AFK,scalar-full-source,1
24427665,CAB-ea8c2bf3fa2a7e391ad9b0e58d6842b2,acl-database-bulk,scalar-full-source,1
24427665,CAB-ea8c2bf3fa2a7e391ad9b0e58d6842b2,native-object,scalar-full-source,1
24427665,CAB-ea8c2bf3fa2a7e391ad9b0e58d6842b2,streaming-info,scalar-full-source,1
24427665,CAB-eb2489e62b0b3b6cc7e5ab54afdd1be9,1689256175334503239,highest-quality,1
24427665,CAB-eb2489e62b0b3b6cc7e5ab54afdd1be9,Avatar_Female_Size02_Remielle_Ramiel_Ani_Dash_Start,scalar-full-source,1
24427665,CAB-eb2489e62b0b3b6cc7e5ab54afdd1be9,acl-database-bulk,scalar-full-source,1
24427665,CAB-eb2489e62b0b3b6cc7e5ab54afdd1be9,native-object,scalar-full-source,1
24427665,CAB-eb2489e62b0b3b6cc7e5ab54afdd1be9,streaming-info,scalar-full-source,1
24427665,CAB-ecc2815124ad0cff8e846018923b53f9,-2126184166931190816,highest-quality,1
24427665,CAB-ecc2815124ad0cff8e846018923b53f9,Avatar_Female_Size02_Remielle_Ramiel_Ani_Walk_End,scalar-full-source,1
24427665,CAB-ecc2815124ad0cff8e846018923b53f9,acl-database-bulk,scalar-full-source,1
24427665,CAB-ecc2815124ad0cff8e846018923b53f9,native-object,scalar-full-source,1
24427665,CAB-ecc2815124ad0cff8e846018923b53f9,streaming-info,scalar-full-source,1
24427665,CAB-ed73103d008dd1ea360e7dbeab7781f5,-7572505005604289766,highest-quality,1
24427665,CAB-ed73103d008dd1ea360e7dbeab7781f5,7522915938227069276,highest-quality,1
24427665,CAB-ed73103d008dd1ea360e7dbeab7781f5,Avatar_Female_Size02_Remielle_Ramiel_Ani_Attack_Counter,scalar-full-source,1
24427665,CAB-ed73103d008dd1ea360e7dbeab7781f5,Avatar_Female_Size02_Remielle_Ramiel_Ani_Attack_Counter_End,scalar-full-source,1
24427665,CAB-ed73103d008dd1ea360e7dbeab7781f5,acl-database-bulk,scalar-full-source,2
24427665,CAB-ed73103d008dd1ea360e7dbeab7781f5,native-object,scalar-full-source,2
24427665,CAB-ed73103d008dd1ea360e7dbeab7781f5,streaming-info,scalar-full-source,2
24427665,CAB-f32c73965c51c6a59dcb4df608bc3ee6,-3935912832828085167,highest-quality,1
24427665,CAB-f32c73965c51c6a59dcb4df608bc3ee6,Avatar_Female_Size02_Remielle_Ramiel_Ani_Death,scalar-full-source,1
24427665,CAB-f32c73965c51c6a59dcb4df608bc3ee6,acl-database-bulk,scalar-full-source,1
24427665,CAB-f32c73965c51c6a59dcb4df608bc3ee6,native-object,scalar-full-source,1
24427665,CAB-f32c73965c51c6a59dcb4df608bc3ee6,streaming-info,scalar-full-source,1
24427665,CAB-fbb435fbef9eff693bbdce778c979fc8,-7683797732903750475,highest-quality,1
24427665,CAB-fbb435fbef9eff693bbdce778c979fc8,Avatar_Female_Size02_Remielle_Ramiel_Ani_Dash_End,scalar-full-source,1
24427665,CAB-fbb435fbef9eff693bbdce778c979fc8,acl-database-bulk,scalar-full-source,1
24427665,CAB-fbb435fbef9eff693bbdce778c979fc8,native-object,scalar-full-source,1
24427665,CAB-fbb435fbef9eff693bbdce778c979fc8,streaming-info,scalar-full-source,1
2610841569,CAB-2f046a90429a94efe76223487d692d9c,-4050868662654625245,highest-quality,1
2610841569,CAB-2f046a90429a94efe76223487d692d9c,Avatar_Female_Size02_Remielle_Origin_Ani_AC_Parry_Start,scalar-full-source,1
2610841569,CAB-2f046a90429a94efe76223487d692d9c,acl-database-bulk,scalar-full-source,1
2610841569,CAB-2f046a90429a94efe76223487d692d9c,native-object,scalar-full-source,1
2610841569,CAB-2f046a90429a94efe76223487d692d9c,streaming-info,scalar-full-source,1
2610841569,CAB-3d445de816acf18a0dc25198fea80a1f,4081652107956174172,highest-quality,1
2610841569,CAB-3d445de816acf18a0dc25198fea80a1f,Avatar_Female_Size02_Remielle_Ani_AC_Gliding01_Loop,scalar-full-source,1
2610841569,CAB-3d445de816acf18a0dc25198fea80a1f,acl-database-bulk,scalar-full-source,1
2610841569,CAB-3d445de816acf18a0dc25198fea80a1f,native-object,scalar-full-source,1
2610841569,CAB-3d445de816acf18a0dc25198fea80a1f,streaming-info,scalar-full-source,1
2610841569,CAB-601e5a621ea301ca8efd7e2f6dd3422d,5586574592901943473,highest-quality,1
2610841569,CAB-601e5a621ea301ca8efd7e2f6dd3422d,Avatar_Female_Size02_Remielle_Origin_Ani_AC_Boost_Loop,scalar-full-source,1
2610841569,CAB-601e5a621ea301ca8efd7e2f6dd3422d,acl-database-bulk,scalar-full-source,1
2610841569,CAB-601e5a621ea301ca8efd7e2f6dd3422d,native-object,scalar-full-source,1
2610841569,CAB-601e5a621ea301ca8efd7e2f6dd3422d,streaming-info,scalar-full-source,1
2610841569,CAB-6d11bce2e2ebe73d72053942f75ffea5,-4421204476606405950,highest-quality,1
2610841569,CAB-6d11bce2e2ebe73d72053942f75ffea5,5032552157431355752,highest-quality,1
2610841569,CAB-6d11bce2e2ebe73d72053942f75ffea5,Avatar_Female_Size02_Remielle_Origin_Ani_AC_Parry_B_L,scalar-full-source,1
2610841569,CAB-6d11bce2e2ebe73d72053942f75ffea5,Avatar_Female_Size02_Remielle_Origin_Ani_AC_Parry_B_L_End,scalar-full-source,1
2610841569,CAB-6d11bce2e2ebe73d72053942f75ffea5,acl-database-bulk,scalar-full-source,2
2610841569,CAB-6d11bce2e2ebe73d72053942f75ffea5,native-object,scalar-full-source,2
2610841569,CAB-6d11bce2e2ebe73d72053942f75ffea5,streaming-info,scalar-full-source,2
2610841569,CAB-7d698f00ce0637c53a95dd596c0a3040,-411820385411962245,highest-quality,1
2610841569,CAB-7d698f00ce0637c53a95dd596c0a3040,Avatar_Female_Size02_Remielle_Origin_Ani_AC_Hit_F_R,scalar-full-source,1
2610841569,CAB-7d698f00ce0637c53a95dd596c0a3040,acl-database-bulk,scalar-full-source,1
2610841569,CAB-7d698f00ce0637c53a95dd596c0a3040,native-object,scalar-full-source,1
2610841569,CAB-7d698f00ce0637c53a95dd596c0a3040,streaming-info,scalar-full-source,1
2610841569,CAB-964265b72d94f57a0f60c5189c45839c,8651231539738646909,highest-quality,1
2610841569,CAB-964265b72d94f57a0f60c5189c45839c,Avatar_Female_Size02_Remielle_Ani_AC_TurnLeft_Loop,scalar-full-source,1
2610841569,CAB-964265b72d94f57a0f60c5189c45839c,acl-database-bulk,scalar-full-source,1
2610841569,CAB-964265b72d94f57a0f60c5189c45839c,native-object,scalar-full-source,1
2610841569,CAB-964265b72d94f57a0f60c5189c45839c,streaming-info,scalar-full-source,1
2610841569,CAB-c33dfb09f70c9b9a6323cbc5cea54e33,-8255307485684559138,highest-quality,1
2610841569,CAB-c33dfb09f70c9b9a6323cbc5cea54e33,Avatar_Female_Size02_Remielle_Origin_Ani_AC_Boost_R_Start,scalar-full-source,1
2610841569,CAB-c33dfb09f70c9b9a6323cbc5cea54e33,acl-database-bulk,scalar-full-source,1
2610841569,CAB-c33dfb09f70c9b9a6323cbc5cea54e33,native-object,scalar-full-source,1
2610841569,CAB-c33dfb09f70c9b9a6323cbc5cea54e33,streaming-info,scalar-full-source,1
2610841569,CAB-dde6ea269dd6ca00ed59810c548dbcc9,-912985863855289716,highest-quality,1
2610841569,CAB-dde6ea269dd6ca00ed59810c548dbcc9,Avatar_Female_Size02_Remielle_Ani_AC_TurnRight_Loop,scalar-full-source,1
2610841569,CAB-dde6ea269dd6ca00ed59810c548dbcc9,acl-database-bulk,scalar-full-source,1
2610841569,CAB-dde6ea269dd6ca00ed59810c548dbcc9,native-object,scalar-full-source,1
2610841569,CAB-dde6ea269dd6ca00ed59810c548dbcc9,streaming-info,scalar-full-source,1
2628649539,CAB-1893c7216097f16e67ca22228a1b7717,Eff_RemielleOrigin_Attack_ExQTE_Start_36_Wind,scalar-full-source|standalone-native,2
2628649539,CAB-1893c7216097f16e67ca22228a1b7717,native-object,scalar-full-source,1
2628649539,CAB-2988e5c7b61d4e229d008758003eee1a,Eff_RemielleOrigin_Attack_ExSpecial_10_Trail,scalar-full-source|standalone-native,2
2628649539,CAB-2988e5c7b61d4e229d008758003eee1a,native-object,scalar-full-source,1
2628649539,CAB-2e51fa9605a481767a87bc33b5d1b24e,Eff_RemielleOrigin_Attack_Normal_04_04_Trail,scalar-full-source|standalone-native,2
2628649539,CAB-2e51fa9605a481767a87bc33b5d1b24e,native-object,scalar-full-source,1
2628649539,CAB-35c42486ad0468a8125ac4f60bf09e29,Eff_RemielleOrigin_SwitchIn_Attack_Ex_Start_02_Glow,scalar-full-source|standalone-native,2
2628649539,CAB-35c42486ad0468a8125ac4f60bf09e29,native-object,scalar-full-source,1
2628649539,CAB-469bb140dddfc9f777123d363e1b8cc2,Eff_RemielleOrigin_Attack_ExQTE_Start_39_Wind,scalar-full-source|standalone-native,2
2628649539,CAB-469bb140dddfc9f777123d363e1b8cc2,native-object,scalar-full-source,1
2628649539,CAB-4d20324ad6491c133fb93dc3e610b23b,Eff_RemielleOrigin_Attack_ExSpecial_23_Trail,scalar-full-source|standalone-native,2
2628649539,CAB-4d20324ad6491c133fb93dc3e610b23b,native-object,scalar-full-source,1
2628649539,CAB-5e105c8498533f279cba05a64cda0b2f,Eff_RemielleOrigin_Attack_ExQTE_Start_33_Trail,scalar-full-source|standalone-native,2
2628649539,CAB-5e105c8498533f279cba05a64cda0b2f,native-object,scalar-full-source,1
2628649539,CAB-6b888d658688f7e7c76f91d55b1b64e5,Eff_RemielleOrigin_Attack_ExQTE_Start_24_Aura,scalar-full-source|standalone-native,2
2628649539,CAB-6b888d658688f7e7c76f91d55b1b64e5,native-object,scalar-full-source,1
2628649539,CAB-6cffaf02172fb3627464caaf2a4868f7,Eff_RemielleOrigin_Attack_ExSpecial_33_Dust,scalar-full-source|standalone-native,2
2628649539,CAB-6cffaf02172fb3627464caaf2a4868f7,native-object,scalar-full-source,1
2628649539,CAB-7cd01990e4c2d6efffef8da58974970e,Eff_RemielleOrigin_Attack_ExQTE_Start_32_Trail,scalar-full-source|standalone-native,2
2628649539,CAB-7cd01990e4c2d6efffef8da58974970e,native-object,scalar-full-source,1
2628649539,CAB-8e843d253c5a2b788d9c5a4907eeec64,Eff_RemielleOrigin_Attack_ExQTE_Start_43_Line,scalar-full-source|standalone-native,2
2628649539,CAB-8e843d253c5a2b788d9c5a4907eeec64,native-object,scalar-full-source,1
2628649539,CAB-96c10946d350313000e6bfcc57c63560,Eff_RemielleOrigin_Attack_ExQTE_Start_34_Flash,scalar-full-source|standalone-native,2
2628649539,CAB-96c10946d350313000e6bfcc57c63560,native-object,scalar-full-source,1
2628649539,CAB-ae9873df44c0867e7066a45b9f9dbbc1,Eff_RemielleOrigin_Attack_ExSpecial_24_Trail,scalar-full-source|standalone-native,2
2628649539,CAB-ae9873df44c0867e7066a45b9f9dbbc1,native-object,scalar-full-source,1
2628649539,CAB-b3ed84f77ab92569d5fd5d3e651efdde,Eff_RemielleOrigin_SwitchIn_Attack_Ex_Start_23_Aura,scalar-full-source|standalone-native,2
2628649539,CAB-b3ed84f77ab92569d5fd5d3e651efdde,native-object,scalar-full-source,1
2628649539,CAB-b6e0cdfc5ed7ad6da31aa1dd6d7f1df3,Eff_RemielleOrigin_Attack_ExQTE_Start_40_Wind,scalar-full-source|standalone-native,2
2628649539,CAB-b6e0cdfc5ed7ad6da31aa1dd6d7f1df3,native-object,scalar-full-source,1
2628649539,CAB-c01234435ae6754b19e4ba1167118dfc,Eff_RemielleOrigin_Attack_ExSpecial_07_Trail,scalar-full-source|standalone-native,2
2628649539,CAB-c01234435ae6754b19e4ba1167118dfc,native-object,scalar-full-source,1
2628649539,CAB-e94afef84db973c5a6f119a9fd59c90e,Eff_RemielleOrigin_Attack_ExQTE_Start_41_Wind,scalar-full-source|standalone-native,2
2628649539,CAB-e94afef84db973c5a6f119a9fd59c90e,native-object,scalar-full-source,1
2644159928,CAB-21ac22c6737426f9c39e444f6f0e50de,-7694202204963503413,highest-quality,1
2644159928,CAB-21ac22c6737426f9c39e444f6f0e50de,8561267113550060042,highest-quality,1
2644159928,CAB-21ac22c6737426f9c39e444f6f0e50de,Avatar_Female_Size02_Remielle_Origin_Ani_Skill02_AirState_Back,scalar-full-source,1
2644159928,CAB-21ac22c6737426f9c39e444f6f0e50de,Avatar_Female_Size02_Remielle_Origin_Default_Ani_Skill02_AirState_Back,scalar-full-source,1
2644159928,CAB-21ac22c6737426f9c39e444f6f0e50de,acl-database-bulk,scalar-full-source,2
2644159928,CAB-21ac22c6737426f9c39e444f6f0e50de,native-object,scalar-full-source,2
2644159928,CAB-21ac22c6737426f9c39e444f6f0e50de,streaming-info,scalar-full-source,2
2644159928,CAB-23dc2aff50dcc333b62e75a00b19f44e,-4075304502098626112,highest-quality,1
2644159928,CAB-23dc2aff50dcc333b62e75a00b19f44e,-4558440314496780126,highest-quality,1
2644159928,CAB-23dc2aff50dcc333b62e75a00b19f44e,-5692307621512276811,highest-quality,1
2644159928,CAB-23dc2aff50dcc333b62e75a00b19f44e,7402350476341619544,highest-quality,1
2644159928,CAB-23dc2aff50dcc333b62e75a00b19f44e,Avatar_Female_Size02_Remielle_Origin_Ani_Attack_Rush,scalar-full-source,1
2644159928,CAB-23dc2aff50dcc333b62e75a00b19f44e,Avatar_Female_Size02_Remielle_Origin_Ani_Attack_Rush_End,scalar-full-source,1
2644159928,CAB-23dc2aff50dcc333b62e75a00b19f44e,Avatar_Female_Size02_Remielle_Origin_Default_Ani_Attack_Rush,scalar-full-source,1
2644159928,CAB-23dc2aff50dcc333b62e75a00b19f44e,Avatar_Female_Size02_Remielle_Origin_Default_Ani_Attack_Rush_End,scalar-full-source,1
2644159928,CAB-23dc2aff50dcc333b62e75a00b19f44e,acl-database-bulk,scalar-full-source,4
2644159928,CAB-23dc2aff50dcc333b62e75a00b19f44e,native-object,scalar-full-source,4
2644159928,CAB-23dc2aff50dcc333b62e75a00b19f44e,streaming-info,scalar-full-source,4
2644159928,CAB-2f1484948498c25d28dc4cd394c07627,-2783953787026959017,highest-quality,1
2644159928,CAB-2f1484948498c25d28dc4cd394c07627,-5535912060542682862,highest-quality,1
2644159928,CAB-2f1484948498c25d28dc4cd394c07627,125864610036234915,highest-quality,1
2644159928,CAB-2f1484948498c25d28dc4cd394c07627,9027952041783912923,highest-quality,1
2644159928,CAB-2f1484948498c25d28dc4cd394c07627,Avatar_Female_Size02_Remielle_Origin_Ani_Attack_ParryAid_H,scalar-full-source,1
2644159928,CAB-2f1484948498c25d28dc4cd394c07627,Avatar_Female_Size02_Remielle_Origin_Ani_Attack_ParryAid_H_End,scalar-full-source,1
2644159928,CAB-2f1484948498c25d28dc4cd394c07627,Avatar_Female_Size02_Remielle_Origin_Default_Ani_Attack_ParryAid_H,scalar-full-source,1
2644159928,CAB-2f1484948498c25d28dc4cd394c07627,Avatar_Female_Size02_Remielle_Origin_Default_Ani_Attack_ParryAid_H_End,scalar-full-source,1
2644159928,CAB-2f1484948498c25d28dc4cd394c07627,acl-database-bulk,scalar-full-source,4
2644159928,CAB-2f1484948498c25d28dc4cd394c07627,native-object,scalar-full-source,4
2644159928,CAB-2f1484948498c25d28dc4cd394c07627,streaming-info,scalar-full-source,4
2644159928,CAB-4acab430bbfe5bd8c384671b77382613,4185212377489378288,highest-quality,1
2644159928,CAB-4acab430bbfe5bd8c384671b77382613,4371563076846693618,highest-quality,1
2644159928,CAB-4acab430bbfe5bd8c384671b77382613,Avatar_Female_Size02_Remielle_Origin_Ani_Idle_AirState_Front_Loop,scalar-full-source,1
2644159928,CAB-4acab430bbfe5bd8c384671b77382613,Avatar_Female_Size02_Remielle_Origin_Default_Ani_Idle_AirState_Front_Loop,scalar-full-source,1
2644159928,CAB-4acab430bbfe5bd8c384671b77382613,acl-database-bulk,scalar-full-source,2
2644159928,CAB-4acab430bbfe5bd8c384671b77382613,native-object,scalar-full-source,2
2644159928,CAB-4acab430bbfe5bd8c384671b77382613,streaming-info,scalar-full-source,2
2644159928,CAB-551d7d2611f6e6559c0554b8ea0550c2,-2268502237340574546,highest-quality,1
2644159928,CAB-551d7d2611f6e6559c0554b8ea0550c2,4544877087024896898,highest-quality,1
2644159928,CAB-551d7d2611f6e6559c0554b8ea0550c2,Avatar_Female_Size02_Remielle_Origin_Ani_Idle_AFK,scalar-full-source,1
2644159928,CAB-551d7d2611f6e6559c0554b8ea0550c2,Avatar_Female_Size02_Remielle_Origin_Default_Ani_Idle_AFK,scalar-full-source,1
2644159928,CAB-551d7d2611f6e6559c0554b8ea0550c2,acl-database-bulk,scalar-full-source,2
2644159928,CAB-551d7d2611f6e6559c0554b8ea0550c2,native-object,scalar-full-source,2
2644159928,CAB-551d7d2611f6e6559c0554b8ea0550c2,streaming-info,scalar-full-source,2
2644159928,CAB-c4f8350472212923ad4c63900277324e,-7770143892294656706,highest-quality,1
2644159928,CAB-c4f8350472212923ad4c63900277324e,6127760193621929348,highest-quality,1
2644159928,CAB-c4f8350472212923ad4c63900277324e,Avatar_Female_Size02_Remielle_Origin_Ani_Dash_End,scalar-full-source,1
2644159928,CAB-c4f8350472212923ad4c63900277324e,Avatar_Female_Size02_Remielle_Origin_Default_Ani_Dash_End,scalar-full-source,1
2644159928,CAB-c4f8350472212923ad4c63900277324e,acl-database-bulk,scalar-full-source,2
2644159928,CAB-c4f8350472212923ad4c63900277324e,native-object,scalar-full-source,2
2644159928,CAB-c4f8350472212923ad4c63900277324e,streaming-info,scalar-full-source,2
2748134067,CAB-330bd96e19b96949e0b97c05a2ed7bef,2376275663948915350,highest-quality,1
2748134067,CAB-330bd96e19b96949e0b97c05a2ed7bef,3470092491637655077,highest-quality,1
2748134067,CAB-330bd96e19b96949e0b97c05a2ed7bef,Avatar_Female_Size02_Remielle_Origin_Ani_UI_S1toD,scalar-full-source,1
2748134067,CAB-330bd96e19b96949e0b97c05a2ed7bef,Avatar_Female_Size02_Remielle_Origin_Default_Ani_UI_S1toD,scalar-full-source,1
2748134067,CAB-330bd96e19b96949e0b97c05a2ed7bef,acl-database-bulk,scalar-full-source,2
2748134067,CAB-330bd96e19b96949e0b97c05a2ed7bef,native-object,scalar-full-source,2
2748134067,CAB-330bd96e19b96949e0b97c05a2ed7bef,streaming-info,scalar-full-source,2
2748134067,CAB-4294b85318c921ad883ebec57aab8813,-5303941321250447542,highest-quality,1
2748134067,CAB-4294b85318c921ad883ebec57aab8813,9148289748416344275,highest-quality,1
2748134067,CAB-4294b85318c921ad883ebec57aab8813,Avatar_Female_Size02_Remielle_Origin_Ani_Gal_Special_End,scalar-full-source,1
2748134067,CAB-4294b85318c921ad883ebec57aab8813,Avatar_Female_Size02_Remielle_Origin_Default_Ani_Gal_Special_End,scalar-full-source,1
2748134067,CAB-4294b85318c921ad883ebec57aab8813,acl-database-bulk,scalar-full-source,2
2748134067,CAB-4294b85318c921ad883ebec57aab8813,native-object,scalar-full-source,2
2748134067,CAB-4294b85318c921ad883ebec57aab8813,streaming-info,scalar-full-source,2
2748134067,CAB-4c326020d1d3fe61acc918c5faf5dbfe,6375502065745835586,highest-quality,1
2748134067,CAB-4c326020d1d3fe61acc918c5faf5dbfe,8688461633297944011,highest-quality,1
2748134067,CAB-4c326020d1d3fe61acc918c5faf5dbfe,Avatar_Female_Size02_Remielle_Origin_Ani_UI_DtoS1,scalar-full-source,1
2748134067,CAB-4c326020d1d3fe61acc918c5faf5dbfe,Avatar_Female_Size02_Remielle_Origin_Default_Ani_UI_DtoS1,scalar-full-source,1
2748134067,CAB-4c326020d1d3fe61acc918c5faf5dbfe,acl-database-bulk,scalar-full-source,2
2748134067,CAB-4c326020d1d3fe61acc918c5faf5dbfe,native-object,scalar-full-source,2
2748134067,CAB-4c326020d1d3fe61acc918c5faf5dbfe,streaming-info,scalar-full-source,2
2748134067,CAB-4f8b83f6a49b94175bb6d9a90a2080bd,-2199317863621238853,highest-quality,1
2748134067,CAB-4f8b83f6a49b94175bb6d9a90a2080bd,5915069463550688119,highest-quality,1
2748134067,CAB-4f8b83f6a49b94175bb6d9a90a2080bd,Avatar_Female_Size02_Remielle_Origin_Ani_UI_EtoD,scalar-full-source,1
2748134067,CAB-4f8b83f6a49b94175bb6d9a90a2080bd,Avatar_Female_Size02_Remielle_Origin_Default_Ani_UI_EtoD,scalar-full-source,1
2748134067,CAB-4f8b83f6a49b94175bb6d9a90a2080bd,acl-database-bulk,scalar-full-source,2
2748134067,CAB-4f8b83f6a49b94175bb6d9a90a2080bd,native-object,scalar-full-source,2
2748134067,CAB-4f8b83f6a49b94175bb6d9a90a2080bd,streaming-info,scalar-full-source,2
2748134067,CAB-72ea75fbc9c7c8e99dfee30966e728cd,-3988673591889696710,highest-quality,1
2748134067,CAB-72ea75fbc9c7c8e99dfee30966e728cd,3043360334043733254,highest-quality,1
2748134067,CAB-72ea75fbc9c7c8e99dfee30966e728cd,Avatar_Female_Size02_Remielle_Origin_Ani_Gal_Happy_Start,scalar-full-source,1
2748134067,CAB-72ea75fbc9c7c8e99dfee30966e728cd,Avatar_Female_Size02_Remielle_Origin_Default_Ani_Gal_Happy_Start,scalar-full-source,1
2748134067,CAB-72ea75fbc9c7c8e99dfee30966e728cd,acl-database-bulk,scalar-full-source,2
2748134067,CAB-72ea75fbc9c7c8e99dfee30966e728cd,native-object,scalar-full-source,2
2748134067,CAB-72ea75fbc9c7c8e99dfee30966e728cd,streaming-info,scalar-full-source,2
2748134067,CAB-862044e831a368a0200f79bc21f0da2e,-335224074298200128,highest-quality,1
2748134067,CAB-862044e831a368a0200f79bc21f0da2e,8347992638833308850,highest-quality,1
2748134067,CAB-862044e831a368a0200f79bc21f0da2e,Avatar_Female_Size02_Remielle_Origin_Ani_UI_CharSel_Loop,scalar-full-source,1
2748134067,CAB-862044e831a368a0200f79bc21f0da2e,Avatar_Female_Size02_Remielle_Origin_Default_Ani_UI_CharSel_Loop,scalar-full-source,1
2748134067,CAB-862044e831a368a0200f79bc21f0da2e,acl-database-bulk,scalar-full-source,2
2748134067,CAB-862044e831a368a0200f79bc21f0da2e,native-object,scalar-full-source,2
2748134067,CAB-862044e831a368a0200f79bc21f0da2e,streaming-info,scalar-full-source,2
2748134067,CAB-8f25f35c718bd3f8a95fa36f7b383ca6,-2903405303067937652,highest-quality,1
2748134067,CAB-8f25f35c718bd3f8a95fa36f7b383ca6,-8093300031105704675,highest-quality,1
2748134067,CAB-8f25f35c718bd3f8a95fa36f7b383ca6,Avatar_Female_Size02_Remielle_Origin_Ani_UI_DtoE,scalar-full-source,1
2748134067,CAB-8f25f35c718bd3f8a95fa36f7b383ca6,Avatar_Female_Size02_Remielle_Origin_Default_Ani_UI_DtoE,scalar-full-source,1
2748134067,CAB-8f25f35c718bd3f8a95fa36f7b383ca6,acl-database-bulk,scalar-full-source,2
2748134067,CAB-8f25f35c718bd3f8a95fa36f7b383ca6,native-object,scalar-full-source,2
2748134067,CAB-8f25f35c718bd3f8a95fa36f7b383ca6,streaming-info,scalar-full-source,2
2748134067,CAB-a4184ef1a7e5ec75129dfea901d4e282,-7723608569424909613,highest-quality,1
2748134067,CAB-a4184ef1a7e5ec75129dfea901d4e282,6758021922457709705,highest-quality,1
2748134067,CAB-a4184ef1a7e5ec75129dfea901d4e282,Avatar_Female_Size02_Remielle_Origin_Ani_Gal_Special_Loop,scalar-full-source,1
2748134067,CAB-a4184ef1a7e5ec75129dfea901d4e282,Avatar_Female_Size02_Remielle_Origin_Default_Ani_Gal_Special_Loop,scalar-full-source,1
2748134067,CAB-a4184ef1a7e5ec75129dfea901d4e282,acl-database-bulk,scalar-full-source,2
2748134067,CAB-a4184ef1a7e5ec75129dfea901d4e282,native-object,scalar-full-source,2
2748134067,CAB-a4184ef1a7e5ec75129dfea901d4e282,streaming-info,scalar-full-source,2
2748134067,CAB-d77415a594af7c627f07c9786086ce9b,-5613997075032444129,highest-quality,1
2748134067,CAB-d77415a594af7c627f07c9786086ce9b,6861209878391516454,highest-quality,1
2748134067,CAB-d77415a594af7c627f07c9786086ce9b,Avatar_Female_Size02_Remielle_Origin_Ani_Gal_Sad_Loop,scalar-full-source,1
2748134067,CAB-d77415a594af7c627f07c9786086ce9b,Avatar_Female_Size02_Remielle_Origin_Default_Ani_Gal_Sad_Loop,scalar-full-source,1
2748134067,CAB-d77415a594af7c627f07c9786086ce9b,acl-database-bulk,scalar-full-source,2
2748134067,CAB-d77415a594af7c627f07c9786086ce9b,native-object,scalar-full-source,2
2748134067,CAB-d77415a594af7c627f07c9786086ce9b,streaming-info,scalar-full-source,2
2748134067,CAB-d7e8a5de1954691b39f6fabb014a5ff9,-8708365642548453787,highest-quality,1
2748134067,CAB-d7e8a5de1954691b39f6fabb014a5ff9,8724263261004016611,highest-quality,1
2748134067,CAB-d7e8a5de1954691b39f6fabb014a5ff9,Avatar_Female_Size02_Remielle_Origin_Ani_Gal_Think_End,scalar-full-source,1
2748134067,CAB-d7e8a5de1954691b39f6fabb014a5ff9,Avatar_Female_Size02_Remielle_Origin_Default_Ani_Gal_Think_End,scalar-full-source,1
2748134067,CAB-d7e8a5de1954691b39f6fabb014a5ff9,acl-database-bulk,scalar-full-source,2
2748134067,CAB-d7e8a5de1954691b39f6fabb014a5ff9,native-object,scalar-full-source,2
2748134067,CAB-d7e8a5de1954691b39f6fabb014a5ff9,streaming-info,scalar-full-source,2
2748134067,CAB-e41346e5c938a302fa0bc88d72422886,-8444402439724907689,highest-quality,1
2748134067,CAB-e41346e5c938a302fa0bc88d72422886,3783783322442903623,highest-quality,1
2748134067,CAB-e41346e5c938a302fa0bc88d72422886,Avatar_Female_Size02_Remielle_Origin_Ani_Gal_Shy_Start,scalar-full-source,1
2748134067,CAB-e41346e5c938a302fa0bc88d72422886,Avatar_Female_Size02_Remielle_Origin_Default_Ani_Gal_Shy_Start,scalar-full-source,1
2748134067,CAB-e41346e5c938a302fa0bc88d72422886,acl-database-bulk,scalar-full-source,2
2748134067,CAB-e41346e5c938a302fa0bc88d72422886,native-object,scalar-full-source,2
2748134067,CAB-e41346e5c938a302fa0bc88d72422886,streaming-info,scalar-full-source,2
276809377,CAB-4209dbd24594d51d0fef06627bfab17e,-332086741542394480,highest-quality,1
276809377,CAB-4209dbd24594d51d0fef06627bfab17e,Avatar_Female_Size02_Remielle_Ramiel_Ani_MC_Pose01,scalar-full-source,1
276809377,CAB-4209dbd24594d51d0fef06627bfab17e,acl-database-bulk,scalar-full-source,1
276809377,CAB-4209dbd24594d51d0fef06627bfab17e,native-object,scalar-full-source,1
276809377,CAB-4209dbd24594d51d0fef06627bfab17e,streaming-info,scalar-full-source,1
2807369310,CAB-0c3d9fa0c1570b1ea8cfa3d77f3d98da,1900861627129385279,highest-quality,1
2807369310,CAB-0c3d9fa0c1570b1ea8cfa3d77f3d98da,3285505837938321565,highest-quality,1
2807369310,CAB-0c3d9fa0c1570b1ea8cfa3d77f3d98da,Avatar_Female_Size02_Remielle_Origin_Ani_Move_B_AirFront_Loop,scalar-full-source,1
2807369310,CAB-0c3d9fa0c1570b1ea8cfa3d77f3d98da,Avatar_Female_Size02_Remielle_Origin_Default_Ani_Move_B_AirFront_Loop,scalar-full-source,1
2807369310,CAB-0c3d9fa0c1570b1ea8cfa3d77f3d98da,acl-database-bulk,scalar-full-source,2
2807369310,CAB-0c3d9fa0c1570b1ea8cfa3d77f3d98da,native-object,scalar-full-source,2
2807369310,CAB-0c3d9fa0c1570b1ea8cfa3d77f3d98da,streaming-info,scalar-full-source,2
2807369310,CAB-1457f717633135624967a8f27090cb2c,-1625501374979292177,highest-quality,1
2807369310,CAB-1457f717633135624967a8f27090cb2c,-4230994524757763857,highest-quality,1
2807369310,CAB-1457f717633135624967a8f27090cb2c,Avatar_Female_Size02_Remielle_Origin_Ani_Death,scalar-full-source,1
2807369310,CAB-1457f717633135624967a8f27090cb2c,Avatar_Female_Size02_Remielle_Origin_Default_Ani_Death,scalar-full-source,1
2807369310,CAB-1457f717633135624967a8f27090cb2c,acl-database-bulk,scalar-full-source,2
2807369310,CAB-1457f717633135624967a8f27090cb2c,native-object,scalar-full-source,2
2807369310,CAB-1457f717633135624967a8f27090cb2c,streaming-info,scalar-full-source,2
2807369310,CAB-6164a4315dcc4fbe46999f7275e621f5,-5965870032294423472,highest-quality,1
2807369310,CAB-6164a4315dcc4fbe46999f7275e621f5,5202439334842570661,highest-quality,1
2807369310,CAB-6164a4315dcc4fbe46999f7275e621f5,Avatar_Female_Size02_Remielle_Origin_Ani_SwitchIn_Normal,scalar-full-source,1
2807369310,CAB-6164a4315dcc4fbe46999f7275e621f5,Avatar_Female_Size02_Remielle_Origin_Default_Ani_SwitchIn_Normal,scalar-full-source,1
2807369310,CAB-6164a4315dcc4fbe46999f7275e621f5,acl-database-bulk,scalar-full-source,2
2807369310,CAB-6164a4315dcc4fbe46999f7275e621f5,native-object,scalar-full-source,2
2807369310,CAB-6164a4315dcc4fbe46999f7275e621f5,streaming-info,scalar-full-source,2
2807369310,CAB-6f9dab0b9eba9a6f9a37f015b82ea76d,-2133638675397463678,highest-quality,1
2807369310,CAB-6f9dab0b9eba9a6f9a37f015b82ea76d,-2991822547410715265,highest-quality,1
2807369310,CAB-6f9dab0b9eba9a6f9a37f015b82ea76d,Avatar_Female_Size02_Remielle_Origin_Ani_Dash_Loop_02,scalar-full-source,1
2807369310,CAB-6f9dab0b9eba9a6f9a37f015b82ea76d,Avatar_Female_Size02_Remielle_Origin_Default_Ani_Dash_Loop_02,scalar-full-source,1
2807369310,CAB-6f9dab0b9eba9a6f9a37f015b82ea76d,acl-database-bulk,scalar-full-source,2
2807369310,CAB-6f9dab0b9eba9a6f9a37f015b82ea76d,native-object,scalar-full-source,2
2807369310,CAB-6f9dab0b9eba9a6f9a37f015b82ea76d,streaming-info,scalar-full-source,2
2807369310,CAB-9d341d5f113b1b9a0ae9a2f40d39de0f,-170374608244475741,highest-quality,1
2807369310,CAB-9d341d5f113b1b9a0ae9a2f40d39de0f,1246260342542111871,highest-quality,1
2807369310,CAB-9d341d5f113b1b9a0ae9a2f40d39de0f,Avatar_Female_Size02_Remielle_Origin_Ani_Skill01_AirState_Back,scalar-full-source,1
2807369310,CAB-9d341d5f113b1b9a0ae9a2f40d39de0f,Avatar_Female_Size02_Remielle_Origin_Default_Ani_Skill01_AirState_Back,scalar-full-source,1
2807369310,CAB-9d341d5f113b1b9a0ae9a2f40d39de0f,acl-database-bulk,scalar-full-source,2
2807369310,CAB-9d341d5f113b1b9a0ae9a2f40d39de0f,native-object,scalar-full-source,2
2807369310,CAB-9d341d5f113b1b9a0ae9a2f40d39de0f,streaming-info,scalar-full-source,2
2807369310,CAB-b4bacb1509800f0dff18da91d92b6bfc,-1388953945476561310,highest-quality,1
2807369310,CAB-b4bacb1509800f0dff18da91d92b6bfc,7794289617578359175,highest-quality,1
2807369310,CAB-b4bacb1509800f0dff18da91d92b6bfc,Avatar_Female_Size02_Remielle_Origin_Ani_Skill02_AirState_Front,scalar-full-source,1
2807369310,CAB-b4bacb1509800f0dff18da91d92b6bfc,Avatar_Female_Size02_Remielle_Origin_Default_Ani_Skill02_AirState_Front,scalar-full-source,1
2807369310,CAB-b4bacb1509800f0dff18da91d92b6bfc,acl-database-bulk,scalar-full-source,2
2807369310,CAB-b4bacb1509800f0dff18da91d92b6bfc,native-object,scalar-full-source,2
2807369310,CAB-b4bacb1509800f0dff18da91d92b6bfc,streaming-info,scalar-full-source,2
2807369310,CAB-c067dd7149b715a360f59abe904d4bb8,-5533697887755551621,highest-quality,1
2807369310,CAB-c067dd7149b715a360f59abe904d4bb8,-7632857373395281906,highest-quality,1
2807369310,CAB-c067dd7149b715a360f59abe904d4bb8,3822496042948580805,highest-quality,1
2807369310,CAB-c067dd7149b715a360f59abe904d4bb8,809512117277142328,highest-quality,1
2807369310,CAB-c067dd7149b715a360f59abe904d4bb8,Avatar_Female_Size02_Remielle_Origin_Ani_Attack_AssaultAid,scalar-full-source,1
2807369310,CAB-c067dd7149b715a360f59abe904d4bb8,Avatar_Female_Size02_Remielle_Origin_Ani_Attack_AssaultAid_End,scalar-full-source,1
2807369310,CAB-c067dd7149b715a360f59abe904d4bb8,Avatar_Female_Size02_Remielle_Origin_Default_Ani_Attack_AssaultAid,scalar-full-source,1
2807369310,CAB-c067dd7149b715a360f59abe904d4bb8,Avatar_Female_Size02_Remielle_Origin_Default_Ani_Attack_AssaultAid_End,scalar-full-source,1
2807369310,CAB-c067dd7149b715a360f59abe904d4bb8,acl-database-bulk,scalar-full-source,4
2807369310,CAB-c067dd7149b715a360f59abe904d4bb8,native-object,scalar-full-source,4
2807369310,CAB-c067dd7149b715a360f59abe904d4bb8,streaming-info,scalar-full-source,4
2807369310,CAB-c86b68f260025e9ed1686b85e305ac55,-2636976124880508438,highest-quality,1
2807369310,CAB-c86b68f260025e9ed1686b85e305ac55,608492243804315801,highest-quality,1
2807369310,CAB-c86b68f260025e9ed1686b85e305ac55,Avatar_Female_Size02_Remielle_Origin_Ani_Attack_ChangeState,scalar-full-source,1
2807369310,CAB-c86b68f260025e9ed1686b85e305ac55,Avatar_Female_Size02_Remielle_Origin_Default_Ani_Attack_ChangeState,scalar-full-source,1
2807369310,CAB-c86b68f260025e9ed1686b85e305ac55,acl-database-bulk,scalar-full-source,2
2807369310,CAB-c86b68f260025e9ed1686b85e305ac55,native-object,scalar-full-source,2
2807369310,CAB-c86b68f260025e9ed1686b85e305ac55,streaming-info,scalar-full-source,2
2807369310,CAB-db435b080d88577d5eda3034f73da441,-5309517271134006713,highest-quality,1
2807369310,CAB-db435b080d88577d5eda3034f73da441,743527128666011645,highest-quality,1
2807369310,CAB-db435b080d88577d5eda3034f73da441,Avatar_Female_Size02_Remielle_Origin_Ani_Skill04_AirState_Front,scalar-full-source,1
2807369310,CAB-db435b080d88577d5eda3034f73da441,Avatar_Female_Size02_Remielle_Origin_Default_Ani_Skill04_AirState_Front,scalar-full-source,1
2807369310,CAB-db435b080d88577d5eda3034f73da441,acl-database-bulk,scalar-full-source,2
2807369310,CAB-db435b080d88577d5eda3034f73da441,native-object,scalar-full-source,2
2807369310,CAB-db435b080d88577d5eda3034f73da441,streaming-info,scalar-full-source,2
2849370921,CAB-073241c3afb1cf09196537b9c86a4f73,-795180483755165137,highest-quality,1
2849370921,CAB-073241c3afb1cf09196537b9c86a4f73,4067532883802985578,highest-quality,1
2849370921,CAB-073241c3afb1cf09196537b9c86a4f73,Avatar_Female_Size02_Remielle_Origin_Ani_UI_Skill_01,scalar-full-source,1
2849370921,CAB-073241c3afb1cf09196537b9c86a4f73,Avatar_Female_Size02_Remielle_Origin_Default_Ani_UI_Skill_01,scalar-full-source,1
2849370921,CAB-073241c3afb1cf09196537b9c86a4f73,acl-database-bulk,scalar-full-source,2
2849370921,CAB-073241c3afb1cf09196537b9c86a4f73,native-object,scalar-full-source,2
2849370921,CAB-073241c3afb1cf09196537b9c86a4f73,streaming-info,scalar-full-source,2
2849370921,CAB-0b0ed66386aafdfb0826e7680888c52b,-5431015789700717656,highest-quality,1
2849370921,CAB-0b0ed66386aafdfb0826e7680888c52b,1963851513910256248,highest-quality,1
2849370921,CAB-0b0ed66386aafdfb0826e7680888c52b,Avatar_Female_Size02_Remielle_Origin_Ani_Gal_Angry_End,scalar-full-source,1
2849370921,CAB-0b0ed66386aafdfb0826e7680888c52b,Avatar_Female_Size02_Remielle_Origin_Default_Ani_Gal_Angry_End,scalar-full-source,1
2849370921,CAB-0b0ed66386aafdfb0826e7680888c52b,acl-database-bulk,scalar-full-source,2
2849370921,CAB-0b0ed66386aafdfb0826e7680888c52b,native-object,scalar-full-source,2
2849370921,CAB-0b0ed66386aafdfb0826e7680888c52b,streaming-info,scalar-full-source,2
2849370921,CAB-33c8ecd840635007d9743bd6853ac9d3,4477968536301666669,highest-quality,1
2849370921,CAB-33c8ecd840635007d9743bd6853ac9d3,4895482447231859671,highest-quality,1
2849370921,CAB-33c8ecd840635007d9743bd6853ac9d3,Avatar_Female_Size02_Remielle_Origin_Ani_Gal_Angry_Start,scalar-full-source,1
2849370921,CAB-33c8ecd840635007d9743bd6853ac9d3,Avatar_Female_Size02_Remielle_Origin_Default_Ani_Gal_Angry_Start,scalar-full-source,1
2849370921,CAB-33c8ecd840635007d9743bd6853ac9d3,acl-database-bulk,scalar-full-source,2
2849370921,CAB-33c8ecd840635007d9743bd6853ac9d3,native-object,scalar-full-source,2
2849370921,CAB-33c8ecd840635007d9743bd6853ac9d3,streaming-info,scalar-full-source,2
2849370921,CAB-3dd93f2ee0affa84eb20ea36d21e2bb6,4308733596837719041,highest-quality,1
2849370921,CAB-3dd93f2ee0affa84eb20ea36d21e2bb6,88525121001536157,highest-quality,1
2849370921,CAB-3dd93f2ee0affa84eb20ea36d21e2bb6,Avatar_Female_Size02_Remielle_Origin_Ani_Gal_Sad_Start,scalar-full-source,1
2849370921,CAB-3dd93f2ee0affa84eb20ea36d21e2bb6,Avatar_Female_Size02_Remielle_Origin_Default_Ani_Gal_Sad_Start,scalar-full-source,1
2849370921,CAB-3dd93f2ee0affa84eb20ea36d21e2bb6,acl-database-bulk,scalar-full-source,2
2849370921,CAB-3dd93f2ee0affa84eb20ea36d21e2bb6,native-object,scalar-full-source,2
2849370921,CAB-3dd93f2ee0affa84eb20ea36d21e2bb6,streaming-info,scalar-full-source,2
2849370921,CAB-54d477c26f2d631c8936071f27b05196,-1671619181323828258,highest-quality,1
2849370921,CAB-54d477c26f2d631c8936071f27b05196,5027043820067269120,highest-quality,1
2849370921,CAB-54d477c26f2d631c8936071f27b05196,Avatar_Female_Size02_Remielle_Origin_Ani_UI_CharSel_Start,scalar-full-source,1
2849370921,CAB-54d477c26f2d631c8936071f27b05196,Avatar_Female_Size02_Remielle_Origin_Default_Ani_UI_CharSel_Start,scalar-full-source,1
2849370921,CAB-54d477c26f2d631c8936071f27b05196,acl-database-bulk,scalar-full-source,2
2849370921,CAB-54d477c26f2d631c8936071f27b05196,native-object,scalar-full-source,2
2849370921,CAB-54d477c26f2d631c8936071f27b05196,streaming-info,scalar-full-source,2
2849370921,CAB-8d82b594b6c64c553fb641f240cdc6e9,-364967470266437459,highest-quality,1
2849370921,CAB-8d82b594b6c64c553fb641f240cdc6e9,3813786785909743011,highest-quality,1
2849370921,CAB-8d82b594b6c64c553fb641f240cdc6e9,Avatar_Female_Size02_Remielle_Origin_Ani_Gal_Surprise_Loop,scalar-full-source,1
2849370921,CAB-8d82b594b6c64c553fb641f240cdc6e9,Avatar_Female_Size02_Remielle_Origin_Default_Ani_Gal_Surprise_Loop,scalar-full-source,1
2849370921,CAB-8d82b594b6c64c553fb641f240cdc6e9,acl-database-bulk,scalar-full-source,2
2849370921,CAB-8d82b594b6c64c553fb641f240cdc6e9,native-object,scalar-full-source,2
2849370921,CAB-8d82b594b6c64c553fb641f240cdc6e9,streaming-info,scalar-full-source,2
2849370921,CAB-9bcb8d70234fad0f3d3156023394158e,4250699840072175340,highest-quality,1
2849370921,CAB-9bcb8d70234fad0f3d3156023394158e,4369682720766703111,highest-quality,1
2849370921,CAB-9bcb8d70234fad0f3d3156023394158e,Avatar_Female_Size02_Remielle_Origin_Ani_Gacha_Loop,scalar-full-source,1
2849370921,CAB-9bcb8d70234fad0f3d3156023394158e,Avatar_Female_Size02_Remielle_Origin_Default_Ani_Gacha_Loop,scalar-full-source,1
2849370921,CAB-9bcb8d70234fad0f3d3156023394158e,acl-database-bulk,scalar-full-source,2
2849370921,CAB-9bcb8d70234fad0f3d3156023394158e,native-object,scalar-full-source,2
2849370921,CAB-9bcb8d70234fad0f3d3156023394158e,streaming-info,scalar-full-source,2
2849370921,CAB-aa04e6bf54c664ddec74e62da1cc9335,1745629919788731114,highest-quality,1
2849370921,CAB-aa04e6bf54c664ddec74e62da1cc9335,6120980313742102255,highest-quality,1
2849370921,CAB-aa04e6bf54c664ddec74e62da1cc9335,Avatar_Female_Size02_Remielle_Origin_Ani_Gal_Shy_Loop,scalar-full-source,1
2849370921,CAB-aa04e6bf54c664ddec74e62da1cc9335,Avatar_Female_Size02_Remielle_Origin_Default_Ani_Gal_Shy_Loop,scalar-full-source,1
2849370921,CAB-aa04e6bf54c664ddec74e62da1cc9335,acl-database-bulk,scalar-full-source,2
2849370921,CAB-aa04e6bf54c664ddec74e62da1cc9335,native-object,scalar-full-source,2
2849370921,CAB-aa04e6bf54c664ddec74e62da1cc9335,streaming-info,scalar-full-source,2
2849370921,CAB-b9db7a23cc8431e9a04649a31b2ed25e,472807821780368075,highest-quality,1
2849370921,CAB-b9db7a23cc8431e9a04649a31b2ed25e,5322396064761070247,highest-quality,1
2849370921,CAB-b9db7a23cc8431e9a04649a31b2ed25e,Avatar_Female_Size02_Remielle_Origin_Ani_Gal_Happy_Loop,scalar-full-source,1
2849370921,CAB-b9db7a23cc8431e9a04649a31b2ed25e,Avatar_Female_Size02_Remielle_Origin_Default_Ani_Gal_Happy_Loop,scalar-full-source,1
2849370921,CAB-b9db7a23cc8431e9a04649a31b2ed25e,acl-database-bulk,scalar-full-source,2
2849370921,CAB-b9db7a23cc8431e9a04649a31b2ed25e,native-object,scalar-full-source,2
2849370921,CAB-b9db7a23cc8431e9a04649a31b2ed25e,streaming-info,scalar-full-source,2
2849370921,CAB-ca9b602b05a936f674d362cda26b886d,-7955931358041218420,highest-quality,1
2849370921,CAB-ca9b602b05a936f674d362cda26b886d,-8974846430637983629,highest-quality,1
2849370921,CAB-ca9b602b05a936f674d362cda26b886d,Avatar_Female_Size02_Remielle_Origin_Ani_UI_Skill_02,scalar-full-source,1
2849370921,CAB-ca9b602b05a936f674d362cda26b886d,Avatar_Female_Size02_Remielle_Origin_Default_Ani_UI_Skill_02,scalar-full-source,1
2849370921,CAB-ca9b602b05a936f674d362cda26b886d,acl-database-bulk,scalar-full-source,2
2849370921,CAB-ca9b602b05a936f674d362cda26b886d,native-object,scalar-full-source,2
2849370921,CAB-ca9b602b05a936f674d362cda26b886d,streaming-info,scalar-full-source,2
2906705493,CAB-7a441f7265bb4e22d19419586538f431,-4754978034331838293,highest-quality,1
2906705493,CAB-7a441f7265bb4e22d19419586538f431,1494416804221783200,highest-quality,1
2906705493,CAB-7a441f7265bb4e22d19419586538f431,Avatar_Female_Size02_Remielle_Origin_Ani_SwitchIn_Attack_Ex,scalar-full-source,1
2906705493,CAB-7a441f7265bb4e22d19419586538f431,Avatar_Female_Size02_Remielle_Origin_Default_Ani_SwitchIn_Attack_Ex,scalar-full-source,1
2906705493,CAB-7a441f7265bb4e22d19419586538f431,acl-database-bulk,scalar-full-source,2
2906705493,CAB-7a441f7265bb4e22d19419586538f431,native-object,scalar-full-source,2
2906705493,CAB-7a441f7265bb4e22d19419586538f431,streaming-info,scalar-full-source,2
2932222405,CAB-31c29d830b33476ec0810078df2c9521,5138399027024206790,highest-quality,1
2932222405,CAB-31c29d830b33476ec0810078df2c9521,901133478427205527,highest-quality,1
2932222405,CAB-31c29d830b33476ec0810078df2c9521,Avatar_Female_Size02_Remielle_Origin_Ani_Gal_Angry_Loop,scalar-full-source,1
2932222405,CAB-31c29d830b33476ec0810078df2c9521,Avatar_Female_Size02_Remielle_Origin_Default_Ani_Gal_Angry_Loop,scalar-full-source,1
2932222405,CAB-31c29d830b33476ec0810078df2c9521,acl-database-bulk,scalar-full-source,2
2932222405,CAB-31c29d830b33476ec0810078df2c9521,native-object,scalar-full-source,2
2932222405,CAB-31c29d830b33476ec0810078df2c9521,streaming-info,scalar-full-source,2
2932222405,CAB-62ed5c7d08282007932710f7846913f4,8137263264301253227,highest-quality,1
2932222405,CAB-62ed5c7d08282007932710f7846913f4,8480681007055211976,highest-quality,1
2932222405,CAB-62ed5c7d08282007932710f7846913f4,Avatar_Female_Size02_Remielle_Origin_Ani_Gacha_Start,scalar-full-source,1
2932222405,CAB-62ed5c7d08282007932710f7846913f4,Avatar_Female_Size02_Remielle_Origin_Default_Ani_Gacha_Start,scalar-full-source,1
2932222405,CAB-62ed5c7d08282007932710f7846913f4,acl-database-bulk,scalar-full-source,2
2932222405,CAB-62ed5c7d08282007932710f7846913f4,native-object,scalar-full-source,2
2932222405,CAB-62ed5c7d08282007932710f7846913f4,streaming-info,scalar-full-source,2
2932222405,CAB-65d9419ccc0d31613dac91061d303e27,-1374513821429880468,highest-quality,1
2932222405,CAB-65d9419ccc0d31613dac91061d303e27,-6374454659230119440,highest-quality,1
2932222405,CAB-65d9419ccc0d31613dac91061d303e27,-6818879988906006898,highest-quality,1
2932222405,CAB-65d9419ccc0d31613dac91061d303e27,-9197699589873237095,highest-quality,1
2932222405,CAB-65d9419ccc0d31613dac91061d303e27,1936297470819949900,highest-quality,1
2932222405,CAB-65d9419ccc0d31613dac91061d303e27,2471518088433369451,highest-quality,1
2932222405,CAB-65d9419ccc0d31613dac91061d303e27,3120295780034535314,highest-quality,1
2932222405,CAB-65d9419ccc0d31613dac91061d303e27,Avatar_Female_Size02_Remielle_Origin_Ani_Gal_Facial_Blink_Angry,scalar-full-source,1
2932222405,CAB-65d9419ccc0d31613dac91061d303e27,Avatar_Female_Size02_Remielle_Origin_Ani_Gal_Facial_Blink_Happy,scalar-full-source,1
2932222405,CAB-65d9419ccc0d31613dac91061d303e27,Avatar_Female_Size02_Remielle_Origin_Ani_Gal_Facial_Blink_Idle,scalar-full-source,1
2932222405,CAB-65d9419ccc0d31613dac91061d303e27,Avatar_Female_Size02_Remielle_Origin_Ani_Gal_Facial_Blink_Sad,scalar-full-source,1
2932222405,CAB-65d9419ccc0d31613dac91061d303e27,Avatar_Female_Size02_Remielle_Origin_Ani_Gal_Facial_Blink_Shy,scalar-full-source,1
2932222405,CAB-65d9419ccc0d31613dac91061d303e27,Avatar_Female_Size02_Remielle_Origin_Ani_Gal_Facial_Blink_Surprise,scalar-full-source,1
2932222405,CAB-65d9419ccc0d31613dac91061d303e27,Avatar_Female_Size02_Remielle_Origin_Ani_Gal_Facial_Blink_Think,scalar-full-source,1
2932222405,CAB-65d9419ccc0d31613dac91061d303e27,acl-database-bulk,scalar-full-source,7
2932222405,CAB-65d9419ccc0d31613dac91061d303e27,native-object,scalar-full-source,7
2932222405,CAB-65d9419ccc0d31613dac91061d303e27,streaming-info,scalar-full-source,7
2932222405,CAB-b707512f7cadd0d9c8040ed61ca33c12,-1693200937096398188,highest-quality,1
2932222405,CAB-b707512f7cadd0d9c8040ed61ca33c12,-2888949661270690737,highest-quality,1
2932222405,CAB-b707512f7cadd0d9c8040ed61ca33c12,Avatar_Female_Size02_Remielle_Origin_Ani_Gal_Think_Start,scalar-full-source,1
2932222405,CAB-b707512f7cadd0d9c8040ed61ca33c12,Avatar_Female_Size02_Remielle_Origin_Default_Ani_Gal_Think_Start,scalar-full-source,1
2932222405,CAB-b707512f7cadd0d9c8040ed61ca33c12,acl-database-bulk,scalar-full-source,2
2932222405,CAB-b707512f7cadd0d9c8040ed61ca33c12,native-object,scalar-full-source,2
2932222405,CAB-b707512f7cadd0d9c8040ed61ca33c12,streaming-info,scalar-full-source,2
2932222405,CAB-ce3b218bc4a407efbc1d1610527eef6c,7219689378586941951,highest-quality,1
2932222405,CAB-ce3b218bc4a407efbc1d1610527eef6c,8680045491875716565,highest-quality,1
2932222405,CAB-ce3b218bc4a407efbc1d1610527eef6c,Avatar_Female_Size02_Remielle_Origin_Ani_Gal_Surprise_Start,scalar-full-source,1
2932222405,CAB-ce3b218bc4a407efbc1d1610527eef6c,Avatar_Female_Size02_Remielle_Origin_Default_Ani_Gal_Surprise_Start,scalar-full-source,1
2932222405,CAB-ce3b218bc4a407efbc1d1610527eef6c,acl-database-bulk,scalar-full-source,2
2932222405,CAB-ce3b218bc4a407efbc1d1610527eef6c,native-object,scalar-full-source,2
2932222405,CAB-ce3b218bc4a407efbc1d1610527eef6c,streaming-info,scalar-full-source,2
2932222405,CAB-d0045144aeceb56c015de0c961ed7e7e,-208971569947503409,highest-quality,1
2932222405,CAB-d0045144aeceb56c015de0c961ed7e7e,-4543614493068614537,highest-quality,1
2932222405,CAB-d0045144aeceb56c015de0c961ed7e7e,2368698912911218358,highest-quality,1
2932222405,CAB-d0045144aeceb56c015de0c961ed7e7e,279899463430488555,highest-quality,1
2932222405,CAB-d0045144aeceb56c015de0c961ed7e7e,6975320934936999419,highest-quality,1
2932222405,CAB-d0045144aeceb56c015de0c961ed7e7e,8237653307052463342,highest-quality,1
2932222405,CAB-d0045144aeceb56c015de0c961ed7e7e,8299010686423387859,highest-quality,1
2932222405,CAB-d0045144aeceb56c015de0c961ed7e7e,Avatar_Female_Size02_Remielle_Origin_Ani_Gal_Facial_Angry,scalar-full-source,1
2932222405,CAB-d0045144aeceb56c015de0c961ed7e7e,Avatar_Female_Size02_Remielle_Origin_Ani_Gal_Facial_Happy,scalar-full-source,1
2932222405,CAB-d0045144aeceb56c015de0c961ed7e7e,Avatar_Female_Size02_Remielle_Origin_Ani_Gal_Facial_Idle,scalar-full-source,1
2932222405,CAB-d0045144aeceb56c015de0c961ed7e7e,Avatar_Female_Size02_Remielle_Origin_Ani_Gal_Facial_Sad,scalar-full-source,1
2932222405,CAB-d0045144aeceb56c015de0c961ed7e7e,Avatar_Female_Size02_Remielle_Origin_Ani_Gal_Facial_Shy,scalar-full-source,1
2932222405,CAB-d0045144aeceb56c015de0c961ed7e7e,Avatar_Female_Size02_Remielle_Origin_Ani_Gal_Facial_Surprise,scalar-full-source,1
2932222405,CAB-d0045144aeceb56c015de0c961ed7e7e,Avatar_Female_Size02_Remielle_Origin_Ani_Gal_Facial_Think,scalar-full-source,1
2932222405,CAB-d0045144aeceb56c015de0c961ed7e7e,acl-database-bulk,scalar-full-source,7
2932222405,CAB-d0045144aeceb56c015de0c961ed7e7e,native-object,scalar-full-source,7
2932222405,CAB-d0045144aeceb56c015de0c961ed7e7e,streaming-info,scalar-full-source,7
3094050808,CAB-f7048970623d84f565eacd8a7a2bbdc0,TL_C30_ZiplineChasing_01_SC010_Avatar_MaxRemielleOriginCS,scalar-full-source|standalone-native,2
3094050808,CAB-f7048970623d84f565eacd8a7a2bbdc0,native-object,scalar-full-source,1
3278416766,CAB-054bc96f21c392775ad58eda0c3b56ce,-5622118941521754627,highest-quality,1
3278416766,CAB-054bc96f21c392775ad58eda0c3b56ce,Avatar_Female_Size02_Remielle_Ramiel_Ani_Gal_Think_End,scalar-full-source,1
3278416766,CAB-054bc96f21c392775ad58eda0c3b56ce,acl-database-bulk,scalar-full-source,1
3278416766,CAB-054bc96f21c392775ad58eda0c3b56ce,native-object,scalar-full-source,1
3278416766,CAB-054bc96f21c392775ad58eda0c3b56ce,streaming-info,scalar-full-source,1
3278416766,CAB-14f250a47959f0ba85045eff182fe317,921624685840654086,highest-quality,1
3278416766,CAB-14f250a47959f0ba85045eff182fe317,Avatar_Female_Size02_Remielle_Ramiel_Ani_Gal_Happy_End,scalar-full-source,1
3278416766,CAB-14f250a47959f0ba85045eff182fe317,acl-database-bulk,scalar-full-source,1
3278416766,CAB-14f250a47959f0ba85045eff182fe317,native-object,scalar-full-source,1
3278416766,CAB-14f250a47959f0ba85045eff182fe317,streaming-info,scalar-full-source,1
3278416766,CAB-18723669dc13e3e1b13f6e2e45fe935b,5583199559579285834,highest-quality,1
3278416766,CAB-18723669dc13e3e1b13f6e2e45fe935b,Avatar_Female_Size02_Remielle_Ramiel_Ani_Gal_Special_Start,scalar-full-source,1
3278416766,CAB-18723669dc13e3e1b13f6e2e45fe935b,acl-database-bulk,scalar-full-source,1
3278416766,CAB-18723669dc13e3e1b13f6e2e45fe935b,native-object,scalar-full-source,1
3278416766,CAB-18723669dc13e3e1b13f6e2e45fe935b,streaming-info,scalar-full-source,1
3278416766,CAB-37c3fc35259d79a6df49f0fdbbe1f51e,11149147896977611,highest-quality,1
3278416766,CAB-37c3fc35259d79a6df49f0fdbbe1f51e,Avatar_Female_Size02_Remielle_Ramiel_Ani_Gal_Sad_End,scalar-full-source,1
3278416766,CAB-37c3fc35259d79a6df49f0fdbbe1f51e,acl-database-bulk,scalar-full-source,1
3278416766,CAB-37c3fc35259d79a6df49f0fdbbe1f51e,native-object,scalar-full-source,1
3278416766,CAB-37c3fc35259d79a6df49f0fdbbe1f51e,streaming-info,scalar-full-source,1
3278416766,CAB-4b6b10cd3f8f3d26206e9524cc3e6278,-7316839223823332493,highest-quality,1
3278416766,CAB-4b6b10cd3f8f3d26206e9524cc3e6278,Avatar_Female_Size02_Remielle_Ramiel_Ani_Gal_Special_Loop,scalar-full-source,1
3278416766,CAB-4b6b10cd3f8f3d26206e9524cc3e6278,acl-database-bulk,scalar-full-source,1
3278416766,CAB-4b6b10cd3f8f3d26206e9524cc3e6278,native-object,scalar-full-source,1
3278416766,CAB-4b6b10cd3f8f3d26206e9524cc3e6278,streaming-info,scalar-full-source,1
3278416766,CAB-553907d726f7f5f8fe7fe0c44fb73f44,-3648252350136279357,highest-quality,1
3278416766,CAB-553907d726f7f5f8fe7fe0c44fb73f44,Avatar_Female_Size02_Remielle_Ramiel_Ani_Gal_Shy_Start,scalar-full-source,1
3278416766,CAB-553907d726f7f5f8fe7fe0c44fb73f44,acl-database-bulk,scalar-full-source,1
3278416766,CAB-553907d726f7f5f8fe7fe0c44fb73f44,native-object,scalar-full-source,1
3278416766,CAB-553907d726f7f5f8fe7fe0c44fb73f44,streaming-info,scalar-full-source,1
3278416766,CAB-718f96bc002296df11ecda783043005e,404332144766148870,highest-quality,1
3278416766,CAB-718f96bc002296df11ecda783043005e,Avatar_Female_Size02_Remielle_Ramiel_Ani_Gal_Idle,scalar-full-source,1
3278416766,CAB-718f96bc002296df11ecda783043005e,acl-database-bulk,scalar-full-source,1
3278416766,CAB-718f96bc002296df11ecda783043005e,native-object,scalar-full-source,1
3278416766,CAB-718f96bc002296df11ecda783043005e,streaming-info,scalar-full-source,1
3278416766,CAB-8825d67f0be4cb8e9efb02a983e64ab6,-3865773439225484418,highest-quality,1
3278416766,CAB-8825d67f0be4cb8e9efb02a983e64ab6,Avatar_Female_Size02_Remielle_Ramiel_Ani_Gal_Happy_Loop,scalar-full-source,1
3278416766,CAB-8825d67f0be4cb8e9efb02a983e64ab6,acl-database-bulk,scalar-full-source,1
3278416766,CAB-8825d67f0be4cb8e9efb02a983e64ab6,native-object,scalar-full-source,1
3278416766,CAB-8825d67f0be4cb8e9efb02a983e64ab6,streaming-info,scalar-full-source,1
3278416766,CAB-8b28e3633d73843b3d11ce508ae58a5a,-2152356670641858221,highest-quality,1
3278416766,CAB-8b28e3633d73843b3d11ce508ae58a5a,Avatar_Female_Size02_Remielle_Ramiel_Ani_Gal_Surprise_Loop,scalar-full-source,1
3278416766,CAB-8b28e3633d73843b3d11ce508ae58a5a,acl-database-bulk,scalar-full-source,1
3278416766,CAB-8b28e3633d73843b3d11ce508ae58a5a,native-object,scalar-full-source,1
3278416766,CAB-8b28e3633d73843b3d11ce508ae58a5a,streaming-info,scalar-full-source,1
3278416766,CAB-8f1944b4606602d3a104866492443b54,-1615495386502112075,highest-quality,1
3278416766,CAB-8f1944b4606602d3a104866492443b54,Avatar_Female_Size02_Remielle_Ramiel_Ani_Gal_Special_End,scalar-full-source,1
3278416766,CAB-8f1944b4606602d3a104866492443b54,acl-database-bulk,scalar-full-source,1
3278416766,CAB-8f1944b4606602d3a104866492443b54,native-object,scalar-full-source,1
3278416766,CAB-8f1944b4606602d3a104866492443b54,streaming-info,scalar-full-source,1
3278416766,CAB-bc534dc2da9d378a5a8ee7fa411353db,4611403284854729406,highest-quality,1
3278416766,CAB-bc534dc2da9d378a5a8ee7fa411353db,Avatar_Female_Size02_Remielle_Ramiel_Ani_Gal_Think_Start,scalar-full-source,1
3278416766,CAB-bc534dc2da9d378a5a8ee7fa411353db,acl-database-bulk,scalar-full-source,1
3278416766,CAB-bc534dc2da9d378a5a8ee7fa411353db,native-object,scalar-full-source,1
3278416766,CAB-bc534dc2da9d378a5a8ee7fa411353db,streaming-info,scalar-full-source,1
3278416766,CAB-d736ab159d79ecaa2ecc616ceb9f4a9b,-6899122251715677648,highest-quality,1
3278416766,CAB-d736ab159d79ecaa2ecc616ceb9f4a9b,Avatar_Female_Size02_Remielle_Ramiel_Ani_Gal_Surprise_Start,scalar-full-source,1
3278416766,CAB-d736ab159d79ecaa2ecc616ceb9f4a9b,acl-database-bulk,scalar-full-source,1
3278416766,CAB-d736ab159d79ecaa2ecc616ceb9f4a9b,native-object,scalar-full-source,1
3278416766,CAB-d736ab159d79ecaa2ecc616ceb9f4a9b,streaming-info,scalar-full-source,1
3278416766,CAB-e6d23dce06aa443a42104b70ab3ab488,2248653542039276037,highest-quality,1
3278416766,CAB-e6d23dce06aa443a42104b70ab3ab488,Avatar_Female_Size02_Remielle_Ramiel_Ani_Gal_Shy_End,scalar-full-source,1
3278416766,CAB-e6d23dce06aa443a42104b70ab3ab488,acl-database-bulk,scalar-full-source,1
3278416766,CAB-e6d23dce06aa443a42104b70ab3ab488,native-object,scalar-full-source,1
3278416766,CAB-e6d23dce06aa443a42104b70ab3ab488,streaming-info,scalar-full-source,1
3278416766,CAB-ec6bf1717f72b483b5bd0361e265a5f4,1288109669835231162,highest-quality,1
3278416766,CAB-ec6bf1717f72b483b5bd0361e265a5f4,Avatar_Female_Size02_Remielle_Ramiel_Ani_Gal_Happy_Start,scalar-full-source,1
3278416766,CAB-ec6bf1717f72b483b5bd0361e265a5f4,acl-database-bulk,scalar-full-source,1
3278416766,CAB-ec6bf1717f72b483b5bd0361e265a5f4,native-object,scalar-full-source,1
3278416766,CAB-ec6bf1717f72b483b5bd0361e265a5f4,streaming-info,scalar-full-source,1
3278416766,CAB-ee8bcbc745aa09cad2edcbf8dae6dd5d,3584744101156041026,highest-quality,1
3278416766,CAB-ee8bcbc745aa09cad2edcbf8dae6dd5d,Avatar_Female_Size02_Remielle_Ramiel_Ani_Gal_Angry_Start,scalar-full-source,1
3278416766,CAB-ee8bcbc745aa09cad2edcbf8dae6dd5d,acl-database-bulk,scalar-full-source,1
3278416766,CAB-ee8bcbc745aa09cad2edcbf8dae6dd5d,native-object,scalar-full-source,1
3278416766,CAB-ee8bcbc745aa09cad2edcbf8dae6dd5d,streaming-info,scalar-full-source,1
3316514000,CAB-35d87940b27e5c4f8e527993dee4e66b,Avatar_Female_Size02_Remielle_Origin_Cam_Finish_Ex_AirState,scalar-full-source|standalone-native,2
3316514000,CAB-35d87940b27e5c4f8e527993dee4e66b,native-object,scalar-full-source,1
3316514000,CAB-38d458e992fce16119ca9a55e17d6910,Avatar_Female_Size02_Remielle_Origin_Cam_Attack_Burst_Ex_Max01,scalar-full-source|standalone-native,2
3316514000,CAB-38d458e992fce16119ca9a55e17d6910,native-object,scalar-full-source,1
3316514000,CAB-9eb1d5d4f56b3a3e5240215727de0edc,Avatar_Female_Size02_Remielle_Origin_Cam_SwitchIn_Attack_Ex_Start,scalar-full-source|standalone-native,2
3316514000,CAB-9eb1d5d4f56b3a3e5240215727de0edc,native-object,scalar-full-source,1
3316514000,CAB-e68045e60f25e95dcf6f0f76f44ece50,Avatar_Female_Size02_Remielle_Origin_Cam_QuestStart,scalar-full-source|standalone-native,2
3316514000,CAB-e68045e60f25e95dcf6f0f76f44ece50,native-object,scalar-full-source,1
3316514000,CAB-f6943495f1b2fffd8960bc4dce6d3bd1,Avatar_Female_Size02_Remielle_Origin_Cam_Finish_Ex_AirState_Start,scalar-full-source|standalone-native,2
3316514000,CAB-f6943495f1b2fffd8960bc4dce6d3bd1,native-object,scalar-full-source,1
3325839570,CAB-79f151e51c0447db369cfb59b21f2a10,Ani_Cs_TL_C31_Explosion_04_SC010_Avatar_RemielleOrigin,scalar-full-source|standalone-native,2
3325839570,CAB-79f151e51c0447db369cfb59b21f2a10,native-object,scalar-full-source,1
3325839570,CAB-e5750cfba91f20b659b2157a7a107d33,Ani_Cs_TL_C31_Explosion_04_SC020_Avatar_RemielleOrigin,scalar-full-source|standalone-native,2
3325839570,CAB-e5750cfba91f20b659b2157a7a107d33,native-object,scalar-full-source,1
3521808087,CAB-1af0146cd75f9b13ce59a92f3bd82fba,-4222472574338624345,highest-quality,1
3521808087,CAB-1af0146cd75f9b13ce59a92f3bd82fba,3943810936548701524,highest-quality,1
3521808087,CAB-1af0146cd75f9b13ce59a92f3bd82fba,5861491352876732367,highest-quality,1
3521808087,CAB-1af0146cd75f9b13ce59a92f3bd82fba,8223261815517506065,highest-quality,1
3521808087,CAB-1af0146cd75f9b13ce59a92f3bd82fba,Avatar_Female_Size02_Remielle_Origin_Ani_Attack_Normal_03,scalar-full-source,1
3521808087,CAB-1af0146cd75f9b13ce59a92f3bd82fba,Avatar_Female_Size02_Remielle_Origin_Ani_Attack_Normal_03_End,scalar-full-source,1
3521808087,CAB-1af0146cd75f9b13ce59a92f3bd82fba,Avatar_Female_Size02_Remielle_Origin_Default_Ani_Attack_Normal_03,scalar-full-source,1
3521808087,CAB-1af0146cd75f9b13ce59a92f3bd82fba,Avatar_Female_Size02_Remielle_Origin_Default_Ani_Attack_Normal_03_End,scalar-full-source,1
3521808087,CAB-1af0146cd75f9b13ce59a92f3bd82fba,acl-database-bulk,scalar-full-source,4
3521808087,CAB-1af0146cd75f9b13ce59a92f3bd82fba,native-object,scalar-full-source,4
3521808087,CAB-1af0146cd75f9b13ce59a92f3bd82fba,streaming-info,scalar-full-source,4
3521808087,CAB-270fbce06bdaf12b3e9e76c4cd6a257b,1799653042722582171,highest-quality,1
3521808087,CAB-270fbce06bdaf12b3e9e76c4cd6a257b,7267785678366973030,highest-quality,1
3521808087,CAB-270fbce06bdaf12b3e9e76c4cd6a257b,Avatar_Female_Size02_Remielle_Origin_Ani_Finish_AirState_Front,scalar-full-source,1
3521808087,CAB-270fbce06bdaf12b3e9e76c4cd6a257b,Avatar_Female_Size02_Remielle_Origin_Default_Ani_Finish_AirState_Front,scalar-full-source,1
3521808087,CAB-270fbce06bdaf12b3e9e76c4cd6a257b,acl-database-bulk,scalar-full-source,2
3521808087,CAB-270fbce06bdaf12b3e9e76c4cd6a257b,native-object,scalar-full-source,2
3521808087,CAB-270fbce06bdaf12b3e9e76c4cd6a257b,streaming-info,scalar-full-source,2
3521808087,CAB-6aab398422cb12cbe802fb1c02420e49,-4729996155582485543,highest-quality,1
3521808087,CAB-6aab398422cb12cbe802fb1c02420e49,6498660329717323132,highest-quality,1
3521808087,CAB-6aab398422cb12cbe802fb1c02420e49,Avatar_Female_Size02_Remielle_Origin_Ani_Move_F_AirFront_Loop,scalar-full-source,1
3521808087,CAB-6aab398422cb12cbe802fb1c02420e49,Avatar_Female_Size02_Remielle_Origin_Default_Ani_Move_F_AirFront_Loop,scalar-full-source,1
3521808087,CAB-6aab398422cb12cbe802fb1c02420e49,acl-database-bulk,scalar-full-source,2
3521808087,CAB-6aab398422cb12cbe802fb1c02420e49,native-object,scalar-full-source,2
3521808087,CAB-6aab398422cb12cbe802fb1c02420e49,streaming-info,scalar-full-source,2
3521808087,CAB-7fe39a86385a797855268a81a7992c85,-1679622971680602186,highest-quality,1
3521808087,CAB-7fe39a86385a797855268a81a7992c85,1831964020784875617,highest-quality,1
3521808087,CAB-7fe39a86385a797855268a81a7992c85,Avatar_Female_Size02_Remielle_Origin_Ani_Attack_Burst_Ex_Max01,scalar-full-source,1
3521808087,CAB-7fe39a86385a797855268a81a7992c85,Avatar_Female_Size02_Remielle_Origin_Default_Ani_Attack_Burst_Ex_Max01,scalar-full-source,1
3521808087,CAB-7fe39a86385a797855268a81a7992c85,acl-database-bulk,scalar-full-source,2
3521808087,CAB-7fe39a86385a797855268a81a7992c85,native-object,scalar-full-source,2
3521808087,CAB-7fe39a86385a797855268a81a7992c85,streaming-info,scalar-full-source,2
3521808087,CAB-8e2d5bcc52165bda45bd205f2cb80332,-1139890803720081707,highest-quality,1
3521808087,CAB-8e2d5bcc52165bda45bd205f2cb80332,-3494025788189807306,highest-quality,1
3521808087,CAB-8e2d5bcc52165bda45bd205f2cb80332,Avatar_Female_Size02_Remielle_Origin_Ani_Run_Transform_01,scalar-full-source,1
3521808087,CAB-8e2d5bcc52165bda45bd205f2cb80332,Avatar_Female_Size02_Remielle_Origin_Default_Ani_Run_Transform_01,scalar-full-source,1
3521808087,CAB-8e2d5bcc52165bda45bd205f2cb80332,acl-database-bulk,scalar-full-source,2
3521808087,CAB-8e2d5bcc52165bda45bd205f2cb80332,native-object,scalar-full-source,2
3521808087,CAB-8e2d5bcc52165bda45bd205f2cb80332,streaming-info,scalar-full-source,2
3521808087,CAB-d1b52e8e0b797809b9c8e41a0b487813,6060083161734243057,highest-quality,1
3521808087,CAB-d1b52e8e0b797809b9c8e41a0b487813,8943849848332171599,highest-quality,1
3521808087,CAB-d1b52e8e0b797809b9c8e41a0b487813,Avatar_Female_Size02_Remielle_Origin_Ani_Hit_H_Back,scalar-full-source,1
3521808087,CAB-d1b52e8e0b797809b9c8e41a0b487813,Avatar_Female_Size02_Remielle_Origin_Default_Ani_Hit_H_Back,scalar-full-source,1
3521808087,CAB-d1b52e8e0b797809b9c8e41a0b487813,acl-database-bulk,scalar-full-source,2
3521808087,CAB-d1b52e8e0b797809b9c8e41a0b487813,native-object,scalar-full-source,2
3521808087,CAB-d1b52e8e0b797809b9c8e41a0b487813,streaming-info,scalar-full-source,2
3521808087,CAB-e35cafd1a72a36b7f16d1b784177f553,5730101738945828718,highest-quality,1
3521808087,CAB-e35cafd1a72a36b7f16d1b784177f553,6269544008957221034,highest-quality,1
3521808087,CAB-e35cafd1a72a36b7f16d1b784177f553,Avatar_Female_Size02_Remielle_Origin_Ani_Start_AirState_Back,scalar-full-source,1
3521808087,CAB-e35cafd1a72a36b7f16d1b784177f553,Avatar_Female_Size02_Remielle_Origin_Default_Ani_Start_AirState_Back,scalar-full-source,1
3521808087,CAB-e35cafd1a72a36b7f16d1b784177f553,acl-database-bulk,scalar-full-source,2
3521808087,CAB-e35cafd1a72a36b7f16d1b784177f553,native-object,scalar-full-source,2
3521808087,CAB-e35cafd1a72a36b7f16d1b784177f553,streaming-info,scalar-full-source,2
3521808087,CAB-ee2e548c5baaf184c07c906e30997663,-7040252628727283879,highest-quality,1
3521808087,CAB-ee2e548c5baaf184c07c906e30997663,3561100767826961103,highest-quality,1
3521808087,CAB-ee2e548c5baaf184c07c906e30997663,Avatar_Female_Size02_Remielle_Origin_Ani_Idle_Loop,scalar-full-source,1
3521808087,CAB-ee2e548c5baaf184c07c906e30997663,Avatar_Female_Size02_Remielle_Origin_Default_Ani_Idle_Loop,scalar-full-source,1
3521808087,CAB-ee2e548c5baaf184c07c906e30997663,acl-database-bulk,scalar-full-source,2
3521808087,CAB-ee2e548c5baaf184c07c906e30997663,native-object,scalar-full-source,2
3521808087,CAB-ee2e548c5baaf184c07c906e30997663,streaming-info,scalar-full-source,2
3521808087,CAB-f7a7f8a4f87a50c83bacc29cbc8ad1d2,-8650145990099258091,highest-quality,1
3521808087,CAB-f7a7f8a4f87a50c83bacc29cbc8ad1d2,2849974368812954210,highest-quality,1
3521808087,CAB-f7a7f8a4f87a50c83bacc29cbc8ad1d2,Avatar_Female_Size02_Remielle_Origin_Ani_SwitchIn_Attack_Ex_Start,scalar-full-source,1
3521808087,CAB-f7a7f8a4f87a50c83bacc29cbc8ad1d2,Avatar_Female_Size02_Remielle_Origin_Default_Ani_SwitchIn_Attack_Ex_Start,scalar-full-source,1
3521808087,CAB-f7a7f8a4f87a50c83bacc29cbc8ad1d2,acl-database-bulk,scalar-full-source,2
3521808087,CAB-f7a7f8a4f87a50c83bacc29cbc8ad1d2,native-object,scalar-full-source,2
3521808087,CAB-f7a7f8a4f87a50c83bacc29cbc8ad1d2,streaming-info,scalar-full-source,2
3684114180,CAB-32be8d976e85476aabe71298156d824d,Eff_RemielleOrigin_Attack_Burst_Ex_Max_01_04_Trail,scalar-full-source|standalone-native,2
3684114180,CAB-32be8d976e85476aabe71298156d824d,native-object,scalar-full-source,1
3684114180,CAB-3d1b28c6a239c8a7b5fc728975bf5feb,Eff_RemielleOrigin_Attack_Burst_Ex_01_05_Trail,scalar-full-source|standalone-native,2
3684114180,CAB-3d1b28c6a239c8a7b5fc728975bf5feb,native-object,scalar-full-source,1
3684114180,CAB-4c23dcdeb7b70382d4dcd3873eb114fb,Eff_RemielleOrigin_Attack_Burst_01_01_Trail,scalar-full-source|standalone-native,2
3684114180,CAB-4c23dcdeb7b70382d4dcd3873eb114fb,native-object,scalar-full-source,1
3684114180,CAB-69df105df5c4f5d8fc046241d532031e,Eff_RemielleOrigin_Attack_Burst_01_03_Trail,scalar-full-source|standalone-native,2
3684114180,CAB-69df105df5c4f5d8fc046241d532031e,native-object,scalar-full-source,1
3684114180,CAB-6c70c6a331e0588ffc49ea160426ed3e,Eff_RemielleOrigin_Attack_Burst_Ex_Max_01_03_Trail,scalar-full-source|standalone-native,2
3684114180,CAB-6c70c6a331e0588ffc49ea160426ed3e,native-object,scalar-full-source,1
3684114180,CAB-6cdffc4c26968f416951963f7ce4d14a,Eff_RemielleOrigin_Attack_Burst_01_02_Trail,scalar-full-source|standalone-native,2
3684114180,CAB-6cdffc4c26968f416951963f7ce4d14a,native-object,scalar-full-source,1
3684114180,CAB-6df334efb969fb68d3f5acd392959972,Eff_RemielleOrigin_Attack_Burst_Ex_02_11_Trail,scalar-full-source|standalone-native,2
3684114180,CAB-6df334efb969fb68d3f5acd392959972,native-object,scalar-full-source,1
3684114180,CAB-806205c93ae748ea5787297080cee6a4,Eff_RemielleOrigin_Attack_AirState_Front_01_Trail,scalar-full-source|standalone-native,2
3684114180,CAB-806205c93ae748ea5787297080cee6a4,native-object,scalar-full-source,1
3684114180,CAB-8b76b57acef0fe4b111b65fe70bfc85a,Eff_RemielleOrigin_Attack_Burst_Ex_Max_01_10_Trail,scalar-full-source|standalone-native,2
3684114180,CAB-8b76b57acef0fe4b111b65fe70bfc85a,native-object,scalar-full-source,1
3684114180,CAB-bcbcca4e0eac2363917f55ccc5c0e4c0,Eff_RemielleOrigin_Attack_Burst_Ex_Max_01_08_Trail,scalar-full-source|standalone-native,2
3684114180,CAB-bcbcca4e0eac2363917f55ccc5c0e4c0,native-object,scalar-full-source,1
3684114180,CAB-cef66adceab7764284a358deec9e4823,Eff_RemielleOrigin_Attack_AssaultAid_01_Trail,scalar-full-source|standalone-native,2
3684114180,CAB-cef66adceab7764284a358deec9e4823,native-object,scalar-full-source,1
3684114180,CAB-d47dea1218d6c225c9a95e025020303e,Eff_RemielleOrigin_Attack_Burst_Ex_Max_01_09_Light,scalar-full-source|standalone-native,2
3684114180,CAB-d47dea1218d6c225c9a95e025020303e,native-object,scalar-full-source,1
3684114180,CAB-eb8b5652e51ea88ea21103265584ab33,Eff_RemielleOrigin_Attack_Burst_Ex_02_01_Trail,scalar-full-source|standalone-native,2
3684114180,CAB-eb8b5652e51ea88ea21103265584ab33,native-object,scalar-full-source,1
3684114180,CAB-f1463bc4452f07df5a4db23e41eff8a9,Eff_RemielleOrigin_Attack_Burst_Ex_01_03_Trail,scalar-full-source|standalone-native,2
3684114180,CAB-f1463bc4452f07df5a4db23e41eff8a9,native-object,scalar-full-source,1
3684114180,CAB-fd281f5350af1bd3a292ac38eb4b92b5,Eff_RemielleOrigin_Attack_AssaultAid_02_Trail,scalar-full-source|standalone-native,2
3684114180,CAB-fd281f5350af1bd3a292ac38eb4b92b5,native-object,scalar-full-source,1
3897234846,CAB-00bad65b825d69c2507581fac21c8a3f,-1123765274722474461,highest-quality,1
3897234846,CAB-00bad65b825d69c2507581fac21c8a3f,-1424511823083596682,highest-quality,1
3897234846,CAB-00bad65b825d69c2507581fac21c8a3f,Avatar_Female_Size02_Remielle_Origin_Ani_MC_TurnAround_R,scalar-full-source,1
3897234846,CAB-00bad65b825d69c2507581fac21c8a3f,Avatar_Female_Size02_Remielle_Origin_Default_Ani_MC_TurnAround_R,scalar-full-source,1
3897234846,CAB-00bad65b825d69c2507581fac21c8a3f,acl-database-bulk,scalar-full-source,2
3897234846,CAB-00bad65b825d69c2507581fac21c8a3f,native-object,scalar-full-source,2
3897234846,CAB-00bad65b825d69c2507581fac21c8a3f,streaming-info,scalar-full-source,2
3897234846,CAB-014ed2210669c96321e970ccf568fdca,2636936515433909596,highest-quality,1
3897234846,CAB-014ed2210669c96321e970ccf568fdca,5939319901927034172,highest-quality,1
3897234846,CAB-014ed2210669c96321e970ccf568fdca,Avatar_Female_Size02_Remielle_Origin_Ani_MC_Run_TurnBack,scalar-full-source,1
3897234846,CAB-014ed2210669c96321e970ccf568fdca,Avatar_Female_Size02_Remielle_Origin_Default_Ani_MC_Run_TurnBack,scalar-full-source,1
3897234846,CAB-014ed2210669c96321e970ccf568fdca,acl-database-bulk,scalar-full-source,2
3897234846,CAB-014ed2210669c96321e970ccf568fdca,native-object,scalar-full-source,2
3897234846,CAB-014ed2210669c96321e970ccf568fdca,streaming-info,scalar-full-source,2
3897234846,CAB-22cdc4f9381774c37ea51d89d49f9f6b,-4343067724661485341,highest-quality,1
3897234846,CAB-22cdc4f9381774c37ea51d89d49f9f6b,916858236484560991,highest-quality,1
3897234846,CAB-22cdc4f9381774c37ea51d89d49f9f6b,Avatar_Female_Size02_Remielle_Origin_Ani_MC_Walk_End_L,scalar-full-source,1
3897234846,CAB-22cdc4f9381774c37ea51d89d49f9f6b,Avatar_Female_Size02_Remielle_Origin_Default_Ani_MC_Walk_End_L,scalar-full-source,1
3897234846,CAB-22cdc4f9381774c37ea51d89d49f9f6b,acl-database-bulk,scalar-full-source,2
3897234846,CAB-22cdc4f9381774c37ea51d89d49f9f6b,native-object,scalar-full-source,2
3897234846,CAB-22cdc4f9381774c37ea51d89d49f9f6b,streaming-info,scalar-full-source,2
3897234846,CAB-5a8713e36cf9403c7f563779ca7e4880,-808183829747996247,highest-quality,1
3897234846,CAB-5a8713e36cf9403c7f563779ca7e4880,8531185833849127186,highest-quality,1
3897234846,CAB-5a8713e36cf9403c7f563779ca7e4880,Avatar_Female_Size02_Remielle_Origin_Ani_MC_Run_End_L,scalar-full-source,1
3897234846,CAB-5a8713e36cf9403c7f563779ca7e4880,Avatar_Female_Size02_Remielle_Origin_Default_Ani_MC_Run_End_L,scalar-full-source,1
3897234846,CAB-5a8713e36cf9403c7f563779ca7e4880,acl-database-bulk,scalar-full-source,2
3897234846,CAB-5a8713e36cf9403c7f563779ca7e4880,native-object,scalar-full-source,2
3897234846,CAB-5a8713e36cf9403c7f563779ca7e4880,streaming-info,scalar-full-source,2
3897234846,CAB-77cc6dc8396de31b951456b5a60ca2a5,-2147687977520797852,highest-quality,1
3897234846,CAB-77cc6dc8396de31b951456b5a60ca2a5,-7671936509857743815,highest-quality,1
3897234846,CAB-77cc6dc8396de31b951456b5a60ca2a5,Avatar_Female_Size02_Remielle_Origin_Ani_MC_Run_Loop,scalar-full-source,1
3897234846,CAB-77cc6dc8396de31b951456b5a60ca2a5,Avatar_Female_Size02_Remielle_Origin_Default_Ani_MC_Run_Loop,scalar-full-source,1
3897234846,CAB-77cc6dc8396de31b951456b5a60ca2a5,acl-database-bulk,scalar-full-source,2
3897234846,CAB-77cc6dc8396de31b951456b5a60ca2a5,native-object,scalar-full-source,2
3897234846,CAB-77cc6dc8396de31b951456b5a60ca2a5,streaming-info,scalar-full-source,2
3897234846,CAB-81d751f71c65d9c353b761796b0723e2,-932027842686652035,highest-quality,1
3897234846,CAB-81d751f71c65d9c353b761796b0723e2,6925485287618988718,highest-quality,1
3897234846,CAB-81d751f71c65d9c353b761796b0723e2,Avatar_Female_Size02_Remielle_Origin_Ani_MC_Idle_Loop,scalar-full-source,1
3897234846,CAB-81d751f71c65d9c353b761796b0723e2,Avatar_Female_Size02_Remielle_Origin_Default_Ani_MC_Idle_Loop,scalar-full-source,1
3897234846,CAB-81d751f71c65d9c353b761796b0723e2,acl-database-bulk,scalar-full-source,2
3897234846,CAB-81d751f71c65d9c353b761796b0723e2,native-object,scalar-full-source,2
3897234846,CAB-81d751f71c65d9c353b761796b0723e2,streaming-info,scalar-full-source,2
3897234846,CAB-83c6c76b27594a3a385257ac1c50925f,-7700514023790614926,highest-quality,1
3897234846,CAB-83c6c76b27594a3a385257ac1c50925f,-7718419266596640610,highest-quality,1
3897234846,CAB-83c6c76b27594a3a385257ac1c50925f,Avatar_Female_Size02_Remielle_Origin_Ani_MC_Walk_End_02_L,scalar-full-source,1
3897234846,CAB-83c6c76b27594a3a385257ac1c50925f,Avatar_Female_Size02_Remielle_Origin_Default_Ani_MC_Walk_End_02_L,scalar-full-source,1
3897234846,CAB-83c6c76b27594a3a385257ac1c50925f,acl-database-bulk,scalar-full-source,2
3897234846,CAB-83c6c76b27594a3a385257ac1c50925f,native-object,scalar-full-source,2
3897234846,CAB-83c6c76b27594a3a385257ac1c50925f,streaming-info,scalar-full-source,2
3897234846,CAB-ddf3d681a79f9f93daff2e13fbf3a5b7,-7753903034760924689,highest-quality,1
3897234846,CAB-ddf3d681a79f9f93daff2e13fbf3a5b7,-9147951519380201305,highest-quality,1
3897234846,CAB-ddf3d681a79f9f93daff2e13fbf3a5b7,Avatar_Female_Size02_Remielle_Origin_Ani_MC_Walk_Start,scalar-full-source,1
3897234846,CAB-ddf3d681a79f9f93daff2e13fbf3a5b7,Avatar_Female_Size02_Remielle_Origin_Default_Ani_MC_Walk_Start,scalar-full-source,1
3897234846,CAB-ddf3d681a79f9f93daff2e13fbf3a5b7,acl-database-bulk,scalar-full-source,2
3897234846,CAB-ddf3d681a79f9f93daff2e13fbf3a5b7,native-object,scalar-full-source,2
3897234846,CAB-ddf3d681a79f9f93daff2e13fbf3a5b7,streaming-info,scalar-full-source,2
3897234846,CAB-e63610f3a888364f2c4b60b184b5c06b,203974070185607223,highest-quality,1
3897234846,CAB-e63610f3a888364f2c4b60b184b5c06b,6568286455611578770,highest-quality,1
3897234846,CAB-e63610f3a888364f2c4b60b184b5c06b,Avatar_Female_Size02_Remielle_Origin_Ani_MC_Sprint_Loop,scalar-full-source,1
3897234846,CAB-e63610f3a888364f2c4b60b184b5c06b,Avatar_Female_Size02_Remielle_Origin_Default_Ani_MC_Sprint_Loop,scalar-full-source,1
3897234846,CAB-e63610f3a888364f2c4b60b184b5c06b,acl-database-bulk,scalar-full-source,2
3897234846,CAB-e63610f3a888364f2c4b60b184b5c06b,native-object,scalar-full-source,2
3897234846,CAB-e63610f3a888364f2c4b60b184b5c06b,streaming-info,scalar-full-source,2
3897234846,CAB-f34adaf7a4ec2ecc82c73e0b06846837,6475800026644941160,highest-quality,1
3897234846,CAB-f34adaf7a4ec2ecc82c73e0b06846837,6486359966804659612,highest-quality,1
3897234846,CAB-f34adaf7a4ec2ecc82c73e0b06846837,Avatar_Female_Size02_Remielle_Origin_Ani_MC_Walk_End_02_R,scalar-full-source,1
3897234846,CAB-f34adaf7a4ec2ecc82c73e0b06846837,Avatar_Female_Size02_Remielle_Origin_Default_Ani_MC_Walk_End_02_R,scalar-full-source,1
3897234846,CAB-f34adaf7a4ec2ecc82c73e0b06846837,acl-database-bulk,scalar-full-source,2
3897234846,CAB-f34adaf7a4ec2ecc82c73e0b06846837,native-object,scalar-full-source,2
3897234846,CAB-f34adaf7a4ec2ecc82c73e0b06846837,streaming-info,scalar-full-source,2
3933241010,CAB-49d06079338c0071909bfb82a3189e3d,-7005642826011342594,highest-quality,1
3933241010,CAB-49d06079338c0071909bfb82a3189e3d,Avatar_Female_Size02_Remielle_Origin_Ani_AC_Floater_RotateToFront,scalar-full-source,1
3933241010,CAB-49d06079338c0071909bfb82a3189e3d,acl-database-bulk,scalar-full-source,1
3933241010,CAB-49d06079338c0071909bfb82a3189e3d,native-object,scalar-full-source,1
3933241010,CAB-49d06079338c0071909bfb82a3189e3d,streaming-info,scalar-full-source,1
3933241010,CAB-5f8656098d9a9fd7761fada5cc310302,-2160103625833557243,highest-quality,1
3933241010,CAB-5f8656098d9a9fd7761fada5cc310302,Avatar_Female_Size02_Remielle_Origin_Ani_AC_Floater_Idle_Loop,scalar-full-source,1
3933241010,CAB-5f8656098d9a9fd7761fada5cc310302,acl-database-bulk,scalar-full-source,1
3933241010,CAB-5f8656098d9a9fd7761fada5cc310302,native-object,scalar-full-source,1
3933241010,CAB-5f8656098d9a9fd7761fada5cc310302,streaming-info,scalar-full-source,1
3933241010,CAB-66df26f45d6f0756043bb5d21a77ae9a,-5027944999039239597,highest-quality,1
3933241010,CAB-66df26f45d6f0756043bb5d21a77ae9a,665705454090562466,highest-quality,1
3933241010,CAB-66df26f45d6f0756043bb5d21a77ae9a,Avatar_Female_Size02_Remielle_Origin_Ani_AC_Parry_B_R,scalar-full-source,1
3933241010,CAB-66df26f45d6f0756043bb5d21a77ae9a,Avatar_Female_Size02_Remielle_Origin_Ani_AC_Parry_B_R_End,scalar-full-source,1
3933241010,CAB-66df26f45d6f0756043bb5d21a77ae9a,acl-database-bulk,scalar-full-source,2
3933241010,CAB-66df26f45d6f0756043bb5d21a77ae9a,native-object,scalar-full-source,2
3933241010,CAB-66df26f45d6f0756043bb5d21a77ae9a,streaming-info,scalar-full-source,2
3933241010,CAB-770f5d8331a4bcd39fa2da4065bde1d5,-7027369149187383941,highest-quality,1
3933241010,CAB-770f5d8331a4bcd39fa2da4065bde1d5,Avatar_Female_Size02_Remielle_Origin_Ani_AC_Hit_F_L,scalar-full-source,1
3933241010,CAB-770f5d8331a4bcd39fa2da4065bde1d5,acl-database-bulk,scalar-full-source,1
3933241010,CAB-770f5d8331a4bcd39fa2da4065bde1d5,native-object,scalar-full-source,1
3933241010,CAB-770f5d8331a4bcd39fa2da4065bde1d5,streaming-info,scalar-full-source,1
3933241010,CAB-a18d26aa93624f44bf94ed4a1cd876f1,449196560178998561,highest-quality,1
3933241010,CAB-a18d26aa93624f44bf94ed4a1cd876f1,Avatar_Female_Size02_Remielle_Origin_Ani_AC_Floater_TurnRight_Loop,scalar-full-source,1
3933241010,CAB-a18d26aa93624f44bf94ed4a1cd876f1,acl-database-bulk,scalar-full-source,1
3933241010,CAB-a18d26aa93624f44bf94ed4a1cd876f1,native-object,scalar-full-source,1
3933241010,CAB-a18d26aa93624f44bf94ed4a1cd876f1,streaming-info,scalar-full-source,1
3933241010,CAB-a21202a1d30a3052827b73dc11341a24,-6574345231194527919,highest-quality,1
3933241010,CAB-a21202a1d30a3052827b73dc11341a24,Avatar_Female_Size02_Remielle_Origin_Ani_AC_Hit_B_L,scalar-full-source,1
3933241010,CAB-a21202a1d30a3052827b73dc11341a24,acl-database-bulk,scalar-full-source,1
3933241010,CAB-a21202a1d30a3052827b73dc11341a24,native-object,scalar-full-source,1
3933241010,CAB-a21202a1d30a3052827b73dc11341a24,streaming-info,scalar-full-source,1
3933241010,CAB-ac308c81e99b0b41e40b1c6836746a65,4238367545642899378,highest-quality,1
3933241010,CAB-ac308c81e99b0b41e40b1c6836746a65,Avatar_Female_Size02_Remielle_Origin_Ani_AC_ReleaseFloater,scalar-full-source,1
3933241010,CAB-ac308c81e99b0b41e40b1c6836746a65,acl-database-bulk,scalar-full-source,1
3933241010,CAB-ac308c81e99b0b41e40b1c6836746a65,native-object,scalar-full-source,1
3933241010,CAB-ac308c81e99b0b41e40b1c6836746a65,streaming-info,scalar-full-source,1
3933241010,CAB-c4ba8224cda1a570b87d8732501ca740,-558303721803508355,highest-quality,1
3933241010,CAB-c4ba8224cda1a570b87d8732501ca740,Avatar_Female_Size02_Remielle_Origin_Ani_AC_Floater_RotateToBack,scalar-full-source,1
3933241010,CAB-c4ba8224cda1a570b87d8732501ca740,acl-database-bulk,scalar-full-source,1
3933241010,CAB-c4ba8224cda1a570b87d8732501ca740,native-object,scalar-full-source,1
3933241010,CAB-c4ba8224cda1a570b87d8732501ca740,streaming-info,scalar-full-source,1
3933241010,CAB-d6bfb8d65913a86dcd01d4174dcd7ba5,7374790833252239698,highest-quality,1
3933241010,CAB-d6bfb8d65913a86dcd01d4174dcd7ba5,Avatar_Female_Size02_Remielle_Origin_Ani_AC_Floater_TurnLeft_Loop,scalar-full-source,1
3933241010,CAB-d6bfb8d65913a86dcd01d4174dcd7ba5,acl-database-bulk,scalar-full-source,1
3933241010,CAB-d6bfb8d65913a86dcd01d4174dcd7ba5,native-object,scalar-full-source,1
3933241010,CAB-d6bfb8d65913a86dcd01d4174dcd7ba5,streaming-info,scalar-full-source,1
3933241010,CAB-d97d6d9d9c53e49101cf47f72188e83f,15796100208661372,highest-quality,1
3933241010,CAB-d97d6d9d9c53e49101cf47f72188e83f,Avatar_Female_Size02_Remielle_Origin_Ani_AC_Floater_Idle_Back_Loop,scalar-full-source,1
3933241010,CAB-d97d6d9d9c53e49101cf47f72188e83f,acl-database-bulk,scalar-full-source,1
3933241010,CAB-d97d6d9d9c53e49101cf47f72188e83f,native-object,scalar-full-source,1
3933241010,CAB-d97d6d9d9c53e49101cf47f72188e83f,streaming-info,scalar-full-source,1
3933241010,CAB-fa83ba1502420e6fe6e9a83731281814,-8412784876667809433,highest-quality,1
3933241010,CAB-fa83ba1502420e6fe6e9a83731281814,2831195224024944086,highest-quality,1
3933241010,CAB-fa83ba1502420e6fe6e9a83731281814,Avatar_Female_Size02_Remielle_Origin_Ani_AC_Parry_F_L,scalar-full-source,1
3933241010,CAB-fa83ba1502420e6fe6e9a83731281814,Avatar_Female_Size02_Remielle_Origin_Ani_AC_Parry_F_L_End,scalar-full-source,1
3933241010,CAB-fa83ba1502420e6fe6e9a83731281814,acl-database-bulk,scalar-full-source,2
3933241010,CAB-fa83ba1502420e6fe6e9a83731281814,native-object,scalar-full-source,2
3933241010,CAB-fa83ba1502420e6fe6e9a83731281814,streaming-info,scalar-full-source,2
3939520730,CAB-11bac5858f0750c9fc555308d7de4636,-5148514638459531173,highest-quality,1
3939520730,CAB-11bac5858f0750c9fc555308d7de4636,7512003096561204612,highest-quality,1
3939520730,CAB-11bac5858f0750c9fc555308d7de4636,Avatar_Female_Size02_Remielle_Origin_Ani_Evade_Front_02,scalar-full-source,1
3939520730,CAB-11bac5858f0750c9fc555308d7de4636,Avatar_Female_Size02_Remielle_Origin_Default_Ani_Evade_Front_02,scalar-full-source,1
3939520730,CAB-11bac5858f0750c9fc555308d7de4636,acl-database-bulk,scalar-full-source,2
3939520730,CAB-11bac5858f0750c9fc555308d7de4636,native-object,scalar-full-source,2
3939520730,CAB-11bac5858f0750c9fc555308d7de4636,streaming-info,scalar-full-source,2
3939520730,CAB-14487361ca6d026f007ae055437d8c62,-6075153213465150356,highest-quality,1
3939520730,CAB-14487361ca6d026f007ae055437d8c62,4740247050420525063,highest-quality,1
3939520730,CAB-14487361ca6d026f007ae055437d8c62,Avatar_Female_Size02_Remielle_Origin_Ani_Hit_Shake,scalar-full-source,1
3939520730,CAB-14487361ca6d026f007ae055437d8c62,Avatar_Female_Size02_Remielle_Origin_Default_Ani_Hit_Shake,scalar-full-source,1
3939520730,CAB-14487361ca6d026f007ae055437d8c62,acl-database-bulk,scalar-full-source,2
3939520730,CAB-14487361ca6d026f007ae055437d8c62,native-object,scalar-full-source,2
3939520730,CAB-14487361ca6d026f007ae055437d8c62,streaming-info,scalar-full-source,2
3939520730,CAB-5becc2924ae52b26780a7e1b716b7c51,-5003968194027421535,highest-quality,1
3939520730,CAB-5becc2924ae52b26780a7e1b716b7c51,-988806869361687557,highest-quality,1
3939520730,CAB-5becc2924ae52b26780a7e1b716b7c51,1651874841318095758,highest-quality,1
3939520730,CAB-5becc2924ae52b26780a7e1b716b7c51,3294078110782917591,highest-quality,1
3939520730,CAB-5becc2924ae52b26780a7e1b716b7c51,Avatar_Female_Size02_Remielle_Origin_Ani_Attack_Burst_01,scalar-full-source,1
3939520730,CAB-5becc2924ae52b26780a7e1b716b7c51,Avatar_Female_Size02_Remielle_Origin_Ani_Attack_Burst_01_End,scalar-full-source,1
3939520730,CAB-5becc2924ae52b26780a7e1b716b7c51,Avatar_Female_Size02_Remielle_Origin_Default_Ani_Attack_Burst_01,scalar-full-source,1
3939520730,CAB-5becc2924ae52b26780a7e1b716b7c51,Avatar_Female_Size02_Remielle_Origin_Default_Ani_Attack_Burst_01_End,scalar-full-source,1
3939520730,CAB-5becc2924ae52b26780a7e1b716b7c51,acl-database-bulk,scalar-full-source,4
3939520730,CAB-5becc2924ae52b26780a7e1b716b7c51,native-object,scalar-full-source,4
3939520730,CAB-5becc2924ae52b26780a7e1b716b7c51,streaming-info,scalar-full-source,4
3939520730,CAB-7220c2a47b6cff41a653cd6ada5f7845,5764822136149515564,highest-quality,1
3939520730,CAB-7220c2a47b6cff41a653cd6ada5f7845,6377179083818052431,highest-quality,1
3939520730,CAB-7220c2a47b6cff41a653cd6ada5f7845,Avatar_Female_Size02_Remielle_Origin_Ani_Run_Transform_02,scalar-full-source,1
3939520730,CAB-7220c2a47b6cff41a653cd6ada5f7845,Avatar_Female_Size02_Remielle_Origin_Default_Ani_Run_Transform_02,scalar-full-source,1
3939520730,CAB-7220c2a47b6cff41a653cd6ada5f7845,acl-database-bulk,scalar-full-source,2
3939520730,CAB-7220c2a47b6cff41a653cd6ada5f7845,native-object,scalar-full-source,2
3939520730,CAB-7220c2a47b6cff41a653cd6ada5f7845,streaming-info,scalar-full-source,2
3939520730,CAB-b1b611c032529f61db30e5abd6f188d0,-8523207139652297125,highest-quality,1
3939520730,CAB-b1b611c032529f61db30e5abd6f188d0,8780922446963993946,highest-quality,1
3939520730,CAB-b1b611c032529f61db30e5abd6f188d0,Avatar_Female_Size02_Remielle_Origin_Ani_HitFly_Front,scalar-full-source,1
3939520730,CAB-b1b611c032529f61db30e5abd6f188d0,Avatar_Female_Size02_Remielle_Origin_Default_Ani_HitFly_Front,scalar-full-source,1
3939520730,CAB-b1b611c032529f61db30e5abd6f188d0,acl-database-bulk,scalar-full-source,2
3939520730,CAB-b1b611c032529f61db30e5abd6f188d0,native-object,scalar-full-source,2
3939520730,CAB-b1b611c032529f61db30e5abd6f188d0,streaming-info,scalar-full-source,2
3939520730,CAB-c720eff5f67f57471d62c00eb1e1ba49,1885126624327457025,highest-quality,1
3939520730,CAB-c720eff5f67f57471d62c00eb1e1ba49,7376968608536389763,highest-quality,1
3939520730,CAB-c720eff5f67f57471d62c00eb1e1ba49,Avatar_Female_Size02_Remielle_Origin_Ani_Run_Loop_01,scalar-full-source,1
3939520730,CAB-c720eff5f67f57471d62c00eb1e1ba49,Avatar_Female_Size02_Remielle_Origin_Default_Ani_Run_Loop_01,scalar-full-source,1
3939520730,CAB-c720eff5f67f57471d62c00eb1e1ba49,acl-database-bulk,scalar-full-source,2
3939520730,CAB-c720eff5f67f57471d62c00eb1e1ba49,native-object,scalar-full-source,2
3939520730,CAB-c720eff5f67f57471d62c00eb1e1ba49,streaming-info,scalar-full-source,2
3939520730,CAB-f0378a31b5534b9f9140ec561b61236e,-842668131940394539,highest-quality,1
3939520730,CAB-f0378a31b5534b9f9140ec561b61236e,-975091415518682756,highest-quality,1
3939520730,CAB-f0378a31b5534b9f9140ec561b61236e,Avatar_Female_Size02_Remielle_Origin_Ani_Dash_Evade,scalar-full-source,1
3939520730,CAB-f0378a31b5534b9f9140ec561b61236e,Avatar_Female_Size02_Remielle_Origin_Default_Ani_Dash_Evade,scalar-full-source,1
3939520730,CAB-f0378a31b5534b9f9140ec561b61236e,acl-database-bulk,scalar-full-source,2
3939520730,CAB-f0378a31b5534b9f9140ec561b61236e,native-object,scalar-full-source,2
3939520730,CAB-f0378a31b5534b9f9140ec561b61236e,streaming-info,scalar-full-source,2
3939520730,CAB-fbd91208d3ced827585fbe8cdd407578,-1971826486191516812,highest-quality,1
3939520730,CAB-fbd91208d3ced827585fbe8cdd407578,-8753138749665718629,highest-quality,1
3939520730,CAB-fbd91208d3ced827585fbe8cdd407578,6736200449780151098,highest-quality,1
3939520730,CAB-fbd91208d3ced827585fbe8cdd407578,7100607445617743312,highest-quality,1
3939520730,CAB-fbd91208d3ced827585fbe8cdd407578,Avatar_Female_Size02_Remielle_Origin_Ani_Attack_Normal_01,scalar-full-source,1
3939520730,CAB-fbd91208d3ced827585fbe8cdd407578,Avatar_Female_Size02_Remielle_Origin_Ani_Attack_Normal_01_End,scalar-full-source,1
3939520730,CAB-fbd91208d3ced827585fbe8cdd407578,Avatar_Female_Size02_Remielle_Origin_Default_Ani_Attack_Normal_01,scalar-full-source,1
3939520730,CAB-fbd91208d3ced827585fbe8cdd407578,Avatar_Female_Size02_Remielle_Origin_Default_Ani_Attack_Normal_01_End,scalar-full-source,1
3939520730,CAB-fbd91208d3ced827585fbe8cdd407578,acl-database-bulk,scalar-full-source,4
3939520730,CAB-fbd91208d3ced827585fbe8cdd407578,native-object,scalar-full-source,4
3939520730,CAB-fbd91208d3ced827585fbe8cdd407578,streaming-info,scalar-full-source,4
4128630151,CAB-cf0c8082e76d375e97000b074ed6c798,-7426947853720207402,highest-quality,1
4128630151,CAB-cf0c8082e76d375e97000b074ed6c798,TL_C31_SummerTideTreasure_01_Avatar_Remielle,scalar-full-source,1
4128630151,CAB-cf0c8082e76d375e97000b074ed6c798,acl-database-bulk,scalar-full-source,1
4128630151,CAB-cf0c8082e76d375e97000b074ed6c798,native-object,scalar-full-source,1
4128630151,CAB-cf0c8082e76d375e97000b074ed6c798,streaming-info,scalar-full-source,1
600607555,CAB-111b206fdbb9e733e5c53e10494c6b9e,-5860761050635392647,highest-quality,1
600607555,CAB-111b206fdbb9e733e5c53e10494c6b9e,Avatar_Female_Size02_Remielle_PasSeul_Ani_Evade_Back_02,scalar-full-source,1
600607555,CAB-111b206fdbb9e733e5c53e10494c6b9e,acl-database-bulk,scalar-full-source,1
600607555,CAB-111b206fdbb9e733e5c53e10494c6b9e,native-object,scalar-full-source,1
600607555,CAB-111b206fdbb9e733e5c53e10494c6b9e,streaming-info,scalar-full-source,1
600607555,CAB-42a2f07a24b4452867367b09347b2cdb,2810563926534214632,highest-quality,1
600607555,CAB-42a2f07a24b4452867367b09347b2cdb,5010123028938033529,highest-quality,1
600607555,CAB-42a2f07a24b4452867367b09347b2cdb,Avatar_Female_Size02_Remielle_PasSeul_Ani_SwitchIn_Attack,scalar-full-source,1
600607555,CAB-42a2f07a24b4452867367b09347b2cdb,Avatar_Female_Size02_Remielle_PasSeul_Ani_SwitchIn_Attack_End,scalar-full-source,1
600607555,CAB-42a2f07a24b4452867367b09347b2cdb,acl-database-bulk,scalar-full-source,2
600607555,CAB-42a2f07a24b4452867367b09347b2cdb,native-object,scalar-full-source,2
600607555,CAB-42a2f07a24b4452867367b09347b2cdb,streaming-info,scalar-full-source,2
600607555,CAB-51098cd692c6a6a7354c28c86bf67b03,-1148570267233982173,highest-quality,1
600607555,CAB-51098cd692c6a6a7354c28c86bf67b03,Avatar_Female_Size02_Remielle_PasSeul_Ani_Skill03_AirState_Back,scalar-full-source,1
600607555,CAB-51098cd692c6a6a7354c28c86bf67b03,acl-database-bulk,scalar-full-source,1
600607555,CAB-51098cd692c6a6a7354c28c86bf67b03,native-object,scalar-full-source,1
600607555,CAB-51098cd692c6a6a7354c28c86bf67b03,streaming-info,scalar-full-source,1
600607555,CAB-56dd56efd72a388f5374411a162e0f32,2436884201043006926,highest-quality,1
600607555,CAB-56dd56efd72a388f5374411a162e0f32,Avatar_Female_Size02_Remielle_Ani_Skill04_AirState_Back,scalar-full-source,1
600607555,CAB-56dd56efd72a388f5374411a162e0f32,acl-database-bulk,scalar-full-source,1
600607555,CAB-56dd56efd72a388f5374411a162e0f32,native-object,scalar-full-source,1
600607555,CAB-56dd56efd72a388f5374411a162e0f32,streaming-info,scalar-full-source,1
600607555,CAB-6fe34f658f3e39a354fae82d2fd5969e,-7093354816293938243,highest-quality,1
600607555,CAB-6fe34f658f3e39a354fae82d2fd5969e,Avatar_Female_Size02_Remielle_PasSeul_Ani_Hit_Shake,scalar-full-source,1
600607555,CAB-6fe34f658f3e39a354fae82d2fd5969e,acl-database-bulk,scalar-full-source,1
600607555,CAB-6fe34f658f3e39a354fae82d2fd5969e,native-object,scalar-full-source,1
600607555,CAB-6fe34f658f3e39a354fae82d2fd5969e,streaming-info,scalar-full-source,1
600607555,CAB-77238dcbfbc8d9c2e8db9d6d90acac67,2960707942100986674,highest-quality,1
600607555,CAB-77238dcbfbc8d9c2e8db9d6d90acac67,Avatar_Female_Size02_Remielle_PasSeul_Ani_Attack_ChangeState_02,scalar-full-source,1
600607555,CAB-77238dcbfbc8d9c2e8db9d6d90acac67,acl-database-bulk,scalar-full-source,1
600607555,CAB-77238dcbfbc8d9c2e8db9d6d90acac67,native-object,scalar-full-source,1
600607555,CAB-77238dcbfbc8d9c2e8db9d6d90acac67,streaming-info,scalar-full-source,1
600607555,CAB-b9d573989ca42383ccf915380efa08c2,8157186775417845758,highest-quality,1
600607555,CAB-b9d573989ca42383ccf915380efa08c2,Avatar_Female_Size02_Remielle_PasSeul_Ani_Run_Transform_02,scalar-full-source,1
600607555,CAB-b9d573989ca42383ccf915380efa08c2,acl-database-bulk,scalar-full-source,1
600607555,CAB-b9d573989ca42383ccf915380efa08c2,native-object,scalar-full-source,1
600607555,CAB-b9d573989ca42383ccf915380efa08c2,streaming-info,scalar-full-source,1
600607555,CAB-c833f0c42db82a0d081f2bc0efb275bc,4514995476636556440,highest-quality,1
600607555,CAB-c833f0c42db82a0d081f2bc0efb275bc,Avatar_Female_Size02_Remielle_PasSeul_Ani_SwitchIn_Attack_Ex_Start,scalar-full-source,1
600607555,CAB-c833f0c42db82a0d081f2bc0efb275bc,acl-database-bulk,scalar-full-source,1
600607555,CAB-c833f0c42db82a0d081f2bc0efb275bc,native-object,scalar-full-source,1
600607555,CAB-c833f0c42db82a0d081f2bc0efb275bc,streaming-info,scalar-full-source,1
600607555,CAB-d5169750147f96ff44a9d1e3c742794a,-2578791015412501388,highest-quality,1
600607555,CAB-d5169750147f96ff44a9d1e3c742794a,Avatar_Female_Size02_Remielle_PasSeul_Ani_Hit_L_Front,scalar-full-source,1
600607555,CAB-d5169750147f96ff44a9d1e3c742794a,acl-database-bulk,scalar-full-source,1
600607555,CAB-d5169750147f96ff44a9d1e3c742794a,native-object,scalar-full-source,1
600607555,CAB-d5169750147f96ff44a9d1e3c742794a,streaming-info,scalar-full-source,1
600607555,CAB-df7bc76546e2854055b007783c6531bd,-2307136872908588732,highest-quality,1
600607555,CAB-df7bc76546e2854055b007783c6531bd,Avatar_Female_Size02_Remielle_PasSeul_Ani_Walk_to_Run_01,scalar-full-source,1
600607555,CAB-df7bc76546e2854055b007783c6531bd,acl-database-bulk,scalar-full-source,1
600607555,CAB-df7bc76546e2854055b007783c6531bd,native-object,scalar-full-source,1
600607555,CAB-df7bc76546e2854055b007783c6531bd,streaming-info,scalar-full-source,1
600607555,CAB-eef74fd268416650bc6761f5bc400b90,7867767963925115843,highest-quality,1
600607555,CAB-eef74fd268416650bc6761f5bc400b90,Avatar_Female_Size02_Remielle_PasSeul_Ani_SwitchOut_Normal,scalar-full-source,1
600607555,CAB-eef74fd268416650bc6761f5bc400b90,acl-database-bulk,scalar-full-source,1
600607555,CAB-eef74fd268416650bc6761f5bc400b90,native-object,scalar-full-source,1
600607555,CAB-eef74fd268416650bc6761f5bc400b90,streaming-info,scalar-full-source,1
600607555,CAB-f4070d60bd0ad4e5318fdb3bc3d61aa0,872245757569127759,highest-quality,1
600607555,CAB-f4070d60bd0ad4e5318fdb3bc3d61aa0,Avatar_Female_Size02_Remielle_PasSeul_Ani_Hit_L_Back,scalar-full-source,1
600607555,CAB-f4070d60bd0ad4e5318fdb3bc3d61aa0,acl-database-bulk,scalar-full-source,1
600607555,CAB-f4070d60bd0ad4e5318fdb3bc3d61aa0,native-object,scalar-full-source,1
600607555,CAB-f4070d60bd0ad4e5318fdb3bc3d61aa0,streaming-info,scalar-full-source,1
600607555,CAB-f4a3f83ab0cb0702bc035741fc6d2ff7,-1364113444982927454,highest-quality,1
600607555,CAB-f4a3f83ab0cb0702bc035741fc6d2ff7,Avatar_Female_Size02_Remielle_PasSeul_Ani_Attack_ChangeState,scalar-full-source,1
600607555,CAB-f4a3f83ab0cb0702bc035741fc6d2ff7,acl-database-bulk,scalar-full-source,1
600607555,CAB-f4a3f83ab0cb0702bc035741fc6d2ff7,native-object,scalar-full-source,1
600607555,CAB-f4a3f83ab0cb0702bc035741fc6d2ff7,streaming-info,scalar-full-source,1
600607555,CAB-f5b48814f167ff0fc72acff4306a503e,-1865946034244102170,highest-quality,1
600607555,CAB-f5b48814f167ff0fc72acff4306a503e,Avatar_Female_Size02_Remielle_PasSeul_Ani_Skill02_AirState_Front,scalar-full-source,1
600607555,CAB-f5b48814f167ff0fc72acff4306a503e,acl-database-bulk,scalar-full-source,1
600607555,CAB-f5b48814f167ff0fc72acff4306a503e,native-object,scalar-full-source,1
600607555,CAB-f5b48814f167ff0fc72acff4306a503e,streaming-info,scalar-full-source,1
666175487,CAB-a9241bab0980321f96f6426f12adb57b,-5826758644050304125,highest-quality,1
666175487,CAB-a9241bab0980321f96f6426f12adb57b,-663445028083566834,highest-quality,1
666175487,CAB-a9241bab0980321f96f6426f12adb57b,Avatar_Female_Size02_Remielle_Origin_Ani_MC_Stand_TouchingPose,scalar-full-source,1
666175487,CAB-a9241bab0980321f96f6426f12adb57b,Avatar_Female_Size02_Remielle_Origin_Default_Ani_MC_Stand_TouchingPose,scalar-full-source,1
666175487,CAB-a9241bab0980321f96f6426f12adb57b,acl-database-bulk,scalar-full-source,2
666175487,CAB-a9241bab0980321f96f6426f12adb57b,native-object,scalar-full-source,2
666175487,CAB-a9241bab0980321f96f6426f12adb57b,streaming-info,scalar-full-source,2
666175487,CAB-d165498d011e758b4b433f69e2c1e41b,5044068262566936292,highest-quality,1
666175487,CAB-d165498d011e758b4b433f69e2c1e41b,5538955482570295788,highest-quality,1
666175487,CAB-d165498d011e758b4b433f69e2c1e41b,Avatar_Female_Size02_Remielle_Origin_Ani_MC_Stand_LookingPose,scalar-full-source,1
666175487,CAB-d165498d011e758b4b433f69e2c1e41b,Avatar_Female_Size02_Remielle_Origin_Default_Ani_MC_Stand_LookingPose,scalar-full-source,1
666175487,CAB-d165498d011e758b4b433f69e2c1e41b,acl-database-bulk,scalar-full-source,2
666175487,CAB-d165498d011e758b4b433f69e2c1e41b,native-object,scalar-full-source,2
666175487,CAB-d165498d011e758b4b433f69e2c1e41b,streaming-info,scalar-full-source,2
666175487,CAB-e6f753bf1eb06603f5476f27b173c082,-8386307440703630106,highest-quality,1
666175487,CAB-e6f753bf1eb06603f5476f27b173c082,6883306053484340476,highest-quality,1
666175487,CAB-e6f753bf1eb06603f5476f27b173c082,Avatar_Female_Size02_Remielle_Origin_Ani_MC_Stand_StandingPose,scalar-full-source,1
666175487,CAB-e6f753bf1eb06603f5476f27b173c082,Avatar_Female_Size02_Remielle_Origin_Default_Ani_MC_Stand_StandingPose,scalar-full-source,1
666175487,CAB-e6f753bf1eb06603f5476f27b173c082,acl-database-bulk,scalar-full-source,2
666175487,CAB-e6f753bf1eb06603f5476f27b173c082,native-object,scalar-full-source,2
666175487,CAB-e6f753bf1eb06603f5476f27b173c082,streaming-info,scalar-full-source,2
688857604,CAB-0420a2cf9421fc6637dbefcfd5e2f378,-749745014657950354,highest-quality,1
688857604,CAB-0420a2cf9421fc6637dbefcfd5e2f378,8641581539995145310,highest-quality,1
688857604,CAB-0420a2cf9421fc6637dbefcfd5e2f378,Avatar_Female_Size02_Remielle_Origin_Ani_UI_S2toE,scalar-full-source,1
688857604,CAB-0420a2cf9421fc6637dbefcfd5e2f378,Avatar_Female_Size02_Remielle_Origin_Default_Ani_UI_S2toE,scalar-full-source,1
688857604,CAB-0420a2cf9421fc6637dbefcfd5e2f378,acl-database-bulk,scalar-full-source,2
688857604,CAB-0420a2cf9421fc6637dbefcfd5e2f378,native-object,scalar-full-source,2
688857604,CAB-0420a2cf9421fc6637dbefcfd5e2f378,streaming-info,scalar-full-source,2
688857604,CAB-196673d3a8261e8d6f3d40dd8671fe6d,1493186699832253526,highest-quality,1
688857604,CAB-196673d3a8261e8d6f3d40dd8671fe6d,6583524813328223737,highest-quality,1
688857604,CAB-196673d3a8261e8d6f3d40dd8671fe6d,Avatar_Female_Size02_Remielle_Origin_Ani_UI_EtoS2,scalar-full-source,1
688857604,CAB-196673d3a8261e8d6f3d40dd8671fe6d,Avatar_Female_Size02_Remielle_Origin_Default_Ani_UI_EtoS2,scalar-full-source,1
688857604,CAB-196673d3a8261e8d6f3d40dd8671fe6d,acl-database-bulk,scalar-full-source,2
688857604,CAB-196673d3a8261e8d6f3d40dd8671fe6d,native-object,scalar-full-source,2
688857604,CAB-196673d3a8261e8d6f3d40dd8671fe6d,streaming-info,scalar-full-source,2
688857604,CAB-28eb1bd05c8f08451827d774a9983ec7,-2854873065606486302,highest-quality,1
688857604,CAB-28eb1bd05c8f08451827d774a9983ec7,6107497321571588808,highest-quality,1
688857604,CAB-28eb1bd05c8f08451827d774a9983ec7,Avatar_Female_Size02_Remielle_Origin_Ani_MC_Stand_Think_Loop,scalar-full-source,1
688857604,CAB-28eb1bd05c8f08451827d774a9983ec7,Avatar_Female_Size02_Remielle_Origin_Default_Ani_MC_Stand_Think_Loop,scalar-full-source,1
688857604,CAB-28eb1bd05c8f08451827d774a9983ec7,acl-database-bulk,scalar-full-source,2
688857604,CAB-28eb1bd05c8f08451827d774a9983ec7,native-object,scalar-full-source,2
688857604,CAB-28eb1bd05c8f08451827d774a9983ec7,streaming-info,scalar-full-source,2
688857604,CAB-2d6716ee44e0cc9c4e82f31d18471b5e,-2943091409813890838,highest-quality,1
688857604,CAB-2d6716ee44e0cc9c4e82f31d18471b5e,5398068560509781131,highest-quality,1
688857604,CAB-2d6716ee44e0cc9c4e82f31d18471b5e,Avatar_Female_Size02_Remielle_Origin_Ani_MC_Run_Start_End,scalar-full-source,1
688857604,CAB-2d6716ee44e0cc9c4e82f31d18471b5e,Avatar_Female_Size02_Remielle_Origin_Default_Ani_MC_Run_Start_End,scalar-full-source,1
688857604,CAB-2d6716ee44e0cc9c4e82f31d18471b5e,acl-database-bulk,scalar-full-source,2
688857604,CAB-2d6716ee44e0cc9c4e82f31d18471b5e,native-object,scalar-full-source,2
688857604,CAB-2d6716ee44e0cc9c4e82f31d18471b5e,streaming-info,scalar-full-source,2
688857604,CAB-4d31a0cc18243e656b92b796e41a94c0,-5674996729635622394,highest-quality,1
688857604,CAB-4d31a0cc18243e656b92b796e41a94c0,3060573428898120933,highest-quality,1
688857604,CAB-4d31a0cc18243e656b92b796e41a94c0,Avatar_Female_Size02_Remielle_Origin_Ani_MC_Stand_Idle01_Loop,scalar-full-source,1
688857604,CAB-4d31a0cc18243e656b92b796e41a94c0,Avatar_Female_Size02_Remielle_Origin_Default_Ani_MC_Stand_Idle01_Loop,scalar-full-source,1
688857604,CAB-4d31a0cc18243e656b92b796e41a94c0,acl-database-bulk,scalar-full-source,2
688857604,CAB-4d31a0cc18243e656b92b796e41a94c0,native-object,scalar-full-source,2
688857604,CAB-4d31a0cc18243e656b92b796e41a94c0,streaming-info,scalar-full-source,2
688857604,CAB-5fa60fbae47069ddd965faecae89371f,-7726258737048939600,highest-quality,1
688857604,CAB-5fa60fbae47069ddd965faecae89371f,7034018613371007621,highest-quality,1
688857604,CAB-5fa60fbae47069ddd965faecae89371f,Avatar_Female_Size02_Remielle_Origin_Ani_MC_Run_Start,scalar-full-source,1
688857604,CAB-5fa60fbae47069ddd965faecae89371f,Avatar_Female_Size02_Remielle_Origin_Default_Ani_MC_Run_Start,scalar-full-source,1
688857604,CAB-5fa60fbae47069ddd965faecae89371f,acl-database-bulk,scalar-full-source,2
688857604,CAB-5fa60fbae47069ddd965faecae89371f,native-object,scalar-full-source,2
688857604,CAB-5fa60fbae47069ddd965faecae89371f,streaming-info,scalar-full-source,2
688857604,CAB-927cb61f019f86386f26de289b0c80d2,-8492613319132631384,highest-quality,1
688857604,CAB-927cb61f019f86386f26de289b0c80d2,6370634618021253365,highest-quality,1
688857604,CAB-927cb61f019f86386f26de289b0c80d2,Avatar_Female_Size02_Remielle_Origin_Ani_UI_MainPage_01,scalar-full-source,1
688857604,CAB-927cb61f019f86386f26de289b0c80d2,Avatar_Female_Size02_Remielle_Origin_Default_Ani_UI_MainPage_01,scalar-full-source,1
688857604,CAB-927cb61f019f86386f26de289b0c80d2,acl-database-bulk,scalar-full-source,2
688857604,CAB-927cb61f019f86386f26de289b0c80d2,native-object,scalar-full-source,2
688857604,CAB-927cb61f019f86386f26de289b0c80d2,streaming-info,scalar-full-source,2
688857604,CAB-fe62c01e4f3d84db1f8da3988ac5bda9,-2033928463246329224,highest-quality,1
688857604,CAB-fe62c01e4f3d84db1f8da3988ac5bda9,8065264095570095513,highest-quality,1
688857604,CAB-fe62c01e4f3d84db1f8da3988ac5bda9,Avatar_Female_Size02_Remielle_Origin_Ani_Gacha_Loop_02,scalar-full-source,1
688857604,CAB-fe62c01e4f3d84db1f8da3988ac5bda9,Avatar_Female_Size02_Remielle_Origin_Default_Ani_Gacha_Loop_02,scalar-full-source,1
688857604,CAB-fe62c01e4f3d84db1f8da3988ac5bda9,acl-database-bulk,scalar-full-source,2
688857604,CAB-fe62c01e4f3d84db1f8da3988ac5bda9,native-object,scalar-full-source,2
688857604,CAB-fe62c01e4f3d84db1f8da3988ac5bda9,streaming-info,scalar-full-source,2
743950099,CAB-0307c26d10e901a6c57b4193e3c645f4,-3969743430469522361,highest-quality,1
743950099,CAB-0307c26d10e901a6c57b4193e3c645f4,Avatar_Female_Size02_Remielle_Origin_Ani_AC_Boost_R_Loop,scalar-full-source,1
743950099,CAB-0307c26d10e901a6c57b4193e3c645f4,acl-database-bulk,scalar-full-source,1
743950099,CAB-0307c26d10e901a6c57b4193e3c645f4,native-object,scalar-full-source,1
743950099,CAB-0307c26d10e901a6c57b4193e3c645f4,streaming-info,scalar-full-source,1
743950099,CAB-28cd8551a043aa1fec927e1c6a4fd764,-1831461666187654718,highest-quality,1
743950099,CAB-28cd8551a043aa1fec927e1c6a4fd764,Avatar_Female_Size02_Remielle_Origin_Ani_AC_Boost_L_Loop,scalar-full-source,1
743950099,CAB-28cd8551a043aa1fec927e1c6a4fd764,acl-database-bulk,scalar-full-source,1
743950099,CAB-28cd8551a043aa1fec927e1c6a4fd764,native-object,scalar-full-source,1
743950099,CAB-28cd8551a043aa1fec927e1c6a4fd764,streaming-info,scalar-full-source,1
743950099,CAB-900f8ec88976c3b104319c364aa90e19,1119873529688951936,highest-quality,1
743950099,CAB-900f8ec88976c3b104319c364aa90e19,Avatar_Female_Size02_Remielle_Origin_Ani_AC_Hit_B_R,scalar-full-source,1
743950099,CAB-900f8ec88976c3b104319c364aa90e19,acl-database-bulk,scalar-full-source,1
743950099,CAB-900f8ec88976c3b104319c364aa90e19,native-object,scalar-full-source,1
743950099,CAB-900f8ec88976c3b104319c364aa90e19,streaming-info,scalar-full-source,1
743950099,CAB-b8afba1667e538ea1c728929cf16fca6,5893225612305477988,highest-quality,1
743950099,CAB-b8afba1667e538ea1c728929cf16fca6,Avatar_Female_Size02_Remielle_Origin_Ani_AC_Boost_Start,scalar-full-source,1
743950099,CAB-b8afba1667e538ea1c728929cf16fca6,acl-database-bulk,scalar-full-source,1
743950099,CAB-b8afba1667e538ea1c728929cf16fca6,native-object,scalar-full-source,1
743950099,CAB-b8afba1667e538ea1c728929cf16fca6,streaming-info,scalar-full-source,1
743950099,CAB-c0e684251a2941fec6d5f78b550e42e6,8626172897604399891,highest-quality,1
743950099,CAB-c0e684251a2941fec6d5f78b550e42e6,Avatar_Female_Size02_Remielle_Origin_Ani_AC_Boost_L_Start,scalar-full-source,1
743950099,CAB-c0e684251a2941fec6d5f78b550e42e6,acl-database-bulk,scalar-full-source,1
743950099,CAB-c0e684251a2941fec6d5f78b550e42e6,native-object,scalar-full-source,1
743950099,CAB-c0e684251a2941fec6d5f78b550e42e6,streaming-info,scalar-full-source,1
743950099,CAB-ec8c49dc537a403fdaecdcd7224055ef,2575081414563872535,highest-quality,1
743950099,CAB-ec8c49dc537a403fdaecdcd7224055ef,Avatar_Female_Size02_Remielle_Origin_Ani_AC_Boost_Backflip,scalar-full-source,1
743950099,CAB-ec8c49dc537a403fdaecdcd7224055ef,acl-database-bulk,scalar-full-source,1
743950099,CAB-ec8c49dc537a403fdaecdcd7224055ef,native-object,scalar-full-source,1
743950099,CAB-ec8c49dc537a403fdaecdcd7224055ef,streaming-info,scalar-full-source,1
743950099,CAB-f6e0f945ef7b548c7d383748abea5791,2851850261613305529,highest-quality,1
743950099,CAB-f6e0f945ef7b548c7d383748abea5791,8172080903107082230,highest-quality,1
743950099,CAB-f6e0f945ef7b548c7d383748abea5791,Avatar_Female_Size02_Remielle_Origin_Ani_AC_Parry_F_R,scalar-full-source,1
743950099,CAB-f6e0f945ef7b548c7d383748abea5791,Avatar_Female_Size02_Remielle_Origin_Ani_AC_Parry_F_R_End,scalar-full-source,1
743950099,CAB-f6e0f945ef7b548c7d383748abea5791,acl-database-bulk,scalar-full-source,2
743950099,CAB-f6e0f945ef7b548c7d383748abea5791,native-object,scalar-full-source,2
743950099,CAB-f6e0f945ef7b548c7d383748abea5791,streaming-info,scalar-full-source,2
748631265,CAB-0507d44c93ee865629ddd2eadf780ece,Eff_RemielleOrigin_Attack_ExQTE_Start_01_Aura,scalar-full-source|standalone-native,2
748631265,CAB-0507d44c93ee865629ddd2eadf780ece,native-object,scalar-full-source,1
748631265,CAB-05c488d68d24fb1a41e24ad1f8f18d37,Eff_RemielleOrigin_Attack_ExQTE_Start_02_Aura,scalar-full-source|standalone-native,2
748631265,CAB-05c488d68d24fb1a41e24ad1f8f18d37,native-object,scalar-full-source,1
748631265,CAB-161ebb34620a9a32c864799765e09900,Eff_RemielleOrigin_Attack_ExQTE_30_Trail,scalar-full-source|standalone-native,2
748631265,CAB-161ebb34620a9a32c864799765e09900,native-object,scalar-full-source,1
748631265,CAB-183a39af38c06247e21e595bb4f6f6ce,Eff_RemielleOrigin_Attack_ExQTE_Start_22_Aura,scalar-full-source|standalone-native,2
748631265,CAB-183a39af38c06247e21e595bb4f6f6ce,native-object,scalar-full-source,1
748631265,CAB-3517beff286947a9dd02c3c217b7e60f,Eff_RemielleOrigin_Attack_ExQTE_15_Trail,scalar-full-source|standalone-native,2
748631265,CAB-3517beff286947a9dd02c3c217b7e60f,native-object,scalar-full-source,1
748631265,CAB-3fb655b4449bf5ddef40f816fbc1e86f,Eff_RemielleOrigin_Attack_Counter_01_Trail,scalar-full-source|standalone-native,2
748631265,CAB-3fb655b4449bf5ddef40f816fbc1e86f,native-object,scalar-full-source,1
748631265,CAB-43eb7f8b4de6dd62a2989b161b42dc57,Eff_RemielleOrigin_Attack_ExQTE_38_Trail,scalar-full-source|standalone-native,2
748631265,CAB-43eb7f8b4de6dd62a2989b161b42dc57,native-object,scalar-full-source,1
748631265,CAB-56563b3145bd82a9228c017eb9383d37,Eff_RemielleOrigin_Attack_ExQTE_14_Trail,scalar-full-source|standalone-native,2
748631265,CAB-56563b3145bd82a9228c017eb9383d37,native-object,scalar-full-source,1
748631265,CAB-829f95a475d3a12f87174ecc7177889d,Eff_RemielleOrigin_Attack_ExQTE_08_Trail,scalar-full-source|standalone-native,2
748631265,CAB-829f95a475d3a12f87174ecc7177889d,native-object,scalar-full-source,1
748631265,CAB-a27f3b7892534ed4b661bdda82515c61,Eff_RemielleOrigin_Attack_EXQTE_01_Glow,scalar-full-source|standalone-native,2
748631265,CAB-a27f3b7892534ed4b661bdda82515c61,native-object,scalar-full-source,1
748631265,CAB-a983284ac5d2dc5730ff82c9f4f8b7d8,Eff_RemielleOrigin_SwitchIn_Attack_Ex_Start_13_Glow,scalar-full-source|standalone-native,2
748631265,CAB-a983284ac5d2dc5730ff82c9f4f8b7d8,native-object,scalar-full-source,1
748631265,CAB-ab85498ed9ee19ce2e6a4b4280127f35,Eff_RemielleOrigin_Attack_EXQTE_08_Glow,scalar-full-source|standalone-native,2
748631265,CAB-ab85498ed9ee19ce2e6a4b4280127f35,native-object,scalar-full-source,1
748631265,CAB-dcb6ff94bb095dc852f40483fb88b50a,Eff_RemielleOrigin_Attack_ExQTE_32_Trail,scalar-full-source|standalone-native,2
748631265,CAB-dcb6ff94bb095dc852f40483fb88b50a,native-object,scalar-full-source,1
748631265,CAB-dd3d4407f43cead2c7cb27b4905c28bb,Eff_RemielleOrigin_Attack_ExQTE_09_Trail,scalar-full-source|standalone-native,2
748631265,CAB-dd3d4407f43cead2c7cb27b4905c28bb,native-object,scalar-full-source,1
748631265,CAB-e50d7342ecc8552bfe570ed40a91479a,Eff_RemielleOrigin_SwitchIn_Attack_Ex_Start_03_Glow,scalar-full-source|standalone-native,2
748631265,CAB-e50d7342ecc8552bfe570ed40a91479a,native-object,scalar-full-source,1
760203698,CAB-199590ddb2067773d7f0001d791a0a97,Eff_RemielleOrigin_Skill01_AirState_Front_01_Trail,scalar-full-source|standalone-native,2
760203698,CAB-199590ddb2067773d7f0001d791a0a97,native-object,scalar-full-source,1
760203698,CAB-1efe5187a0e15aa469a75876dfd26403,Eff_RemielleOrigin_Skill03_AirState_Front_01_Trail,scalar-full-source|standalone-native,2
760203698,CAB-1efe5187a0e15aa469a75876dfd26403,native-object,scalar-full-source,1
760203698,CAB-2eb2f69c3de9f6d02d2428142b1c31ef,Eff_RemielleOrigin_Finish_Ex_AirState_Back_Start_25_Glow,scalar-full-source|standalone-native,2
760203698,CAB-2eb2f69c3de9f6d02d2428142b1c31ef,native-object,scalar-full-source,1
760203698,CAB-300406a286d31d289e8d9dd2e7a6c335,Eff_RemielleOrigin_Skill04_AirState_Back_05_Flash,scalar-full-source|standalone-native,2
760203698,CAB-300406a286d31d289e8d9dd2e7a6c335,native-object,scalar-full-source,1
760203698,CAB-3b598617e2e6a006c08b9308afc5f1cf,Eff_RemielleOrigin_Finish_Ex_AirState_Back_Start_27_Glow,scalar-full-source|standalone-native,2
760203698,CAB-3b598617e2e6a006c08b9308afc5f1cf,native-object,scalar-full-source,1
760203698,CAB-47e23e52143094ca972015063978d39c,Avatar_Female_Size02_Remielle_Ani_Gacha_Start_羽毛,scalar-full-source|standalone-native,2
760203698,CAB-47e23e52143094ca972015063978d39c,native-object,scalar-full-source,1
760203698,CAB-5be52f019980f13217745ef16728f914,Eff_RemielleOrigin_Skill02_AirState_Front_06_Weapon,scalar-full-source|standalone-native,2
760203698,CAB-5be52f019980f13217745ef16728f914,native-object,scalar-full-source,1
760203698,CAB-689ba3f445f93dc093bf93ba56818e16,Eff_RemielleOrigin_Finish_Ex_AirState_Back_Start_26_Glow,scalar-full-source|standalone-native,2
760203698,CAB-689ba3f445f93dc093bf93ba56818e16,native-object,scalar-full-source,1
760203698,CAB-730bf060677668d0495c3bce1a5a9409,Eff_RemielleOrigin_Gacha_Start_12_Trail,scalar-full-source|standalone-native,2
760203698,CAB-730bf060677668d0495c3bce1a5a9409,native-object,scalar-full-source,1
760203698,CAB-95c27f70069eb70b92bd26ee005251f5,Eff_RemielleOrigin_Finish_Ex_AirState_Back_Start_32_Glow,scalar-full-source|standalone-native,2
760203698,CAB-95c27f70069eb70b92bd26ee005251f5,native-object,scalar-full-source,1
760203698,CAB-a7e7bfb8aeb1c9f1e4b61a0272fe389d,Eff_RemielleOrigin_Skill01_AirState_Front_03_Trail,scalar-full-source|standalone-native,2
760203698,CAB-a7e7bfb8aeb1c9f1e4b61a0272fe389d,native-object,scalar-full-source,1
760203698,CAB-b928ccb0ee25d8ca365cfb06b23ca806,Eff_RemielleOrigin_Finish_Ex_AirState_Back_Start_29_Glow,scalar-full-source|standalone-native,2
760203698,CAB-b928ccb0ee25d8ca365cfb06b23ca806,native-object,scalar-full-source,1
760203698,CAB-c29acf9c10b78e573053e1d1701c938a,Eff_RemielleOrigin_Finish_Ex_AirState_Back_Start_33_Glow,scalar-full-source|standalone-native,2
760203698,CAB-c29acf9c10b78e573053e1d1701c938a,native-object,scalar-full-source,1
760203698,CAB-d5c1e58b97c7b12ca116223b26296e96,Eff_RemielleOrigin_Gacha_Start_10_Trail,scalar-full-source|standalone-native,2
760203698,CAB-d5c1e58b97c7b12ca116223b26296e96,native-object,scalar-full-source,1
760203698,CAB-d9c440c186b827f16cc5e243fe763366,Eff_RemielleOrigin_Finish_Ex_AirState_Back_Start_34_Glow,scalar-full-source|standalone-native,2
760203698,CAB-d9c440c186b827f16cc5e243fe763366,native-object,scalar-full-source,1
760203698,CAB-dfd36030ee0e39d4e91f21db9accc23f,Eff_RemielleOrigin_Finish_Ex_AirState_Back_Start_28_Glow,scalar-full-source|standalone-native,2
760203698,CAB-dfd36030ee0e39d4e91f21db9accc23f,native-object,scalar-full-source,1
760203698,CAB-e15a0c48288d8b3dc81748bb9b12181c,Eff_RemielleOrigin_Gacha_Start_13_Trail,scalar-full-source|standalone-native,2
760203698,CAB-e15a0c48288d8b3dc81748bb9b12181c,native-object,scalar-full-source,1
760203698,CAB-e30f1495d676def7150f384183a3435e,Eff_RemielleOrigin_Finish_Ex_AirState_Back_Start_38_Glow,scalar-full-source|standalone-native,2
760203698,CAB-e30f1495d676def7150f384183a3435e,native-object,scalar-full-source,1
760203698,CAB-e7278f1d66076a2a3049b429588d7fea,Eff_RemielleOrigin_Skill05_AirState_Back_06_Flash,scalar-full-source|standalone-native,2
760203698,CAB-e7278f1d66076a2a3049b429588d7fea,native-object,scalar-full-source,1
760203698,CAB-f352fc8fd02d6a7ec60f8b3dfcbdb689,Eff_RemielleOrigin_Skill02_AirState_Back_05_Trail,scalar-full-source|standalone-native,2
760203698,CAB-f352fc8fd02d6a7ec60f8b3dfcbdb689,native-object,scalar-full-source,1
760203698,CAB-ff260896853ea06fc9074868b37a073d,Eff_RemielleOrigin_Skill04_AirState_Front_01_Trail,scalar-full-source|standalone-native,2
760203698,CAB-ff260896853ea06fc9074868b37a073d,native-object,scalar-full-source,1
760203698,CAB-ffbd22513846388e1ed92a57ff170ec0,Eff_RemielleOrigin_Skill04_AirState_Back_03_Trail,scalar-full-source|standalone-native,2
760203698,CAB-ffbd22513846388e1ed92a57ff170ec0,native-object,scalar-full-source,1
857420442,CAB-062d3958e034d94f1f34094c4ae9283a,7846804033022012985,highest-quality,1
857420442,CAB-062d3958e034d94f1f34094c4ae9283a,Avatar_Female_Size02_Remielle_PasSeul_Ani_MC_Beach_Shake,scalar-full-source,1
857420442,CAB-062d3958e034d94f1f34094c4ae9283a,acl-database-bulk,scalar-full-source,1
857420442,CAB-062d3958e034d94f1f34094c4ae9283a,native-object,scalar-full-source,1
857420442,CAB-062d3958e034d94f1f34094c4ae9283a,streaming-info,scalar-full-source,1
857420442,CAB-0dfc011dab19d6cf39f86d83d413afe2,-8184528657815807237,highest-quality,1
857420442,CAB-0dfc011dab19d6cf39f86d83d413afe2,Avatar_Female_Size02_Remielle_PasSeul_Ani_MC_Walk_End_02_R,scalar-full-source,1
857420442,CAB-0dfc011dab19d6cf39f86d83d413afe2,acl-database-bulk,scalar-full-source,1
857420442,CAB-0dfc011dab19d6cf39f86d83d413afe2,native-object,scalar-full-source,1
857420442,CAB-0dfc011dab19d6cf39f86d83d413afe2,streaming-info,scalar-full-source,1
857420442,CAB-107ca62a6e889f9214141a7dfe440119,-6414773544322857082,highest-quality,1
857420442,CAB-107ca62a6e889f9214141a7dfe440119,Avatar_Female_Size02_Remielle_PasSeul_Ani_MC_Beach_Run_Stop,scalar-full-source,1
857420442,CAB-107ca62a6e889f9214141a7dfe440119,acl-database-bulk,scalar-full-source,1
857420442,CAB-107ca62a6e889f9214141a7dfe440119,native-object,scalar-full-source,1
857420442,CAB-107ca62a6e889f9214141a7dfe440119,streaming-info,scalar-full-source,1
857420442,CAB-130f8a9d82584111933c3c0c89d71700,-3511414337619192718,highest-quality,1
857420442,CAB-130f8a9d82584111933c3c0c89d71700,Avatar_Female_Size02_Remielle_PasSeul_Ani_MC_RunToWalk,scalar-full-source,1
857420442,CAB-130f8a9d82584111933c3c0c89d71700,acl-database-bulk,scalar-full-source,1
857420442,CAB-130f8a9d82584111933c3c0c89d71700,native-object,scalar-full-source,1
857420442,CAB-130f8a9d82584111933c3c0c89d71700,streaming-info,scalar-full-source,1
857420442,CAB-22dd1fe7556c788b53f1f4525e784d4c,-7911876158808846913,highest-quality,1
857420442,CAB-22dd1fe7556c788b53f1f4525e784d4c,Avatar_Female_Size02_Remielle_PasSeul_Ani_MC_Beach_Idle_Loop,scalar-full-source,1
857420442,CAB-22dd1fe7556c788b53f1f4525e784d4c,acl-database-bulk,scalar-full-source,1
857420442,CAB-22dd1fe7556c788b53f1f4525e784d4c,native-object,scalar-full-source,1
857420442,CAB-22dd1fe7556c788b53f1f4525e784d4c,streaming-info,scalar-full-source,1
857420442,CAB-2f6ad309289fee0bf19cf7470de70267,-1245308895446290242,highest-quality,1
857420442,CAB-2f6ad309289fee0bf19cf7470de70267,Avatar_Female_Size02_Remielle_PasSeul_Ani_MC_Stand_Photo,scalar-full-source,1
857420442,CAB-2f6ad309289fee0bf19cf7470de70267,acl-database-bulk,scalar-full-source,1
857420442,CAB-2f6ad309289fee0bf19cf7470de70267,native-object,scalar-full-source,1
857420442,CAB-2f6ad309289fee0bf19cf7470de70267,streaming-info,scalar-full-source,1
857420442,CAB-4422bcfbff5939759061ccba73d1f178,1590318240472557121,highest-quality,1
857420442,CAB-4422bcfbff5939759061ccba73d1f178,Avatar_Female_Size02_Remielle_PasSeul_Ani_MC_Beach_Walk_Loop,scalar-full-source,1
857420442,CAB-4422bcfbff5939759061ccba73d1f178,acl-database-bulk,scalar-full-source,1
857420442,CAB-4422bcfbff5939759061ccba73d1f178,native-object,scalar-full-source,1
857420442,CAB-4422bcfbff5939759061ccba73d1f178,streaming-info,scalar-full-source,1
857420442,CAB-4a93bfec7676bf4f11198a88b63e75ce,-4118330245921752828,highest-quality,1
857420442,CAB-4a93bfec7676bf4f11198a88b63e75ce,Avatar_Female_Size02_Remielle_PasSeul_Ani_MC_Idle_Loop,scalar-full-source,1
857420442,CAB-4a93bfec7676bf4f11198a88b63e75ce,acl-database-bulk,scalar-full-source,1
857420442,CAB-4a93bfec7676bf4f11198a88b63e75ce,native-object,scalar-full-source,1
857420442,CAB-4a93bfec7676bf4f11198a88b63e75ce,streaming-info,scalar-full-source,1
857420442,CAB-5054eac14fb4b7e8cea0e17a7adf2e95,6226003965403640995,highest-quality,1
857420442,CAB-5054eac14fb4b7e8cea0e17a7adf2e95,Avatar_Female_Size02_Remielle_PasSeul_Ani_MC_Stand_Idle01_Loop,scalar-full-source,1
857420442,CAB-5054eac14fb4b7e8cea0e17a7adf2e95,acl-database-bulk,scalar-full-source,1
857420442,CAB-5054eac14fb4b7e8cea0e17a7adf2e95,native-object,scalar-full-source,1
857420442,CAB-5054eac14fb4b7e8cea0e17a7adf2e95,streaming-info,scalar-full-source,1
857420442,CAB-55bc6abaf0f2493313fc1d01b065d018,-795361855130684516,highest-quality,1
857420442,CAB-55bc6abaf0f2493313fc1d01b065d018,Avatar_Female_Size02_Remielle_PasSeul_Ani_MC_TurnAround_R,scalar-full-source,1
857420442,CAB-55bc6abaf0f2493313fc1d01b065d018,acl-database-bulk,scalar-full-source,1
857420442,CAB-55bc6abaf0f2493313fc1d01b065d018,native-object,scalar-full-source,1
857420442,CAB-55bc6abaf0f2493313fc1d01b065d018,streaming-info,scalar-full-source,1
857420442,CAB-64b379e94f627ee1cd92da39ae0f8d2a,-2720451829318592545,highest-quality,1
857420442,CAB-64b379e94f627ee1cd92da39ae0f8d2a,Avatar_Female_Size02_Remielle_PasSeul_Ani_MC_Run_End_L,scalar-full-source,1
857420442,CAB-64b379e94f627ee1cd92da39ae0f8d2a,acl-database-bulk,scalar-full-source,1
857420442,CAB-64b379e94f627ee1cd92da39ae0f8d2a,native-object,scalar-full-source,1
857420442,CAB-64b379e94f627ee1cd92da39ae0f8d2a,streaming-info,scalar-full-source,1
857420442,CAB-6af40f9899f9009d4b9b5d1eaa772008,3390052436546175802,highest-quality,1
857420442,CAB-6af40f9899f9009d4b9b5d1eaa772008,Avatar_Female_Size02_Remielle_PasSeul_Ani_MC_Run_End_R,scalar-full-source,1
857420442,CAB-6af40f9899f9009d4b9b5d1eaa772008,acl-database-bulk,scalar-full-source,1
857420442,CAB-6af40f9899f9009d4b9b5d1eaa772008,native-object,scalar-full-source,1
857420442,CAB-6af40f9899f9009d4b9b5d1eaa772008,streaming-info,scalar-full-source,1
857420442,CAB-75fb2ab09f87c3e515b4810012cb55f0,7086238358935337882,highest-quality,1
857420442,CAB-75fb2ab09f87c3e515b4810012cb55f0,Avatar_Female_Size02_Remielle_PasSeul_Ani_MC_TurnAround_L,scalar-full-source,1
857420442,CAB-75fb2ab09f87c3e515b4810012cb55f0,acl-database-bulk,scalar-full-source,1
857420442,CAB-75fb2ab09f87c3e515b4810012cb55f0,native-object,scalar-full-source,1
857420442,CAB-75fb2ab09f87c3e515b4810012cb55f0,streaming-info,scalar-full-source,1
857420442,CAB-810861b865dc79b607b71052d029169e,1335056934340752049,highest-quality,1
857420442,CAB-810861b865dc79b607b71052d029169e,Avatar_Female_Size02_Remielle_PasSeul_Ani_MC_Beach_Run_End,scalar-full-source,1
857420442,CAB-810861b865dc79b607b71052d029169e,acl-database-bulk,scalar-full-source,1
857420442,CAB-810861b865dc79b607b71052d029169e,native-object,scalar-full-source,1
857420442,CAB-810861b865dc79b607b71052d029169e,streaming-info,scalar-full-source,1
857420442,CAB-85f8e4d28c62eb1ee7413c6545d1c5a7,-6962455290466281826,highest-quality,1
857420442,CAB-85f8e4d28c62eb1ee7413c6545d1c5a7,Avatar_Female_Size02_Remielle_PasSeul_Ani_MC_Run_TurnBack,scalar-full-source,1
857420442,CAB-85f8e4d28c62eb1ee7413c6545d1c5a7,acl-database-bulk,scalar-full-source,1
857420442,CAB-85f8e4d28c62eb1ee7413c6545d1c5a7,native-object,scalar-full-source,1
857420442,CAB-85f8e4d28c62eb1ee7413c6545d1c5a7,streaming-info,scalar-full-source,1
857420442,CAB-8709b7794dbd614654c305c541b69b3d,-5167791503700290923,highest-quality,1
857420442,CAB-8709b7794dbd614654c305c541b69b3d,Avatar_Female_Size02_Remielle_PasSeul_Ani_MC_Beach_Walk_End_R,scalar-full-source,1
857420442,CAB-8709b7794dbd614654c305c541b69b3d,acl-database-bulk,scalar-full-source,1
857420442,CAB-8709b7794dbd614654c305c541b69b3d,native-object,scalar-full-source,1
857420442,CAB-8709b7794dbd614654c305c541b69b3d,streaming-info,scalar-full-source,1
857420442,CAB-97c0803e604c6e7be971c63b158aa477,4717391796780699438,highest-quality,1
857420442,CAB-97c0803e604c6e7be971c63b158aa477,Avatar_Female_Size02_Remielle_PasSeul_Ani_MC_Walk_End_02_L,scalar-full-source,1
857420442,CAB-97c0803e604c6e7be971c63b158aa477,acl-database-bulk,scalar-full-source,1
857420442,CAB-97c0803e604c6e7be971c63b158aa477,native-object,scalar-full-source,1
857420442,CAB-97c0803e604c6e7be971c63b158aa477,streaming-info,scalar-full-source,1
857420442,CAB-a050c500f5f6b5dd218809d36a6fb798,-35880293659132669,highest-quality,1
857420442,CAB-a050c500f5f6b5dd218809d36a6fb798,Avatar_Female_Size02_Remielle_PasSeul_Ani_MC_Run_Start,scalar-full-source,1
857420442,CAB-a050c500f5f6b5dd218809d36a6fb798,acl-database-bulk,scalar-full-source,1
857420442,CAB-a050c500f5f6b5dd218809d36a6fb798,native-object,scalar-full-source,1
857420442,CAB-a050c500f5f6b5dd218809d36a6fb798,streaming-info,scalar-full-source,1
857420442,CAB-ae752e4c7e95bd00e940c11aa420b149,-4613625707551148887,highest-quality,1
857420442,CAB-ae752e4c7e95bd00e940c11aa420b149,Avatar_Female_Size02_Remielle_PasSeul_Ani_MC_Run_Loop,scalar-full-source,1
857420442,CAB-ae752e4c7e95bd00e940c11aa420b149,acl-database-bulk,scalar-full-source,1
857420442,CAB-ae752e4c7e95bd00e940c11aa420b149,native-object,scalar-full-source,1
857420442,CAB-ae752e4c7e95bd00e940c11aa420b149,streaming-info,scalar-full-source,1
857420442,CAB-b23704b2b951ca22293000e291177af4,-6051929730229281194,highest-quality,1
857420442,CAB-b23704b2b951ca22293000e291177af4,Avatar_Female_Size02_Remielle_PasSeul_Ani_MC_Beach_Winning,scalar-full-source,1
857420442,CAB-b23704b2b951ca22293000e291177af4,acl-database-bulk,scalar-full-source,1
857420442,CAB-b23704b2b951ca22293000e291177af4,native-object,scalar-full-source,1
857420442,CAB-b23704b2b951ca22293000e291177af4,streaming-info,scalar-full-source,1
857420442,CAB-bff6803d31846e6182294c2d1151d651,2892547470333788774,highest-quality,1
857420442,CAB-bff6803d31846e6182294c2d1151d651,Avatar_Female_Size02_Remielle_PasSeul_Ani_MC_Walk_Start,scalar-full-source,1
857420442,CAB-bff6803d31846e6182294c2d1151d651,acl-database-bulk,scalar-full-source,1
857420442,CAB-bff6803d31846e6182294c2d1151d651,native-object,scalar-full-source,1
857420442,CAB-bff6803d31846e6182294c2d1151d651,streaming-info,scalar-full-source,1
857420442,CAB-c0000cb3083685f1bb8c5e30ead079ab,-7386739026381825732,highest-quality,1
857420442,CAB-c0000cb3083685f1bb8c5e30ead079ab,Avatar_Female_Size02_Remielle_PasSeul_Ani_MC_Stand_Think_Loop,scalar-full-source,1
857420442,CAB-c0000cb3083685f1bb8c5e30ead079ab,acl-database-bulk,scalar-full-source,1
857420442,CAB-c0000cb3083685f1bb8c5e30ead079ab,native-object,scalar-full-source,1
857420442,CAB-c0000cb3083685f1bb8c5e30ead079ab,streaming-info,scalar-full-source,1
857420442,CAB-d186fac75acbe6ed97161a0baa16f276,5324957557180481423,highest-quality,1
857420442,CAB-d186fac75acbe6ed97161a0baa16f276,Avatar_Female_Size02_Remielle_PasSeul_Ani_MC_Beach_Run_Loop,scalar-full-source,1
857420442,CAB-d186fac75acbe6ed97161a0baa16f276,acl-database-bulk,scalar-full-source,1
857420442,CAB-d186fac75acbe6ed97161a0baa16f276,native-object,scalar-full-source,1
857420442,CAB-d186fac75acbe6ed97161a0baa16f276,streaming-info,scalar-full-source,1
857420442,CAB-d386fad25d1ca40782545fa843a21a34,7787218017007325855,highest-quality,1
857420442,CAB-d386fad25d1ca40782545fa843a21a34,Avatar_Female_Size02_Remielle_PasSeul_Ani_MC_Beach_Walk_Start,scalar-full-source,1
857420442,CAB-d386fad25d1ca40782545fa843a21a34,acl-database-bulk,scalar-full-source,1
857420442,CAB-d386fad25d1ca40782545fa843a21a34,native-object,scalar-full-source,1
857420442,CAB-d386fad25d1ca40782545fa843a21a34,streaming-info,scalar-full-source,1
857420442,CAB-da8fa781fdec243bb179e07194701108,-6165172696553186535,highest-quality,1
857420442,CAB-da8fa781fdec243bb179e07194701108,Avatar_Female_Size02_Remielle_PasSeul_Ani_MC_Sprint_Loop,scalar-full-source,1
857420442,CAB-da8fa781fdec243bb179e07194701108,acl-database-bulk,scalar-full-source,1
857420442,CAB-da8fa781fdec243bb179e07194701108,native-object,scalar-full-source,1
857420442,CAB-da8fa781fdec243bb179e07194701108,streaming-info,scalar-full-source,1
857420442,CAB-dcfaf06aa481c149f18e165e20c9da4b,696131882447222744,highest-quality,1
857420442,CAB-dcfaf06aa481c149f18e165e20c9da4b,Avatar_Female_Size02_Remielle_PasSeul_Ani_MC_Walk_Loop,scalar-full-source,1
857420442,CAB-dcfaf06aa481c149f18e165e20c9da4b,acl-database-bulk,scalar-full-source,1
857420442,CAB-dcfaf06aa481c149f18e165e20c9da4b,native-object,scalar-full-source,1
857420442,CAB-dcfaf06aa481c149f18e165e20c9da4b,streaming-info,scalar-full-source,1
857420442,CAB-f62dce109aa60e6cccca93b2f20a3c4c,-3139449507405813414,highest-quality,1
857420442,CAB-f62dce109aa60e6cccca93b2f20a3c4c,Avatar_Female_Size02_Remielle_PasSeul_Ani_MC_Run_Start_End,scalar-full-source,1
857420442,CAB-f62dce109aa60e6cccca93b2f20a3c4c,acl-database-bulk,scalar-full-source,1
857420442,CAB-f62dce109aa60e6cccca93b2f20a3c4c,native-object,scalar-full-source,1
857420442,CAB-f62dce109aa60e6cccca93b2f20a3c4c,streaming-info,scalar-full-source,1
925645607,CAB-21a7ee6b5a3cca3897150f4849d91f69,RemielleMovePath_R1,scalar-full-source|standalone-native,2
925645607,CAB-21a7ee6b5a3cca3897150f4849d91f69,native-object,scalar-full-source,1
925645607,CAB-28773d45e0524b958af0bcc1fb18863e,656742445551050623,highest-quality,1
925645607,CAB-28773d45e0524b958af0bcc1fb18863e,Avatar_Female_Size02_Remielle_PasSeul_Ani_Walk_Start,scalar-full-source,1
925645607,CAB-28773d45e0524b958af0bcc1fb18863e,acl-database-bulk,scalar-full-source,1
925645607,CAB-28773d45e0524b958af0bcc1fb18863e,native-object,scalar-full-source,1
925645607,CAB-28773d45e0524b958af0bcc1fb18863e,streaming-info,scalar-full-source,1
925645607,CAB-5641217341234e927ec11a59c22e5a4d,RemielleMovePath_R2,scalar-full-source|standalone-native,2
925645607,CAB-5641217341234e927ec11a59c22e5a4d,native-object,scalar-full-source,1
