tier,source_id,cab,file,size
highest-quality,,,animation_recovery_report.json,1298639
highest-quality,102847481,CAB-00e8dae3c8695a5fec36908196b88b5a,-8503893327316144235.npz,64785
highest-quality,102847481,CAB-00e8dae3c8695a5fec36908196b88b5a,-929057884553090256.npz,340872
highest-quality,102847481,CAB-1c77d52a1225dc8eb72e210ec8ff54f5,-5487044827770026367.npz,1334603
highest-quality,102847481,CAB-1c77d52a1225dc8eb72e210ec8ff54f5,4158058185425734256.npz,236463
highest-quality,102847481,CAB-5429044575e0ff50fab2b8b898ad357d,6889733307893748972.npz,2398806
highest-quality,102847481,CAB-5429044575e0ff50fab2b8b898ad357d,7807589847472477599.npz,445574
highest-quality,102847481,CAB-8a2af431202af655544c1f6939a6e526,-5724022541439689088.npz,1196305
highest-quality,102847481,CAB-8a2af431202af655544c1f6939a6e526,-6889905996062850525.npz,201045
highest-quality,102847481,CAB-8a2af431202af655544c1f6939a6e526,3246741233040945598.npz,1035038
highest-quality,102847481,CAB-8a2af431202af655544c1f6939a6e526,7520176871862997284.npz,240227
highest-quality,102847481,CAB-9af1ea5d8a69568e15a5ea4b98240113,-1644446915680665024.npz,1689906
highest-quality,102847481,CAB-9af1ea5d8a69568e15a5ea4b98240113,485121230454011730.npz,101580
highest-quality,102847481,CAB-9af1ea5d8a69568e15a5ea4b98240113,521717370930988612.npz,309354
highest-quality,102847481,CAB-9af1ea5d8a69568e15a5ea4b98240113,5225909447599136991.npz,554234
highest-quality,102847481,CAB-a6983a3896095e5d0d0ca7300e520f51,-4405432581584559684.npz,949625
highest-quality,102847481,CAB-a6983a3896095e5d0d0ca7300e520f51,-8803156122219701776.npz,359373
highest-quality,102847481,CAB-a6983a3896095e5d0d0ca7300e520f51,4633368758962200941.npz,186730
highest-quality,102847481,CAB-a6983a3896095e5d0d0ca7300e520f51,8462630438214950599.npz,1996652
highest-quality,102847481,CAB-b618c17e0ed2d6f851f86ae5aef2ecd2,-8290319353614040747.npz,216893
highest-quality,102847481,CAB-b618c17e0ed2d6f851f86ae5aef2ecd2,2420885211496853281.npz,1126010
highest-quality,102847481,CAB-cbb7d42202fed0705a9c77c2ef34be2a,-5433537715502596119.npz,358852
highest-quality,102847481,CAB-cbb7d42202fed0705a9c77c2ef34be2a,8521723471483421154.npz,2193762
highest-quality,1186972585,CAB-025ec63081710535a751715600ae5afc,1539313848409567955.npz,201185
highest-quality,1186972585,CAB-025ec63081710535a751715600ae5afc,6811696467375545514.npz,1200319
highest-quality,1186972585,CAB-611b1b8a6d2293f56d406ad34f154181,-4642342276331182895.npz,297471
highest-quality,1186972585,CAB-611b1b8a6d2293f56d406ad34f154181,-5130596990700648998.npz,1200787
highest-quality,1186972585,CAB-69f28d52a67ea219a2c69ad5a7ac4d06,-4170381540393360754.npz,992976
highest-quality,1186972585,CAB-69f28d52a67ea219a2c69ad5a7ac4d06,-4412330399154329950.npz,256364
highest-quality,1186972585,CAB-6db348098761db4032082455b032f42f,1253384568466234109.npz,1249280
highest-quality,1186972585,CAB-6db348098761db4032082455b032f42f,2555431876738953443.npz,304265
highest-quality,1186972585,CAB-977e42edf66c0e48afb9bbc0b7490d91,2045774491675328414.npz,210439
highest-quality,1186972585,CAB-977e42edf66c0e48afb9bbc0b7490d91,5878337502696187076.npz,989707
highest-quality,1186972585,CAB-b239bb2c6995b6391056baf7e0580bba,-2912069511717118028.npz,997116
highest-quality,1186972585,CAB-b239bb2c6995b6391056baf7e0580bba,1465532539227399683.npz,207135
highest-quality,1186972585,CAB-bdb8d9e84a389a38d42a00e37b98ca22,-8200816506748520153.npz,1011271
highest-quality,1186972585,CAB-bdb8d9e84a389a38d42a00e37b98ca22,472486514639819991.npz,222482
highest-quality,1186972585,CAB-bf111adf0be9e1a866f4509d03f887f2,-4696264967594137980.npz,1294946
highest-quality,1186972585,CAB-bf111adf0be9e1a866f4509d03f887f2,-5813938829306315185.npz,204507
highest-quality,1186972585,CAB-d006774c3d8ee56af752784bb4bb810b,-1507456339828849665.npz,213167
highest-quality,1186972585,CAB-d006774c3d8ee56af752784bb4bb810b,-3244033172409104278.npz,983299
highest-quality,1186972585,CAB-e89fce5b362afe40ee71e40798b09205,-992807101245387548.npz,239429
highest-quality,1186972585,CAB-e89fce5b362afe40ee71e40798b09205,2788974981811062752.npz,980775
highest-quality,1186972585,CAB-f9e136273b9f4bdce72935ed724fcb43,-5491137950491540181.npz,1109736
highest-quality,1186972585,CAB-f9e136273b9f4bdce72935ed724fcb43,3905988045497503854.npz,224475
highest-quality,1523850217,CAB-04e4af7419c482a635f72fa1ca258d42,8989496986587551793.npz,70836
highest-quality,1523850217,CAB-07ef025a1ca730fc6b7cdab602cfae19,-7859734431836772985.npz,88315
highest-quality,1523850217,CAB-0b10eb5048484095af52372785bdf153,-4130641420515559846.npz,123537
highest-quality,1523850217,CAB-0f97bf0a30419cdd53aebf87bc85f7f0,6580722672136368370.npz,92376
highest-quality,1523850217,CAB-10968be86815c2104d00211f7fbdda88,-6759752939614417531.npz,66952
highest-quality,1523850217,CAB-10968be86815c2104d00211f7fbdda88,3936000032070737572.npz,76056
highest-quality,1523850217,CAB-1849fe39cfa60809ce0f387f0526a2d3,1972841566982944910.npz,66324
highest-quality,1523850217,CAB-1f466002e215f70f8858419255e63b62,-6435327900545201723.npz,74756
highest-quality,1523850217,CAB-2cfe73fe8ecf9607ce69e288da13c32d,-4087193232744972234.npz,31118
highest-quality,1523850217,CAB-2cfe73fe8ecf9607ce69e288da13c32d,5273620667827153111.npz,77949
highest-quality,1523850217,CAB-304aa4d4e8a47c27396e4c78677d402d,6375438528676596695.npz,79143
highest-quality,1523850217,CAB-3359d7b33b146f286fd537a55785c74c,-2881933274264665742.npz,132874
highest-quality,1523850217,CAB-40a5d15767c840d457ad299d7197d261,-7875433444000694659.npz,123475
highest-quality,1523850217,CAB-4232d49fc14b028880a20705f18b2a75,2644980667515921557.npz,126912
highest-quality,1523850217,CAB-498338bc4096fd65ffd81badba402202,-3555870113992379841.npz,71116
highest-quality,1523850217,CAB-498338bc4096fd65ffd81badba402202,-6903300994333483617.npz,74505
highest-quality,1523850217,CAB-4ffcb0bc7eda79df0267fa31a619b457,-1969486077493927947.npz,130864
highest-quality,1523850217,CAB-50af935651124c0eb7a837399527305f,-2086817660766517078.npz,138557
highest-quality,1523850217,CAB-55e785702e8ecf60e9a29e785c3eb71c,-6953991387548681326.npz,166595
highest-quality,1523850217,CAB-5be24841a9a1f3c910be40c665b39b10,121531804778053132.npz,72417
highest-quality,1523850217,CAB-5eff061f8808ad30b53e5b5612181069,-5088587143379627752.npz,117774
highest-quality,1523850217,CAB-619f79d32da64d91304c1a531672738b,-1656722489883847159.npz,75321
highest-quality,1523850217,CAB-698201f549400e18fa7caa17f35017c1,7307114470387854560.npz,70193
highest-quality,1523850217,CAB-6a8b1b01b4cb715de99576d25cd6c2dc,-7504940210168695040.npz,20585
highest-quality,1523850217,CAB-6af25c81887fbcb6d1cf858538d27a63,-3628994143320135176.npz,125074
highest-quality,1523850217,CAB-6f27068b8859422ecd62e5b5be0885f1,1017477211783881926.npz,78341
highest-quality,1523850217,CAB-7472799b6ce60302c9766a2462e2528d,5560887246414865443.npz,78706
highest-quality,1523850217,CAB-752e8fe0e3fcd85b7adff385a0f97874,-8315336653619334883.npz,91798
highest-quality,1523850217,CAB-752e8fe0e3fcd85b7adff385a0f97874,678368150928868819.npz,84620
highest-quality,1523850217,CAB-79319d67b852d405749d025d53240717,-2121907366908414223.npz,117922
highest-quality,1523850217,CAB-796e34792e81342116e3887980f79e44,-8776362409554944054.npz,86169
highest-quality,1523850217,CAB-7baa6ca91b004c57563a1199551753d5,2134020514806175719.npz,76564
highest-quality,1523850217,CAB-7baa6ca91b004c57563a1199551753d5,2926518983236155192.npz,76657
highest-quality,1523850217,CAB-7c38049e2ff51e4d0e0c68d194fc253a,-6518441698820575275.npz,138489
highest-quality,1523850217,CAB-7cd551e162f6ed06c4b71106da96f4dc,8504739905493641752.npz,114880
highest-quality,1523850217,CAB-884e7e65a65ab40173f5345b37b0f517,-2352093389254818161.npz,97173
highest-quality,1523850217,CAB-884e7e65a65ab40173f5345b37b0f517,8156505608347191738.npz,30548
highest-quality,1523850217,CAB-8a08e9882a14fc838abf0113eba1b7f3,-2645361912310965306.npz,103706
highest-quality,1523850217,CAB-8c540054562db7edbd601ad9f9312fd0,4734551596987841323.npz,135079
highest-quality,1523850217,CAB-98d9079cd109170d572afb8511b86a0b,-5412887485860329321.npz,42938
highest-quality,1523850217,CAB-98d9079cd109170d572afb8511b86a0b,2990538837624449409.npz,31849
highest-quality,1523850217,CAB-9c533c0979b3e022f349fa506946b745,-3265296203472712284.npz,147478
highest-quality,1523850217,CAB-9d563c46975db1bfdab301bf8614f312,-3447199759255882351.npz,25382
highest-quality,1523850217,CAB-a0aa630adf112db6491b4ce613c65951,148087719974129614.npz,73031
highest-quality,1523850217,CAB-a0aa630adf112db6491b4ce613c65951,6622967762030173133.npz,55287
highest-quality,1523850217,CAB-a6527aa5d84bf5e232a827d9240574ce,-1155290675334462679.npz,101536
highest-quality,1523850217,CAB-a6527aa5d84bf5e232a827d9240574ce,5799038561787546060.npz,39316
highest-quality,1523850217,CAB-a823d6263a2a9559f85464c3370ed6a2,8867792996369793557.npz,101262
highest-quality,1523850217,CAB-a8a6b7f923fb70988e94cdd37346489b,-634271642169061373.npz,119041
highest-quality,1523850217,CAB-a8a6b7f923fb70988e94cdd37346489b,4421834620260399912.npz,59636
highest-quality,1523850217,CAB-ab1757a88896e229d07184875853c58c,2778352940527704367.npz,316453
highest-quality,1523850217,CAB-ab8aa7f478d9b1c5d296e46679442409,2086426869383369578.npz,82178
highest-quality,1523850217,CAB-ae6112767b4de944948ff3d9db0ef901,7162119520429048974.npz,121928
highest-quality,1523850217,CAB-b9d8018d23e2cb9d73ca084a0f2a20a3,-786566853111875148.npz,79487
highest-quality,1523850217,CAB-c79d6e50611fc9c8053126a906b2e78a,3892386236045217096.npz,75548
highest-quality,1523850217,CAB-cdd962c9f0fb76fd3077ee7f50825dd1,-453599638320599670.npz,104110
highest-quality,1523850217,CAB-cdd962c9f0fb76fd3077ee7f50825dd1,-5515147803904659855.npz,74561
highest-quality,1523850217,CAB-ce2c632735300d19082d603243d62c2e,-6628969260325167827.npz,188788
highest-quality,1523850217,CAB-dfca78e19214b67ae1b0e8e1beb37a63,-2371397975648665643.npz,94274
highest-quality,1523850217,CAB-dfca78e19214b67ae1b0e8e1beb37a63,-5836051886755954451.npz,62802
highest-quality,1523850217,CAB-e05267109b0d875623c52c4e76df2941,2457671196260810409.npz,111398
highest-quality,1523850217,CAB-e381a6dd36416c169752fb518b38e000,-869303386291863426.npz,66710
highest-quality,1523850217,CAB-e381a6dd36416c169752fb518b38e000,282829697858500702.npz,40789
highest-quality,1523850217,CAB-e5e86e8272aecca0023a3de0cf7adf3d,-1865633390978939768.npz,20453
highest-quality,1523850217,CAB-e5e86e8272aecca0023a3de0cf7adf3d,7019626000825424181.npz,109881
highest-quality,1523850217,CAB-e668327a20856d36e417d27c83a1a024,1212575651489049186.npz,142920
highest-quality,1523850217,CAB-fc25c3b03dc852e5b4d2ef81bdb29c83,-8882356081313299500.npz,82270
highest-quality,1523850217,CAB-fc33e3c3f318a0f1826dde90d1a4e1b3,-2234826315727283405.npz,48231
highest-quality,1523850217,CAB-fc33e3c3f318a0f1826dde90d1a4e1b3,4962035264147276382.npz,92141
highest-quality,166455023,CAB-ecd553c66a81e5a42fb13f88e9688494,-8967589269667655798.npz,2303508
highest-quality,166455023,CAB-ecd553c66a81e5a42fb13f88e9688494,749183524389434420.npz,455900
highest-quality,1704382549,CAB-032223020f5c723eefc3368416cbd5e1,515039831682801160.npz,580843
highest-quality,1704382549,CAB-0c8dba6ca843205d50751c0ff9b6a011,-5036785912351465611.npz,105720
highest-quality,1704382549,CAB-0fdb155c3dac8c9377342e63b566dbeb,1384830706564237703.npz,46621
highest-quality,1704382549,CAB-0fdb155c3dac8c9377342e63b566dbeb,5310189695225751449.npz,73200
highest-quality,1704382549,CAB-1110fe4280f6d46960a76fac015c7a88,-6787169860043975556.npz,91644
highest-quality,1704382549,CAB-1495f565ffb654275ce64a952b2df75f,5579212848912087808.npz,142697
highest-quality,1704382549,CAB-154858aa4c50c4f2451005d9c5dea10e,2002140185024447925.npz,107695
highest-quality,1704382549,CAB-1d42c3fa80fef6ccf27a3f523864b743,8617459412162619682.npz,587293
highest-quality,1704382549,CAB-223b072e96a33570f5b5f721a11623e9,7375287920953694611.npz,29353
highest-quality,1704382549,CAB-23f2c4f148dded48267120de5530f67d,568624441380478596.npz,132125
highest-quality,1704382549,CAB-312fe475e3415d379846d064fcaf8957,-6389968001128065014.npz,657289
highest-quality,1704382549,CAB-3391fd3ab2e2b669a798e97e5267c232,-6260324507213880840.npz,106902
highest-quality,1704382549,CAB-347a0d15bc1f1c0d4896dcb2f199cfe1,377070469331215385.npz,109178
highest-quality,1704382549,CAB-3e9fe04d4932ad03a2b4da5d13fc1f2b,-5377426071181693287.npz,93906
highest-quality,1704382549,CAB-3fc2c0af41ac3b44254823ea9e48e284,6650659754387199229.npz,92259
highest-quality,1704382549,CAB-46f5c52613b243a526e08069a4af4b96,-2178446478776927915.npz,577113
highest-quality,1704382549,CAB-6c136a6d1a38193b7e9d6f87f99d068d,-5177117304079189082.npz,95490
highest-quality,1704382549,CAB-6e5d453e780c35fe61c652d54d7c0b19,8242360160143665182.npz,99215
highest-quality,1704382549,CAB-747bbac80ad77b06c011f492b9d3801e,-3040720397802887349.npz,137465
highest-quality,1704382549,CAB-81243191e7fe4a55ce27ee0ca65b512e,-5793928149087727708.npz,118761
highest-quality,1704382549,CAB-8584ed69033619671fb538adba1e55d0,-4057830702806959602.npz,109263
highest-quality,1704382549,CAB-875afd9fb592fdc8e124cb89fc0d8b27,8179446946906836718.npz,554055
highest-quality,1704382549,CAB-89a08a1d23703691101e3b43b2ef2d7d,2520456379740600705.npz,102869
highest-quality,1704382549,CAB-8d05f7fcae2a2d05323c546ce4901fff,2654218092699803568.npz,85142
highest-quality,1704382549,CAB-8e5bae6ec39bb7ca3c5ac48f74e8fcca,8423170002218103669.npz,66988
highest-quality,1704382549,CAB-956077505a74bb6a3e8d7f47d4c8d019,8844670144911292491.npz,136191
highest-quality,1704382549,CAB-a229ee41794d14d0307f521afbcf77ad,3417920780662954083.npz,110871
highest-quality,1704382549,CAB-ad419a240b335cde1da75370aaf5a0f8,-4532001091464511097.npz,669369
highest-quality,1704382549,CAB-aee289f39d1d860eb7dede8fc576ce24,3411542325075466861.npz,94024
highest-quality,1704382549,CAB-b646ea4c5ff9cfbe0dc2a4f0ff63fcfa,7378223686047169184.npz,223399
highest-quality,1704382549,CAB-bf3c5b2d738ee46d28327e9b5f865151,8518318409222403670.npz,50211
highest-quality,1704382549,CAB-bfa650b7c5fc079aa38957c16e00ae34,6525180720145526982.npz,56856
highest-quality,1704382549,CAB-c0ffb9db6bd37a58cc850dd04a4cf12d,-8661473285749684346.npz,121336
highest-quality,1704382549,CAB-c1dae052a8f374388be01e0600a0af66,-3970582303084377354.npz,90152
highest-quality,1704382549,CAB-cd0b1b67c11695bcaf24298ee443c0ff,-6588496166271787003.npz,94718
highest-quality,1704382549,CAB-cd472cf3154f89ba14ed7c986a9f7f3c,-1665942086419258198.npz,72062
highest-quality,1704382549,CAB-cf6705734aee5321f2bf49d950486ec9,4950076632996511775.npz,133577
highest-quality,1704382549,CAB-d5ee7d3e2168afada47c5f5b55623756,516731653013529872.npz,99315
highest-quality,1704382549,CAB-e66353c6bbab78732070c3cefad05291,6280393617582618.npz,27568
highest-quality,1704382549,CAB-e7d532f162f21b569d1ae4099b93d072,-2343199801225763205.npz,660708
highest-quality,1704382549,CAB-ede75bd22ecb567f37e86820b89f1ab9,-2431180140212211413.npz,112378
highest-quality,1704382549,CAB-f28126959cada55ea7d40bcf36921109,-8815137970800821067.npz,93160
highest-quality,1704382549,CAB-f3646afb0dafe55fbc287d95b2e53063,-6458055481287383449.npz,92377
highest-quality,1704382549,CAB-fba945e6756a0e2cf7d145c968291b84,1367766434552027700.npz,670283
highest-quality,1715600529,CAB-0733cdaad7735f0d021d846ab41f7f37,-1021160638770416884.npz,229401
highest-quality,1715600529,CAB-0733cdaad7735f0d021d846ab41f7f37,1440121578779192547.npz,1228043
highest-quality,1715600529,CAB-37a2e82010a74c1af5e91ce696540eff,-213536611033901722.npz,54280
highest-quality,1715600529,CAB-37a2e82010a74c1af5e91ce696540eff,-2893577299971434832.npz,277378
highest-quality,1715600529,CAB-7087c1c761ef8a84da8d07b67a642115,43752608032791348.npz,322200
highest-quality,1715600529,CAB-7087c1c761ef8a84da8d07b67a642115,8307318319186089469.npz,1740154
highest-quality,1715600529,CAB-7895f618aaad46091d0eabaa8838f0c9,-4712315809483842211.npz,2230696
highest-quality,1715600529,CAB-7895f618aaad46091d0eabaa8838f0c9,1544813674513079468.npz,415859
highest-quality,1715600529,CAB-ad03df6b944ebc6d94acf235fb58356b,-2834775492895240316.npz,234673
highest-quality,1715600529,CAB-ad03df6b944ebc6d94acf235fb58356b,-3374308206746047625.npz,1338238
highest-quality,1715600529,CAB-e309f311f32845499196484ef821cb3f,-2077618035229796624.npz,708886
highest-quality,1715600529,CAB-e309f311f32845499196484ef821cb3f,3904083204131904281.npz,3898895
highest-quality,1715600529,CAB-e3904b61fb0c015c0af3e7eb785ce1ae,-402973070275490428.npz,1239593
highest-quality,1715600529,CAB-e3904b61fb0c015c0af3e7eb785ce1ae,6951737216419734359.npz,230387
highest-quality,1715600529,CAB-e60b1813519d286ca38b9838f44b4630,-4898536414085021582.npz,212406
highest-quality,1715600529,CAB-e60b1813519d286ca38b9838f44b4630,-9199533477340216773.npz,1115202
highest-quality,1715600529,CAB-e60b1813519d286ca38b9838f44b4630,1562909486031391805.npz,1116976
highest-quality,1715600529,CAB-e60b1813519d286ca38b9838f44b4630,4995497788641215052.npz,210870
highest-quality,1860708741,CAB-2306941d57f7544f7d5a39105e114edf,-6086909508455192655.npz,303725
highest-quality,1860708741,CAB-2306941d57f7544f7d5a39105e114edf,321527116734104337.npz,1459453
highest-quality,1860708741,CAB-494bd5c08978d90b9e429e89eefd3afe,-3648239661755005706.npz,773074
highest-quality,1860708741,CAB-494bd5c08978d90b9e429e89eefd3afe,-6451535175577738020.npz,167301
highest-quality,1860708741,CAB-65578e3cddc52b0bd391b580c5885c28,-6414009409087881918.npz,286046
highest-quality,1860708741,CAB-65578e3cddc52b0bd391b580c5885c28,-7957749517175371076.npz,1317353
highest-quality,1860708741,CAB-b7c0e0ef400c5932687047f20f402217,-7520317271572137748.npz,7478048
highest-quality,1860708741,CAB-b7c0e0ef400c5932687047f20f402217,8637045531324463456.npz,1160070
highest-quality,1860708741,CAB-bbf4c01a537179d93199e7204bb4f544,-5036748116070463981.npz,108420
highest-quality,1860708741,CAB-bbf4c01a537179d93199e7204bb4f544,6549233636137054704.npz,505193
highest-quality,1860708741,CAB-cd1a70e4cc6d0ca6529ca9f313fe5d89,-2198007012778656735.npz,1290264
highest-quality,1860708741,CAB-cd1a70e4cc6d0ca6529ca9f313fe5d89,-2943291743233252209.npz,272633
highest-quality,1876963883,CAB-0959ef4accf36578df1c91884f1734f1,-8534133473829246735.npz,1096806
highest-quality,1876963883,CAB-0959ef4accf36578df1c91884f1734f1,-8674294909014153322.npz,52895
highest-quality,1876963883,CAB-241fbaf4fd60b205539b13de2a17245b,-1160565790859856226.npz,365462
highest-quality,1876963883,CAB-241fbaf4fd60b205539b13de2a17245b,-2784842692007170474.npz,1952357
highest-quality,1876963883,CAB-4fa0b31c2ead4193c24efccdab012a68,-7917930783476894538.npz,216444
highest-quality,1876963883,CAB-4fa0b31c2ead4193c24efccdab012a68,5751198730476278853.npz,1111167
highest-quality,1876963883,CAB-82074f88a886fcfc9b7d870cc09bd340,201129590458849080.npz,2814005
highest-quality,1876963883,CAB-c22c2d1c569babc26368ba110771de3c,7322397595745092629.npz,251883
highest-quality,1876963883,CAB-c22c2d1c569babc26368ba110771de3c,9167602165747736858.npz,1408347
highest-quality,1876963883,CAB-d8fbebcff3461c85f6e8e3d656faadcf,-2053451558984455083.npz,841526
highest-quality,1876963883,CAB-d8fbebcff3461c85f6e8e3d656faadcf,-5596166863796330384.npz,173991
highest-quality,1876963883,CAB-d8fbebcff3461c85f6e8e3d656faadcf,5634588132277865150.npz,1784461
highest-quality,1876963883,CAB-d8fbebcff3461c85f6e8e3d656faadcf,7813796038876496448.npz,324334
highest-quality,1916835551,CAB-72af46e231ac1c92c740e6efa20a3946,-6481802436214235179.npz,573351
highest-quality,1916835551,CAB-72af46e231ac1c92c740e6efa20a3946,-9218743410937264583.npz,3623719
highest-quality,2006710238,CAB-00a0aeebf8545327f25f5674b93c05d4,-4526792344613562278.npz,335580
highest-quality,2006710238,CAB-00a0aeebf8545327f25f5674b93c05d4,-6396914387315774793.npz,54069
highest-quality,2006710238,CAB-00a0aeebf8545327f25f5674b93c05d4,3571753758861711803.npz,1881739
highest-quality,2006710238,CAB-00a0aeebf8545327f25f5674b93c05d4,955851873304441410.npz,281222
highest-quality,2006710238,CAB-0353b71bd01a780f3970689d4b8aa030,-409771880834856509.npz,1285168
highest-quality,2006710238,CAB-0353b71bd01a780f3970689d4b8aa030,2897952514858722300.npz,1019282
highest-quality,2006710238,CAB-0353b71bd01a780f3970689d4b8aa030,4344555018720723428.npz,204867
highest-quality,2006710238,CAB-0353b71bd01a780f3970689d4b8aa030,4941240938121583892.npz,223236
highest-quality,2006710238,CAB-29459d6b716e366147e997e02faf1fa1,-6844243640780810553.npz,416670
highest-quality,2006710238,CAB-29459d6b716e366147e997e02faf1fa1,2038985433102997564.npz,77691
highest-quality,2006710238,CAB-3f4c4dd48e40fbf7bf6cbb23796960bc,-4095588600957599538.npz,316993
highest-quality,2006710238,CAB-3f4c4dd48e40fbf7bf6cbb23796960bc,-929815099799922380.npz,1796441
highest-quality,2006710238,CAB-833fd3d22127ff7228b525d40f997aa0,6245713423748851663.npz,320539
highest-quality,2006710238,CAB-833fd3d22127ff7228b525d40f997aa0,7065537084702335652.npz,1823622
highest-quality,2006710238,CAB-8e1edcaf001ec3c019aef205d32f0b80,-8089345243544448965.npz,80778
highest-quality,2006710238,CAB-8e1edcaf001ec3c019aef205d32f0b80,2133478860367677187.npz,464771
highest-quality,2006710238,CAB-8e1edcaf001ec3c019aef205d32f0b80,3343346788711538502.npz,704799
highest-quality,2006710238,CAB-8e1edcaf001ec3c019aef205d32f0b80,7342936708937862502.npz,129693
highest-quality,2006710238,CAB-c101e9fdd690dfbeca81c304d8d70e96,-1426568102937424029.npz,53040
highest-quality,2006710238,CAB-c101e9fdd690dfbeca81c304d8d70e96,3805677695536517420.npz,1096795
highest-quality,2006710238,CAB-eb0cbd48e218dc6b8616a93d22822362,-5561527666033287597.npz,230330
highest-quality,2006710238,CAB-eb0cbd48e218dc6b8616a93d22822362,3724978590284937653.npz,1255718
highest-quality,2006710238,CAB-eb0cbd48e218dc6b8616a93d22822362,7852443070286253166.npz,1516704
highest-quality,2006710238,CAB-eb0cbd48e218dc6b8616a93d22822362,8022910211048519476.npz,282379
highest-quality,2132654338,CAB-066993d8a5ff8d0ccef4a25cb579569a,-7129616130449428738.npz,260723
highest-quality,2132654338,CAB-066993d8a5ff8d0ccef4a25cb579569a,2355478525442785719.npz,1344466
highest-quality,2132654338,CAB-15a4232294e11c716d031bbb083d7624,-4084114386154507887.npz,2130968
highest-quality,2132654338,CAB-15a4232294e11c716d031bbb083d7624,-4541582683945369037.npz,392228
highest-quality,2132654338,CAB-2bb8c19b923ef6385b1ddfc59840a5d1,-386601933073037890.npz,217653
highest-quality,2132654338,CAB-2bb8c19b923ef6385b1ddfc59840a5d1,-6926137905584299039.npz,1106833
highest-quality,2132654338,CAB-975769008ea745b3b1120bf4040819d9,-1685276881627157094.npz,1789846
highest-quality,2132654338,CAB-975769008ea745b3b1120bf4040819d9,2506288528843049181.npz,334166
highest-quality,2132654338,CAB-9b4af7685cf267f83ff85a5ec3bf63fa,1178091772023656799.npz,78847
highest-quality,2132654338,CAB-9b4af7685cf267f83ff85a5ec3bf63fa,2601924044941141242.npz,1667646
highest-quality,2132654338,CAB-9b4af7685cf267f83ff85a5ec3bf63fa,6947939037786921133.npz,411862
highest-quality,2132654338,CAB-9b4af7685cf267f83ff85a5ec3bf63fa,8389937142144858319.npz,301640
highest-quality,2132654338,CAB-cbf6cc6406d5e1b3033b8596ae1c33cc,-1418419951338338821.npz,812111
highest-quality,2132654338,CAB-cbf6cc6406d5e1b3033b8596ae1c33cc,-4370769054611414791.npz,142248
highest-quality,2132654338,CAB-cca7ec1a1760f2a8d6df50fccf3e7be7,-2362288373351358621.npz,404904
highest-quality,2132654338,CAB-cca7ec1a1760f2a8d6df50fccf3e7be7,-7674882666090462320.npz,2206122
highest-quality,2132654338,CAB-d79218643cf93cba63ee791475ee3abf,-8643495931116851949.npz,339420
highest-quality,2132654338,CAB-d79218643cf93cba63ee791475ee3abf,3607275373443599767.npz,1944493
highest-quality,2183785604,CAB-0081e50605a79e2da9734d5e61074554,5753086557135762467.npz,77420
highest-quality,2183785604,CAB-00f44328cb87e7c8bced4391b7b79872,-6220004692115046641.npz,95711
highest-quality,2183785604,CAB-0a06d3cee101691cb19f3178cbeaa657,5496730314928920704.npz,103224
highest-quality,2183785604,CAB-0b5dc51a094df03cf39a5e3f2451de2c,-259409272885186121.npz,1201830
highest-quality,2183785604,CAB-1b8aa5b857fc1c823d01e5e2f481b33f,6241273812928348439.npz,78516
highest-quality,2183785604,CAB-1bf1c7e6dafde66281b6d4c494f6e6ce,-8341292177973709198.npz,576685
highest-quality,2183785604,CAB-26d5a02903184363cbcc41eb74ba5853,6057668080471592257.npz,86431
highest-quality,2183785604,CAB-2dca7d9ca85098d09e896d1de322c718,-7598932651543768829.npz,76765
highest-quality,2183785604,CAB-2e943818f2dc143bc056a2dd73705886,5072287211732483410.npz,3649302
highest-quality,2183785604,CAB-358a540d75c0fbe22f8c48cfab7bb7a5,5515688759472793411.npz,94192
highest-quality,2183785604,CAB-3f471b94cd34d28989267cc95e6f5153,5409304696682500092.npz,89203
highest-quality,2183785604,CAB-3f494418752d2a601ad9bcd0655dd693,-2752172452494131541.npz,84511
highest-quality,2183785604,CAB-43d84f052cdab39a53dc47804a840fbb,7669795211835659818.npz,86611
highest-quality,2183785604,CAB-595d9d336fae704854ddf934daa1524f,6112627569387406495.npz,99043
highest-quality,2183785604,CAB-5bdef30a9e6217f576a41c6f379eaa9f,-5819553117001485341.npz,84783
highest-quality,2183785604,CAB-6ce8f865ec68024843efa2e344a08a69,-2893357577079155099.npz,669122
highest-quality,2183785604,CAB-6d0fbce54e4dc57ca69f5b2cc5f95e99,3984165087841632480.npz,122271
highest-quality,2183785604,CAB-72f8c7f9827fcfe0173693c8bdb902a7,-457393528185390061.npz,83141
highest-quality,2183785604,CAB-77c00d7f0c032a453bd3e434ab289511,39029034316122007.npz,78546
highest-quality,2183785604,CAB-7e1ca352d334bdb66920d5507c2271b0,2427008954198029178.npz,79765
highest-quality,2183785604,CAB-7f1b7b904692de4525488c7d02f4aa4a,7482761893202181617.npz,101509
highest-quality,2183785604,CAB-8146c8dd5a4a7d5f8cdb69ed9a1135cc,-5193148883567859068.npz,84139
highest-quality,2183785604,CAB-92ab1ae1ca44a05905734c0daa6fea22,-684304616127437470.npz,98590
highest-quality,2183785604,CAB-99813c44a68531f239e4a21a8713528b,-8128278303651048468.npz,92947
highest-quality,2183785604,CAB-a8a7115ce6b2b71f2d378c7009a9ecd8,717107884146638124.npz,78006
highest-quality,2183785604,CAB-b5243a409964c7da8c5cd9d4085df5a0,6747279293376576527.npz,79920
highest-quality,2183785604,CAB-b81a3c105ad76542d1fed3d7b0090d88,-4572345262567029485.npz,80114
highest-quality,2183785604,CAB-c28086548a5f518af0c4280fe1374c07,-7194581708403485996.npz,96960
highest-quality,2183785604,CAB-c3b92ac7b9cd05bd4c225912ca8073d4,-6375596261657386419.npz,87114
highest-quality,2183785604,CAB-c8218c5371a35df56bd6977dac6ed3d5,4698564209988532943.npz,105266
highest-quality,2183785604,CAB-cca7f537795f6ce0fd324a8527293a3c,-7658537311699284674.npz,80267
highest-quality,2183785604,CAB-d964c5e1b71191ffd332c5d653f5a133,9004474526922390168.npz,73749
highest-quality,2183785604,CAB-db38d303b997e6d0989d5379d843a13d,7842900288419341445.npz,77820
highest-quality,2183785604,CAB-e205a31d6d691b9a5d8cf43084c05be3,-857057485727856337.npz,85199
highest-quality,2183785604,CAB-e6661bbfdd84567668a24aad186f2f95,1234831158966106872.npz,95815
highest-quality,2183785604,CAB-e6ebe6ef09135bf09a57ce5acbc8c331,2394242469252247205.npz,87705
highest-quality,2183785604,CAB-e868f0703965c93957c510d43da868e1,6774797326677123329.npz,75459
highest-quality,2183785604,CAB-faa24614903bcfc08a87fa83e909652f,6894555916552605433.npz,99240
highest-quality,2183785604,CAB-ff06538f2cf37b3828c67f756843f5b6,-1511587253743835861.npz,583067
highest-quality,2195884044,CAB-1901aad6f689eed7044c69b77ff05e73,2272509558430219576.npz,1309065
highest-quality,2195884044,CAB-1901aad6f689eed7044c69b77ff05e73,2707735251575366205.npz,234541
highest-quality,2195884044,CAB-229aeeb264be1fa68db9456ba381a48a,-7143672486435236734.npz,187365
highest-quality,2195884044,CAB-229aeeb264be1fa68db9456ba381a48a,1453475456654051085.npz,1138455
highest-quality,2195884044,CAB-229aeeb264be1fa68db9456ba381a48a,2844175604424413368.npz,1012635
highest-quality,2195884044,CAB-229aeeb264be1fa68db9456ba381a48a,8233339942382250937.npz,200815
highest-quality,2195884044,CAB-4779813d2e0f93afdf2d3edbe23f0e12,-3502826584301887854.npz,115780
highest-quality,2195884044,CAB-4779813d2e0f93afdf2d3edbe23f0e12,-7583903113054318161.npz,906850
highest-quality,2195884044,CAB-4779813d2e0f93afdf2d3edbe23f0e12,-785317319300128836.npz,1130383
highest-quality,2195884044,CAB-4779813d2e0f93afdf2d3edbe23f0e12,5614472396936221991.npz,92529
highest-quality,2195884044,CAB-5402ecb553c4ec8da345cdc0bc13adb1,7592755774221897175.npz,217599
highest-quality,2195884044,CAB-5402ecb553c4ec8da345cdc0bc13adb1,8725240327005835744.npz,1112971
highest-quality,2195884044,CAB-56cdc34c66d3452fe297032ff33b5d11,6770195970666286289.npz,229302
highest-quality,2195884044,CAB-56cdc34c66d3452fe297032ff33b5d11,7921310500411983711.npz,1104853
highest-quality,2195884044,CAB-aaef6b4fb34ad0132dcd1e5b3b885498,-5934462831740013695.npz,1385853
highest-quality,2195884044,CAB-aaef6b4fb34ad0132dcd1e5b3b885498,5717691482782989239.npz,256394
highest-quality,2195884044,CAB-ac4906c6be59115fa632323c1195d7ec,-8569119342779080402.npz,227189
highest-quality,2195884044,CAB-ac4906c6be59115fa632323c1195d7ec,2831988533405923158.npz,1426711
highest-quality,2195884044,CAB-c6ee2dec9eabf10ad92f7ab9a0e8aeca,-2561531122510358238.npz,224104
highest-quality,2195884044,CAB-c6ee2dec9eabf10ad92f7ab9a0e8aeca,8206013166952976172.npz,1186716
highest-quality,2195884044,CAB-fabacafb7ce5f06e406cf83e2501a46b,-1678135712426977003.npz,629084
highest-quality,2195884044,CAB-fabacafb7ce5f06e406cf83e2501a46b,-7902933829247098720.npz,120647
highest-quality,2329494380,CAB-77cc6dc8396de31b951456b5a60ca2a5,-2147687977520797852.npz,241646
highest-quality,2329494380,CAB-77cc6dc8396de31b951456b5a60ca2a5,-7671936509857743815.npz,85799
highest-quality,2364458862,CAB-6cc26b479da3ddcf68c466973a389429,8371197707490341155.npz,5639350
highest-quality,24427665,CAB-033581278efab1e57530b03113c46c6b,-6517227038549039937.npz,111234
highest-quality,24427665,CAB-08820125b7bf6b817e5b3618cd163e7b,-6643186981959506375.npz,82995
highest-quality,24427665,CAB-09a485904e38c953a58ffc5e617a7fb0,8415560123460506923.npz,92605
highest-quality,24427665,CAB-09ef39187a2740f027e2e532e297e22d,-528873043306136799.npz,48691
highest-quality,24427665,CAB-11f61711d5fb5ea3877976d392f8216b,2078453431832017114.npz,83418
highest-quality,24427665,CAB-1863e057d3fae27883a1bb63f7f984c0,4549834553920584757.npz,157381
highest-quality,24427665,CAB-19b56fafd068f36be10d78fe98e88513,-8554636179666054150.npz,131016
highest-quality,24427665,CAB-1ea78866b09d4e0bc66b47a9acd3a7e4,-4103216256659258554.npz,81278
highest-quality,24427665,CAB-247eabe2a495c8544558bd122a33d2c6,4394115493197169168.npz,138675
highest-quality,24427665,CAB-2759101c2667489da87a93662864bbc4,-3009937604114770906.npz,130898
highest-quality,24427665,CAB-2dbdeb93600d0f68523e214379a91a47,121098104875113796.npz,83080
highest-quality,24427665,CAB-2dbdeb93600d0f68523e214379a91a47,8291586285571566356.npz,79544
highest-quality,24427665,CAB-3169914aacc4dcb4957ed488584f3963,-8290846150353637863.npz,85150
highest-quality,24427665,CAB-3321e6401c930a139981e26f6bf4068d,1693281251034968939.npz,46564
highest-quality,24427665,CAB-3321e6401c930a139981e26f6bf4068d,7219462307831516796.npz,36534
highest-quality,24427665,CAB-3d3e45dc4db8b5594d6abfc28313ffdc,-8719144203074324110.npz,84145
highest-quality,24427665,CAB-3d3e45dc4db8b5594d6abfc28313ffdc,6256007830914868788.npz,70532
highest-quality,24427665,CAB-4098f62ae559142b6300765cb0c947d1,2210216557264874234.npz,119851
highest-quality,24427665,CAB-4a0ebf1132d3ef976542cf8c0b9a499d,4685584786270174034.npz,120253
highest-quality,24427665,CAB-4a0ebf1132d3ef976542cf8c0b9a499d,5772246477562249339.npz,24951
highest-quality,24427665,CAB-56e0df31a81aaacb92b832fdff073966,-3249374020852526832.npz,79744
highest-quality,24427665,CAB-56e0df31a81aaacb92b832fdff073966,-388221891442973477.npz,74207
highest-quality,24427665,CAB-58215d85374a5041bbb255c71e4aba54,-8919022182120865358.npz,77609
highest-quality,24427665,CAB-59950699f8393536cc14e8e711c7814b,1907580553361577124.npz,62141
highest-quality,24427665,CAB-59c5bbbe266c7018425cbb0115aae3a4,-838860191351508895.npz,34790
highest-quality,24427665,CAB-59eec167a8a1403cba6af340c962e93a,-3014174931728632831.npz,117976
highest-quality,24427665,CAB-6057e5b426b43f8d0f6e954f8882d737,7725782524280589625.npz,146875
highest-quality,24427665,CAB-60e18895b6cab9f6aed209c8e06671c9,-1339668576400779210.npz,62558
highest-quality,24427665,CAB-6adcbbac80a1fda0d99823bd6bd22c96,-4936901184626308490.npz,81433
highest-quality,24427665,CAB-6cc75649fbd2a348e6b9deaf520ecfb0,-9024846054327176239.npz,124845
highest-quality,24427665,CAB-6f4095b29b26e5771e6115f35b02adb7,2026252991653746316.npz,87217
highest-quality,24427665,CAB-70591b070c367c4966cb7415f773dd09,1461950307909480746.npz,154584
highest-quality,24427665,CAB-70c0173c75bb3a38dd3530b65d44a09b,-2804394262860721260.npz,36772
highest-quality,24427665,CAB-70c0173c75bb3a38dd3530b65d44a09b,-3416773218764856396.npz,84666
highest-quality,24427665,CAB-73a08bd0a8b0cfc0ff517ae27cba4e4f,-6464914983828472718.npz,52443
highest-quality,24427665,CAB-73a08bd0a8b0cfc0ff517ae27cba4e4f,-6558840696806598916.npz,100244
highest-quality,24427665,CAB-748a34dca84327bc625dff092d29280c,5235142190664765940.npz,80574
highest-quality,24427665,CAB-7a060b11843c8865f1ec60614748d6de,-3299140258923407797.npz,189156
highest-quality,24427665,CAB-7b8912ed168e93725571e463e95560ba,7366388199801043579.npz,76671
highest-quality,24427665,CAB-809407bd67df85975ce73f0327660f97,2604241952422896524.npz,29785
highest-quality,24427665,CAB-8442043eec25932a90a631b649ac63e3,-6307593822715848178.npz,112198
highest-quality,24427665,CAB-8442043eec25932a90a631b649ac63e3,1819793502282694026.npz,58635
highest-quality,24427665,CAB-87b041ee67052d246c6db5312981185f,-6237851381448035536.npz,89459
highest-quality,24427665,CAB-88ec486042300a04ea40525a3857691f,2768668869121923397.npz,173988
highest-quality,24427665,CAB-92d525fe3e1d7bf0885b78cb1859f18c,-693390970664260250.npz,94687
highest-quality,24427665,CAB-92d525fe3e1d7bf0885b78cb1859f18c,1709896825840671857.npz,102758
highest-quality,24427665,CAB-93554dfdbe0e25e5c05e77bc59396423,2708388234159328732.npz,82759
highest-quality,24427665,CAB-98c2e60af5d14b44021facea3e3c69e2,8421864199480761923.npz,77542
highest-quality,24427665,CAB-9ec278c9d02524bb90528bd98e75a77a,1769091969533556823.npz,109839
highest-quality,24427665,CAB-9ec278c9d02524bb90528bd98e75a77a,8501448411502086622.npz,79965
highest-quality,24427665,CAB-a3dce42833c2cfcd39a8d1680a12dc89,-1584588516545153718.npz,102708
highest-quality,24427665,CAB-a534ffa5a02f6397a9abcd2153daf538,1193839452981986739.npz,66567
highest-quality,24427665,CAB-a534ffa5a02f6397a9abcd2153daf538,4807955689464163136.npz,126996
highest-quality,24427665,CAB-a9935740a3d2fe08f7fef3f0e0382e27,4746245725814143902.npz,74244
highest-quality,24427665,CAB-a9935740a3d2fe08f7fef3f0e0382e27,817781976616742575.npz,58697
highest-quality,24427665,CAB-affeae28e2e6c40aad231c8be67c5625,5732312828342584619.npz,151541
highest-quality,24427665,CAB-b499448718588590c861c97055dacef4,2992345940807642564.npz,130900
highest-quality,24427665,CAB-ba0d49dd75d1c23c9a2a72a894a53cd5,-397092869794286591.npz,79710
highest-quality,24427665,CAB-c0a1680e263c9e4932b78b9d22e22bf7,-6405235845011757593.npz,89305
highest-quality,24427665,CAB-c2ac28c6a07734d9f7288025b4150b01,-6452968744330655602.npz,143216
highest-quality,24427665,CAB-c32cb6c7f06c22d167415e895136f4aa,5511040316115674163.npz,16090
highest-quality,24427665,CAB-c5d1785cb68effc50426daa7f17e1bcb,-6232401724414908619.npz,116987
highest-quality,24427665,CAB-c5f904086cc7b8f3ff9f9c1261870060,-8985257679741066179.npz,69380
highest-quality,24427665,CAB-c5f904086cc7b8f3ff9f9c1261870060,2151238523462777693.npz,96562
highest-quality,24427665,CAB-cac06cd0d3fa01865a77489d196122aa,8672095411886951607.npz,134136
highest-quality,24427665,CAB-cd00ee2eb20ab6c476559532d9dfca1c,9211638345613001166.npz,25189
highest-quality,24427665,CAB-ce3e76318273023b88625f0187b27f2c,-1937549996049901146.npz,124251
highest-quality,24427665,CAB-ceee39edb4038a17aa06dd8eac541f58,-1825731554397375472.npz,107146
highest-quality,24427665,CAB-ceee39edb4038a17aa06dd8eac541f58,5066492146058701238.npz,32742
highest-quality,24427665,CAB-d2ff33d8cb9ca5cfe6b7510b762a2dd8,-3246923103700744534.npz,139768
highest-quality,24427665,CAB-d90fd2b98f9a235b6889b3c41f2728b8,-1461716527643530451.npz,117225
highest-quality,24427665,CAB-dd8b1556f55531aa402da8ef33bb3d48,-366731662513794036.npz,86866
highest-quality,24427665,CAB-e0cc836d9878c49b403656173d3ad4ac,3555054614603761825.npz,82627
highest-quality,24427665,CAB-ea8c2bf3fa2a7e391ad9b0e58d6842b2,3911248316156301007.npz,321464
highest-quality,24427665,CAB-eb2489e62b0b3b6cc7e5ab54afdd1be9,1689256175334503239.npz,87013
highest-quality,24427665,CAB-ecc2815124ad0cff8e846018923b53f9,-2126184166931190816.npz,140526
highest-quality,24427665,CAB-ed73103d008dd1ea360e7dbeab7781f5,-7572505005604289766.npz,108326
highest-quality,24427665,CAB-ed73103d008dd1ea360e7dbeab7781f5,7522915938227069276.npz,44184
highest-quality,24427665,CAB-f32c73965c51c6a59dcb4df608bc3ee6,-3935912832828085167.npz,73284
highest-quality,24427665,CAB-fbb435fbef9eff693bbdce778c979fc8,-7683797732903750475.npz,143274
highest-quality,2610841569,CAB-2f046a90429a94efe76223487d692d9c,-4050868662654625245.npz,1642791
highest-quality,2610841569,CAB-3d445de816acf18a0dc25198fea80a1f,4081652107956174172.npz,1653106
highest-quality,2610841569,CAB-601e5a621ea301ca8efd7e2f6dd3422d,5586574592901943473.npz,1713898
highest-quality,2610841569,CAB-6d11bce2e2ebe73d72053942f75ffea5,-4421204476606405950.npz,475363
highest-quality,2610841569,CAB-6d11bce2e2ebe73d72053942f75ffea5,5032552157431355752.npz,1527734
highest-quality,2610841569,CAB-7d698f00ce0637c53a95dd596c0a3040,-411820385411962245.npz,1866298
highest-quality,2610841569,CAB-964265b72d94f57a0f60c5189c45839c,8651231539738646909.npz,1660881
highest-quality,2610841569,CAB-c33dfb09f70c9b9a6323cbc5cea54e33,-8255307485684559138.npz,1707631
highest-quality,2610841569,CAB-dde6ea269dd6ca00ed59810c548dbcc9,-912985863855289716.npz,1658237
highest-quality,2644159928,CAB-21ac22c6737426f9c39e444f6f0e50de,-7694202204963503413.npz,1976114
highest-quality,2644159928,CAB-21ac22c6737426f9c39e444f6f0e50de,8561267113550060042.npz,388396
highest-quality,2644159928,CAB-23dc2aff50dcc333b62e75a00b19f44e,-4075304502098626112.npz,585241
highest-quality,2644159928,CAB-23dc2aff50dcc333b62e75a00b19f44e,-4558440314496780126.npz,1157544
highest-quality,2644159928,CAB-23dc2aff50dcc333b62e75a00b19f44e,-5692307621512276811.npz,209941
highest-quality,2644159928,CAB-23dc2aff50dcc333b62e75a00b19f44e,7402350476341619544.npz,97838
highest-quality,2644159928,CAB-2f1484948498c25d28dc4cd394c07627,-2783953787026959017.npz,80514
highest-quality,2644159928,CAB-2f1484948498c25d28dc4cd394c07627,-5535912060542682862.npz,1327823
highest-quality,2644159928,CAB-2f1484948498c25d28dc4cd394c07627,125864610036234915.npz,240304
highest-quality,2644159928,CAB-2f1484948498c25d28dc4cd394c07627,9027952041783912923.npz,439096
highest-quality,2644159928,CAB-4acab430bbfe5bd8c384671b77382613,4185212377489378288.npz,1263213
highest-quality,2644159928,CAB-4acab430bbfe5bd8c384671b77382613,4371563076846693618.npz,231864
highest-quality,2644159928,CAB-551d7d2611f6e6559c0554b8ea0550c2,-2268502237340574546.npz,1220111
highest-quality,2644159928,CAB-551d7d2611f6e6559c0554b8ea0550c2,4544877087024896898.npz,6404288
highest-quality,2644159928,CAB-c4f8350472212923ad4c63900277324e,-7770143892294656706.npz,416670
highest-quality,2644159928,CAB-c4f8350472212923ad4c63900277324e,6127760193621929348.npz,2228140
highest-quality,2748134067,CAB-330bd96e19b96949e0b97c05a2ed7bef,2376275663948915350.npz,235548
highest-quality,2748134067,CAB-330bd96e19b96949e0b97c05a2ed7bef,3470092491637655077.npz,1091486
highest-quality,2748134067,CAB-4294b85318c921ad883ebec57aab8813,-5303941321250447542.npz,1000962
highest-quality,2748134067,CAB-4294b85318c921ad883ebec57aab8813,9148289748416344275.npz,252137
highest-quality,2748134067,CAB-4c326020d1d3fe61acc918c5faf5dbfe,6375502065745835586.npz,219123
highest-quality,2748134067,CAB-4c326020d1d3fe61acc918c5faf5dbfe,8688461633297944011.npz,1044332
highest-quality,2748134067,CAB-4f8b83f6a49b94175bb6d9a90a2080bd,-2199317863621238853.npz,1084796
highest-quality,2748134067,CAB-4f8b83f6a49b94175bb6d9a90a2080bd,5915069463550688119.npz,222522
highest-quality,2748134067,CAB-72ea75fbc9c7c8e99dfee30966e728cd,-3988673591889696710.npz,998389
highest-quality,2748134067,CAB-72ea75fbc9c7c8e99dfee30966e728cd,3043360334043733254.npz,254259
highest-quality,2748134067,CAB-862044e831a368a0200f79bc21f0da2e,-335224074298200128.npz,1490474
highest-quality,2748134067,CAB-862044e831a368a0200f79bc21f0da2e,8347992638833308850.npz,283219
highest-quality,2748134067,CAB-8f25f35c718bd3f8a95fa36f7b383ca6,-2903405303067937652.npz,989950
highest-quality,2748134067,CAB-8f25f35c718bd3f8a95fa36f7b383ca6,-8093300031105704675.npz,207734
highest-quality,2748134067,CAB-a4184ef1a7e5ec75129dfea901d4e282,-7723608569424909613.npz,298595
highest-quality,2748134067,CAB-a4184ef1a7e5ec75129dfea901d4e282,6758021922457709705.npz,1230473
highest-quality,2748134067,CAB-d77415a594af7c627f07c9786086ce9b,-5613997075032444129.npz,1195177
highest-quality,2748134067,CAB-d77415a594af7c627f07c9786086ce9b,6861209878391516454.npz,294683
highest-quality,2748134067,CAB-d7e8a5de1954691b39f6fabb014a5ff9,-8708365642548453787.npz,243963
highest-quality,2748134067,CAB-d7e8a5de1954691b39f6fabb014a5ff9,8724263261004016611.npz,996528
highest-quality,2748134067,CAB-e41346e5c938a302fa0bc88d72422886,-8444402439724907689.npz,210317
highest-quality,2748134067,CAB-e41346e5c938a302fa0bc88d72422886,3783783322442903623.npz,986400
highest-quality,276809377,CAB-4209dbd24594d51d0fef06627bfab17e,-332086741542394480.npz,31842
highest-quality,2807369310,CAB-0c3d9fa0c1570b1ea8cfa3d77f3d98da,1900861627129385279.npz,1100641
highest-quality,2807369310,CAB-0c3d9fa0c1570b1ea8cfa3d77f3d98da,3285505837938321565.npz,53328
highest-quality,2807369310,CAB-1457f717633135624967a8f27090cb2c,-1625501374979292177.npz,1064725
highest-quality,2807369310,CAB-1457f717633135624967a8f27090cb2c,-4230994524757763857.npz,184558
highest-quality,2807369310,CAB-6164a4315dcc4fbe46999f7275e621f5,-5965870032294423472.npz,427283
highest-quality,2807369310,CAB-6164a4315dcc4fbe46999f7275e621f5,5202439334842570661.npz,2308479
highest-quality,2807369310,CAB-6f9dab0b9eba9a6f9a37f015b82ea76d,-2133638675397463678.npz,253023
highest-quality,2807369310,CAB-6f9dab0b9eba9a6f9a37f015b82ea76d,-2991822547410715265.npz,1347393
highest-quality,2807369310,CAB-9d341d5f113b1b9a0ae9a2f40d39de0f,-170374608244475741.npz,241742
highest-quality,2807369310,CAB-9d341d5f113b1b9a0ae9a2f40d39de0f,1246260342542111871.npz,1229213
highest-quality,2807369310,CAB-b4bacb1509800f0dff18da91d92b6bfc,-1388953945476561310.npz,311698
highest-quality,2807369310,CAB-b4bacb1509800f0dff18da91d92b6bfc,7794289617578359175.npz,1598544
highest-quality,2807369310,CAB-c067dd7149b715a360f59abe904d4bb8,-5533697887755551621.npz,281798
highest-quality,2807369310,CAB-c067dd7149b715a360f59abe904d4bb8,-7632857373395281906.npz,124952
highest-quality,2807369310,CAB-c067dd7149b715a360f59abe904d4bb8,3822496042948580805.npz,675586
highest-quality,2807369310,CAB-c067dd7149b715a360f59abe904d4bb8,809512117277142328.npz,1561497
highest-quality,2807369310,CAB-c86b68f260025e9ed1686b85e305ac55,-2636976124880508438.npz,861164
highest-quality,2807369310,CAB-c86b68f260025e9ed1686b85e305ac55,608492243804315801.npz,151287
highest-quality,2807369310,CAB-db435b080d88577d5eda3034f73da441,-5309517271134006713.npz,509936
highest-quality,2807369310,CAB-db435b080d88577d5eda3034f73da441,743527128666011645.npz,65105
highest-quality,2849370921,CAB-073241c3afb1cf09196537b9c86a4f73,-795180483755165137.npz,1233666
highest-quality,2849370921,CAB-073241c3afb1cf09196537b9c86a4f73,4067532883802985578.npz,269020
highest-quality,2849370921,CAB-0b0ed66386aafdfb0826e7680888c52b,-5431015789700717656.npz,1000434
highest-quality,2849370921,CAB-0b0ed66386aafdfb0826e7680888c52b,1963851513910256248.npz,259633
highest-quality,2849370921,CAB-33c8ecd840635007d9743bd6853ac9d3,4477968536301666669.npz,244190
highest-quality,2849370921,CAB-33c8ecd840635007d9743bd6853ac9d3,4895482447231859671.npz,996777
highest-quality,2849370921,CAB-3dd93f2ee0affa84eb20ea36d21e2bb6,4308733596837719041.npz,227844
highest-quality,2849370921,CAB-3dd93f2ee0affa84eb20ea36d21e2bb6,88525121001536157.npz,1000307
highest-quality,2849370921,CAB-54d477c26f2d631c8936071f27b05196,-1671619181323828258.npz,1686150
highest-quality,2849370921,CAB-54d477c26f2d631c8936071f27b05196,5027043820067269120.npz,342534
highest-quality,2849370921,CAB-8d82b594b6c64c553fb641f240cdc6e9,-364967470266437459.npz,303485
highest-quality,2849370921,CAB-8d82b594b6c64c553fb641f240cdc6e9,3813786785909743011.npz,1219340
highest-quality,2849370921,CAB-9bcb8d70234fad0f3d3156023394158e,4250699840072175340.npz,1437646
highest-quality,2849370921,CAB-9bcb8d70234fad0f3d3156023394158e,4369682720766703111.npz,260313
highest-quality,2849370921,CAB-aa04e6bf54c664ddec74e62da1cc9335,1745629919788731114.npz,295292
highest-quality,2849370921,CAB-aa04e6bf54c664ddec74e62da1cc9335,6120980313742102255.npz,1209881
highest-quality,2849370921,CAB-b9db7a23cc8431e9a04649a31b2ed25e,472807821780368075.npz,302168
highest-quality,2849370921,CAB-b9db7a23cc8431e9a04649a31b2ed25e,5322396064761070247.npz,1203841
highest-quality,2849370921,CAB-ca9b602b05a936f674d362cda26b886d,-7955931358041218420.npz,1125990
highest-quality,2849370921,CAB-ca9b602b05a936f674d362cda26b886d,-8974846430637983629.npz,202999
highest-quality,2906705493,CAB-7a441f7265bb4e22d19419586538f431,-4754978034331838293.npz,2598443
highest-quality,2906705493,CAB-7a441f7265bb4e22d19419586538f431,1494416804221783200.npz,480839
highest-quality,2932222405,CAB-31c29d830b33476ec0810078df2c9521,5138399027024206790.npz,295287
highest-quality,2932222405,CAB-31c29d830b33476ec0810078df2c9521,901133478427205527.npz,1196886
highest-quality,2932222405,CAB-62ed5c7d08282007932710f7846913f4,8137263264301253227.npz,344809
highest-quality,2932222405,CAB-62ed5c7d08282007932710f7846913f4,8480681007055211976.npz,1794331
highest-quality,2932222405,CAB-65d9419ccc0d31613dac91061d303e27,-1374513821429880468.npz,34598
highest-quality,2932222405,CAB-65d9419ccc0d31613dac91061d303e27,-6374454659230119440.npz,34632
highest-quality,2932222405,CAB-65d9419ccc0d31613dac91061d303e27,-6818879988906006898.npz,34624
highest-quality,2932222405,CAB-65d9419ccc0d31613dac91061d303e27,-9197699589873237095.npz,34496
highest-quality,2932222405,CAB-65d9419ccc0d31613dac91061d303e27,1936297470819949900.npz,32947
highest-quality,2932222405,CAB-65d9419ccc0d31613dac91061d303e27,2471518088433369451.npz,32939
highest-quality,2932222405,CAB-65d9419ccc0d31613dac91061d303e27,3120295780034535314.npz,34624
highest-quality,2932222405,CAB-b707512f7cadd0d9c8040ed61ca33c12,-1693200937096398188.npz,228802
highest-quality,2932222405,CAB-b707512f7cadd0d9c8040ed61ca33c12,-2888949661270690737.npz,1012217
highest-quality,2932222405,CAB-ce3b218bc4a407efbc1d1610527eef6c,7219689378586941951.npz,995410
highest-quality,2932222405,CAB-ce3b218bc4a407efbc1d1610527eef6c,8680045491875716565.npz,230780
highest-quality,2932222405,CAB-d0045144aeceb56c015de0c961ed7e7e,-208971569947503409.npz,26747
highest-quality,2932222405,CAB-d0045144aeceb56c015de0c961ed7e7e,-4543614493068614537.npz,27050
highest-quality,2932222405,CAB-d0045144aeceb56c015de0c961ed7e7e,2368698912911218358.npz,27033
highest-quality,2932222405,CAB-d0045144aeceb56c015de0c961ed7e7e,279899463430488555.npz,26985
highest-quality,2932222405,CAB-d0045144aeceb56c015de0c961ed7e7e,6975320934936999419.npz,27004
highest-quality,2932222405,CAB-d0045144aeceb56c015de0c961ed7e7e,8237653307052463342.npz,27032
highest-quality,2932222405,CAB-d0045144aeceb56c015de0c961ed7e7e,8299010686423387859.npz,27022
highest-quality,3278416766,CAB-054bc96f21c392775ad58eda0c3b56ce,-5622118941521754627.npz,585822
highest-quality,3278416766,CAB-14f250a47959f0ba85045eff182fe317,921624685840654086.npz,582400
highest-quality,3278416766,CAB-18723669dc13e3e1b13f6e2e45fe935b,5583199559579285834.npz,582971
highest-quality,3278416766,CAB-37c3fc35259d79a6df49f0fdbbe1f51e,11149147896977611.npz,570510
highest-quality,3278416766,CAB-4b6b10cd3f8f3d26206e9524cc3e6278,-7316839223823332493.npz,699785
highest-quality,3278416766,CAB-553907d726f7f5f8fe7fe0c44fb73f44,-3648252350136279357.npz,575716
highest-quality,3278416766,CAB-718f96bc002296df11ecda783043005e,404332144766148870.npz,700538
highest-quality,3278416766,CAB-8825d67f0be4cb8e9efb02a983e64ab6,-3865773439225484418.npz,661564
highest-quality,3278416766,CAB-8b28e3633d73843b3d11ce508ae58a5a,-2152356670641858221.npz,680790
highest-quality,3278416766,CAB-8f1944b4606602d3a104866492443b54,-1615495386502112075.npz,589959
highest-quality,3278416766,CAB-bc534dc2da9d378a5a8ee7fa411353db,4611403284854729406.npz,579188
highest-quality,3278416766,CAB-d736ab159d79ecaa2ecc616ceb9f4a9b,-6899122251715677648.npz,574502
highest-quality,3278416766,CAB-e6d23dce06aa443a42104b70ab3ab488,2248653542039276037.npz,584353
highest-quality,3278416766,CAB-ec6bf1717f72b483b5bd0361e265a5f4,1288109669835231162.npz,576283
highest-quality,3278416766,CAB-ee8bcbc745aa09cad2edcbf8dae6dd5d,3584744101156041026.npz,572608
highest-quality,3521808087,CAB-1af0146cd75f9b13ce59a92f3bd82fba,-4222472574338624345.npz,261188
highest-quality,3521808087,CAB-1af0146cd75f9b13ce59a92f3bd82fba,3943810936548701524.npz,1548463
highest-quality,3521808087,CAB-1af0146cd75f9b13ce59a92f3bd82fba,5861491352876732367.npz,887130
highest-quality,3521808087,CAB-1af0146cd75f9b13ce59a92f3bd82fba,8223261815517506065.npz,168538
highest-quality,3521808087,CAB-270fbce06bdaf12b3e9e76c4cd6a257b,1799653042722582171.npz,1910182
highest-quality,3521808087,CAB-270fbce06bdaf12b3e9e76c4cd6a257b,7267785678366973030.npz,347059
highest-quality,3521808087,CAB-6aab398422cb12cbe802fb1c02420e49,-4729996155582485543.npz,1098024
highest-quality,3521808087,CAB-6aab398422cb12cbe802fb1c02420e49,6498660329717323132.npz,52794
highest-quality,3521808087,CAB-7fe39a86385a797855268a81a7992c85,-1679622971680602186.npz,207570
highest-quality,3521808087,CAB-7fe39a86385a797855268a81a7992c85,1831964020784875617.npz,1116539
highest-quality,3521808087,CAB-8e2d5bcc52165bda45bd205f2cb80332,-1139890803720081707.npz,198910
highest-quality,3521808087,CAB-8e2d5bcc52165bda45bd205f2cb80332,-3494025788189807306.npz,1131417
highest-quality,3521808087,CAB-d1b52e8e0b797809b9c8e41a0b487813,6060083161734243057.npz,1796249
highest-quality,3521808087,CAB-d1b52e8e0b797809b9c8e41a0b487813,8943849848332171599.npz,318555
highest-quality,3521808087,CAB-e35cafd1a72a36b7f16d1b784177f553,5730101738945828718.npz,1491753
highest-quality,3521808087,CAB-e35cafd1a72a36b7f16d1b784177f553,6269544008957221034.npz,260554
highest-quality,3521808087,CAB-ee2e548c5baaf184c07c906e30997663,-7040252628727283879.npz,282954
highest-quality,3521808087,CAB-ee2e548c5baaf184c07c906e30997663,3561100767826961103.npz,1489970
highest-quality,3521808087,CAB-f7a7f8a4f87a50c83bacc29cbc8ad1d2,-8650145990099258091.npz,265872
highest-quality,3521808087,CAB-f7a7f8a4f87a50c83bacc29cbc8ad1d2,2849974368812954210.npz,1482535
highest-quality,3897234846,CAB-00bad65b825d69c2507581fac21c8a3f,-1123765274722474461.npz,271059
highest-quality,3897234846,CAB-00bad65b825d69c2507581fac21c8a3f,-1424511823083596682.npz,1339587
highest-quality,3897234846,CAB-014ed2210669c96321e970ccf568fdca,2636936515433909596.npz,126975
highest-quality,3897234846,CAB-014ed2210669c96321e970ccf568fdca,5939319901927034172.npz,593063
highest-quality,3897234846,CAB-22cdc4f9381774c37ea51d89d49f9f6b,-4343067724661485341.npz,279044
highest-quality,3897234846,CAB-22cdc4f9381774c37ea51d89d49f9f6b,916858236484560991.npz,1344831
highest-quality,3897234846,CAB-5a8713e36cf9403c7f563779ca7e4880,-808183829747996247.npz,1469126
highest-quality,3897234846,CAB-5a8713e36cf9403c7f563779ca7e4880,8531185833849127186.npz,308929
highest-quality,3897234846,CAB-77cc6dc8396de31b951456b5a60ca2a5,-2147687977520797852.npz,270981
highest-quality,3897234846,CAB-77cc6dc8396de31b951456b5a60ca2a5,-7671936509857743815.npz,57471
highest-quality,3897234846,CAB-81d751f71c65d9c353b761796b0723e2,-932027842686652035.npz,1303614
highest-quality,3897234846,CAB-81d751f71c65d9c353b761796b0723e2,6925485287618988718.npz,242477
highest-quality,3897234846,CAB-83c6c76b27594a3a385257ac1c50925f,-7700514023790614926.npz,378430
highest-quality,3897234846,CAB-83c6c76b27594a3a385257ac1c50925f,-7718419266596640610.npz,1749451
highest-quality,3897234846,CAB-ddf3d681a79f9f93daff2e13fbf3a5b7,-7753903034760924689.npz,935046
highest-quality,3897234846,CAB-ddf3d681a79f9f93daff2e13fbf3a5b7,-9147951519380201305.npz,206237
highest-quality,3897234846,CAB-e63610f3a888364f2c4b60b184b5c06b,203974070185607223.npz,248469
highest-quality,3897234846,CAB-e63610f3a888364f2c4b60b184b5c06b,6568286455611578770.npz,52873
highest-quality,3897234846,CAB-f34adaf7a4ec2ecc82c73e0b06846837,6475800026644941160.npz,1598327
highest-quality,3897234846,CAB-f34adaf7a4ec2ecc82c73e0b06846837,6486359966804659612.npz,331319
highest-quality,3933241010,CAB-49d06079338c0071909bfb82a3189e3d,-7005642826011342594.npz,46201
highest-quality,3933241010,CAB-5f8656098d9a9fd7761fada5cc310302,-2160103625833557243.npz,86779
highest-quality,3933241010,CAB-66df26f45d6f0756043bb5d21a77ae9a,-5027944999039239597.npz,465519
highest-quality,3933241010,CAB-66df26f45d6f0756043bb5d21a77ae9a,665705454090562466.npz,1519390
highest-quality,3933241010,CAB-770f5d8331a4bcd39fa2da4065bde1d5,-7027369149187383941.npz,1880172
highest-quality,3933241010,CAB-a18d26aa93624f44bf94ed4a1cd876f1,449196560178998561.npz,4199775
highest-quality,3933241010,CAB-a21202a1d30a3052827b73dc11341a24,-6574345231194527919.npz,1881197
highest-quality,3933241010,CAB-ac308c81e99b0b41e40b1c6836746a65,4238367545642899378.npz,1656121
highest-quality,3933241010,CAB-c4ba8224cda1a570b87d8732501ca740,-558303721803508355.npz,46159
highest-quality,3933241010,CAB-d6bfb8d65913a86dcd01d4174dcd7ba5,7374790833252239698.npz,4200404
highest-quality,3933241010,CAB-d97d6d9d9c53e49101cf47f72188e83f,15796100208661372.npz,86989
highest-quality,3933241010,CAB-fa83ba1502420e6fe6e9a83731281814,-8412784876667809433.npz,503456
highest-quality,3933241010,CAB-fa83ba1502420e6fe6e9a83731281814,2831195224024944086.npz,2066598
highest-quality,3939520730,CAB-11bac5858f0750c9fc555308d7de4636,-5148514638459531173.npz,2341063
highest-quality,3939520730,CAB-11bac5858f0750c9fc555308d7de4636,7512003096561204612.npz,433595
highest-quality,3939520730,CAB-14487361ca6d026f007ae055437d8c62,-6075153213465150356.npz,33928
highest-quality,3939520730,CAB-14487361ca6d026f007ae055437d8c62,4740247050420525063.npz,180568
highest-quality,3939520730,CAB-5becc2924ae52b26780a7e1b716b7c51,-5003968194027421535.npz,1689442
highest-quality,3939520730,CAB-5becc2924ae52b26780a7e1b716b7c51,-988806869361687557.npz,308867
highest-quality,3939520730,CAB-5becc2924ae52b26780a7e1b716b7c51,1651874841318095758.npz,1099133
highest-quality,3939520730,CAB-5becc2924ae52b26780a7e1b716b7c51,3294078110782917591.npz,191543
highest-quality,3939520730,CAB-7220c2a47b6cff41a653cd6ada5f7845,5764822136149515564.npz,1125498
highest-quality,3939520730,CAB-7220c2a47b6cff41a653cd6ada5f7845,6377179083818052431.npz,198968
highest-quality,3939520730,CAB-b1b611c032529f61db30e5abd6f188d0,-8523207139652297125.npz,1949190
highest-quality,3939520730,CAB-b1b611c032529f61db30e5abd6f188d0,8780922446963993946.npz,340052
highest-quality,3939520730,CAB-c720eff5f67f57471d62c00eb1e1ba49,1885126624327457025.npz,234614
highest-quality,3939520730,CAB-c720eff5f67f57471d62c00eb1e1ba49,7376968608536389763.npz,1335644
highest-quality,3939520730,CAB-f0378a31b5534b9f9140ec561b61236e,-842668131940394539.npz,1346645
highest-quality,3939520730,CAB-f0378a31b5534b9f9140ec561b61236e,-975091415518682756.npz,252997
highest-quality,3939520730,CAB-fbd91208d3ced827585fbe8cdd407578,-1971826486191516812.npz,219083
highest-quality,3939520730,CAB-fbd91208d3ced827585fbe8cdd407578,-8753138749665718629.npz,1166839
highest-quality,3939520730,CAB-fbd91208d3ced827585fbe8cdd407578,6736200449780151098.npz,216444
highest-quality,3939520730,CAB-fbd91208d3ced827585fbe8cdd407578,7100607445617743312.npz,1063909
highest-quality,4128630151,CAB-cf0c8082e76d375e97000b074ed6c798,-7426947853720207402.npz,1674061
highest-quality,600607555,CAB-111b206fdbb9e733e5c53e10494c6b9e,-5860761050635392647.npz,113367
highest-quality,600607555,CAB-42a2f07a24b4452867367b09347b2cdb,2810563926534214632.npz,109042
highest-quality,600607555,CAB-42a2f07a24b4452867367b09347b2cdb,5010123028938033529.npz,56925
highest-quality,600607555,CAB-51098cd692c6a6a7354c28c86bf67b03,-1148570267233982173.npz,107785
highest-quality,600607555,CAB-56dd56efd72a388f5374411a162e0f32,2436884201043006926.npz,146346
highest-quality,600607555,CAB-6fe34f658f3e39a354fae82d2fd5969e,-7093354816293938243.npz,13933
highest-quality,600607555,CAB-77238dcbfbc8d9c2e8db9d6d90acac67,2960707942100986674.npz,56875
highest-quality,600607555,CAB-b9d573989ca42383ccf915380efa08c2,8157186775417845758.npz,70067
highest-quality,600607555,CAB-c833f0c42db82a0d081f2bc0efb275bc,4514995476636556440.npz,87683
highest-quality,600607555,CAB-d5169750147f96ff44a9d1e3c742794a,-2578791015412501388.npz,80160
highest-quality,600607555,CAB-df7bc76546e2854055b007783c6531bd,-2307136872908588732.npz,76132
highest-quality,600607555,CAB-eef74fd268416650bc6761f5bc400b90,7867767963925115843.npz,30442
highest-quality,600607555,CAB-f4070d60bd0ad4e5318fdb3bc3d61aa0,872245757569127759.npz,82321
highest-quality,600607555,CAB-f4a3f83ab0cb0702bc035741fc6d2ff7,-1364113444982927454.npz,56253
highest-quality,600607555,CAB-f5b48814f167ff0fc72acff4306a503e,-1865946034244102170.npz,110938
highest-quality,666175487,CAB-a9241bab0980321f96f6426f12adb57b,-5826758644050304125.npz,2160
highest-quality,666175487,CAB-a9241bab0980321f96f6426f12adb57b,-663445028083566834.npz,22185
highest-quality,666175487,CAB-d165498d011e758b4b433f69e2c1e41b,5044068262566936292.npz,4963
highest-quality,666175487,CAB-d165498d011e758b4b433f69e2c1e41b,5538955482570295788.npz,24012
highest-quality,666175487,CAB-e6f753bf1eb06603f5476f27b173c082,-8386307440703630106.npz,21975
highest-quality,666175487,CAB-e6f753bf1eb06603f5476f27b173c082,6883306053484340476.npz,2154
highest-quality,688857604,CAB-0420a2cf9421fc6637dbefcfd5e2f378,-749745014657950354.npz,1032398
highest-quality,688857604,CAB-0420a2cf9421fc6637dbefcfd5e2f378,8641581539995145310.npz,188229
highest-quality,688857604,CAB-196673d3a8261e8d6f3d40dd8671fe6d,1493186699832253526.npz,1007204
highest-quality,688857604,CAB-196673d3a8261e8d6f3d40dd8671fe6d,6583524813328223737.npz,220216
highest-quality,688857604,CAB-28eb1bd05c8f08451827d774a9983ec7,-2854873065606486302.npz,394302
highest-quality,688857604,CAB-28eb1bd05c8f08451827d774a9983ec7,6107497321571588808.npz,2067870
highest-quality,688857604,CAB-2d6716ee44e0cc9c4e82f31d18471b5e,-2943091409813890838.npz,1079347
highest-quality,688857604,CAB-2d6716ee44e0cc9c4e82f31d18471b5e,5398068560509781131.npz,220002
highest-quality,688857604,CAB-4d31a0cc18243e656b92b796e41a94c0,-5674996729635622394.npz,2380610
highest-quality,688857604,CAB-4d31a0cc18243e656b92b796e41a94c0,3060573428898120933.npz,471072
highest-quality,688857604,CAB-5fa60fbae47069ddd965faecae89371f,-7726258737048939600.npz,150544
highest-quality,688857604,CAB-5fa60fbae47069ddd965faecae89371f,7034018613371007621.npz,711967
highest-quality,688857604,CAB-927cb61f019f86386f26de289b0c80d2,-8492613319132631384.npz,696179
highest-quality,688857604,CAB-927cb61f019f86386f26de289b0c80d2,6370634618021253365.npz,3026428
highest-quality,688857604,CAB-fe62c01e4f3d84db1f8da3988ac5bda9,-2033928463246329224.npz,275301
highest-quality,688857604,CAB-fe62c01e4f3d84db1f8da3988ac5bda9,8065264095570095513.npz,1454452
highest-quality,743950099,CAB-0307c26d10e901a6c57b4193e3c645f4,-3969743430469522361.npz,1590381
highest-quality,743950099,CAB-28cd8551a043aa1fec927e1c6a4fd764,-1831461666187654718.npz,1591459
highest-quality,743950099,CAB-900f8ec88976c3b104319c364aa90e19,1119873529688951936.npz,1918234
highest-quality,743950099,CAB-b8afba1667e538ea1c728929cf16fca6,5893225612305477988.npz,1707448
highest-quality,743950099,CAB-c0e684251a2941fec6d5f78b550e42e6,8626172897604399891.npz,1706752
highest-quality,743950099,CAB-ec8c49dc537a403fdaecdcd7224055ef,2575081414563872535.npz,1979630
highest-quality,743950099,CAB-f6e0f945ef7b548c7d383748abea5791,2851850261613305529.npz,460092
highest-quality,743950099,CAB-f6e0f945ef7b548c7d383748abea5791,8172080903107082230.npz,1712465
highest-quality,857420442,CAB-062d3958e034d94f1f34094c4ae9283a,7846804033022012985.npz,260876
highest-quality,857420442,CAB-0dfc011dab19d6cf39f86d83d413afe2,-8184528657815807237.npz,124395
highest-quality,857420442,CAB-107ca62a6e889f9214141a7dfe440119,-6414773544322857082.npz,1361820
highest-quality,857420442,CAB-130f8a9d82584111933c3c0c89d71700,-3511414337619192718.npz,64468
highest-quality,857420442,CAB-22dd1fe7556c788b53f1f4525e784d4c,-7911876158808846913.npz,1293156
highest-quality,857420442,CAB-2f6ad309289fee0bf19cf7470de70267,-1245308895446290242.npz,556645
highest-quality,857420442,CAB-4422bcfbff5939759061ccba73d1f178,1590318240472557121.npz,351974
highest-quality,857420442,CAB-4a93bfec7676bf4f11198a88b63e75ce,-4118330245921752828.npz,99638
highest-quality,857420442,CAB-5054eac14fb4b7e8cea0e17a7adf2e95,6226003965403640995.npz,137431
highest-quality,857420442,CAB-55bc6abaf0f2493313fc1d01b065d018,-795361855130684516.npz,102821
highest-quality,857420442,CAB-64b379e94f627ee1cd92da39ae0f8d2a,-2720451829318592545.npz,110982
highest-quality,857420442,CAB-6af40f9899f9009d4b9b5d1eaa772008,3390052436546175802.npz,110685
highest-quality,857420442,CAB-75fb2ab09f87c3e515b4810012cb55f0,7086238358935337882.npz,100907
highest-quality,857420442,CAB-810861b865dc79b607b71052d029169e,1335056934340752049.npz,1758976
highest-quality,857420442,CAB-85f8e4d28c62eb1ee7413c6545d1c5a7,-6962455290466281826.npz,49829
highest-quality,857420442,CAB-8709b7794dbd614654c305c541b69b3d,-5167791503700290923.npz,1181028
highest-quality,857420442,CAB-97c0803e604c6e7be971c63b158aa477,4717391796780699438.npz,133068
highest-quality,857420442,CAB-a050c500f5f6b5dd218809d36a6fb798,-35880293659132669.npz,58297
highest-quality,857420442,CAB-ae752e4c7e95bd00e940c11aa420b149,-4613625707551148887.npz,24399
highest-quality,857420442,CAB-b23704b2b951ca22293000e291177af4,-6051929730229281194.npz,2329319
highest-quality,857420442,CAB-bff6803d31846e6182294c2d1151d651,2892547470333788774.npz,77921
highest-quality,857420442,CAB-c0000cb3083685f1bb8c5e30ead079ab,-7386739026381825732.npz,123196
highest-quality,857420442,CAB-d186fac75acbe6ed97161a0baa16f276,5324957557180481423.npz,298595
highest-quality,857420442,CAB-d386fad25d1ca40782545fa843a21a34,7787218017007325855.npz,550006
highest-quality,857420442,CAB-da8fa781fdec243bb179e07194701108,-6165172696553186535.npz,22743
highest-quality,857420442,CAB-dcfaf06aa481c149f18e165e20c9da4b,696131882447222744.npz,44357
highest-quality,857420442,CAB-f62dce109aa60e6cccca93b2f20a3c4c,-3139449507405813414.npz,86337
highest-quality,925645607,CAB-28773d45e0524b958af0bcc1fb18863e,656742445551050623.npz,43043
standalone-native,,,manifest.ndjson,122198
standalone-native,,,standalone_recovery_report.json,179944
standalone-native,1142011360,CAB-0d2764bbd9198836d4bfd1899f3dd52f,Eff_RemielleOrigin_Skill_01_01_Feather.anim,169828
standalone-native,1142011360,CAB-1ce135978d09e031bb8aa60c1d3da48a,Eff_RemielleOrigin_DtoS1_01_Feather.anim,229770
standalone-native,1142011360,CAB-1eda398b5d574f1e3e15e88f8255c9b7,Eff_RemielleOrigin_S1toE_01_Feather.anim,127452
standalone-native,1142011360,CAB-2633c12e9540af229a2e0eb4707af800,Eff_RemielleOrigin_DtoS1_02_Flare.anim,229768
standalone-native,1142011360,CAB-40360f67660cfd7bcfdb87cd6b6d5d77,Avatar_Female_Size02_Remielle_Ani_UI_S1toD.npz,19347
standalone-native,1142011360,CAB-573fab6f699cbfa99ae0b18eb39499ce,Eff_RemielleOrigin_S1toD_01_Feather.anim,292419
standalone-native,1142011360,CAB-8c5c571c9f4c668d726dab90381d46a1,Eff_RemielleOrigin_Skill_01_02_Flare.anim,222672
standalone-native,1142011360,CAB-91de6474ea1d7f1621b96d3a4c8fc41b,Eff_RemielleOrigin_S1toD_02_Flare.anim,85608
standalone-native,1142011360,CAB-aa60e94a0ac45618ac218bd885410a8f,Eff_RemielleOrigin_S1toE_02_Flare.anim,43531
standalone-native,1142011360,CAB-e3882721d7998c399ffbd2175c4d4b00,Avatar_Female_Size02_Remielle_Ani_UI_DtoS1.npz,15019
standalone-native,1270699580,CAB-29d80b2f8837038ba1f7373645104440,Avatar_Female_Size02_Remielle_Origin_Ani_Gal_Facial_Blink_Happy.anim,53547
standalone-native,1270699580,CAB-2c46ed1522cb8f784d34f4e4f9623e6c,Avatar_Female_Size02_Remielle_Origin_Ani_Gal_Facial_Blink_Angry.anim,105261
standalone-native,1270699580,CAB-557c9bde4053ddc382c3ac395efa662e,Avatar_Female_Size02_Remielle_Origin_Ani_Gal_Facial_Angry.anim,40440
standalone-native,1270699580,CAB-6bb6a9e527a3467ff48ac0b25ce58b5a,Avatar_Female_Size02_Remielle_Origin_Ani_Gal_Facial_Blink_Idle.anim,106810
standalone-native,1270699580,CAB-6fa42bb47d0b24c6e64b4def6a51676a,Avatar_Female_Size02_Remielle_Origin_Ani_Gal_Facial_Happy.anim,40098
standalone-native,1270699580,CAB-86a0467579f1681954a048d233d57d1a,Avatar_Female_Size02_Remielle_Origin_Ani_Gal_Facial_Think.anim,40120
standalone-native,1270699580,CAB-8891550b325567db97d20043b55e21d0,Avatar_Female_Size02_Remielle_Origin_Ani_Gal_Facial_Shy.anim,40070
standalone-native,1270699580,CAB-8ef15d0d44881a06e6374f346640a5ff,Avatar_Female_Size02_Remielle_Origin_Ani_Gal_Facial_Surprise.anim,40151
standalone-native,1270699580,CAB-947296a7eff1965711d57b496baa67da,Avatar_Female_Size02_Remielle_Origin_Ani_Gal_Facial_Sad.anim,40046
standalone-native,1270699580,CAB-bf1457c507ac1bfac0236d5f02ee3e7c,Avatar_Female_Size02_Remielle_Origin_Ani_Gal_Facial_Blink_Sad.anim,111416
standalone-native,1270699580,CAB-ce2559781a1bfba3fabcae7513c187d4,Avatar_Female_Size02_Remielle_Origin_Ani_Gal_Facial_Idle.anim,39894
standalone-native,1270699580,CAB-d8cf9b330261fb9b635df064b652b55f,Avatar_Female_Size02_Remielle_Origin_Ani_Gal_Facial_Blink_Think.anim,112334
standalone-native,1270699580,CAB-ea98614ef7888e06bcce9c516ba87c48,Avatar_Female_Size02_Remielle_Origin_Ani_Gal_Facial_Blink_Shy.anim,55183
standalone-native,1270699580,CAB-f4996bec1f1f5c1ef8d51fda4b7af2af,Avatar_Female_Size02_Remielle_Origin_Ani_Gal_Facial_Blink_Surprise.anim,110913
standalone-native,1436584839,CAB-1d1372ae2df0ba5732f6f1523467e0fb,TL_C30_ZiplineChasing_05_SC010_Avatar_MaxRemielleOriginCS.npz,506377
standalone-native,1475924805,CAB-69ac775c5e438746585e16627ceb520c,Eff_RemielleOrigin_Skill05_AirState_Back_27_Trail.anim,34048
standalone-native,1846016037,CAB-5cec44d12ff090f787ea26556dbb387f,TL_C30_ZiplineChasing_04_SC010_Avatar_MaxRemielleOriginCS.npz,1786139
standalone-native,1846016037,CAB-86701be3b444797d6298bb85399b74bd,TL_C30_ZiplineChasing_03_SC010_Avatar_MaxRemielleOriginCS.npz,832335
standalone-native,1873273914,CAB-11cf926a8d80ffc49fc1f3074d2f0b78,Eff_RemielleOrigin_Common_68_Light.anim,8461
standalone-native,1873273914,CAB-252a4c5251f62ba43a000847a100fe11,Eff_RemielleOrigin_Finish_Ex_AirState_Back_Start_07_Glow.anim,2382
standalone-native,1873273914,CAB-2ba1e7fb6f4e823ca52d7d3a6d5954d5,Eff_RemielleOrigin_Finish_Ex_AirState_Back_Start_13_Glow.anim,37995
standalone-native,1873273914,CAB-4072e7ddfba69c1565f3b793e3adfcc8,Eff_RemielleOrigin_Skill02_AirState_Front_07_Trail.anim,991
standalone-native,1873273914,CAB-439db914cf2b0aae64d48bc0061689ee,Eff_RemielleOrigin_Finish_Ex_AirState_Back_Start_12_Glow.anim,42402
standalone-native,1873273914,CAB-491b5a9b8b0d833b79c7e45bbfc3c0e3,Eff_RemielleOrigin_Finish_Ex_AirState_Back_Start_23_Glow.anim,376848
standalone-native,1873273914,CAB-60df6300b1c549e348d7f057963167e1,Eff_RemielleOrigin_Finish_Ex_AirState_Back_03_Trail.anim,408571
standalone-native,1873273914,CAB-61c494f52021ee29f9ddeda944114fae,Eff_RemielleOrigin_Common_11_Distor.anim,2860
standalone-native,1873273914,CAB-7b5007e95c860d2681d7b1786a0a3101,Eff_RemielleOrigin_Finish_Ex_AirState_Back_Start_09_Glow.anim,7152
standalone-native,1873273914,CAB-7ba6dd6b8936cd5c89733099ab884e0b,Eff_RemielleOrigin_Finish_AirState_Front_05_Trail.anim,990
standalone-native,1873273914,CAB-863a1aae771079685a7ccdde4b9e5390,Eff_RemielleOrigin_Finish_Ex_AirState_Back_Start_10_Glow.anim,2095
standalone-native,1873273914,CAB-a3773fd7b1983205dbe40f34d34bc6b8,Eff_RemielleOrigin_Finish_AirState_Front_09_Trail.anim,4445
standalone-native,1873273914,CAB-b1f8384c4e0ff3f9032b431331a864e3,Eff_RemielleOrigin_Finish_Ex_AirState_Back_04_Trail.anim,123495
standalone-native,1873273914,CAB-ba3286a194f9243458070e7b1c9c7339,Eff_RemielleOrigin_Finish_Ex_AirState_Back_Start_11_Glow.anim,170885
standalone-native,1873273914,CAB-c3f60eeaac87ba031203af3354be7df7,Eff_RemielleOrigin_Finish_AirState_Front_04_Trail.anim,2950
standalone-native,1873273914,CAB-e73d93d73455b24a169b690791675f46,Eff_RemielleOrigin_Finish_Ex_AirState_Back_13_Trail.anim,8228
standalone-native,2104872804,CAB-65e465f547e81e3551250368c361cc70,Avatar_Female_Size02_Remielle_Origin_Ani_Attack_Burst_Ex_02.anim,53444784
standalone-native,2104872804,CAB-eb26aa027a063c0df36a140698155d38,Eff_RemielleOrigin_AirCombat_Parry_F_Start_01_Trail.anim,6045
standalone-native,223229245,CAB-0a3e93111c2eb0bf9f21676ee06ff792,RemiellePanelColor1Loop.anim,6116
standalone-native,223229245,CAB-16fff6d15318478706ce7deb6429c697,RemiellePanelChange.anim,26728
standalone-native,223229245,CAB-1cfb001771918c1d22f0bd7bb60598cd,RemiellePanelColor1FadeOut.anim,9623
standalone-native,223229245,CAB-1dd6e663d36015829cac2f2ace863462,ActivityRemielleBg_OB3_1Loop.anim,490472
standalone-native,223229245,CAB-2d83631be2bdb469e82cbfa56ca1cd98,ActivityRemielleBg_OB3_1FadeIn.anim,24718
standalone-native,223229245,CAB-4dee4a37752d67547fc7017eb734e94d,RemiellePanelProgressLightLoop.anim,3376
standalone-native,223229245,CAB-826040ddd00b00f33d006e37cd882e2c,RemiellePanelWingFadeOut.anim,110383
standalone-native,223229245,CAB-86e1692e06cf543f09fa43024bd3458d,ActivityDemoRemielleFadeOut.anim,1555
standalone-native,223229245,CAB-98083e4a0f956c601f1c922cf8896079,RemiellePanelWingLoop.anim,14930
standalone-native,223229245,CAB-a3eb6c0a83fd6db9d22e1e42f7ee5c68,ActivityRemielleCameraPageFadeIn.anim,2158
standalone-native,223229245,CAB-b3e0b8c4680d4ae6441ebd1ab11ddecd,ActivityDemoRemielleLoop.anim,17793
standalone-native,223229245,CAB-b647d7766cda4255b7dfa7ceb9c1e29e,ActivityRemielleCameraPageFadeOut.anim,1564
standalone-native,223229245,CAB-b72f4d083267e7b0b3d3498c138c587b,ActivityDemoRemielleShowFadeIn.anim,111013
standalone-native,223229245,CAB-bba49b5335b1faa89a5a69b6aecf4e70,RemiellePanelColor1FadeIn.anim,13645
standalone-native,223229245,CAB-c75034754d58d772fdef75b9b93c5fe3,ActivityRemielleCameraMissionRowFadeIn.anim,1566
standalone-native,223229245,CAB-debb31c4d53c4ffc7acf4beeadef7d29,RemiellePanelWingFadeIn.anim,170580
standalone-native,223229245,CAB-e2149a58521a1ecd40af05d00c3b2e31,ActivityDemoRemielleChangeFadeIn.anim,32861
standalone-native,2375779530,CAB-0047acc1e8eee635d68aa600539aa2f3,Eff_RemielleOrigin_Attack_Normal_02_01_Trail.anim,40045
standalone-native,2375779530,CAB-09ef7a9f9219f904bae6ef5f9c7491b4,Eff_RemielleOrigin_Attack_QTE_27_Trail.anim,979
standalone-native,2375779530,CAB-0bbdfcc633c06f9a7d25a8ea2f9d1379,Eff_RemielleOrigin_Attack_QTE_29_Trail.anim,11960
standalone-native,2375779530,CAB-0f6804ef18d49904c392d50ec6aec5e7,Eff_RemielleOrigin_Attack_Normal_04_11_Trail.anim,11669
standalone-native,2375779530,CAB-0fe557bc38625ef90e729c9dada35a86,Eff_RemielleOrigin_Attack_QTE_17_Trail.anim,15464
standalone-native,2375779530,CAB-25dce4ff58465e58646a4b45e8362c53,Eff_RemielleOrigin_Attack_Normal_04_20_Trail.anim,3901
standalone-native,2375779530,CAB-3883affc862d136a4e049240e5399943,Eff_RemielleOrigin_Attack_Normal_04_13_Trail.anim,11304
standalone-native,2375779530,CAB-6f45b089093a780a6ad80cca5e58be83,Eff_RemielleOrigin_Attack_Normal_04_12_Trail.anim,11714
standalone-native,2375779530,CAB-79ce0b956e89d4399a3f744500bcdda6,Eff_RemielleOrigin_Attack_Normal_03_01_Trail.anim,12386
standalone-native,2375779530,CAB-8193a02d4a78f9617384a9e8c5ea21ee,Eff_RemielleOrigin_Attack_QTE_28_Trail.anim,9297
standalone-native,2375779530,CAB-916b13b0130f208744c1b7fda2976888,Eff_RemielleOrigin_Attack_Normal_04_08_Trail.anim,10876
standalone-native,2375779530,CAB-94e1567f225fb3d51f2c5cf57f3bbdf6,Eff_RemielleOrigin_Attack_Normal_01_02_Trail.anim,15344
standalone-native,2375779530,CAB-954b1957e6e3a97cd629eff4386c99d8,Eff_RemielleOrigin_Attack_Normal_04_01_Trail.anim,4458
standalone-native,2375779530,CAB-9d6345116776493cf934015e41f03c0e,Eff_RemielleOrigin_Attack_Normal_04_02_Trail.anim,4464
standalone-native,2375779530,CAB-a653bb162dbe15d132f570068fc4aea3,Eff_RemielleOrigin_Attack_Normal_04_09_Trail.anim,14468
standalone-native,2375779530,CAB-a9830d212f4d966161fa0fc9ca42ac75,Eff_RemielleOrigin_Attack_Normal_04_21_Trail.anim,4280
standalone-native,2375779530,CAB-c8b099547ec1dde2b4eaadda93a5a096,Eff_RemielleOrigin_Attack_QTE_41_Trail.anim,3475
standalone-native,2375779530,CAB-d4bc13f9b423fa8a7e794eefeeb84f14,Eff_RemielleOrigin_Attack_Normal_03_02_Trail.anim,9205
standalone-native,2375779530,CAB-d7cf53303011d50a0e01494de0c0a645,Eff_RemielleOrigin_Attack_Normal_04_10_Trail.anim,11597
standalone-native,2375779530,CAB-dfc0f6d91fdf361651b727aa5ff375cc,Eff_RemielleOrigin_Attack_QTE_33_Trail.anim,3033
standalone-native,2375779530,CAB-f4f32e801ff3c5ab872b326eb85fa51b,Eff_RemielleOrigin_Attack_Rush_01_Trail.anim,6553
standalone-native,2375779530,CAB-fbc21c224093a3b7b8317610dfb8036f,Eff_RemielleOrigin_Attack_Normal_04_14_Trail.anim,11600
standalone-native,2375779530,CAB-fc30d5cbae994bb0a062aafb5d0113f7,Eff_RemielleOrigin_Attack_Normal_01_01_Trail.anim,3603
standalone-native,2628649539,CAB-1893c7216097f16e67ca22228a1b7717,Eff_RemielleOrigin_Attack_ExQTE_Start_36_Wind.anim,7770
standalone-native,2628649539,CAB-2988e5c7b61d4e229d008758003eee1a,Eff_RemielleOrigin_Attack_ExSpecial_10_Trail.anim,25106
standalone-native,2628649539,CAB-2e51fa9605a481767a87bc33b5d1b24e,Eff_RemielleOrigin_Attack_Normal_04_04_Trail.anim,4457
standalone-native,2628649539,CAB-35c42486ad0468a8125ac4f60bf09e29,Eff_RemielleOrigin_SwitchIn_Attack_Ex_Start_02_Glow.anim,17084
standalone-native,2628649539,CAB-469bb140dddfc9f777123d363e1b8cc2,Eff_RemielleOrigin_Attack_ExQTE_Start_39_Wind.anim,3541
standalone-native,2628649539,CAB-4d20324ad6491c133fb93dc3e610b23b,Eff_RemielleOrigin_Attack_ExSpecial_23_Trail.anim,6944
standalone-native,2628649539,CAB-5e105c8498533f279cba05a64cda0b2f,Eff_RemielleOrigin_Attack_ExQTE_Start_33_Trail.anim,5872
standalone-native,2628649539,CAB-6b888d658688f7e7c76f91d55b1b64e5,Eff_RemielleOrigin_Attack_ExQTE_Start_24_Aura.anim,6156
standalone-native,2628649539,CAB-6cffaf02172fb3627464caaf2a4868f7,Eff_RemielleOrigin_Attack_ExSpecial_33_Dust.anim,11288
standalone-native,2628649539,CAB-7cd01990e4c2d6efffef8da58974970e,Eff_RemielleOrigin_Attack_ExQTE_Start_32_Trail.anim,4696
standalone-native,2628649539,CAB-8e843d253c5a2b788d9c5a4907eeec64,Eff_RemielleOrigin_Attack_ExQTE_Start_43_Line.anim,5640
standalone-native,2628649539,CAB-96c10946d350313000e6bfcc57c63560,Eff_RemielleOrigin_Attack_ExQTE_Start_34_Flash.anim,28563
standalone-native,2628649539,CAB-ae9873df44c0867e7066a45b9f9dbbc1,Eff_RemielleOrigin_Attack_ExSpecial_24_Trail.anim,26448
standalone-native,2628649539,CAB-b3ed84f77ab92569d5fd5d3e651efdde,Eff_RemielleOrigin_SwitchIn_Attack_Ex_Start_23_Aura.anim,22951
standalone-native,2628649539,CAB-b6e0cdfc5ed7ad6da31aa1dd6d7f1df3,Eff_RemielleOrigin_Attack_ExQTE_Start_40_Wind.anim,3926
standalone-native,2628649539,CAB-c01234435ae6754b19e4ba1167118dfc,Eff_RemielleOrigin_Attack_ExSpecial_07_Trail.anim,25106
standalone-native,2628649539,CAB-e94afef84db973c5a6f119a9fd59c90e,Eff_RemielleOrigin_Attack_ExQTE_Start_41_Wind.anim,3122
standalone-native,3094050808,CAB-f7048970623d84f565eacd8a7a2bbdc0,TL_C30_ZiplineChasing_01_SC010_Avatar_MaxRemielleOriginCS.npz,1557234
standalone-native,3316514000,CAB-35d87940b27e5c4f8e527993dee4e66b,Avatar_Female_Size02_Remielle_Origin_Cam_Finish_Ex_AirState.anim,66278
standalone-native,3316514000,CAB-38d458e992fce16119ca9a55e17d6910,Avatar_Female_Size02_Remielle_Origin_Cam_Attack_Burst_Ex_Max01.anim,94412
standalone-native,3316514000,CAB-9eb1d5d4f56b3a3e5240215727de0edc,Avatar_Female_Size02_Remielle_Origin_Cam_SwitchIn_Attack_Ex_Start.anim,99941
standalone-native,3316514000,CAB-e68045e60f25e95dcf6f0f76f44ece50,Avatar_Female_Size02_Remielle_Origin_Cam_QuestStart.anim,73860
standalone-native,3316514000,CAB-f6943495f1b2fffd8960bc4dce6d3bd1,Avatar_Female_Size02_Remielle_Origin_Cam_Finish_Ex_AirState_Start.anim,93123
standalone-native,3325839570,CAB-79f151e51c0447db369cfb59b21f2a10,Ani_Cs_TL_C31_Explosion_04_SC010_Avatar_RemielleOrigin.anim,28867110
standalone-native,3325839570,CAB-e5750cfba91f20b659b2157a7a107d33,Ani_Cs_TL_C31_Explosion_04_SC020_Avatar_RemielleOrigin.anim,61297311
standalone-native,3684114180,CAB-32be8d976e85476aabe71298156d824d,Eff_RemielleOrigin_Attack_Burst_Ex_Max_01_04_Trail.anim,5115
standalone-native,3684114180,CAB-3d1b28c6a239c8a7b5fc728975bf5feb,Eff_RemielleOrigin_Attack_Burst_Ex_01_05_Trail.anim,31176
standalone-native,3684114180,CAB-4c23dcdeb7b70382d4dcd3873eb114fb,Eff_RemielleOrigin_Attack_Burst_01_01_Trail.anim,22435
standalone-native,3684114180,CAB-69df105df5c4f5d8fc046241d532031e,Eff_RemielleOrigin_Attack_Burst_01_03_Trail.anim,7637
standalone-native,3684114180,CAB-6c70c6a331e0588ffc49ea160426ed3e,Eff_RemielleOrigin_Attack_Burst_Ex_Max_01_03_Trail.anim,991
standalone-native,3684114180,CAB-6cdffc4c26968f416951963f7ce4d14a,Eff_RemielleOrigin_Attack_Burst_01_02_Trail.anim,57056
standalone-native,3684114180,CAB-6df334efb969fb68d3f5acd392959972,Eff_RemielleOrigin_Attack_Burst_Ex_02_11_Trail.anim,987
standalone-native,3684114180,CAB-806205c93ae748ea5787297080cee6a4,Eff_RemielleOrigin_Attack_AirState_Front_01_Trail.anim,4042
standalone-native,3684114180,CAB-8b76b57acef0fe4b111b65fe70bfc85a,Eff_RemielleOrigin_Attack_Burst_Ex_Max_01_10_Trail.anim,6019
standalone-native,3684114180,CAB-bcbcca4e0eac2363917f55ccc5c0e4c0,Eff_RemielleOrigin_Attack_Burst_Ex_Max_01_08_Trail.anim,46295
standalone-native,3684114180,CAB-cef66adceab7764284a358deec9e4823,Eff_RemielleOrigin_Attack_AssaultAid_01_Trail.anim,2776
standalone-native,3684114180,CAB-d47dea1218d6c225c9a95e025020303e,Eff_RemielleOrigin_Attack_Burst_Ex_Max_01_09_Light.anim,36914
standalone-native,3684114180,CAB-eb8b5652e51ea88ea21103265584ab33,Eff_RemielleOrigin_Attack_Burst_Ex_02_01_Trail.anim,1744
standalone-native,3684114180,CAB-f1463bc4452f07df5a4db23e41eff8a9,Eff_RemielleOrigin_Attack_Burst_Ex_01_03_Trail.anim,18315
standalone-native,3684114180,CAB-fd281f5350af1bd3a292ac38eb4b92b5,Eff_RemielleOrigin_Attack_AssaultAid_02_Trail.anim,60590
standalone-native,748631265,CAB-0507d44c93ee865629ddd2eadf780ece,Eff_RemielleOrigin_Attack_ExQTE_Start_01_Aura.anim,2466
standalone-native,748631265,CAB-05c488d68d24fb1a41e24ad1f8f18d37,Eff_RemielleOrigin_Attack_ExQTE_Start_02_Aura.anim,35031
standalone-native,748631265,CAB-161ebb34620a9a32c864799765e09900,Eff_RemielleOrigin_Attack_ExQTE_30_Trail.anim,981
standalone-native,748631265,CAB-183a39af38c06247e21e595bb4f6f6ce,Eff_RemielleOrigin_Attack_ExQTE_Start_22_Aura.anim,6611
standalone-native,748631265,CAB-3517beff286947a9dd02c3c217b7e60f,Eff_RemielleOrigin_Attack_ExQTE_15_Trail.anim,4829
standalone-native,748631265,CAB-3fb655b4449bf5ddef40f816fbc1e86f,Eff_RemielleOrigin_Attack_Counter_01_Trail.anim,55779
standalone-native,748631265,CAB-43eb7f8b4de6dd62a2989b161b42dc57,Eff_RemielleOrigin_Attack_ExQTE_38_Trail.anim,5860
standalone-native,748631265,CAB-56563b3145bd82a9228c017eb9383d37,Eff_RemielleOrigin_Attack_ExQTE_14_Trail.anim,4829
standalone-native,748631265,CAB-829f95a475d3a12f87174ecc7177889d,Eff_RemielleOrigin_Attack_ExQTE_08_Trail.anim,5235
standalone-native,748631265,CAB-a27f3b7892534ed4b661bdda82515c61,Eff_RemielleOrigin_Attack_EXQTE_01_Glow.anim,24469
standalone-native,748631265,CAB-a983284ac5d2dc5730ff82c9f4f8b7d8,Eff_RemielleOrigin_SwitchIn_Attack_Ex_Start_13_Glow.anim,5775
standalone-native,748631265,CAB-ab85498ed9ee19ce2e6a4b4280127f35,Eff_RemielleOrigin_Attack_EXQTE_08_Glow.anim,2460
standalone-native,748631265,CAB-dcb6ff94bb095dc852f40483fb88b50a,Eff_RemielleOrigin_Attack_ExQTE_32_Trail.anim,6748
standalone-native,748631265,CAB-dd3d4407f43cead2c7cb27b4905c28bb,Eff_RemielleOrigin_Attack_ExQTE_09_Trail.anim,10592
standalone-native,748631265,CAB-e50d7342ecc8552bfe570ed40a91479a,Eff_RemielleOrigin_SwitchIn_Attack_Ex_Start_03_Glow.anim,35915
standalone-native,760203698,CAB-199590ddb2067773d7f0001d791a0a97,Eff_RemielleOrigin_Skill01_AirState_Front_01_Trail.anim,6448
standalone-native,760203698,CAB-1efe5187a0e15aa469a75876dfd26403,Eff_RemielleOrigin_Skill03_AirState_Front_01_Trail.anim,7720
standalone-native,760203698,CAB-2eb2f69c3de9f6d02d2428142b1c31ef,Eff_RemielleOrigin_Finish_Ex_AirState_Back_Start_25_Glow.anim,551871
standalone-native,760203698,CAB-300406a286d31d289e8d9dd2e7a6c335,Eff_RemielleOrigin_Skill04_AirState_Back_05_Flash.anim,990
standalone-native,760203698,CAB-3b598617e2e6a006c08b9308afc5f1cf,Eff_RemielleOrigin_Finish_Ex_AirState_Back_Start_27_Glow.anim,13411
standalone-native,760203698,CAB-47e23e52143094ca972015063978d39c,Avatar_Female_Size02_Remielle_Ani_Gacha_Start_羽毛.npz,22735
standalone-native,760203698,CAB-5be52f019980f13217745ef16728f914,Eff_RemielleOrigin_Skill02_AirState_Front_06_Weapon.anim,55717
standalone-native,760203698,CAB-689ba3f445f93dc093bf93ba56818e16,Eff_RemielleOrigin_Finish_Ex_AirState_Back_Start_26_Glow.anim,5086
standalone-native,760203698,CAB-730bf060677668d0495c3bce1a5a9409,Eff_RemielleOrigin_Gacha_Start_12_Trail.anim,170150
standalone-native,760203698,CAB-95c27f70069eb70b92bd26ee005251f5,Eff_RemielleOrigin_Finish_Ex_AirState_Back_Start_32_Glow.anim,653766
standalone-native,760203698,CAB-a7e7bfb8aeb1c9f1e4b61a0272fe389d,Eff_RemielleOrigin_Skill01_AirState_Front_03_Trail.anim,12705
standalone-native,760203698,CAB-b928ccb0ee25d8ca365cfb06b23ca806,Eff_RemielleOrigin_Finish_Ex_AirState_Back_Start_29_Glow.anim,3871
standalone-native,760203698,CAB-c29acf9c10b78e573053e1d1701c938a,Eff_RemielleOrigin_Finish_Ex_AirState_Back_Start_33_Glow.anim,210633
standalone-native,760203698,CAB-d5c1e58b97c7b12ca116223b26296e96,Eff_RemielleOrigin_Gacha_Start_10_Trail.anim,654123
standalone-native,760203698,CAB-d9c440c186b827f16cc5e243fe763366,Eff_RemielleOrigin_Finish_Ex_AirState_Back_Start_34_Glow.anim,185289
standalone-native,760203698,CAB-dfd36030ee0e39d4e91f21db9accc23f,Eff_RemielleOrigin_Finish_Ex_AirState_Back_Start_28_Glow.anim,6294
standalone-native,760203698,CAB-e15a0c48288d8b3dc81748bb9b12181c,Eff_RemielleOrigin_Gacha_Start_13_Trail.anim,174635
standalone-native,760203698,CAB-e30f1495d676def7150f384183a3435e,Eff_RemielleOrigin_Finish_Ex_AirState_Back_Start_38_Glow.anim,64483
standalone-native,760203698,CAB-e7278f1d66076a2a3049b429588d7fea,Eff_RemielleOrigin_Skill05_AirState_Back_06_Flash.anim,2479
standalone-native,760203698,CAB-f352fc8fd02d6a7ec60f8b3dfcbdb689,Eff_RemielleOrigin_Skill02_AirState_Back_05_Trail.anim,3466
standalone-native,760203698,CAB-ff260896853ea06fc9074868b37a073d,Eff_RemielleOrigin_Skill04_AirState_Front_01_Trail.anim,21082
standalone-native,760203698,CAB-ffbd22513846388e1ed92a57ff170ec0,Eff_RemielleOrigin_Skill04_AirState_Back_03_Trail.anim,7771
standalone-native,925645607,CAB-21a7ee6b5a3cca3897150f4849d91f69,RemielleMovePath_R1.npz,301845
standalone-native,925645607,CAB-5641217341234e927ec11a59c22e5a4d,RemielleMovePath_R2.npz,144671
scalar-full-source,,,manifest.ndjson,1144688
scalar-full-source,102847481,CAB-00e8dae3c8695a5fec36908196b88b5a,acl-database-bulk.bin,8587
scalar-full-source,102847481,CAB-00e8dae3c8695a5fec36908196b88b5a,Avatar_Female_Size02_Remielle_Origin_Default_Ani_SwitchOut_AirState_Back.json,171846
scalar-full-source,102847481,CAB-00e8dae3c8695a5fec36908196b88b5a,native-object.raw,24444
scalar-full-source,102847481,CAB-00e8dae3c8695a5fec36908196b88b5a,streaming-info.json,334
scalar-full-source,102847481,CAB-00e8dae3c8695a5fec36908196b88b5a,acl-database-bulk.bin,58780
scalar-full-source,102847481,CAB-00e8dae3c8695a5fec36908196b88b5a,Avatar_Female_Size02_Remielle_Origin_Ani_SwitchOut_AirState_Back.json,887658
scalar-full-source,102847481,CAB-00e8dae3c8695a5fec36908196b88b5a,native-object.raw,104484
scalar-full-source,102847481,CAB-00e8dae3c8695a5fec36908196b88b5a,streaming-info.json,339
scalar-full-source,102847481,CAB-1c77d52a1225dc8eb72e210ec8ff54f5,acl-database-bulk.bin,197749
scalar-full-source,102847481,CAB-1c77d52a1225dc8eb72e210ec8ff54f5,Avatar_Female_Size02_Remielle_Origin_Ani_Hit_L_Front.json,1002590
scalar-full-source,102847481,CAB-1c77d52a1225dc8eb72e210ec8ff54f5,native-object.raw,183224
scalar-full-source,102847481,CAB-1c77d52a1225dc8eb72e210ec8ff54f5,streaming-info.json,337
scalar-full-source,102847481,CAB-1c77d52a1225dc8eb72e210ec8ff54f5,acl-database-bulk.bin,23886
scalar-full-source,102847481,CAB-1c77d52a1225dc8eb72e210ec8ff54f5,Avatar_Female_Size02_Remielle_Origin_Default_Ani_Hit_L_Front.json,199315
scalar-full-source,102847481,CAB-1c77d52a1225dc8eb72e210ec8ff54f5,native-object.raw,44576
scalar-full-source,102847481,CAB-1c77d52a1225dc8eb72e210ec8ff54f5,streaming-info.json,340
scalar-full-source,102847481,CAB-5429044575e0ff50fab2b8b898ad357d,acl-database-bulk.bin,364999
scalar-full-source,102847481,CAB-5429044575e0ff50fab2b8b898ad357d,Avatar_Female_Size02_Remielle_Origin_Ani_Evade_Front.json,1121433
scalar-full-source,102847481,CAB-5429044575e0ff50fab2b8b898ad357d,native-object.raw,272096
scalar-full-source,102847481,CAB-5429044575e0ff50fab2b8b898ad357d,streaming-info.json,337
scalar-full-source,102847481,CAB-5429044575e0ff50fab2b8b898ad357d,acl-database-bulk.bin,43822
scalar-full-source,102847481,CAB-5429044575e0ff50fab2b8b898ad357d,Avatar_Female_Size02_Remielle_Origin_Default_Ani_Evade_Front.json,243448
scalar-full-source,102847481,CAB-5429044575e0ff50fab2b8b898ad357d,native-object.raw,77728
scalar-full-source,102847481,CAB-5429044575e0ff50fab2b8b898ad357d,streaming-info.json,340
scalar-full-source,102847481,CAB-8a2af431202af655544c1f6939a6e526,acl-database-bulk.bin,219183
scalar-full-source,102847481,CAB-8a2af431202af655544c1f6939a6e526,Avatar_Female_Size02_Remielle_Origin_Ani_Attack_Burst_Ex_02.json,973338
scalar-full-source,102847481,CAB-8a2af431202af655544c1f6939a6e526,native-object.raw,164672
scalar-full-source,102847481,CAB-8a2af431202af655544c1f6939a6e526,streaming-info.json,341
scalar-full-source,102847481,CAB-8a2af431202af655544c1f6939a6e526,acl-database-bulk.bin,18679
scalar-full-source,102847481,CAB-8a2af431202af655544c1f6939a6e526,Avatar_Female_Size02_Remielle_Origin_Default_Ani_Attack_Burst_Ex_02_End.json,192561
scalar-full-source,102847481,CAB-8a2af431202af655544c1f6939a6e526,native-object.raw,39868
scalar-full-source,102847481,CAB-8a2af431202af655544c1f6939a6e526,streaming-info.json,335
scalar-full-source,102847481,CAB-8a2af431202af655544c1f6939a6e526,acl-database-bulk.bin,140606
scalar-full-source,102847481,CAB-8a2af431202af655544c1f6939a6e526,Avatar_Female_Size02_Remielle_Origin_Ani_Attack_Burst_Ex_02_End.json,958115
scalar-full-source,102847481,CAB-8a2af431202af655544c1f6939a6e526,native-object.raw,153812
scalar-full-source,102847481,CAB-8a2af431202af655544c1f6939a6e526,streaming-info.json,342
scalar-full-source,102847481,CAB-8a2af431202af655544c1f6939a6e526,acl-database-bulk.bin,32790
scalar-full-source,102847481,CAB-8a2af431202af655544c1f6939a6e526,Avatar_Female_Size02_Remielle_Origin_Default_Ani_Attack_Burst_Ex_02.json,203797
scalar-full-source,102847481,CAB-8a2af431202af655544c1f6939a6e526,native-object.raw,48264
scalar-full-source,102847481,CAB-8a2af431202af655544c1f6939a6e526,streaming-info.json,340
scalar-full-source,102847481,CAB-9af1ea5d8a69568e15a5ea4b98240113,acl-database-bulk.bin,251817
scalar-full-source,102847481,CAB-9af1ea5d8a69568e15a5ea4b98240113,Avatar_Female_Size02_Remielle_Origin_Ani_Attack_Counter_End.json,1038130
scalar-full-source,102847481,CAB-9af1ea5d8a69568e15a5ea4b98240113,native-object.raw,210044
scalar-full-source,102847481,CAB-9af1ea5d8a69568e15a5ea4b98240113,streaming-info.json,337
scalar-full-source,102847481,CAB-9af1ea5d8a69568e15a5ea4b98240113,acl-database-bulk.bin,12098
scalar-full-source,102847481,CAB-9af1ea5d8a69568e15a5ea4b98240113,Avatar_Female_Size02_Remielle_Origin_Default_Ani_Attack_Counter.json,177412
scalar-full-source,102847481,CAB-9af1ea5d8a69568e15a5ea4b98240113,native-object.raw,28468
scalar-full-source,102847481,CAB-9af1ea5d8a69568e15a5ea4b98240113,streaming-info.json,340
scalar-full-source,102847481,CAB-9af1ea5d8a69568e15a5ea4b98240113,acl-database-bulk.bin,31821
scalar-full-source,102847481,CAB-9af1ea5d8a69568e15a5ea4b98240113,Avatar_Female_Size02_Remielle_Origin_Default_Ani_Attack_Counter_End.json,212517
scalar-full-source,102847481,CAB-9af1ea5d8a69568e15a5ea4b98240113,native-object.raw,54712
scalar-full-source,102847481,CAB-9af1ea5d8a69568e15a5ea4b98240113,streaming-info.json,340
scalar-full-source,102847481,CAB-9af1ea5d8a69568e15a5ea4b98240113,acl-database-bulk.bin,96142
scalar-full-source,102847481,CAB-9af1ea5d8a69568e15a5ea4b98240113,Avatar_Female_Size02_Remielle_Origin_Ani_Attack_Counter.json,910417
scalar-full-source,102847481,CAB-9af1ea5d8a69568e15a5ea4b98240113,native-object.raw,118292
scalar-full-source,102847481,CAB-9af1ea5d8a69568e15a5ea4b98240113,streaming-info.json,341
scalar-full-source,102847481,CAB-a6983a3896095e5d0d0ca7300e520f51,acl-database-bulk.bin,174456
scalar-full-source,102847481,CAB-a6983a3896095e5d0d0ca7300e520f51,Avatar_Female_Size02_Remielle_Origin_Ani_Finish_Ex_AirState.json,958497
scalar-full-source,102847481,CAB-a6983a3896095e5d0d0ca7300e520f51,native-object.raw,153532
scalar-full-source,102847481,CAB-a6983a3896095e5d0d0ca7300e520f51,streaming-info.json,341
scalar-full-source,102847481,CAB-a6983a3896095e5d0d0ca7300e520f51,acl-database-bulk.bin,37026
scalar-full-source,102847481,CAB-a6983a3896095e5d0d0ca7300e520f51,Avatar_Female_Size02_Remielle_Origin_Default_Ani_Finish_Ex_AirState_End.json,224429
scalar-full-source,102847481,CAB-a6983a3896095e5d0d0ca7300e520f51,native-object.raw,63180
scalar-full-source,102847481,CAB-a6983a3896095e5d0d0ca7300e520f51,streaming-info.json,335
scalar-full-source,102847481,CAB-a6983a3896095e5d0d0ca7300e520f51,acl-database-bulk.bin,24227
scalar-full-source,102847481,CAB-a6983a3896095e5d0d0ca7300e520f51,Avatar_Female_Size02_Remielle_Origin_Default_Ani_Finish_Ex_AirState.json,194612
scalar-full-source,102847481,CAB-a6983a3896095e5d0d0ca7300e520f51,native-object.raw,41368
scalar-full-source,102847481,CAB-a6983a3896095e5d0d0ca7300e520f51,streaming-info.json,340
scalar-full-source,102847481,CAB-a6983a3896095e5d0d0ca7300e520f51,acl-database-bulk.bin,300518
scalar-full-source,102847481,CAB-a6983a3896095e5d0d0ca7300e520f51,Avatar_Female_Size02_Remielle_Origin_Ani_Finish_Ex_AirState_End.json,1068985
scalar-full-source,102847481,CAB-a6983a3896095e5d0d0ca7300e520f51,native-object.raw,234592
scalar-full-source,102847481,CAB-a6983a3896095e5d0d0ca7300e520f51,streaming-info.json,342
scalar-full-source,102847481,CAB-b618c17e0ed2d6f851f86ae5aef2ecd2,acl-database-bulk.bin,25235
scalar-full-source,102847481,CAB-b618c17e0ed2d6f851f86ae5aef2ecd2,Avatar_Female_Size02_Remielle_Origin_Default_Ani_Move_F_AirBack_Loop.json,193124
scalar-full-source,102847481,CAB-b618c17e0ed2d6f851f86ae5aef2ecd2,native-object.raw,40536
scalar-full-source,102847481,CAB-b618c17e0ed2d6f851f86ae5aef2ecd2,streaming-info.json,335
scalar-full-source,102847481,CAB-b618c17e0ed2d6f851f86ae5aef2ecd2,acl-database-bulk.bin,161311
scalar-full-source,102847481,CAB-b618c17e0ed2d6f851f86ae5aef2ecd2,Avatar_Female_Size02_Remielle_Origin_Ani_Move_F_AirBack_Loop.json,938592
scalar-full-source,102847481,CAB-b618c17e0ed2d6f851f86ae5aef2ecd2,native-object.raw,144700
scalar-full-source,102847481,CAB-b618c17e0ed2d6f851f86ae5aef2ecd2,streaming-info.json,341
scalar-full-source,102847481,CAB-cbb7d42202fed0705a9c77c2ef34be2a,acl-database-bulk.bin,34228
scalar-full-source,102847481,CAB-cbb7d42202fed0705a9c77c2ef34be2a,Avatar_Female_Size02_Remielle_Origin_Default_Ani_Walk_End.json,222603
scalar-full-source,102847481,CAB-cbb7d42202fed0705a9c77c2ef34be2a,native-object.raw,62064
scalar-full-source,102847481,CAB-cbb7d42202fed0705a9c77c2ef34be2a,streaming-info.json,335
scalar-full-source,102847481,CAB-cbb7d42202fed0705a9c77c2ef34be2a,acl-database-bulk.bin,323733
scalar-full-source,102847481,CAB-cbb7d42202fed0705a9c77c2ef34be2a,Avatar_Female_Size02_Remielle_Origin_Ani_Walk_End.json,1081959
scalar-full-source,102847481,CAB-cbb7d42202fed0705a9c77c2ef34be2a,native-object.raw,243080
scalar-full-source,102847481,CAB-cbb7d42202fed0705a9c77c2ef34be2a,streaming-info.json,341
scalar-full-source,1142011360,CAB-0d2764bbd9198836d4bfd1899f3dd52f,Eff_RemielleOrigin_Skill_01_01_Feather.json,345962
scalar-full-source,1142011360,CAB-0d2764bbd9198836d4bfd1899f3dd52f,native-object.raw,32648
scalar-full-source,1142011360,CAB-1ce135978d09e031bb8aa60c1d3da48a,Eff_RemielleOrigin_DtoS1_01_Feather.json,466214
scalar-full-source,1142011360,CAB-1ce135978d09e031bb8aa60c1d3da48a,native-object.raw,43952
scalar-full-source,1142011360,CAB-1eda398b5d574f1e3e15e88f8255c9b7,Eff_RemielleOrigin_S1toE_01_Feather.json,263185
scalar-full-source,1142011360,CAB-1eda398b5d574f1e3e15e88f8255c9b7,native-object.raw,25124
scalar-full-source,1142011360,CAB-2633c12e9540af229a2e0eb4707af800,Eff_RemielleOrigin_DtoS1_02_Flare.json,466210
scalar-full-source,1142011360,CAB-2633c12e9540af229a2e0eb4707af800,native-object.raw,43952
scalar-full-source,1142011360,CAB-40360f67660cfd7bcfdb87cd6b6d5d77,Avatar_Female_Size02_Remielle_Ani_UI_S1toD.json,35105
scalar-full-source,1142011360,CAB-40360f67660cfd7bcfdb87cd6b6d5d77,native-object.raw,9728
scalar-full-source,1142011360,CAB-573fab6f699cbfa99ae0b18eb39499ce,Eff_RemielleOrigin_S1toD_01_Feather.json,589596
scalar-full-source,1142011360,CAB-573fab6f699cbfa99ae0b18eb39499ce,native-object.raw,55148
scalar-full-source,1142011360,CAB-8c5c571c9f4c668d726dab90381d46a1,Eff_RemielleOrigin_Skill_01_02_Flare.json,450844
scalar-full-source,1142011360,CAB-8c5c571c9f4c668d726dab90381d46a1,native-object.raw,42420
scalar-full-source,1142011360,CAB-91de6474ea1d7f1621b96d3a4c8fc41b,Eff_RemielleOrigin_S1toD_02_Flare.json,176523
scalar-full-source,1142011360,CAB-91de6474ea1d7f1621b96d3a4c8fc41b,native-object.raw,16044
scalar-full-source,1142011360,CAB-aa60e94a0ac45618ac218bd885410a8f,Eff_RemielleOrigin_S1toE_02_Flare.json,96616
scalar-full-source,1142011360,CAB-aa60e94a0ac45618ac218bd885410a8f,native-object.raw,9268
scalar-full-source,1142011360,CAB-e3882721d7998c399ffbd2175c4d4b00,Avatar_Female_Size02_Remielle_Ani_UI_DtoS1.json,30752
scalar-full-source,1142011360,CAB-e3882721d7998c399ffbd2175c4d4b00,native-object.raw,7896
scalar-full-source,1186972585,CAB-025ec63081710535a751715600ae5afc,acl-database-bulk.bin,24895
scalar-full-source,1186972585,CAB-025ec63081710535a751715600ae5afc,Avatar_Female_Size02_Remielle_Origin_Default_Ani_UI_Equipment.json,192432
scalar-full-source,1186972585,CAB-025ec63081710535a751715600ae5afc,native-object.raw,39988
scalar-full-source,1186972585,CAB-025ec63081710535a751715600ae5afc,streaming-info.json,335
scalar-full-source,1186972585,CAB-025ec63081710535a751715600ae5afc,acl-database-bulk.bin,195859
scalar-full-source,1186972585,CAB-025ec63081710535a751715600ae5afc,Avatar_Female_Size02_Remielle_Origin_Ani_UI_Equipment.json,946748
scalar-full-source,1186972585,CAB-025ec63081710535a751715600ae5afc,native-object.raw,148800
scalar-full-source,1186972585,CAB-025ec63081710535a751715600ae5afc,streaming-info.json,341
scalar-full-source,1186972585,CAB-611b1b8a6d2293f56d406ad34f154181,acl-database-bulk.bin,34096
scalar-full-source,1186972585,CAB-611b1b8a6d2293f56d406ad34f154181,Avatar_Female_Size02_Remielle_Origin_Default_Ani_Gal_Think_Loop.json,204719
scalar-full-source,1186972585,CAB-611b1b8a6d2293f56d406ad34f154181,native-object.raw,48948
scalar-full-source,1186972585,CAB-611b1b8a6d2293f56d406ad34f154181,streaming-info.json,340
scalar-full-source,1186972585,CAB-611b1b8a6d2293f56d406ad34f154181,acl-database-bulk.bin,190098
scalar-full-source,1186972585,CAB-611b1b8a6d2293f56d406ad34f154181,Avatar_Female_Size02_Remielle_Origin_Ani_Gal_Think_Loop.json,946388
scalar-full-source,1186972585,CAB-611b1b8a6d2293f56d406ad34f154181,native-object.raw,147936
scalar-full-source,1186972585,CAB-611b1b8a6d2293f56d406ad34f154181,streaming-info.json,337
scalar-full-source,1186972585,CAB-69f28d52a67ea219a2c69ad5a7ac4d06,acl-database-bulk.bin,180030
scalar-full-source,1186972585,CAB-69f28d52a67ea219a2c69ad5a7ac4d06,Avatar_Female_Size02_Remielle_Origin_Ani_Gal_Happy_End.json,938170
scalar-full-source,1186972585,CAB-69f28d52a67ea219a2c69ad5a7ac4d06,native-object.raw,143160
scalar-full-source,1186972585,CAB-69f28d52a67ea219a2c69ad5a7ac4d06,streaming-info.json,341
scalar-full-source,1186972585,CAB-69f28d52a67ea219a2c69ad5a7ac4d06,acl-database-bulk.bin,33460
scalar-full-source,1186972585,CAB-69f28d52a67ea219a2c69ad5a7ac4d06,Avatar_Female_Size02_Remielle_Origin_Default_Ani_Gal_Happy_End.json,206756
scalar-full-source,1186972585,CAB-69f28d52a67ea219a2c69ad5a7ac4d06,native-object.raw,50292
scalar-full-source,1186972585,CAB-69f28d52a67ea219a2c69ad5a7ac4d06,streaming-info.json,335
scalar-full-source,1186972585,CAB-6db348098761db4032082455b032f42f,acl-database-bulk.bin,200744
scalar-full-source,1186972585,CAB-6db348098761db4032082455b032f42f,Avatar_Female_Size02_Remielle_Origin_Ani_Gal_Idle.json,946479
scalar-full-source,1186972585,CAB-6db348098761db4032082455b032f42f,native-object.raw,150668
scalar-full-source,1186972585,CAB-6db348098761db4032082455b032f42f,streaming-info.json,337
scalar-full-source,1186972585,CAB-6db348098761db4032082455b032f42f,acl-database-bulk.bin,35820
scalar-full-source,1186972585,CAB-6db348098761db4032082455b032f42f,Avatar_Female_Size02_Remielle_Origin_Default_Ani_Gal_Idle.json,206426
scalar-full-source,1186972585,CAB-6db348098761db4032082455b032f42f,native-object.raw,50288
scalar-full-source,1186972585,CAB-6db348098761db4032082455b032f42f,streaming-info.json,340
scalar-full-source,1186972585,CAB-977e42edf66c0e48afb9bbc0b7490d91,acl-database-bulk.bin,27775
scalar-full-source,1186972585,CAB-977e42edf66c0e48afb9bbc0b7490d91,Avatar_Female_Size02_Remielle_Origin_Default_Ani_Gal_Sad_End.json,199247
scalar-full-source,1186972585,CAB-977e42edf66c0e48afb9bbc0b7490d91,native-object.raw,44704
scalar-full-source,1186972585,CAB-977e42edf66c0e48afb9bbc0b7490d91,streaming-info.json,335
scalar-full-source,1186972585,CAB-977e42edf66c0e48afb9bbc0b7490d91,acl-database-bulk.bin,176687
scalar-full-source,1186972585,CAB-977e42edf66c0e48afb9bbc0b7490d91,Avatar_Female_Size02_Remielle_Origin_Ani_Gal_Sad_End.json,947039
scalar-full-source,1186972585,CAB-977e42edf66c0e48afb9bbc0b7490d91,native-object.raw,144992
scalar-full-source,1186972585,CAB-977e42edf66c0e48afb9bbc0b7490d91,streaming-info.json,341
scalar-full-source,1186972585,CAB-b239bb2c6995b6391056baf7e0580bba,acl-database-bulk.bin,203489
scalar-full-source,1186972585,CAB-b239bb2c6995b6391056baf7e0580bba,Avatar_Female_Size02_Remielle_Origin_Ani_UI_S1toE.json,969347
scalar-full-source,1186972585,CAB-b239bb2c6995b6391056baf7e0580bba,native-object.raw,159736
scalar-full-source,1186972585,CAB-b239bb2c6995b6391056baf7e0580bba,streaming-info.json,337
scalar-full-source,1186972585,CAB-b239bb2c6995b6391056baf7e0580bba,acl-database-bulk.bin,29260
scalar-full-source,1186972585,CAB-b239bb2c6995b6391056baf7e0580bba,Avatar_Female_Size02_Remielle_Origin_Default_Ani_UI_S1toE.json,202516
scalar-full-source,1186972585,CAB-b239bb2c6995b6391056baf7e0580bba,native-object.raw,47184
scalar-full-source,1186972585,CAB-b239bb2c6995b6391056baf7e0580bba,streaming-info.json,340
scalar-full-source,1186972585,CAB-bdb8d9e84a389a38d42a00e37b98ca22,acl-database-bulk.bin,179535
scalar-full-source,1186972585,CAB-bdb8d9e84a389a38d42a00e37b98ca22,Avatar_Female_Size02_Remielle_Origin_Ani_Gal_Special_Start.json,954033
scalar-full-source,1186972585,CAB-bdb8d9e84a389a38d42a00e37b98ca22,native-object.raw,149832
scalar-full-source,1186972585,CAB-bdb8d9e84a389a38d42a00e37b98ca22,streaming-info.json,337
scalar-full-source,1186972585,CAB-bdb8d9e84a389a38d42a00e37b98ca22,acl-database-bulk.bin,31335
scalar-full-source,1186972585,CAB-bdb8d9e84a389a38d42a00e37b98ca22,Avatar_Female_Size02_Remielle_Origin_Default_Ani_Gal_Special_Start.json,203263
scalar-full-source,1186972585,CAB-bdb8d9e84a389a38d42a00e37b98ca22,native-object.raw,47736
scalar-full-source,1186972585,CAB-bdb8d9e84a389a38d42a00e37b98ca22,streaming-info.json,340
scalar-full-source,1186972585,CAB-bf111adf0be9e1a866f4509d03f887f2,acl-database-bulk.bin,238425
scalar-full-source,1186972585,CAB-bf111adf0be9e1a866f4509d03f887f2,Avatar_Female_Size02_Remielle_Origin_Ani_UI_Detail.json,965955
scalar-full-source,1186972585,CAB-bf111adf0be9e1a866f4509d03f887f2,native-object.raw,160120
scalar-full-source,1186972585,CAB-bf111adf0be9e1a866f4509d03f887f2,streaming-info.json,341
scalar-full-source,1186972585,CAB-bf111adf0be9e1a866f4509d03f887f2,acl-database-bulk.bin,24381
scalar-full-source,1186972585,CAB-bf111adf0be9e1a866f4509d03f887f2,Avatar_Female_Size02_Remielle_Origin_Default_Ani_UI_Detail.json,192265
scalar-full-source,1186972585,CAB-bf111adf0be9e1a866f4509d03f887f2,native-object.raw,39728
scalar-full-source,1186972585,CAB-bf111adf0be9e1a866f4509d03f887f2,streaming-info.json,335
scalar-full-source,1186972585,CAB-d006774c3d8ee56af752784bb4bb810b,acl-database-bulk.bin,29320
scalar-full-source,1186972585,CAB-d006774c3d8ee56af752784bb4bb810b,Avatar_Female_Size02_Remielle_Origin_Default_Ani_Gal_Shy_End.json,200683
scalar-full-source,1186972585,CAB-d006774c3d8ee56af752784bb4bb810b,native-object.raw,45888
scalar-full-source,1186972585,CAB-d006774c3d8ee56af752784bb4bb810b,streaming-info.json,340
scalar-full-source,1186972585,CAB-d006774c3d8ee56af752784bb4bb810b,acl-database-bulk.bin,175289
scalar-full-source,1186972585,CAB-d006774c3d8ee56af752784bb4bb810b,Avatar_Female_Size02_Remielle_Origin_Ani_Gal_Shy_End.json,940050
scalar-full-source,1186972585,CAB-d006774c3d8ee56af752784bb4bb810b,native-object.raw,143972
scalar-full-source,1186972585,CAB-d006774c3d8ee56af752784bb4bb810b,streaming-info.json,337
scalar-full-source,1186972585,CAB-e89fce5b362afe40ee71e40798b09205,acl-database-bulk.bin,29980
scalar-full-source,1186972585,CAB-e89fce5b362afe40ee71e40798b09205,Avatar_Female_Size02_Remielle_Origin_Default_Ani_Gal_Surprise_End.json,201890
scalar-full-source,1186972585,CAB-e89fce5b362afe40ee71e40798b09205,native-object.raw,46792
scalar-full-source,1186972585,CAB-e89fce5b362afe40ee71e40798b09205,streaming-info.json,335
scalar-full-source,1186972585,CAB-e89fce5b362afe40ee71e40798b09205,acl-database-bulk.bin,174883
scalar-full-source,1186972585,CAB-e89fce5b362afe40ee71e40798b09205,Avatar_Female_Size02_Remielle_Origin_Ani_Gal_Surprise_End.json,936830
scalar-full-source,1186972585,CAB-e89fce5b362afe40ee71e40798b09205,native-object.raw,141952
scalar-full-source,1186972585,CAB-e89fce5b362afe40ee71e40798b09205,streaming-info.json,341
scalar-full-source,1186972585,CAB-f9e136273b9f4bdce72935ed724fcb43,acl-database-bulk.bin,252278
scalar-full-source,1186972585,CAB-f9e136273b9f4bdce72935ed724fcb43,Avatar_Female_Size02_Remielle_Origin_Ani_UI_S2toD.json,985901
scalar-full-source,1186972585,CAB-f9e136273b9f4bdce72935ed724fcb43,native-object.raw,171244
scalar-full-source,1186972585,CAB-f9e136273b9f4bdce72935ed724fcb43,streaming-info.json,337
scalar-full-source,1186972585,CAB-f9e136273b9f4bdce72935ed724fcb43,acl-database-bulk.bin,41280
scalar-full-source,1186972585,CAB-f9e136273b9f4bdce72935ed724fcb43,Avatar_Female_Size02_Remielle_Origin_Default_Ani_UI_S2toD.json,211057
scalar-full-source,1186972585,CAB-f9e136273b9f4bdce72935ed724fcb43,native-object.raw,53344
scalar-full-source,1186972585,CAB-f9e136273b9f4bdce72935ed724fcb43,streaming-info.json,340
scalar-full-source,1270699580,CAB-29d80b2f8837038ba1f7373645104440,Avatar_Female_Size02_Remielle_Origin_Ani_Gal_Facial_Blink_Happy.json,60541
scalar-full-source,1270699580,CAB-29d80b2f8837038ba1f7373645104440,native-object.raw,8104
scalar-full-source,1270699580,CAB-2c46ed1522cb8f784d34f4e4f9623e6c,Avatar_Female_Size02_Remielle_Origin_Ani_Gal_Facial_Blink_Angry.json,90407
scalar-full-source,1270699580,CAB-2c46ed1522cb8f784d34f4e4f9623e6c,native-object.raw,13756
scalar-full-source,1270699580,CAB-557c9bde4053ddc382c3ac395efa662e,Avatar_Female_Size02_Remielle_Origin_Ani_Gal_Facial_Angry.json,41572
scalar-full-source,1270699580,CAB-557c9bde4053ddc382c3ac395efa662e,native-object.raw,4088
scalar-full-source,1270699580,CAB-6bb6a9e527a3467ff48ac0b25ce58b5a,Avatar_Female_Size02_Remielle_Origin_Ani_Gal_Facial_Blink_Idle.json,94662
scalar-full-source,1270699580,CAB-6bb6a9e527a3467ff48ac0b25ce58b5a,native-object.raw,14976
scalar-full-source,1270699580,CAB-6fa42bb47d0b24c6e64b4def6a51676a,Avatar_Female_Size02_Remielle_Origin_Ani_Gal_Facial_Happy.json,41614
scalar-full-source,1270699580,CAB-6fa42bb47d0b24c6e64b4def6a51676a,native-object.raw,4088
scalar-full-source,1270699580,CAB-86a0467579f1681954a048d233d57d1a,Avatar_Female_Size02_Remielle_Origin_Ani_Gal_Facial_Think.json,41605
scalar-full-source,1270699580,CAB-86a0467579f1681954a048d233d57d1a,native-object.raw,4088
scalar-full-source,1270699580,CAB-8891550b325567db97d20043b55e21d0,Avatar_Female_Size02_Remielle_Origin_Ani_Gal_Facial_Shy.json,41559
scalar-full-source,1270699580,CAB-8891550b325567db97d20043b55e21d0,native-object.raw,4084
scalar-full-source,1270699580,CAB-8ef15d0d44881a06e6374f346640a5ff,Avatar_Female_Size02_Remielle_Origin_Ani_Gal_Facial_Surprise.json,41641
scalar-full-source,1270699580,CAB-8ef15d0d44881a06e6374f346640a5ff,native-object.raw,4088
scalar-full-source,1270699580,CAB-947296a7eff1965711d57b496baa67da,Avatar_Female_Size02_Remielle_Origin_Ani_Gal_Facial_Sad.json,41523
scalar-full-source,1270699580,CAB-947296a7eff1965711d57b496baa67da,native-object.raw,4084
scalar-full-source,1270699580,CAB-bf1457c507ac1bfac0236d5f02ee3e7c,Avatar_Female_Size02_Remielle_Origin_Ani_Gal_Facial_Blink_Sad.json,94558
scalar-full-source,1270699580,CAB-bf1457c507ac1bfac0236d5f02ee3e7c,native-object.raw,14564
scalar-full-source,1270699580,CAB-ce2559781a1bfba3fabcae7513c187d4,Avatar_Female_Size02_Remielle_Origin_Ani_Gal_Facial_Idle.json,41354
scalar-full-source,1270699580,CAB-ce2559781a1bfba3fabcae7513c187d4,native-object.raw,4084
scalar-full-source,1270699580,CAB-d8cf9b330261fb9b635df064b652b55f,Avatar_Female_Size02_Remielle_Origin_Ani_Gal_Facial_Blink_Think.json,94833
scalar-full-source,1270699580,CAB-d8cf9b330261fb9b635df064b652b55f,native-object.raw,14624
scalar-full-source,1270699580,CAB-ea98614ef7888e06bcce9c516ba87c48,Avatar_Female_Size02_Remielle_Origin_Ani_Gal_Facial_Blink_Shy.json,59301
scalar-full-source,1270699580,CAB-ea98614ef7888e06bcce9c516ba87c48,native-object.raw,7904
scalar-full-source,1270699580,CAB-f4996bec1f1f5c1ef8d51fda4b7af2af,Avatar_Female_Size02_Remielle_Origin_Ani_Gal_Facial_Blink_Surprise.json,93999
scalar-full-source,1270699580,CAB-f4996bec1f1f5c1ef8d51fda4b7af2af,native-object.raw,14440
scalar-full-source,1436584839,CAB-1d1372ae2df0ba5732f6f1523467e0fb,native-object.raw,430392
scalar-full-source,1436584839,CAB-1d1372ae2df0ba5732f6f1523467e0fb,TL_C30_ZiplineChasing_05_SC010_Avatar_MaxRemielleOriginCS.json,1421714
scalar-full-source,1475924805,CAB-69ac775c5e438746585e16627ceb520c,Eff_RemielleOrigin_Skill05_AirState_Back_27_Trail.json,79977
scalar-full-source,1475924805,CAB-69ac775c5e438746585e16627ceb520c,native-object.raw,8248
scalar-full-source,1523850217,CAB-04e4af7419c482a635f72fa1ca258d42,acl-database-bulk.bin,6481
scalar-full-source,1523850217,CAB-04e4af7419c482a635f72fa1ca258d42,Avatar_Female_Size02_Remielle_PasSeul_Ani_Idle_Loop.json,111819
scalar-full-source,1523850217,CAB-04e4af7419c482a635f72fa1ca258d42,native-object.raw,19268
scalar-full-source,1523850217,CAB-04e4af7419c482a635f72fa1ca258d42,streaming-info.json,334
scalar-full-source,1523850217,CAB-07ef025a1ca730fc6b7cdab602cfae19,acl-database-bulk.bin,10734
scalar-full-source,1523850217,CAB-07ef025a1ca730fc6b7cdab602cfae19,Avatar_Female_Size02_Remielle_PasSeul_Ani_Evade_to_Run_01.json,116245
scalar-full-source,1523850217,CAB-07ef025a1ca730fc6b7cdab602cfae19,native-object.raw,22604
scalar-full-source,1523850217,CAB-07ef025a1ca730fc6b7cdab602cfae19,streaming-info.json,335
scalar-full-source,1523850217,CAB-0b10eb5048484095af52372785bdf153,acl-database-bulk.bin,17640
scalar-full-source,1523850217,CAB-0b10eb5048484095af52372785bdf153,Avatar_Female_Size02_Remielle_PasSeul_Ani_HitFly_Back.json,126424
scalar-full-source,1523850217,CAB-0b10eb5048484095af52372785bdf153,native-object.raw,30216
scalar-full-source,1523850217,CAB-0b10eb5048484095af52372785bdf153,streaming-info.json,335
scalar-full-source,1523850217,CAB-0f97bf0a30419cdd53aebf87bc85f7f0,acl-database-bulk.bin,12354
scalar-full-source,1523850217,CAB-0f97bf0a30419cdd53aebf87bc85f7f0,Avatar_Female_Size02_Remielle_PasSeul_Ani_Start_AirState_Back.json,117456
scalar-full-source,1523850217,CAB-0f97bf0a30419cdd53aebf87bc85f7f0,native-object.raw,23568
scalar-full-source,1523850217,CAB-0f97bf0a30419cdd53aebf87bc85f7f0,streaming-info.json,335
scalar-full-source,1523850217,CAB-10968be86815c2104d00211f7fbdda88,acl-database-bulk.bin,7657
scalar-full-source,1523850217,CAB-10968be86815c2104d00211f7fbdda88,Avatar_Female_Size02_Remielle_PasSeul_Ani_Attack_Normal_02_End.json,113083
scalar-full-source,1523850217,CAB-10968be86815c2104d00211f7fbdda88,native-object.raw,20208
scalar-full-source,1523850217,CAB-10968be86815c2104d00211f7fbdda88,streaming-info.json,334
scalar-full-source,1523850217,CAB-10968be86815c2104d00211f7fbdda88,acl-database-bulk.bin,12248
scalar-full-source,1523850217,CAB-10968be86815c2104d00211f7fbdda88,Avatar_Female_Size02_Remielle_PasSeul_Ani_Attack_Normal_02.json,115745
scalar-full-source,1523850217,CAB-10968be86815c2104d00211f7fbdda88,native-object.raw,22220
scalar-full-source,1523850217,CAB-10968be86815c2104d00211f7fbdda88,streaming-info.json,338
scalar-full-source,1523850217,CAB-1849fe39cfa60809ce0f387f0526a2d3,acl-database-bulk.bin,8513
scalar-full-source,1523850217,CAB-1849fe39cfa60809ce0f387f0526a2d3,Avatar_Female_Size02_Remielle_PasSeul_Ani_Death.json,113544
scalar-full-source,1523850217,CAB-1849fe39cfa60809ce0f387f0526a2d3,native-object.raw,20576
scalar-full-source,1523850217,CAB-1849fe39cfa60809ce0f387f0526a2d3,streaming-info.json,338
scalar-full-source,1523850217,CAB-1f466002e215f70f8858419255e63b62,acl-database-bulk.bin,10172
scalar-full-source,1523850217,CAB-1f466002e215f70f8858419255e63b62,Avatar_Female_Size02_Remielle_PasSeul_Ani_Run_Transform_01.json,114786
scalar-full-source,1523850217,CAB-1f466002e215f70f8858419255e63b62,native-object.raw,21484
scalar-full-source,1523850217,CAB-1f466002e215f70f8858419255e63b62,streaming-info.json,335
scalar-full-source,1523850217,CAB-2cfe73fe8ecf9607ce69e288da13c32d,acl-database-bulk.bin,5077
scalar-full-source,1523850217,CAB-2cfe73fe8ecf9607ce69e288da13c32d,Avatar_Female_Size02_Remielle_PasSeul_Ani_Attack_ParryAid_H.json,105971
scalar-full-source,1523850217,CAB-2cfe73fe8ecf9607ce69e288da13c32d,native-object.raw,14892
scalar-full-source,1523850217,CAB-2cfe73fe8ecf9607ce69e288da13c32d,streaming-info.json,334
scalar-full-source,1523850217,CAB-2cfe73fe8ecf9607ce69e288da13c32d,acl-database-bulk.bin,8780
scalar-full-source,1523850217,CAB-2cfe73fe8ecf9607ce69e288da13c32d,Avatar_Female_Size02_Remielle_PasSeul_Ani_Attack_ParryAid_H_End.json,114552
scalar-full-source,1523850217,CAB-2cfe73fe8ecf9607ce69e288da13c32d,native-object.raw,21328
scalar-full-source,1523850217,CAB-2cfe73fe8ecf9607ce69e288da13c32d,streaming-info.json,337
scalar-full-source,1523850217,CAB-304aa4d4e8a47c27396e4c78677d402d,acl-database-bulk.bin,9666
scalar-full-source,1523850217,CAB-304aa4d4e8a47c27396e4c78677d402d,Avatar_Female_Size02_Remielle_PasSeul_Ani_Dash_Start.json,116652
scalar-full-source,1523850217,CAB-304aa4d4e8a47c27396e4c78677d402d,native-object.raw,22900
scalar-full-source,1523850217,CAB-304aa4d4e8a47c27396e4c78677d402d,streaming-info.json,334
scalar-full-source,1523850217,CAB-3359d7b33b146f286fd537a55785c74c,acl-database-bulk.bin,16714
scalar-full-source,1523850217,CAB-3359d7b33b146f286fd537a55785c74c,Avatar_Female_Size02_Remielle_PasSeul_Ani_Walk_End.json,127625
scalar-full-source,1523850217,CAB-3359d7b33b146f286fd537a55785c74c,native-object.raw,31140
scalar-full-source,1523850217,CAB-3359d7b33b146f286fd537a55785c74c,streaming-info.json,335
scalar-full-source,1523850217,CAB-40a5d15767c840d457ad299d7197d261,acl-database-bulk.bin,17516
scalar-full-source,1523850217,CAB-40a5d15767c840d457ad299d7197d261,Avatar_Female_Size02_Remielle_PasSeul_Ani_HitFly_Front.json,126431
scalar-full-source,1523850217,CAB-40a5d15767c840d457ad299d7197d261,native-object.raw,30264
scalar-full-source,1523850217,CAB-40a5d15767c840d457ad299d7197d261,streaming-info.json,335
scalar-full-source,1523850217,CAB-4232d49fc14b028880a20705f18b2a75,acl-database-bulk.bin,17328
scalar-full-source,1523850217,CAB-4232d49fc14b028880a20705f18b2a75,Avatar_Female_Size02_Remielle_PasSeul_Ani_Skill02_AirState_Back.json,126412
scalar-full-source,1523850217,CAB-4232d49fc14b028880a20705f18b2a75,native-object.raw,30192
scalar-full-source,1523850217,CAB-4232d49fc14b028880a20705f18b2a75,streaming-info.json,335
scalar-full-source,1523850217,CAB-498338bc4096fd65ffd81badba402202,acl-database-bulk.bin,7860
scalar-full-source,1523850217,CAB-498338bc4096fd65ffd81badba402202,Avatar_Female_Size02_Remielle_PasSeul_Ani_Attack_Normal_01_End.json,113777
scalar-full-source,1523850217,CAB-498338bc4096fd65ffd81badba402202,native-object.raw,20704
scalar-full-source,1523850217,CAB-498338bc4096fd65ffd81badba402202,streaming-info.json,338
scalar-full-source,1523850217,CAB-498338bc4096fd65ffd81badba402202,acl-database-bulk.bin,11818
scalar-full-source,1523850217,CAB-498338bc4096fd65ffd81badba402202,Avatar_Female_Size02_Remielle_PasSeul_Ani_Attack_Normal_01.json,115164
scalar-full-source,1523850217,CAB-498338bc4096fd65ffd81badba402202,native-object.raw,21756
scalar-full-source,1523850217,CAB-498338bc4096fd65ffd81badba402202,streaming-info.json,335
scalar-full-source,1523850217,CAB-4ffcb0bc7eda79df0267fa31a619b457,acl-database-bulk.bin,15680
scalar-full-source,1523850217,CAB-4ffcb0bc7eda79df0267fa31a619b457,Avatar_Female_Size02_Remielle_PasSeul_Ani_Walk_Start_End.json,125867
scalar-full-source,1523850217,CAB-4ffcb0bc7eda79df0267fa31a619b457,native-object.raw,29832
scalar-full-source,1523850217,CAB-4ffcb0bc7eda79df0267fa31a619b457,streaming-info.json,335
scalar-full-source,1523850217,CAB-50af935651124c0eb7a837399527305f,acl-database-bulk.bin,16776
scalar-full-source,1523850217,CAB-50af935651124c0eb7a837399527305f,Avatar_Female_Size02_Remielle_PasSeul_Ani_Run_End.json,128141
scalar-full-source,1523850217,CAB-50af935651124c0eb7a837399527305f,native-object.raw,31476
scalar-full-source,1523850217,CAB-50af935651124c0eb7a837399527305f,streaming-info.json,335
scalar-full-source,1523850217,CAB-55e785702e8ecf60e9a29e785c3eb71c,acl-database-bulk.bin,23287
scalar-full-source,1523850217,CAB-55e785702e8ecf60e9a29e785c3eb71c,Avatar_Female_Size02_Remielle_PasSeul_Ani_SwitchIn_Attack_Ex.json,138002
scalar-full-source,1523850217,CAB-55e785702e8ecf60e9a29e785c3eb71c,native-object.raw,38924
scalar-full-source,1523850217,CAB-55e785702e8ecf60e9a29e785c3eb71c,streaming-info.json,335
scalar-full-source,1523850217,CAB-5be24841a9a1f3c910be40c665b39b10,acl-database-bulk.bin,8446
scalar-full-source,1523850217,CAB-5be24841a9a1f3c910be40c665b39b10,Avatar_Female_Size02_Remielle_PasSeul_Ani_Move_F_AirBack_Loop.json,112161
scalar-full-source,1523850217,CAB-5be24841a9a1f3c910be40c665b39b10,native-object.raw,19504
scalar-full-source,1523850217,CAB-5be24841a9a1f3c910be40c665b39b10,streaming-info.json,334
scalar-full-source,1523850217,CAB-5eff061f8808ad30b53e5b5612181069,acl-database-bulk.bin,14922
scalar-full-source,1523850217,CAB-5eff061f8808ad30b53e5b5612181069,Avatar_Female_Size02_Remielle_PasSeul_Ani_Evade_Back.json,125923
scalar-full-source,1523850217,CAB-5eff061f8808ad30b53e5b5612181069,native-object.raw,29860
scalar-full-source,1523850217,CAB-5eff061f8808ad30b53e5b5612181069,streaming-info.json,335
scalar-full-source,1523850217,CAB-619f79d32da64d91304c1a531672738b,acl-database-bulk.bin,6685
scalar-full-source,1523850217,CAB-619f79d32da64d91304c1a531672738b,Avatar_Female_Size02_Remielle_PasSeul_Ani_Dash_Loop.json,112497
scalar-full-source,1523850217,CAB-619f79d32da64d91304c1a531672738b,native-object.raw,19796
scalar-full-source,1523850217,CAB-619f79d32da64d91304c1a531672738b,streaming-info.json,334
scalar-full-source,1523850217,CAB-698201f549400e18fa7caa17f35017c1,acl-database-bulk.bin,7654
scalar-full-source,1523850217,CAB-698201f549400e18fa7caa17f35017c1,Avatar_Female_Size02_Remielle_PasSeul_Ani_Idle_AirState_Back_Loop.json,111353
scalar-full-source,1523850217,CAB-698201f549400e18fa7caa17f35017c1,native-object.raw,18932
scalar-full-source,1523850217,CAB-698201f549400e18fa7caa17f35017c1,streaming-info.json,334
scalar-full-source,1523850217,CAB-6a8b1b01b4cb715de99576d25cd6c2dc,acl-database-bulk.bin,3046
scalar-full-source,1523850217,CAB-6a8b1b01b4cb715de99576d25cd6c2dc,Avatar_Female_Size02_Remielle_PasSeul_Ani_Walk_Loop.json,103795
scalar-full-source,1523850217,CAB-6a8b1b01b4cb715de99576d25cd6c2dc,native-object.raw,13284
scalar-full-source,1523850217,CAB-6a8b1b01b4cb715de99576d25cd6c2dc,streaming-info.json,334
scalar-full-source,1523850217,CAB-6af25c81887fbcb6d1cf858538d27a63,acl-database-bulk.bin,15256
scalar-full-source,1523850217,CAB-6af25c81887fbcb6d1cf858538d27a63,Avatar_Female_Size02_Remielle_PasSeul_Ani_Attack_ParryAid_Start.json,128790
scalar-full-source,1523850217,CAB-6af25c81887fbcb6d1cf858538d27a63,native-object.raw,32032
scalar-full-source,1523850217,CAB-6af25c81887fbcb6d1cf858538d27a63,streaming-info.json,335
scalar-full-source,1523850217,CAB-6f27068b8859422ecd62e5b5be0885f1,acl-database-bulk.bin,7499
scalar-full-source,1523850217,CAB-6f27068b8859422ecd62e5b5be0885f1,Avatar_Female_Size02_Remielle_PasSeul_Ani_Dash_Evade.json,112466
scalar-full-source,1523850217,CAB-6f27068b8859422ecd62e5b5be0885f1,native-object.raw,19780
scalar-full-source,1523850217,CAB-6f27068b8859422ecd62e5b5be0885f1,streaming-info.json,334
scalar-full-source,1523850217,CAB-7472799b6ce60302c9766a2462e2528d,acl-database-bulk.bin,11945
scalar-full-source,1523850217,CAB-7472799b6ce60302c9766a2462e2528d,Avatar_Female_Size02_Remielle_PasSeul_Ani_Attack_Burst_Ex_Max01.json,115393
scalar-full-source,1523850217,CAB-7472799b6ce60302c9766a2462e2528d,native-object.raw,21952
scalar-full-source,1523850217,CAB-7472799b6ce60302c9766a2462e2528d,streaming-info.json,335
scalar-full-source,1523850217,CAB-752e8fe0e3fcd85b7adff385a0f97874,acl-database-bulk.bin,11004
scalar-full-source,1523850217,CAB-752e8fe0e3fcd85b7adff385a0f97874,Avatar_Female_Size02_Remielle_PasSeul_Ani_Attack_ExSpecial_End.json,117697
scalar-full-source,1523850217,CAB-752e8fe0e3fcd85b7adff385a0f97874,native-object.raw,23712
scalar-full-source,1523850217,CAB-752e8fe0e3fcd85b7adff385a0f97874,streaming-info.json,335
scalar-full-source,1523850217,CAB-752e8fe0e3fcd85b7adff385a0f97874,acl-database-bulk.bin,13545
scalar-full-source,1523850217,CAB-752e8fe0e3fcd85b7adff385a0f97874,Avatar_Female_Size02_Remielle_PasSeul_Ani_Attack_ExSpecial.json,117914
scalar-full-source,1523850217,CAB-752e8fe0e3fcd85b7adff385a0f97874,native-object.raw,23868
scalar-full-source,1523850217,CAB-752e8fe0e3fcd85b7adff385a0f97874,streaming-info.json,339
scalar-full-source,1523850217,CAB-79319d67b852d405749d025d53240717,acl-database-bulk.bin,16597
scalar-full-source,1523850217,CAB-79319d67b852d405749d025d53240717,Avatar_Female_Size02_Remielle_PasSeul_Ani_Skill05_AirState_Back.json,125435
scalar-full-source,1523850217,CAB-79319d67b852d405749d025d53240717,native-object.raw,29488
scalar-full-source,1523850217,CAB-79319d67b852d405749d025d53240717,streaming-info.json,335
scalar-full-source,1523850217,CAB-796e34792e81342116e3887980f79e44,acl-database-bulk.bin,12230
scalar-full-source,1523850217,CAB-796e34792e81342116e3887980f79e44,Avatar_Female_Size02_Remielle_PasSeul_Ani_Finish_Ex_AirState_Start.json,119479
scalar-full-source,1523850217,CAB-796e34792e81342116e3887980f79e44,native-object.raw,25044
scalar-full-source,1523850217,CAB-796e34792e81342116e3887980f79e44,streaming-info.json,335
scalar-full-source,1523850217,CAB-7baa6ca91b004c57563a1199551753d5,acl-database-bulk.bin,8519
scalar-full-source,1523850217,CAB-7baa6ca91b004c57563a1199551753d5,Avatar_Female_Size02_Remielle_PasSeul_Ani_Attack_Normal_04_End.json,114953
scalar-full-source,1523850217,CAB-7baa6ca91b004c57563a1199551753d5,native-object.raw,21568
scalar-full-source,1523850217,CAB-7baa6ca91b004c57563a1199551753d5,streaming-info.json,334
scalar-full-source,1523850217,CAB-7baa6ca91b004c57563a1199551753d5,acl-database-bulk.bin,12506
scalar-full-source,1523850217,CAB-7baa6ca91b004c57563a1199551753d5,Avatar_Female_Size02_Remielle_PasSeul_Ani_Attack_Normal_04.json,115746
scalar-full-source,1523850217,CAB-7baa6ca91b004c57563a1199551753d5,native-object.raw,22220
scalar-full-source,1523850217,CAB-7baa6ca91b004c57563a1199551753d5,streaming-info.json,338
scalar-full-source,1523850217,CAB-7c38049e2ff51e4d0e0c68d194fc253a,acl-database-bulk.bin,17760
scalar-full-source,1523850217,CAB-7c38049e2ff51e4d0e0c68d194fc253a,Avatar_Female_Size02_Remielle_PasSeul_Ani_SwitchIn_Normal.json,129190
scalar-full-source,1523850217,CAB-7c38049e2ff51e4d0e0c68d194fc253a,native-object.raw,32316
scalar-full-source,1523850217,CAB-7c38049e2ff51e4d0e0c68d194fc253a,streaming-info.json,335
scalar-full-source,1523850217,CAB-7cd551e162f6ed06c4b71106da96f4dc,acl-database-bulk.bin,15874
scalar-full-source,1523850217,CAB-7cd551e162f6ed06c4b71106da96f4dc,Avatar_Female_Size02_Remielle_PasSeul_Ani_Hit_H_Front.json,123850
scalar-full-source,1523850217,CAB-7cd551e162f6ed06c4b71106da96f4dc,native-object.raw,28296
scalar-full-source,1523850217,CAB-7cd551e162f6ed06c4b71106da96f4dc,streaming-info.json,335
scalar-full-source,1523850217,CAB-884e7e65a65ab40173f5345b37b0f517,acl-database-bulk.bin,11773
scalar-full-source,1523850217,CAB-884e7e65a65ab40173f5345b37b0f517,Avatar_Female_Size02_Remielle_PasSeul_Ani_Attack_Burst_Ex_Max02_End.json,121106
scalar-full-source,1523850217,CAB-884e7e65a65ab40173f5345b37b0f517,native-object.raw,26260
scalar-full-source,1523850217,CAB-884e7e65a65ab40173f5345b37b0f517,streaming-info.json,335
scalar-full-source,1523850217,CAB-884e7e65a65ab40173f5345b37b0f517,acl-database-bulk.bin,4774
scalar-full-source,1523850217,CAB-884e7e65a65ab40173f5345b37b0f517,Avatar_Female_Size02_Remielle_PasSeul_Ani_Attack_Burst_Ex_Max02.json,105415
scalar-full-source,1523850217,CAB-884e7e65a65ab40173f5345b37b0f517,native-object.raw,14512
scalar-full-source,1523850217,CAB-884e7e65a65ab40173f5345b37b0f517,streaming-info.json,338
scalar-full-source,1523850217,CAB-8a08e9882a14fc838abf0113eba1b7f3,acl-database-bulk.bin,15725
scalar-full-source,1523850217,CAB-8a08e9882a14fc838abf0113eba1b7f3,Avatar_Female_Size02_Remielle_PasSeul_Ani_MC_Walk_End_R.json,122656
scalar-full-source,1523850217,CAB-8a08e9882a14fc838abf0113eba1b7f3,native-object.raw,27384
scalar-full-source,1523850217,CAB-8a08e9882a14fc838abf0113eba1b7f3,streaming-info.json,335
scalar-full-source,1523850217,CAB-8c540054562db7edbd601ad9f9312fd0,acl-database-bulk.bin,16375
scalar-full-source,1523850217,CAB-8c540054562db7edbd601ad9f9312fd0,Avatar_Female_Size02_Remielle_PasSeul_Ani_Dash_End.json,128427
scalar-full-source,1523850217,CAB-8c540054562db7edbd601ad9f9312fd0,native-object.raw,31732
scalar-full-source,1523850217,CAB-8c540054562db7edbd601ad9f9312fd0,streaming-info.json,335
scalar-full-source,1523850217,CAB-98d9079cd109170d572afb8511b86a0b,acl-database-bulk.bin,4539
scalar-full-source,1523850217,CAB-98d9079cd109170d572afb8511b86a0b,Avatar_Female_Size02_Remielle_PasSeul_Ani_Attack_Special_End.json,107638
scalar-full-source,1523850217,CAB-98d9079cd109170d572afb8511b86a0b,native-object.raw,16092
scalar-full-source,1523850217,CAB-98d9079cd109170d572afb8511b86a0b,streaming-info.json,334
scalar-full-source,1523850217,CAB-98d9079cd109170d572afb8511b86a0b,acl-database-bulk.bin,5139
scalar-full-source,1523850217,CAB-98d9079cd109170d572afb8511b86a0b,Avatar_Female_Size02_Remielle_PasSeul_Ani_Attack_Special.json,105721
scalar-full-source,1523850217,CAB-98d9079cd109170d572afb8511b86a0b,native-object.raw,14680
scalar-full-source,1523850217,CAB-98d9079cd109170d572afb8511b86a0b,streaming-info.json,337
scalar-full-source,1523850217,CAB-9c533c0979b3e022f349fa506946b745,acl-database-bulk.bin,18611
scalar-full-source,1523850217,CAB-9c533c0979b3e022f349fa506946b745,Avatar_Female_Size02_Remielle_PasSeul_Ani_Evade_Front.json,131605
scalar-full-source,1523850217,CAB-9c533c0979b3e022f349fa506946b745,native-object.raw,34088
scalar-full-source,1523850217,CAB-9c533c0979b3e022f349fa506946b745,streaming-info.json,335
scalar-full-source,1523850217,CAB-9d563c46975db1bfdab301bf8614f312,acl-database-bulk.bin,3577
scalar-full-source,1523850217,CAB-9d563c46975db1bfdab301bf8614f312,Avatar_Female_Size02_Remielle_PasSeul_Ani_SwitchOut_AirState_Back.json,104488
scalar-full-source,1523850217,CAB-9d563c46975db1bfdab301bf8614f312,native-object.raw,13812
scalar-full-source,1523850217,CAB-9d563c46975db1bfdab301bf8614f312,streaming-info.json,334
scalar-full-source,1523850217,CAB-a0aa630adf112db6491b4ce613c65951,acl-database-bulk.bin,9912
scalar-full-source,1523850217,CAB-a0aa630adf112db6491b4ce613c65951,Avatar_Female_Size02_Remielle_PasSeul_Ani_Attack_Burst_Ex_01.json,114410
scalar-full-source,1523850217,CAB-a0aa630adf112db6491b4ce613c65951,native-object.raw,21212
scalar-full-source,1523850217,CAB-a0aa630adf112db6491b4ce613c65951,streaming-info.json,334
scalar-full-source,1523850217,CAB-a0aa630adf112db6491b4ce613c65951,acl-database-bulk.bin,5637
scalar-full-source,1523850217,CAB-a0aa630adf112db6491b4ce613c65951,Avatar_Female_Size02_Remielle_PasSeul_Ani_Attack_Burst_Ex_01_End.json,108849
scalar-full-source,1523850217,CAB-a0aa630adf112db6491b4ce613c65951,native-object.raw,17024
scalar-full-source,1523850217,CAB-a0aa630adf112db6491b4ce613c65951,streaming-info.json,337
scalar-full-source,1523850217,CAB-a6527aa5d84bf5e232a827d9240574ce,acl-database-bulk.bin,12680
scalar-full-source,1523850217,CAB-a6527aa5d84bf5e232a827d9240574ce,Avatar_Female_Size02_Remielle_PasSeul_Ani_Attack_Counter_End.json,121265
scalar-full-source,1523850217,CAB-a6527aa5d84bf5e232a827d9240574ce,native-object.raw,26300
scalar-full-source,1523850217,CAB-a6527aa5d84bf5e232a827d9240574ce,streaming-info.json,335
scalar-full-source,1523850217,CAB-a6527aa5d84bf5e232a827d9240574ce,acl-database-bulk.bin,5067
scalar-full-source,1523850217,CAB-a6527aa5d84bf5e232a827d9240574ce,Avatar_Female_Size02_Remielle_PasSeul_Ani_Attack_Counter.json,106899
scalar-full-source,1523850217,CAB-a6527aa5d84bf5e232a827d9240574ce,native-object.raw,15576
scalar-full-source,1523850217,CAB-a6527aa5d84bf5e232a827d9240574ce,streaming-info.json,338
scalar-full-source,1523850217,CAB-a823d6263a2a9559f85464c3370ed6a2,acl-database-bulk.bin,15028
scalar-full-source,1523850217,CAB-a823d6263a2a9559f85464c3370ed6a2,Avatar_Female_Size02_Remielle_PasSeul_Ani_MC_Walk_End_L.json,121880
scalar-full-source,1523850217,CAB-a823d6263a2a9559f85464c3370ed6a2,native-object.raw,26840
scalar-full-source,1523850217,CAB-a823d6263a2a9559f85464c3370ed6a2,streaming-info.json,335
scalar-full-source,1523850217,CAB-a8a6b7f923fb70988e94cdd37346489b,acl-database-bulk.bin,15881
scalar-full-source,1523850217,CAB-a8a6b7f923fb70988e94cdd37346489b,Avatar_Female_Size02_Remielle_PasSeul_Ani_Finish_Ex_AirState_End.json,124643
scalar-full-source,1523850217,CAB-a8a6b7f923fb70988e94cdd37346489b,native-object.raw,28928
scalar-full-source,1523850217,CAB-a8a6b7f923fb70988e94cdd37346489b,streaming-info.json,335
scalar-full-source,1523850217,CAB-a8a6b7f923fb70988e94cdd37346489b,acl-database-bulk.bin,7845
scalar-full-source,1523850217,CAB-a8a6b7f923fb70988e94cdd37346489b,Avatar_Female_Size02_Remielle_PasSeul_Ani_Finish_Ex_AirState.json,113837
scalar-full-source,1523850217,CAB-a8a6b7f923fb70988e94cdd37346489b,native-object.raw,20780
scalar-full-source,1523850217,CAB-a8a6b7f923fb70988e94cdd37346489b,streaming-info.json,338
scalar-full-source,1523850217,CAB-ab1757a88896e229d07184875853c58c,acl-database-bulk.bin,36990
scalar-full-source,1523850217,CAB-ab1757a88896e229d07184875853c58c,Avatar_Female_Size02_Remielle_PasSeul_Ani_Idle_AFK.json,161572
scalar-full-source,1523850217,CAB-ab1757a88896e229d07184875853c58c,native-object.raw,56548
scalar-full-source,1523850217,CAB-ab1757a88896e229d07184875853c58c,streaming-info.json,335
scalar-full-source,1523850217,CAB-ab8aa7f478d9b1c5d296e46679442409,acl-database-bulk.bin,8980
scalar-full-source,1523850217,CAB-ab8aa7f478d9b1c5d296e46679442409,Avatar_Female_Size02_Remielle_PasSeul_Ani_Run_Loop_02.json,113723
scalar-full-source,1523850217,CAB-ab8aa7f478d9b1c5d296e46679442409,native-object.raw,20696
scalar-full-source,1523850217,CAB-ab8aa7f478d9b1c5d296e46679442409,streaming-info.json,334
scalar-full-source,1523850217,CAB-ae6112767b4de944948ff3d9db0ef901,acl-database-bulk.bin,15796
scalar-full-source,1523850217,CAB-ae6112767b4de944948ff3d9db0ef901,Avatar_Female_Size02_Remielle_PasSeul_Ani_Finish_AirState_Front.json,126415
scalar-full-source,1523850217,CAB-ae6112767b4de944948ff3d9db0ef901,native-object.raw,30192
scalar-full-source,1523850217,CAB-ae6112767b4de944948ff3d9db0ef901,streaming-info.json,335
scalar-full-source,1523850217,CAB-b9d8018d23e2cb9d73ca084a0f2a20a3,acl-database-bulk.bin,10154
scalar-full-source,1523850217,CAB-b9d8018d23e2cb9d73ca084a0f2a20a3,Avatar_Female_Size02_Remielle_PasSeul_Ani_Skill01_AirState_Back.json,116616
scalar-full-source,1523850217,CAB-b9d8018d23e2cb9d73ca084a0f2a20a3,native-object.raw,22896
scalar-full-source,1523850217,CAB-b9d8018d23e2cb9d73ca084a0f2a20a3,streaming-info.json,335
scalar-full-source,1523850217,CAB-c79d6e50611fc9c8053126a906b2e78a,acl-database-bulk.bin,6689
scalar-full-source,1523850217,CAB-c79d6e50611fc9c8053126a906b2e78a,Avatar_Female_Size02_Remielle_PasSeul_Ani_Dash_Loop_02.json,112509
scalar-full-source,1523850217,CAB-c79d6e50611fc9c8053126a906b2e78a,native-object.raw,19800
scalar-full-source,1523850217,CAB-c79d6e50611fc9c8053126a906b2e78a,streaming-info.json,334
scalar-full-source,1523850217,CAB-cdd962c9f0fb76fd3077ee7f50825dd1,acl-database-bulk.bin,12472
scalar-full-source,1523850217,CAB-cdd962c9f0fb76fd3077ee7f50825dd1,Avatar_Female_Size02_Remielle_PasSeul_Ani_Attack_Burst_01_End.json,120080
scalar-full-source,1523850217,CAB-cdd962c9f0fb76fd3077ee7f50825dd1,native-object.raw,25472
scalar-full-source,1523850217,CAB-cdd962c9f0fb76fd3077ee7f50825dd1,streaming-info.json,339
scalar-full-source,1523850217,CAB-cdd962c9f0fb76fd3077ee7f50825dd1,acl-database-bulk.bin,11256
scalar-full-source,1523850217,CAB-cdd962c9f0fb76fd3077ee7f50825dd1,Avatar_Female_Size02_Remielle_PasSeul_Ani_Attack_Burst_01.json,116255
scalar-full-source,1523850217,CAB-cdd962c9f0fb76fd3077ee7f50825dd1,native-object.raw,22620
scalar-full-source,1523850217,CAB-cdd962c9f0fb76fd3077ee7f50825dd1,streaming-info.json,335
scalar-full-source,1523850217,CAB-ce2c632735300d19082d603243d62c2e,acl-database-bulk.bin,24399
scalar-full-source,1523850217,CAB-ce2c632735300d19082d603243d62c2e,Avatar_Female_Size02_Remielle_PasSeul_Ani_QuestStart.json,137071
scalar-full-source,1523850217,CAB-ce2c632735300d19082d603243d62c2e,native-object.raw,38164
scalar-full-source,1523850217,CAB-ce2c632735300d19082d603243d62c2e,streaming-info.json,335
scalar-full-source,1523850217,CAB-dfca78e19214b67ae1b0e8e1beb37a63,acl-database-bulk.bin,12461
scalar-full-source,1523850217,CAB-dfca78e19214b67ae1b0e8e1beb37a63,Avatar_Female_Size02_Remielle_PasSeul_Ani_Attack_Normal_03_End.json,118234
scalar-full-source,1523850217,CAB-dfca78e19214b67ae1b0e8e1beb37a63,native-object.raw,24096
scalar-full-source,1523850217,CAB-dfca78e19214b67ae1b0e8e1beb37a63,streaming-info.json,338
scalar-full-source,1523850217,CAB-dfca78e19214b67ae1b0e8e1beb37a63,acl-database-bulk.bin,9648
scalar-full-source,1523850217,CAB-dfca78e19214b67ae1b0e8e1beb37a63,Avatar_Female_Size02_Remielle_PasSeul_Ani_Attack_Normal_03.json,112608
scalar-full-source,1523850217,CAB-dfca78e19214b67ae1b0e8e1beb37a63,native-object.raw,19868
scalar-full-source,1523850217,CAB-dfca78e19214b67ae1b0e8e1beb37a63,streaming-info.json,334
scalar-full-source,1523850217,CAB-e05267109b0d875623c52c4e76df2941,acl-database-bulk.bin,14663
scalar-full-source,1523850217,CAB-e05267109b0d875623c52c4e76df2941,Avatar_Female_Size02_Remielle_PasSeul_Ani_Hit_H_Back.json,122786
scalar-full-source,1523850217,CAB-e05267109b0d875623c52c4e76df2941,native-object.raw,27460
scalar-full-source,1523850217,CAB-e05267109b0d875623c52c4e76df2941,streaming-info.json,335
scalar-full-source,1523850217,CAB-e381a6dd36416c169752fb518b38e000,acl-database-bulk.bin,7121
scalar-full-source,1523850217,CAB-e381a6dd36416c169752fb518b38e000,Avatar_Female_Size02_Remielle_PasSeul_Ani_Attack_Rush_End.json,112623
scalar-full-source,1523850217,CAB-e381a6dd36416c169752fb518b38e000,native-object.raw,19852
scalar-full-source,1523850217,CAB-e381a6dd36416c169752fb518b38e000,streaming-info.json,334
scalar-full-source,1523850217,CAB-e381a6dd36416c169752fb518b38e000,acl-database-bulk.bin,6426
scalar-full-source,1523850217,CAB-e381a6dd36416c169752fb518b38e000,Avatar_Female_Size02_Remielle_PasSeul_Ani_Attack_Rush.json,108560
scalar-full-source,1523850217,CAB-e381a6dd36416c169752fb518b38e000,native-object.raw,16840
scalar-full-source,1523850217,CAB-e381a6dd36416c169752fb518b38e000,streaming-info.json,337
scalar-full-source,1523850217,CAB-e5e86e8272aecca0023a3de0cf7adf3d,acl-database-bulk.bin,2572
scalar-full-source,1523850217,CAB-e5e86e8272aecca0023a3de0cf7adf3d,Avatar_Female_Size02_Remielle_PasSeul_Ani_Attack_ParryAid_L.json,103138
scalar-full-source,1523850217,CAB-e5e86e8272aecca0023a3de0cf7adf3d,native-object.raw,12732
scalar-full-source,1523850217,CAB-e5e86e8272aecca0023a3de0cf7adf3d,streaming-info.json,334
scalar-full-source,1523850217,CAB-e5e86e8272aecca0023a3de0cf7adf3d,acl-database-bulk.bin,11937
scalar-full-source,1523850217,CAB-e5e86e8272aecca0023a3de0cf7adf3d,Avatar_Female_Size02_Remielle_PasSeul_Ani_Attack_ParryAid_L_End.json,122830
scalar-full-source,1523850217,CAB-e5e86e8272aecca0023a3de0cf7adf3d,native-object.raw,27536
scalar-full-source,1523850217,CAB-e5e86e8272aecca0023a3de0cf7adf3d,streaming-info.json,338
scalar-full-source,1523850217,CAB-e668327a20856d36e417d27c83a1a024,acl-database-bulk.bin,17186
scalar-full-source,1523850217,CAB-e668327a20856d36e417d27c83a1a024,Avatar_Female_Size02_Remielle_PasSeul_Ani_Evade_Front_02.json,130303
scalar-full-source,1523850217,CAB-e668327a20856d36e417d27c83a1a024,native-object.raw,33144
scalar-full-source,1523850217,CAB-e668327a20856d36e417d27c83a1a024,streaming-info.json,335
scalar-full-source,1523850217,CAB-fc25c3b03dc852e5b4d2ef81bdb29c83,acl-database-bulk.bin,8630
scalar-full-source,1523850217,CAB-fc25c3b03dc852e5b4d2ef81bdb29c83,Avatar_Female_Size02_Remielle_PasSeul_Ani_Run_Loop_01.json,113272
scalar-full-source,1523850217,CAB-fc25c3b03dc852e5b4d2ef81bdb29c83,native-object.raw,20376
scalar-full-source,1523850217,CAB-fc25c3b03dc852e5b4d2ef81bdb29c83,streaming-info.json,334
scalar-full-source,1523850217,CAB-fc33e3c3f318a0f1826dde90d1a4e1b3,acl-database-bulk.bin,7085
scalar-full-source,1523850217,CAB-fc33e3c3f318a0f1826dde90d1a4e1b3,Avatar_Female_Size02_Remielle_PasSeul_Ani_Attack_AssaultAid.json,109764
scalar-full-source,1523850217,CAB-fc33e3c3f318a0f1826dde90d1a4e1b3,native-object.raw,17724
scalar-full-source,1523850217,CAB-fc33e3c3f318a0f1826dde90d1a4e1b3,streaming-info.json,334
scalar-full-source,1523850217,CAB-fc33e3c3f318a0f1826dde90d1a4e1b3,acl-database-bulk.bin,11448
scalar-full-source,1523850217,CAB-fc33e3c3f318a0f1826dde90d1a4e1b3,Avatar_Female_Size02_Remielle_PasSeul_Ani_Attack_AssaultAid_End.json,119236
scalar-full-source,1523850217,CAB-fc33e3c3f318a0f1826dde90d1a4e1b3,native-object.raw,24816
scalar-full-source,1523850217,CAB-fc33e3c3f318a0f1826dde90d1a4e1b3,streaming-info.json,338
scalar-full-source,166455023,CAB-ecd553c66a81e5a42fb13f88e9688494,acl-database-bulk.bin,344648
scalar-full-source,166455023,CAB-ecd553c66a81e5a42fb13f88e9688494,Avatar_Female_Size02_Remielle_Origin_Ani_MC_Stand_Weak_Loop.json,1019757
scalar-full-source,166455023,CAB-ecd553c66a81e5a42fb13f88e9688494,native-object.raw,201508
scalar-full-source,166455023,CAB-ecd553c66a81e5a42fb13f88e9688494,streaming-info.json,337
scalar-full-source,166455023,CAB-ecd553c66a81e5a42fb13f88e9688494,acl-database-bulk.bin,47765
scalar-full-source,166455023,CAB-ecd553c66a81e5a42fb13f88e9688494,Avatar_Female_Size02_Remielle_Origin_Default_Ani_MC_Stand_Weak_Loop.json,226179
scalar-full-source,166455023,CAB-ecd553c66a81e5a42fb13f88e9688494,native-object.raw,65288
scalar-full-source,166455023,CAB-ecd553c66a81e5a42fb13f88e9688494,streaming-info.json,340
scalar-full-source,1704382549,CAB-032223020f5c723eefc3368416cbd5e1,acl-database-bulk.bin,97004
scalar-full-source,1704382549,CAB-032223020f5c723eefc3368416cbd5e1,Avatar_Female_Size02_Remielle_Ramiel_Ani_Gal_Angry_End.json,1044516
scalar-full-source,1704382549,CAB-032223020f5c723eefc3368416cbd5e1,native-object.raw,125616
scalar-full-source,1704382549,CAB-032223020f5c723eefc3368416cbd5e1,streaming-info.json,336
scalar-full-source,1704382549,CAB-0c8dba6ca843205d50751c0ff9b6a011,acl-database-bulk.bin,10592
scalar-full-source,1704382549,CAB-0c8dba6ca843205d50751c0ff9b6a011,Avatar_Female_Size02_Remielle_Ramiel_Ani_UI_Detail.json,249896
scalar-full-source,1704382549,CAB-0c8dba6ca843205d50751c0ff9b6a011,native-object.raw,33544
scalar-full-source,1704382549,CAB-0c8dba6ca843205d50751c0ff9b6a011,streaming-info.json,335
scalar-full-source,1704382549,CAB-0fdb155c3dac8c9377342e63b566dbeb,acl-database-bulk.bin,4585
scalar-full-source,1704382549,CAB-0fdb155c3dac8c9377342e63b566dbeb,Avatar_Female_Size02_Remielle_Ramiel_Ani_Attack_Rush.json,241834
scalar-full-source,1704382549,CAB-0fdb155c3dac8c9377342e63b566dbeb,native-object.raw,27448
scalar-full-source,1704382549,CAB-0fdb155c3dac8c9377342e63b566dbeb,streaming-info.json,334
scalar-full-source,1704382549,CAB-0fdb155c3dac8c9377342e63b566dbeb,acl-database-bulk.bin,5025
scalar-full-source,1704382549,CAB-0fdb155c3dac8c9377342e63b566dbeb,Avatar_Female_Size02_Remielle_Ramiel_Ani_Attack_Rush_End.json,245144
scalar-full-source,1704382549,CAB-0fdb155c3dac8c9377342e63b566dbeb,native-object.raw,30172
scalar-full-source,1704382549,CAB-0fdb155c3dac8c9377342e63b566dbeb,streaming-info.json,337
scalar-full-source,1704382549,CAB-1110fe4280f6d46960a76fac015c7a88,acl-database-bulk.bin,11410
scalar-full-source,1704382549,CAB-1110fe4280f6d46960a76fac015c7a88,Avatar_Female_Size02_Remielle_Ramiel_Ani_UI_S1toE.json,251027
scalar-full-source,1704382549,CAB-1110fe4280f6d46960a76fac015c7a88,native-object.raw,34408
scalar-full-source,1704382549,CAB-1110fe4280f6d46960a76fac015c7a88,streaming-info.json,335
scalar-full-source,1704382549,CAB-1495f565ffb654275ce64a952b2df75f,acl-database-bulk.bin,15305
scalar-full-source,1704382549,CAB-1495f565ffb654275ce64a952b2df75f,Avatar_Female_Size02_Remielle_Ramiel_Ani_MC_Walk_End_02_L.json,257888
scalar-full-source,1704382549,CAB-1495f565ffb654275ce64a952b2df75f,native-object.raw,39536
scalar-full-source,1704382549,CAB-1495f565ffb654275ce64a952b2df75f,streaming-info.json,335
scalar-full-source,1704382549,CAB-154858aa4c50c4f2451005d9c5dea10e,acl-database-bulk.bin,10749
scalar-full-source,1704382549,CAB-154858aa4c50c4f2451005d9c5dea10e,Avatar_Female_Size02_Remielle_Ramiel_Ani_UI_CharSel_Loop.json,249890
scalar-full-source,1704382549,CAB-154858aa4c50c4f2451005d9c5dea10e,native-object.raw,33516
scalar-full-source,1704382549,CAB-154858aa4c50c4f2451005d9c5dea10e,streaming-info.json,335
scalar-full-source,1704382549,CAB-1d42c3fa80fef6ccf27a3f523864b743,acl-database-bulk.bin,63815
scalar-full-source,1704382549,CAB-1d42c3fa80fef6ccf27a3f523864b743,Avatar_Female_Size02_Remielle_Ramiel_Ani_MC_Stand_Photo.json,335815
scalar-full-source,1704382549,CAB-1d42c3fa80fef6ccf27a3f523864b743,native-object.raw,97932
scalar-full-source,1704382549,CAB-1d42c3fa80fef6ccf27a3f523864b743,streaming-info.json,335
scalar-full-source,1704382549,CAB-223b072e96a33570f5b5f721a11623e9,acl-database-bulk.bin,3904
scalar-full-source,1704382549,CAB-223b072e96a33570f5b5f721a11623e9,Avatar_Female_Size02_Remielle_Ramiel_Ani_MC_Run_Loop.json,239913
scalar-full-source,1704382549,CAB-223b072e96a33570f5b5f721a11623e9,native-object.raw,25976
scalar-full-source,1704382549,CAB-223b072e96a33570f5b5f721a11623e9,streaming-info.json,334
scalar-full-source,1704382549,CAB-23f2c4f148dded48267120de5530f67d,acl-database-bulk.bin,14034
scalar-full-source,1704382549,CAB-23f2c4f148dded48267120de5530f67d,Avatar_Female_Size02_Remielle_Ramiel_Ani_MC_Walk_End_02_R.json,255810
scalar-full-source,1704382549,CAB-23f2c4f148dded48267120de5530f67d,native-object.raw,37984
scalar-full-source,1704382549,CAB-23f2c4f148dded48267120de5530f67d,streaming-info.json,335
scalar-full-source,1704382549,CAB-312fe475e3415d379846d064fcaf8957,acl-database-bulk.bin,99325
scalar-full-source,1704382549,CAB-312fe475e3415d379846d064fcaf8957,Avatar_Female_Size02_Remielle_Ramiel_Ani_Gal_Sad_Loop.json,1046792
scalar-full-source,1704382549,CAB-312fe475e3415d379846d064fcaf8957,native-object.raw,127488
scalar-full-source,1704382549,CAB-312fe475e3415d379846d064fcaf8957,streaming-info.json,336
scalar-full-source,1704382549,CAB-3391fd3ab2e2b669a798e97e5267c232,acl-database-bulk.bin,10198
scalar-full-source,1704382549,CAB-3391fd3ab2e2b669a798e97e5267c232,Avatar_Female_Size02_Remielle_Ramiel_Ani_UI_Skill_01.json,249443
scalar-full-source,1704382549,CAB-3391fd3ab2e2b669a798e97e5267c232,native-object.raw,33144
scalar-full-source,1704382549,CAB-3391fd3ab2e2b669a798e97e5267c232,streaming-info.json,335
scalar-full-source,1704382549,CAB-347a0d15bc1f1c0d4896dcb2f199cfe1,acl-database-bulk.bin,11268
scalar-full-source,1704382549,CAB-347a0d15bc1f1c0d4896dcb2f199cfe1,Avatar_Female_Size02_Remielle_Ramiel_Ani_MC_Walk_End_L.json,252613
scalar-full-source,1704382549,CAB-347a0d15bc1f1c0d4896dcb2f199cfe1,native-object.raw,35500
scalar-full-source,1704382549,CAB-347a0d15bc1f1c0d4896dcb2f199cfe1,streaming-info.json,335
scalar-full-source,1704382549,CAB-3e9fe04d4932ad03a2b4da5d13fc1f2b,acl-database-bulk.bin,10390
scalar-full-source,1704382549,CAB-3e9fe04d4932ad03a2b4da5d13fc1f2b,Avatar_Female_Size02_Remielle_Ramiel_Ani_UI_DtoS1.json,249640
scalar-full-source,1704382549,CAB-3e9fe04d4932ad03a2b4da5d13fc1f2b,native-object.raw,33352
scalar-full-source,1704382549,CAB-3e9fe04d4932ad03a2b4da5d13fc1f2b,streaming-info.json,335
scalar-full-source,1704382549,CAB-3fc2c0af41ac3b44254823ea9e48e284,acl-database-bulk.bin,10579
scalar-full-source,1704382549,CAB-3fc2c0af41ac3b44254823ea9e48e284,Avatar_Female_Size02_Remielle_Ramiel_Ani_UI_S2toE.json,250463
scalar-full-source,1704382549,CAB-3fc2c0af41ac3b44254823ea9e48e284,native-object.raw,33992
scalar-full-source,1704382549,CAB-3fc2c0af41ac3b44254823ea9e48e284,streaming-info.json,335
scalar-full-source,1704382549,CAB-46f5c52613b243a526e08069a4af4b96,acl-database-bulk.bin,96050
scalar-full-source,1704382549,CAB-46f5c52613b243a526e08069a4af4b96,Avatar_Female_Size02_Remielle_Ramiel_Ani_Gal_Surprise_End.json,1043200
scalar-full-source,1704382549,CAB-46f5c52613b243a526e08069a4af4b96,native-object.raw,124628
scalar-full-source,1704382549,CAB-46f5c52613b243a526e08069a4af4b96,streaming-info.json,336
scalar-full-source,1704382549,CAB-6c136a6d1a38193b7e9d6f87f99d068d,acl-database-bulk.bin,9430
scalar-full-source,1704382549,CAB-6c136a6d1a38193b7e9d6f87f99d068d,Avatar_Female_Size02_Remielle_Ramiel_Ani_UI_Skill_02.json,248370
scalar-full-source,1704382549,CAB-6c136a6d1a38193b7e9d6f87f99d068d,native-object.raw,32360
scalar-full-source,1704382549,CAB-6c136a6d1a38193b7e9d6f87f99d068d,streaming-info.json,334
scalar-full-source,1704382549,CAB-6e5d453e780c35fe61c652d54d7c0b19,acl-database-bulk.bin,11837
scalar-full-source,1704382549,CAB-6e5d453e780c35fe61c652d54d7c0b19,Avatar_Female_Size02_Remielle_Ramiel_Ani_UI_S2toD.json,251830
scalar-full-source,1704382549,CAB-6e5d453e780c35fe61c652d54d7c0b19,native-object.raw,34984
scalar-full-source,1704382549,CAB-6e5d453e780c35fe61c652d54d7c0b19,streaming-info.json,335
scalar-full-source,1704382549,CAB-747bbac80ad77b06c011f492b9d3801e,acl-database-bulk.bin,15060
scalar-full-source,1704382549,CAB-747bbac80ad77b06c011f492b9d3801e,Avatar_Female_Size02_Remielle_Ramiel_Ani_MC_Stand_Idle01_Loop.json,255299
scalar-full-source,1704382549,CAB-747bbac80ad77b06c011f492b9d3801e,native-object.raw,37588
scalar-full-source,1704382549,CAB-747bbac80ad77b06c011f492b9d3801e,streaming-info.json,335
scalar-full-source,1704382549,CAB-81243191e7fe4a55ce27ee0ca65b512e,acl-database-bulk.bin,12315
scalar-full-source,1704382549,CAB-81243191e7fe4a55ce27ee0ca65b512e,Avatar_Female_Size02_Remielle_Ramiel_Ani_MC_Run_End_R.json,254690
scalar-full-source,1704382549,CAB-81243191e7fe4a55ce27ee0ca65b512e,native-object.raw,37132
scalar-full-source,1704382549,CAB-81243191e7fe4a55ce27ee0ca65b512e,streaming-info.json,335
scalar-full-source,1704382549,CAB-8584ed69033619671fb538adba1e55d0,acl-database-bulk.bin,11184
scalar-full-source,1704382549,CAB-8584ed69033619671fb538adba1e55d0,Avatar_Female_Size02_Remielle_Ramiel_Ani_MC_TurnAround_L.json,252138
scalar-full-source,1704382549,CAB-8584ed69033619671fb538adba1e55d0,native-object.raw,35132
scalar-full-source,1704382549,CAB-8584ed69033619671fb538adba1e55d0,streaming-info.json,335
scalar-full-source,1704382549,CAB-875afd9fb592fdc8e124cb89fc0d8b27,acl-database-bulk.bin,88399
scalar-full-source,1704382549,CAB-875afd9fb592fdc8e124cb89fc0d8b27,Avatar_Female_Size02_Remielle_Ramiel_Ani_Gal_Sad_Start.json,1041257
scalar-full-source,1704382549,CAB-875afd9fb592fdc8e124cb89fc0d8b27,native-object.raw,123376
scalar-full-source,1704382549,CAB-875afd9fb592fdc8e124cb89fc0d8b27,streaming-info.json,336
scalar-full-source,1704382549,CAB-89a08a1d23703691101e3b43b2ef2d7d,acl-database-bulk.bin,11306
scalar-full-source,1704382549,CAB-89a08a1d23703691101e3b43b2ef2d7d,Avatar_Female_Size02_Remielle_Ramiel_Ani_UI_Equipment.json,249888
scalar-full-source,1704382549,CAB-89a08a1d23703691101e3b43b2ef2d7d,native-object.raw,33484
scalar-full-source,1704382549,CAB-89a08a1d23703691101e3b43b2ef2d7d,streaming-info.json,335
scalar-full-source,1704382549,CAB-8d05f7fcae2a2d05323c546ce4901fff,acl-database-bulk.bin,9984
scalar-full-source,1704382549,CAB-8d05f7fcae2a2d05323c546ce4901fff,Avatar_Female_Size02_Remielle_Ramiel_Ani_MC_Walk_Start.json,248108
scalar-full-source,1704382549,CAB-8d05f7fcae2a2d05323c546ce4901fff,native-object.raw,32236
scalar-full-source,1704382549,CAB-8d05f7fcae2a2d05323c546ce4901fff,streaming-info.json,334
scalar-full-source,1704382549,CAB-8e5bae6ec39bb7ca3c5ac48f74e8fcca,acl-database-bulk.bin,9318
scalar-full-source,1704382549,CAB-8e5bae6ec39bb7ca3c5ac48f74e8fcca,Avatar_Female_Size02_Remielle_Ramiel_Ani_MC_Run_Start.json,246707
scalar-full-source,1704382549,CAB-8e5bae6ec39bb7ca3c5ac48f74e8fcca,native-object.raw,31116
scalar-full-source,1704382549,CAB-8e5bae6ec39bb7ca3c5ac48f74e8fcca,streaming-info.json,334
scalar-full-source,1704382549,CAB-956077505a74bb6a3e8d7f47d4c8d019,acl-database-bulk.bin,15501
scalar-full-source,1704382549,CAB-956077505a74bb6a3e8d7f47d4c8d019,Avatar_Female_Size02_Remielle_Ramiel_Ani_UI_CharSel_Start.json,257459
scalar-full-source,1704382549,CAB-956077505a74bb6a3e8d7f47d4c8d019,native-object.raw,39248
scalar-full-source,1704382549,CAB-956077505a74bb6a3e8d7f47d4c8d019,streaming-info.json,335
scalar-full-source,1704382549,CAB-a229ee41794d14d0307f521afbcf77ad,acl-database-bulk.bin,10606
scalar-full-source,1704382549,CAB-a229ee41794d14d0307f521afbcf77ad,Avatar_Female_Size02_Remielle_Ramiel_Ani_MC_TurnAround_R.json,252327
scalar-full-source,1704382549,CAB-a229ee41794d14d0307f521afbcf77ad,native-object.raw,35292
scalar-full-source,1704382549,CAB-a229ee41794d14d0307f521afbcf77ad,streaming-info.json,335
scalar-full-source,1704382549,CAB-ad419a240b335cde1da75370aaf5a0f8,acl-database-bulk.bin,105243
scalar-full-source,1704382549,CAB-ad419a240b335cde1da75370aaf5a0f8,Avatar_Female_Size02_Remielle_Ramiel_Ani_Gal_Angry_Loop.json,1048172
scalar-full-source,1704382549,CAB-ad419a240b335cde1da75370aaf5a0f8,native-object.raw,128640
scalar-full-source,1704382549,CAB-ad419a240b335cde1da75370aaf5a0f8,streaming-info.json,337
scalar-full-source,1704382549,CAB-aee289f39d1d860eb7dede8fc576ce24,acl-database-bulk.bin,9268
scalar-full-source,1704382549,CAB-aee289f39d1d860eb7dede8fc576ce24,Avatar_Female_Size02_Remielle_Ramiel_Ani_MC_Idle_Loop.json,247445
scalar-full-source,1704382549,CAB-aee289f39d1d860eb7dede8fc576ce24,native-object.raw,31628
scalar-full-source,1704382549,CAB-aee289f39d1d860eb7dede8fc576ce24,streaming-info.json,334
scalar-full-source,1704382549,CAB-b646ea4c5ff9cfbe0dc2a4f0ff63fcfa,acl-database-bulk.bin,26294
scalar-full-source,1704382549,CAB-b646ea4c5ff9cfbe0dc2a4f0ff63fcfa,Avatar_Female_Size02_Remielle_Ramiel_Ani_UI_MainPage_01.json,268225
scalar-full-source,1704382549,CAB-b646ea4c5ff9cfbe0dc2a4f0ff63fcfa,native-object.raw,47644
scalar-full-source,1704382549,CAB-b646ea4c5ff9cfbe0dc2a4f0ff63fcfa,streaming-info.json,335
scalar-full-source,1704382549,CAB-bf3c5b2d738ee46d28327e9b5f865151,acl-database-bulk.bin,5670
scalar-full-source,1704382549,CAB-bf3c5b2d738ee46d28327e9b5f865151,Avatar_Female_Size02_Remielle_Ramiel_Ani_MC_Walk_Loop.json,242454
scalar-full-source,1704382549,CAB-bf3c5b2d738ee46d28327e9b5f865151,native-object.raw,27964
scalar-full-source,1704382549,CAB-bf3c5b2d738ee46d28327e9b5f865151,streaming-info.json,334
scalar-full-source,1704382549,CAB-bfa650b7c5fc079aa38957c16e00ae34,acl-database-bulk.bin,8552
scalar-full-source,1704382549,CAB-bfa650b7c5fc079aa38957c16e00ae34,Avatar_Female_Size02_Remielle_Ramiel_Ani_MC_Run_TurnBack.json,245461
scalar-full-source,1704382549,CAB-bfa650b7c5fc079aa38957c16e00ae34,native-object.raw,30172
scalar-full-source,1704382549,CAB-bfa650b7c5fc079aa38957c16e00ae34,streaming-info.json,334
scalar-full-source,1704382549,CAB-c0ffb9db6bd37a58cc850dd04a4cf12d,acl-database-bulk.bin,13259
scalar-full-source,1704382549,CAB-c0ffb9db6bd37a58cc850dd04a4cf12d,Avatar_Female_Size02_Remielle_Ramiel_Ani_MC_Run_End_L.json,255335
scalar-full-source,1704382549,CAB-c0ffb9db6bd37a58cc850dd04a4cf12d,native-object.raw,37564
scalar-full-source,1704382549,CAB-c0ffb9db6bd37a58cc850dd04a4cf12d,streaming-info.json,335
scalar-full-source,1704382549,CAB-c1dae052a8f374388be01e0600a0af66,acl-database-bulk.bin,10822
scalar-full-source,1704382549,CAB-c1dae052a8f374388be01e0600a0af66,Avatar_Female_Size02_Remielle_Ramiel_Ani_UI_DtoE.json,250285
scalar-full-source,1704382549,CAB-c1dae052a8f374388be01e0600a0af66,native-object.raw,33812
scalar-full-source,1704382549,CAB-c1dae052a8f374388be01e0600a0af66,streaming-info.json,335
scalar-full-source,1704382549,CAB-cd0b1b67c11695bcaf24298ee443c0ff,acl-database-bulk.bin,11395
scalar-full-source,1704382549,CAB-cd0b1b67c11695bcaf24298ee443c0ff,Avatar_Female_Size02_Remielle_Ramiel_Ani_UI_EtoD.json,251472
scalar-full-source,1704382549,CAB-cd0b1b67c11695bcaf24298ee443c0ff,native-object.raw,34612
scalar-full-source,1704382549,CAB-cd0b1b67c11695bcaf24298ee443c0ff,streaming-info.json,335
scalar-full-source,1704382549,CAB-cd472cf3154f89ba14ed7c986a9f7f3c,acl-database-bulk.bin,8511
scalar-full-source,1704382549,CAB-cd472cf3154f89ba14ed7c986a9f7f3c,Avatar_Female_Size02_Remielle_Ramiel_Ani_MC_RunToWalk.json,246048
scalar-full-source,1704382549,CAB-cd472cf3154f89ba14ed7c986a9f7f3c,native-object.raw,30604
scalar-full-source,1704382549,CAB-cd472cf3154f89ba14ed7c986a9f7f3c,streaming-info.json,334
scalar-full-source,1704382549,CAB-cf6705734aee5321f2bf49d950486ec9,acl-database-bulk.bin,11584
scalar-full-source,1704382549,CAB-cf6705734aee5321f2bf49d950486ec9,Avatar_Female_Size02_Remielle_Ramiel_Ani_MC_Stand_Think_Loop.json,252821
scalar-full-source,1704382549,CAB-cf6705734aee5321f2bf49d950486ec9,native-object.raw,35680
scalar-full-source,1704382549,CAB-cf6705734aee5321f2bf49d950486ec9,streaming-info.json,335
scalar-full-source,1704382549,CAB-d5ee7d3e2168afada47c5f5b55623756,acl-database-bulk.bin,12301
scalar-full-source,1704382549,CAB-d5ee7d3e2168afada47c5f5b55623756,Avatar_Female_Size02_Remielle_Ramiel_Ani_UI_S1toD.json,252203
scalar-full-source,1704382549,CAB-d5ee7d3e2168afada47c5f5b55623756,native-object.raw,35192
scalar-full-source,1704382549,CAB-d5ee7d3e2168afada47c5f5b55623756,streaming-info.json,335
scalar-full-source,1704382549,CAB-e66353c6bbab78732070c3cefad05291,acl-database-bulk.bin,3629
scalar-full-source,1704382549,CAB-e66353c6bbab78732070c3cefad05291,Avatar_Female_Size02_Remielle_Ramiel_Ani_MC_Sprint_Loop.json,239335
scalar-full-source,1704382549,CAB-e66353c6bbab78732070c3cefad05291,native-object.raw,25612
scalar-full-source,1704382549,CAB-e66353c6bbab78732070c3cefad05291,streaming-info.json,334
scalar-full-source,1704382549,CAB-e7d532f162f21b569d1ae4099b93d072,acl-database-bulk.bin,98089
scalar-full-source,1704382549,CAB-e7d532f162f21b569d1ae4099b93d072,Avatar_Female_Size02_Remielle_Ramiel_Ani_Gal_Think_Loop.json,1046669
scalar-full-source,1704382549,CAB-e7d532f162f21b569d1ae4099b93d072,native-object.raw,127328
scalar-full-source,1704382549,CAB-e7d532f162f21b569d1ae4099b93d072,streaming-info.json,336
scalar-full-source,1704382549,CAB-ede75bd22ecb567f37e86820b89f1ab9,acl-database-bulk.bin,12050
scalar-full-source,1704382549,CAB-ede75bd22ecb567f37e86820b89f1ab9,Avatar_Female_Size02_Remielle_Ramiel_Ani_MC_Walk_End_R.json,253286
scalar-full-source,1704382549,CAB-ede75bd22ecb567f37e86820b89f1ab9,native-object.raw,36028
scalar-full-source,1704382549,CAB-ede75bd22ecb567f37e86820b89f1ab9,streaming-info.json,335
scalar-full-source,1704382549,CAB-f28126959cada55ea7d40bcf36921109,acl-database-bulk.bin,10100
scalar-full-source,1704382549,CAB-f28126959cada55ea7d40bcf36921109,Avatar_Female_Size02_Remielle_Ramiel_Ani_MC_Run_Start_End.json,250470
scalar-full-source,1704382549,CAB-f28126959cada55ea7d40bcf36921109,native-object.raw,33952
scalar-full-source,1704382549,CAB-f28126959cada55ea7d40bcf36921109,streaming-info.json,335
scalar-full-source,1704382549,CAB-f3646afb0dafe55fbc287d95b2e53063,acl-database-bulk.bin,9443
scalar-full-source,1704382549,CAB-f3646afb0dafe55fbc287d95b2e53063,Avatar_Female_Size02_Remielle_Ramiel_Ani_UI_EtoS2.json,249140
scalar-full-source,1704382549,CAB-f3646afb0dafe55fbc287d95b2e53063,native-object.raw,32936
scalar-full-source,1704382549,CAB-f3646afb0dafe55fbc287d95b2e53063,streaming-info.json,334
scalar-full-source,1704382549,CAB-fba945e6756a0e2cf7d145c968291b84,acl-database-bulk.bin,100185
scalar-full-source,1704382549,CAB-fba945e6756a0e2cf7d145c968291b84,Avatar_Female_Size02_Remielle_Ramiel_Ani_Gal_Shy_Loop.json,1047558
scalar-full-source,1704382549,CAB-fba945e6756a0e2cf7d145c968291b84,native-object.raw,127952
scalar-full-source,1704382549,CAB-fba945e6756a0e2cf7d145c968291b84,streaming-info.json,337
scalar-full-source,1715600529,CAB-0733cdaad7735f0d021d846ab41f7f37,acl-database-bulk.bin,25468
scalar-full-source,1715600529,CAB-0733cdaad7735f0d021d846ab41f7f37,Avatar_Female_Size02_Remielle_Origin_Default_Ani_Dash_Loop.json,195099
scalar-full-source,1715600529,CAB-0733cdaad7735f0d021d846ab41f7f37,native-object.raw,41888
scalar-full-source,1715600529,CAB-0733cdaad7735f0d021d846ab41f7f37,streaming-info.json,335
scalar-full-source,1715600529,CAB-0733cdaad7735f0d021d846ab41f7f37,acl-database-bulk.bin,169636
scalar-full-source,1715600529,CAB-0733cdaad7735f0d021d846ab41f7f37,Avatar_Female_Size02_Remielle_Origin_Ani_Dash_Loop.json,955977
scalar-full-source,1715600529,CAB-0733cdaad7735f0d021d846ab41f7f37,native-object.raw,154460
scalar-full-source,1715600529,CAB-0733cdaad7735f0d021d846ab41f7f37,streaming-info.json,341
scalar-full-source,1715600529,CAB-37a2e82010a74c1af5e91ce696540eff,acl-database-bulk.bin,7171
scalar-full-source,1715600529,CAB-37a2e82010a74c1af5e91ce696540eff,Avatar_Female_Size02_Remielle_Origin_Default_Ani_Walk_Loop.json,170235
scalar-full-source,1715600529,CAB-37a2e82010a74c1af5e91ce696540eff,native-object.raw,23184
scalar-full-source,1715600529,CAB-37a2e82010a74c1af5e91ce696540eff,streaming-info.json,338
scalar-full-source,1715600529,CAB-37a2e82010a74c1af5e91ce696540eff,acl-database-bulk.bin,49639
scalar-full-source,1715600529,CAB-37a2e82010a74c1af5e91ce696540eff,Avatar_Female_Size02_Remielle_Origin_Ani_Walk_Loop.json,883908
scalar-full-source,1715600529,CAB-37a2e82010a74c1af5e91ce696540eff,native-object.raw,98960
scalar-full-source,1715600529,CAB-37a2e82010a74c1af5e91ce696540eff,streaming-info.json,335
scalar-full-source,1715600529,CAB-7087c1c761ef8a84da8d07b67a642115,acl-database-bulk.bin,34088
scalar-full-source,1715600529,CAB-7087c1c761ef8a84da8d07b67a642115,Avatar_Female_Size02_Remielle_Origin_Default_Ani_Skill03_AirState_Back.json,210998
scalar-full-source,1715600529,CAB-7087c1c761ef8a84da8d07b67a642115,native-object.raw,53644
scalar-full-source,1715600529,CAB-7087c1c761ef8a84da8d07b67a642115,streaming-info.json,335
scalar-full-source,1715600529,CAB-7087c1c761ef8a84da8d07b67a642115,acl-database-bulk.bin,253700
scalar-full-source,1715600529,CAB-7087c1c761ef8a84da8d07b67a642115,Avatar_Female_Size02_Remielle_Origin_Ani_Skill03_AirState_Back.json,1000165
scalar-full-source,1715600529,CAB-7087c1c761ef8a84da8d07b67a642115,native-object.raw,186908
scalar-full-source,1715600529,CAB-7087c1c761ef8a84da8d07b67a642115,streaming-info.json,341
scalar-full-source,1715600529,CAB-7895f618aaad46091d0eabaa8838f0c9,acl-database-bulk.bin,330633
scalar-full-source,1715600529,CAB-7895f618aaad46091d0eabaa8838f0c9,Avatar_Female_Size02_Remielle_Origin_Ani_Run_End.json,1097209
scalar-full-source,1715600529,CAB-7895f618aaad46091d0eabaa8838f0c9,native-object.raw,253916
scalar-full-source,1715600529,CAB-7895f618aaad46091d0eabaa8838f0c9,streaming-info.json,337
scalar-full-source,1715600529,CAB-7895f618aaad46091d0eabaa8838f0c9,acl-database-bulk.bin,40951
scalar-full-source,1715600529,CAB-7895f618aaad46091d0eabaa8838f0c9,Avatar_Female_Size02_Remielle_Origin_Default_Ani_Run_End.json,234875
scalar-full-source,1715600529,CAB-7895f618aaad46091d0eabaa8838f0c9,native-object.raw,71500
scalar-full-source,1715600529,CAB-7895f618aaad46091d0eabaa8838f0c9,streaming-info.json,340
scalar-full-source,1715600529,CAB-ad03df6b944ebc6d94acf235fb58356b,acl-database-bulk.bin,25684
scalar-full-source,1715600529,CAB-ad03df6b944ebc6d94acf235fb58356b,Avatar_Female_Size02_Remielle_Origin_Default_Ani_Run_Loop_02.json,195105
scalar-full-source,1715600529,CAB-ad03df6b944ebc6d94acf235fb58356b,native-object.raw,41920
scalar-full-source,1715600529,CAB-ad03df6b944ebc6d94acf235fb58356b,streaming-info.json,340
scalar-full-source,1715600529,CAB-ad03df6b944ebc6d94acf235fb58356b,acl-database-bulk.bin,190535
scalar-full-source,1715600529,CAB-ad03df6b944ebc6d94acf235fb58356b,Avatar_Female_Size02_Remielle_Origin_Ani_Run_Loop_02.json,963379
scalar-full-source,1715600529,CAB-ad03df6b944ebc6d94acf235fb58356b,native-object.raw,158284
scalar-full-source,1715600529,CAB-ad03df6b944ebc6d94acf235fb58356b,streaming-info.json,337
scalar-full-source,1715600529,CAB-e309f311f32845499196484ef821cb3f,acl-database-bulk.bin,100218
scalar-full-source,1715600529,CAB-e309f311f32845499196484ef821cb3f,Avatar_Female_Size02_Remielle_Origin_Default_Ani_QuestStart.json,295824
scalar-full-source,1715600529,CAB-e309f311f32845499196484ef821cb3f,native-object.raw,117216
scalar-full-source,1715600529,CAB-e309f311f32845499196484ef821cb3f,streaming-info.json,337
scalar-full-source,1715600529,CAB-e309f311f32845499196484ef821cb3f,acl-database-bulk.bin,812546
scalar-full-source,1715600529,CAB-e309f311f32845499196484ef821cb3f,Avatar_Female_Size02_Remielle_Origin_Ani_QuestStart.json,1252983
scalar-full-source,1715600529,CAB-e309f311f32845499196484ef821cb3f,native-object.raw,373984
scalar-full-source,1715600529,CAB-e309f311f32845499196484ef821cb3f,streaming-info.json,342
scalar-full-source,1715600529,CAB-e3904b61fb0c015c0af3e7eb785ce1ae,acl-database-bulk.bin,199627
scalar-full-source,1715600529,CAB-e3904b61fb0c015c0af3e7eb785ce1ae,Avatar_Female_Size02_Remielle_Origin_Ani_Dash_Start.json,973462
scalar-full-source,1715600529,CAB-e3904b61fb0c015c0af3e7eb785ce1ae,native-object.raw,165360
scalar-full-source,1715600529,CAB-e3904b61fb0c015c0af3e7eb785ce1ae,streaming-info.json,337
scalar-full-source,1715600529,CAB-e3904b61fb0c015c0af3e7eb785ce1ae,acl-database-bulk.bin,27654
scalar-full-source,1715600529,CAB-e3904b61fb0c015c0af3e7eb785ce1ae,Avatar_Female_Size02_Remielle_Origin_Default_Ani_Dash_Start.json,198293
scalar-full-source,1715600529,CAB-e3904b61fb0c015c0af3e7eb785ce1ae,native-object.raw,44272
scalar-full-source,1715600529,CAB-e3904b61fb0c015c0af3e7eb785ce1ae,streaming-info.json,340
scalar-full-source,1715600529,CAB-e60b1813519d286ca38b9838f44b4630,acl-database-bulk.bin,27817
scalar-full-source,1715600529,CAB-e60b1813519d286ca38b9838f44b4630,Avatar_Female_Size02_Remielle_Origin_Default_Ani_Attack_Normal_02.json,197480
scalar-full-source,1715600529,CAB-e60b1813519d286ca38b9838f44b4630,native-object.raw,43464
scalar-full-source,1715600529,CAB-e60b1813519d286ca38b9838f44b4630,streaming-info.json,340
scalar-full-source,1715600529,CAB-e60b1813519d286ca38b9838f44b4630,acl-database-bulk.bin,201897
scalar-full-source,1715600529,CAB-e60b1813519d286ca38b9838f44b4630,Avatar_Female_Size02_Remielle_Origin_Ani_Attack_Normal_02.json,963512
scalar-full-source,1715600529,CAB-e60b1813519d286ca38b9838f44b4630,native-object.raw,157508
scalar-full-source,1715600529,CAB-e60b1813519d286ca38b9838f44b4630,streaming-info.json,337
scalar-full-source,1715600529,CAB-e60b1813519d286ca38b9838f44b4630,acl-database-bulk.bin,163821
scalar-full-source,1715600529,CAB-e60b1813519d286ca38b9838f44b4630,Avatar_Female_Size02_Remielle_Origin_Ani_Attack_Normal_02_End.json,967880
scalar-full-source,1715600529,CAB-e60b1813519d286ca38b9838f44b4630,native-object.raw,159424
scalar-full-source,1715600529,CAB-e60b1813519d286ca38b9838f44b4630,streaming-info.json,342
scalar-full-source,1715600529,CAB-e60b1813519d286ca38b9838f44b4630,acl-database-bulk.bin,21217
scalar-full-source,1715600529,CAB-e60b1813519d286ca38b9838f44b4630,Avatar_Female_Size02_Remielle_Origin_Default_Ani_Attack_Normal_02_End.json,194902
scalar-full-source,1715600529,CAB-e60b1813519d286ca38b9838f44b4630,native-object.raw,41596
scalar-full-source,1715600529,CAB-e60b1813519d286ca38b9838f44b4630,streaming-info.json,340
scalar-full-source,1846016037,CAB-5cec44d12ff090f787ea26556dbb387f,native-object.raw,523616
scalar-full-source,1846016037,CAB-5cec44d12ff090f787ea26556dbb387f,TL_C30_ZiplineChasing_04_SC010_Avatar_MaxRemielleOriginCS.json,1293217
scalar-full-source,1846016037,CAB-86701be3b444797d6298bb85399b74bd,native-object.raw,448496
scalar-full-source,1846016037,CAB-86701be3b444797d6298bb85399b74bd,TL_C30_ZiplineChasing_03_SC010_Avatar_MaxRemielleOriginCS.json,1447555
scalar-full-source,1860708741,CAB-2306941d57f7544f7d5a39105e114edf,acl-database-bulk.bin,40067
scalar-full-source,1860708741,CAB-2306941d57f7544f7d5a39105e114edf,Avatar_Female_Size02_Remielle_Origin_Default_Ani_MC_Run_End_R.json,220156
scalar-full-source,1860708741,CAB-2306941d57f7544f7d5a39105e114edf,native-object.raw,60260
scalar-full-source,1860708741,CAB-2306941d57f7544f7d5a39105e114edf,streaming-info.json,335
scalar-full-source,1860708741,CAB-2306941d57f7544f7d5a39105e114edf,acl-database-bulk.bin,294726
scalar-full-source,1860708741,CAB-2306941d57f7544f7d5a39105e114edf,Avatar_Female_Size02_Remielle_Origin_Ani_MC_Run_End_R.json,983587
scalar-full-source,1860708741,CAB-2306941d57f7544f7d5a39105e114edf,native-object.raw,174112
scalar-full-source,1860708741,CAB-2306941d57f7544f7d5a39105e114edf,streaming-info.json,341
scalar-full-source,1860708741,CAB-494bd5c08978d90b9e429e89eefd3afe,acl-database-bulk.bin,172235
scalar-full-source,1860708741,CAB-494bd5c08978d90b9e429e89eefd3afe,Avatar_Female_Size02_Remielle_Origin_Ani_MC_RunToWalk.json,931719
scalar-full-source,1860708741,CAB-494bd5c08978d90b9e429e89eefd3afe,native-object.raw,135008
scalar-full-source,1860708741,CAB-494bd5c08978d90b9e429e89eefd3afe,streaming-info.json,341
scalar-full-source,1860708741,CAB-494bd5c08978d90b9e429e89eefd3afe,acl-database-bulk.bin,25877
scalar-full-source,1860708741,CAB-494bd5c08978d90b9e429e89eefd3afe,Avatar_Female_Size02_Remielle_Origin_Default_Ani_MC_RunToWalk.json,194510
scalar-full-source,1860708741,CAB-494bd5c08978d90b9e429e89eefd3afe,native-object.raw,41044
scalar-full-source,1860708741,CAB-494bd5c08978d90b9e429e89eefd3afe,streaming-info.json,335
scalar-full-source,1860708741,CAB-65578e3cddc52b0bd391b580c5885c28,acl-database-bulk.bin,37789
scalar-full-source,1860708741,CAB-65578e3cddc52b0bd391b580c5885c28,Avatar_Female_Size02_Remielle_Origin_Default_Ani_MC_Walk_End_R.json,211520
scalar-full-source,1860708741,CAB-65578e3cddc52b0bd391b580c5885c28,native-object.raw,54052
scalar-full-source,1860708741,CAB-65578e3cddc52b0bd391b580c5885c28,streaming-info.json,340
scalar-full-source,1860708741,CAB-65578e3cddc52b0bd391b580c5885c28,acl-database-bulk.bin,250682
scalar-full-source,1860708741,CAB-65578e3cddc52b0bd391b580c5885c28,Avatar_Female_Size02_Remielle_Origin_Ani_MC_Walk_End_R.json,965415
scalar-full-source,1860708741,CAB-65578e3cddc52b0bd391b580c5885c28,native-object.raw,161160
scalar-full-source,1860708741,CAB-65578e3cddc52b0bd391b580c5885c28,streaming-info.json,337
scalar-full-source,1860708741,CAB-b7c0e0ef400c5932687047f20f402217,acl-database-bulk.bin,1352194
scalar-full-source,1860708741,CAB-b7c0e0ef400c5932687047f20f402217,Avatar_Female_Size02_Remielle_Origin_Ani_MC_Stand_Photo.json,1510531
scalar-full-source,1860708741,CAB-b7c0e0ef400c5932687047f20f402217,native-object.raw,569620
scalar-full-source,1860708741,CAB-b7c0e0ef400c5932687047f20f402217,streaming-info.json,338
scalar-full-source,1860708741,CAB-b7c0e0ef400c5932687047f20f402217,acl-database-bulk.bin,142511
scalar-full-source,1860708741,CAB-b7c0e0ef400c5932687047f20f402217,Avatar_Female_Size02_Remielle_Origin_Default_Ani_MC_Stand_Photo.json,360599
scalar-full-source,1860708741,CAB-b7c0e0ef400c5932687047f20f402217,native-object.raw,166004
scalar-full-source,1860708741,CAB-b7c0e0ef400c5932687047f20f402217,streaming-info.json,343
scalar-full-source,1860708741,CAB-bbf4c01a537179d93199e7204bb4f544,acl-database-bulk.bin,16037
scalar-full-source,1860708741,CAB-bbf4c01a537179d93199e7204bb4f544,Avatar_Female_Size02_Remielle_Origin_Default_Ani_MC_Walk_Loop.json,180042
scalar-full-source,1860708741,CAB-bbf4c01a537179d93199e7204bb4f544,native-object.raw,30564
scalar-full-source,1860708741,CAB-bbf4c01a537179d93199e7204bb4f544,streaming-info.json,335
scalar-full-source,1860708741,CAB-bbf4c01a537179d93199e7204bb4f544,acl-database-bulk.bin,108209
scalar-full-source,1860708741,CAB-bbf4c01a537179d93199e7204bb4f544,Avatar_Female_Size02_Remielle_Origin_Ani_MC_Walk_Loop.json,895416
scalar-full-source,1860708741,CAB-bbf4c01a537179d93199e7204bb4f544,native-object.raw,109872
scalar-full-source,1860708741,CAB-bbf4c01a537179d93199e7204bb4f544,streaming-info.json,341
scalar-full-source,1860708741,CAB-cd1a70e4cc6d0ca6529ca9f313fe5d89,acl-database-bulk.bin,249769
scalar-full-source,1860708741,CAB-cd1a70e4cc6d0ca6529ca9f313fe5d89,Avatar_Female_Size02_Remielle_Origin_Ani_MC_TurnAround_L.json,974175
scalar-full-source,1860708741,CAB-cd1a70e4cc6d0ca6529ca9f313fe5d89,native-object.raw,167068
scalar-full-source,1860708741,CAB-cd1a70e4cc6d0ca6529ca9f313fe5d89,streaming-info.json,341
scalar-full-source,1860708741,CAB-cd1a70e4cc6d0ca6529ca9f313fe5d89,acl-database-bulk.bin,37440
scalar-full-source,1860708741,CAB-cd1a70e4cc6d0ca6529ca9f313fe5d89,Avatar_Female_Size02_Remielle_Origin_Default_Ani_MC_TurnAround_L.json,212375
scalar-full-source,1860708741,CAB-cd1a70e4cc6d0ca6529ca9f313fe5d89,native-object.raw,54340
scalar-full-source,1860708741,CAB-cd1a70e4cc6d0ca6529ca9f313fe5d89,streaming-info.json,335
scalar-full-source,1873273914,CAB-11cf926a8d80ffc49fc1f3074d2f0b78,Eff_RemielleOrigin_Common_68_Light.json,29638
scalar-full-source,1873273914,CAB-11cf926a8d80ffc49fc1f3074d2f0b78,native-object.raw,3560
scalar-full-source,1873273914,CAB-252a4c5251f62ba43a000847a100fe11,Eff_RemielleOrigin_Finish_Ex_AirState_Back_Start_07_Glow.json,16678
scalar-full-source,1873273914,CAB-252a4c5251f62ba43a000847a100fe11,native-object.raw,2156
scalar-full-source,1873273914,CAB-2ba1e7fb6f4e823ca52d7d3a6d5954d5,Eff_RemielleOrigin_Finish_Ex_AirState_Back_Start_13_Glow.json,89344
scalar-full-source,1873273914,CAB-2ba1e7fb6f4e823ca52d7d3a6d5954d5,native-object.raw,9176
scalar-full-source,1873273914,CAB-4072e7ddfba69c1565f3b793e3adfcc8,Eff_RemielleOrigin_Skill02_AirState_Front_07_Trail.json,13473
scalar-full-source,1873273914,CAB-4072e7ddfba69c1565f3b793e3adfcc8,native-object.raw,1904
scalar-full-source,1873273914,CAB-439db914cf2b0aae64d48bc0061689ee,Eff_RemielleOrigin_Finish_Ex_AirState_Back_Start_12_Glow.json,96267
scalar-full-source,1873273914,CAB-439db914cf2b0aae64d48bc0061689ee,native-object.raw,9856
scalar-full-source,1873273914,CAB-491b5a9b8b0d833b79c7e45bbfc3c0e3,Eff_RemielleOrigin_Finish_Ex_AirState_Back_Start_23_Glow.json,811224
scalar-full-source,1873273914,CAB-491b5a9b8b0d833b79c7e45bbfc3c0e3,native-object.raw,87696
scalar-full-source,1873273914,CAB-60df6300b1c549e348d7f057963167e1,Eff_RemielleOrigin_Finish_Ex_AirState_Back_03_Trail.json,843063
scalar-full-source,1873273914,CAB-60df6300b1c549e348d7f057963167e1,native-object.raw,77324
scalar-full-source,1873273914,CAB-61c494f52021ee29f9ddeda944114fae,Eff_RemielleOrigin_Common_11_Distor.json,17444
scalar-full-source,1873273914,CAB-61c494f52021ee29f9ddeda944114fae,native-object.raw,2368
scalar-full-source,1873273914,CAB-7b5007e95c860d2681d7b1786a0a3101,Eff_RemielleOrigin_Finish_Ex_AirState_Back_Start_09_Glow.json,27058
scalar-full-source,1873273914,CAB-7b5007e95c860d2681d7b1786a0a3101,native-object.raw,3012
scalar-full-source,1873273914,CAB-7ba6dd6b8936cd5c89733099ab884e0b,Eff_RemielleOrigin_Finish_AirState_Front_05_Trail.json,13471
scalar-full-source,1873273914,CAB-7ba6dd6b8936cd5c89733099ab884e0b,native-object.raw,1904
scalar-full-source,1873273914,CAB-863a1aae771079685a7ccdde4b9e5390,Eff_RemielleOrigin_Finish_Ex_AirState_Back_Start_10_Glow.json,15823
scalar-full-source,1873273914,CAB-863a1aae771079685a7ccdde4b9e5390,native-object.raw,2136
scalar-full-source,1873273914,CAB-a3773fd7b1983205dbe40f34d34bc6b8,Eff_RemielleOrigin_Finish_AirState_Front_09_Trail.json,20257
scalar-full-source,1873273914,CAB-a3773fd7b1983205dbe40f34d34bc6b8,native-object.raw,2564
scalar-full-source,1873273914,CAB-b1f8384c4e0ff3f9032b431331a864e3,Eff_RemielleOrigin_Finish_Ex_AirState_Back_04_Trail.json,276702
scalar-full-source,1873273914,CAB-b1f8384c4e0ff3f9032b431331a864e3,native-object.raw,28896
scalar-full-source,1873273914,CAB-ba3286a194f9243458070e7b1c9c7339,Eff_RemielleOrigin_Finish_Ex_AirState_Back_Start_11_Glow.json,366009
scalar-full-source,1873273914,CAB-ba3286a194f9243458070e7b1c9c7339,native-object.raw,35604
scalar-full-source,1873273914,CAB-c3f60eeaac87ba031203af3354be7df7,Eff_RemielleOrigin_Finish_AirState_Front_04_Trail.json,17342
scalar-full-source,1873273914,CAB-c3f60eeaac87ba031203af3354be7df7,native-object.raw,2292
scalar-full-source,1873273914,CAB-e73d93d73455b24a169b690791675f46,Eff_RemielleOrigin_Finish_Ex_AirState_Back_13_Trail.json,29877
scalar-full-source,1873273914,CAB-e73d93d73455b24a169b690791675f46,native-object.raw,3232
scalar-full-source,1876963883,CAB-0959ef4accf36578df1c91884f1734f1,acl-database-bulk.bin,123229
scalar-full-source,1876963883,CAB-0959ef4accf36578df1c91884f1734f1,Avatar_Female_Size02_Remielle_Origin_Ani_Move_R_AirFront_Loop.json,919243
scalar-full-source,1876963883,CAB-0959ef4accf36578df1c91884f1734f1,native-object.raw,137740
scalar-full-source,1876963883,CAB-0959ef4accf36578df1c91884f1734f1,streaming-info.json,340
scalar-full-source,1876963883,CAB-0959ef4accf36578df1c91884f1734f1,acl-database-bulk.bin,3638
scalar-full-source,1876963883,CAB-0959ef4accf36578df1c91884f1734f1,Avatar_Female_Size02_Remielle_Origin_Default_Ani_Move_R_AirFront_Loop.json,132373
scalar-full-source,1876963883,CAB-0959ef4accf36578df1c91884f1734f1,native-object.raw,17356
scalar-full-source,1876963883,CAB-0959ef4accf36578df1c91884f1734f1,streaming-info.json,334
scalar-full-source,1876963883,CAB-241fbaf4fd60b205539b13de2a17245b,acl-database-bulk.bin,35381
scalar-full-source,1876963883,CAB-241fbaf4fd60b205539b13de2a17245b,Avatar_Female_Size02_Remielle_Origin_Default_Ani_Evade_Back.json,225827
scalar-full-source,1876963883,CAB-241fbaf4fd60b205539b13de2a17245b,native-object.raw,64448
scalar-full-source,1876963883,CAB-241fbaf4fd60b205539b13de2a17245b,streaming-info.json,340
scalar-full-source,1876963883,CAB-241fbaf4fd60b205539b13de2a17245b,acl-database-bulk.bin,299737
scalar-full-source,1876963883,CAB-241fbaf4fd60b205539b13de2a17245b,Avatar_Female_Size02_Remielle_Origin_Ani_Evade_Back.json,1054862
scalar-full-source,1876963883,CAB-241fbaf4fd60b205539b13de2a17245b,native-object.raw,223116
scalar-full-source,1876963883,CAB-241fbaf4fd60b205539b13de2a17245b,streaming-info.json,337
scalar-full-source,1876963883,CAB-4fa0b31c2ead4193c24efccdab012a68,acl-database-bulk.bin,25935
scalar-full-source,1876963883,CAB-4fa0b31c2ead4193c24efccdab012a68,Avatar_Female_Size02_Remielle_Origin_Default_Ani_Move_R_AirBack_Loop.json,193876
scalar-full-source,1876963883,CAB-4fa0b31c2ead4193c24efccdab012a68,native-object.raw,40984
scalar-full-source,1876963883,CAB-4fa0b31c2ead4193c24efccdab012a68,streaming-info.json,335
scalar-full-source,1876963883,CAB-4fa0b31c2ead4193c24efccdab012a68,acl-database-bulk.bin,157780
scalar-full-source,1876963883,CAB-4fa0b31c2ead4193c24efccdab012a68,Avatar_Female_Size02_Remielle_Origin_Ani_Move_R_AirBack_Loop.json,942361
scalar-full-source,1876963883,CAB-4fa0b31c2ead4193c24efccdab012a68,native-object.raw,144628
scalar-full-source,1876963883,CAB-4fa0b31c2ead4193c24efccdab012a68,streaming-info.json,341
scalar-full-source,1876963883,CAB-82074f88a886fcfc9b7d870cc09bd340,acl-database-bulk.bin,437610
scalar-full-source,1876963883,CAB-82074f88a886fcfc9b7d870cc09bd340,Avatar_Female_Size02_Remielle_Ani_Skill04_AirState_Back.json,1236790
scalar-full-source,1876963883,CAB-82074f88a886fcfc9b7d870cc09bd340,native-object.raw,269432
scalar-full-source,1876963883,CAB-82074f88a886fcfc9b7d870cc09bd340,streaming-info.json,337
scalar-full-source,1876963883,CAB-c22c2d1c569babc26368ba110771de3c,acl-database-bulk.bin,29314
scalar-full-source,1876963883,CAB-c22c2d1c569babc26368ba110771de3c,Avatar_Female_Size02_Remielle_Origin_Default_Ani_Evade_to_Run_01.json,201574
scalar-full-source,1876963883,CAB-c22c2d1c569babc26368ba110771de3c,native-object.raw,46516
scalar-full-source,1876963883,CAB-c22c2d1c569babc26368ba110771de3c,streaming-info.json,335
scalar-full-source,1876963883,CAB-c22c2d1c569babc26368ba110771de3c,acl-database-bulk.bin,223736
scalar-full-source,1876963883,CAB-c22c2d1c569babc26368ba110771de3c,Avatar_Female_Size02_Remielle_Origin_Ani_Evade_to_Run_01.json,981556
scalar-full-source,1876963883,CAB-c22c2d1c569babc26368ba110771de3c,native-object.raw,171472
scalar-full-source,1876963883,CAB-c22c2d1c569babc26368ba110771de3c,streaming-info.json,341
scalar-full-source,1876963883,CAB-d8fbebcff3461c85f6e8e3d656faadcf,acl-database-bulk.bin,155970
scalar-full-source,1876963883,CAB-d8fbebcff3461c85f6e8e3d656faadcf,Avatar_Female_Size02_Remielle_Origin_Ani_SwitchIn_Attack.json,951248
scalar-full-source,1876963883,CAB-d8fbebcff3461c85f6e8e3d656faadcf,native-object.raw,146096
scalar-full-source,1876963883,CAB-d8fbebcff3461c85f6e8e3d656faadcf,streaming-info.json,341
scalar-full-source,1876963883,CAB-d8fbebcff3461c85f6e8e3d656faadcf,acl-database-bulk.bin,22495
scalar-full-source,1876963883,CAB-d8fbebcff3461c85f6e8e3d656faadcf,Avatar_Female_Size02_Remielle_Origin_Default_Ani_SwitchIn_Attack.json,190147
scalar-full-source,1876963883,CAB-d8fbebcff3461c85f6e8e3d656faadcf,native-object.raw,38116
scalar-full-source,1876963883,CAB-d8fbebcff3461c85f6e8e3d656faadcf,streaming-info.json,335
scalar-full-source,1876963883,CAB-d8fbebcff3461c85f6e8e3d656faadcf,acl-database-bulk.bin,270724
scalar-full-source,1876963883,CAB-d8fbebcff3461c85f6e8e3d656faadcf,Avatar_Female_Size02_Remielle_Origin_Ani_SwitchIn_Attack_End.json,1038839
scalar-full-source,1876963883,CAB-d8fbebcff3461c85f6e8e3d656faadcf,native-object.raw,211768
scalar-full-source,1876963883,CAB-d8fbebcff3461c85f6e8e3d656faadcf,streaming-info.json,342
scalar-full-source,1876963883,CAB-d8fbebcff3461c85f6e8e3d656faadcf,acl-database-bulk.bin,34176
scalar-full-source,1876963883,CAB-d8fbebcff3461c85f6e8e3d656faadcf,Avatar_Female_Size02_Remielle_Origin_Default_Ani_SwitchIn_Attack_End.json,213760
scalar-full-source,1876963883,CAB-d8fbebcff3461c85f6e8e3d656faadcf,native-object.raw,55576
scalar-full-source,1876963883,CAB-d8fbebcff3461c85f6e8e3d656faadcf,streaming-info.json,340
scalar-full-source,1916835551,CAB-72af46e231ac1c92c740e6efa20a3946,acl-database-bulk.bin,66453
scalar-full-source,1916835551,CAB-72af46e231ac1c92c740e6efa20a3946,Avatar_Female_Size02_Remielle_Origin_Default_Ani_MC_TL_TurnAround.json,263427
scalar-full-source,1916835551,CAB-72af46e231ac1c92c740e6efa20a3946,native-object.raw,92840
scalar-full-source,1916835551,CAB-72af46e231ac1c92c740e6efa20a3946,streaming-info.json,340
scalar-full-source,1916835551,CAB-72af46e231ac1c92c740e6efa20a3946,acl-database-bulk.bin,672408
scalar-full-source,1916835551,CAB-72af46e231ac1c92c740e6efa20a3946,Avatar_Female_Size02_Remielle_Origin_Ani_MC_TL_TurnAround.json,1213980
scalar-full-source,1916835551,CAB-72af46e231ac1c92c740e6efa20a3946,native-object.raw,344304
scalar-full-source,1916835551,CAB-72af46e231ac1c92c740e6efa20a3946,streaming-info.json,337
scalar-full-source,2006710238,CAB-00a0aeebf8545327f25f5674b93c05d4,acl-database-bulk.bin,28680
scalar-full-source,2006710238,CAB-00a0aeebf8545327f25f5674b93c05d4,Avatar_Female_Size02_Remielle_Origin_Default_Ani_Attack_ParryAid_L_End.json,215685
scalar-full-source,2006710238,CAB-00a0aeebf8545327f25f5674b93c05d4,native-object.raw,57116
scalar-full-source,2006710238,CAB-00a0aeebf8545327f25f5674b93c05d4,streaming-info.json,338
scalar-full-source,2006710238,CAB-00a0aeebf8545327f25f5674b93c05d4,acl-database-bulk.bin,6580
scalar-full-source,2006710238,CAB-00a0aeebf8545327f25f5674b93c05d4,Avatar_Female_Size02_Remielle_Origin_Default_Ani_Attack_ParryAid_L.json,168768
scalar-full-source,2006710238,CAB-00a0aeebf8545327f25f5674b93c05d4,native-object.raw,22120
scalar-full-source,2006710238,CAB-00a0aeebf8545327f25f5674b93c05d4,streaming-info.json,334
scalar-full-source,2006710238,CAB-00a0aeebf8545327f25f5674b93c05d4,acl-database-bulk.bin,251499
scalar-full-source,2006710238,CAB-00a0aeebf8545327f25f5674b93c05d4,Avatar_Female_Size02_Remielle_Origin_Ani_Attack_ParryAid_L_End.json,1047253
scalar-full-source,2006710238,CAB-00a0aeebf8545327f25f5674b93c05d4,native-object.raw,217748
scalar-full-source,2006710238,CAB-00a0aeebf8545327f25f5674b93c05d4,streaming-info.json,341
scalar-full-source,2006710238,CAB-00a0aeebf8545327f25f5674b93c05d4,acl-database-bulk.bin,46573
scalar-full-source,2006710238,CAB-00a0aeebf8545327f25f5674b93c05d4,Avatar_Female_Size02_Remielle_Origin_Ani_Attack_ParryAid_L.json,885710
scalar-full-source,2006710238,CAB-00a0aeebf8545327f25f5674b93c05d4,native-object.raw,97684
scalar-full-source,2006710238,CAB-00a0aeebf8545327f25f5674b93c05d4,streaming-info.json,339
scalar-full-source,2006710238,CAB-0353b71bd01a780f3970689d4b8aa030,acl-database-bulk.bin,185853
scalar-full-source,2006710238,CAB-0353b71bd01a780f3970689d4b8aa030,Avatar_Female_Size02_Remielle_Origin_Ani_Attack_Normal_04_End.json,988866
scalar-full-source,2006710238,CAB-0353b71bd01a780f3970689d4b8aa030,native-object.raw,174800
scalar-full-source,2006710238,CAB-0353b71bd01a780f3970689d4b8aa030,streaming-info.json,337
scalar-full-source,2006710238,CAB-0353b71bd01a780f3970689d4b8aa030,acl-database-bulk.bin,198244
scalar-full-source,2006710238,CAB-0353b71bd01a780f3970689d4b8aa030,Avatar_Female_Size02_Remielle_Origin_Ani_Attack_Normal_04.json,961460
scalar-full-source,2006710238,CAB-0353b71bd01a780f3970689d4b8aa030,native-object.raw,155904
scalar-full-source,2006710238,CAB-0353b71bd01a780f3970689d4b8aa030,streaming-info.json,342
scalar-full-source,2006710238,CAB-0353b71bd01a780f3970689d4b8aa030,acl-database-bulk.bin,26121
scalar-full-source,2006710238,CAB-0353b71bd01a780f3970689d4b8aa030,Avatar_Female_Size02_Remielle_Origin_Default_Ani_Attack_Normal_04.json,195131
scalar-full-source,2006710238,CAB-0353b71bd01a780f3970689d4b8aa030,native-object.raw,41736
scalar-full-source,2006710238,CAB-0353b71bd01a780f3970689d4b8aa030,streaming-info.json,340
scalar-full-source,2006710238,CAB-0353b71bd01a780f3970689d4b8aa030,acl-database-bulk.bin,20669
scalar-full-source,2006710238,CAB-0353b71bd01a780f3970689d4b8aa030,Avatar_Female_Size02_Remielle_Origin_Default_Ani_Attack_Normal_04_End.json,196801
scalar-full-source,2006710238,CAB-0353b71bd01a780f3970689d4b8aa030,native-object.raw,42972
scalar-full-source,2006710238,CAB-0353b71bd01a780f3970689d4b8aa030,streaming-info.json,340
scalar-full-source,2006710238,CAB-29459d6b716e366147e997e02faf1fa1,acl-database-bulk.bin,77674
scalar-full-source,2006710238,CAB-29459d6b716e366147e997e02faf1fa1,Avatar_Female_Size02_Remielle_Origin_Ani_SwitchOut_Normal.json,886110
scalar-full-source,2006710238,CAB-29459d6b716e366147e997e02faf1fa1,native-object.raw,104488
scalar-full-source,2006710238,CAB-29459d6b716e366147e997e02faf1fa1,streaming-info.json,336
scalar-full-source,2006710238,CAB-29459d6b716e366147e997e02faf1fa1,acl-database-bulk.bin,11370
scalar-full-source,2006710238,CAB-29459d6b716e366147e997e02faf1fa1,Avatar_Female_Size02_Remielle_Origin_Default_Ani_SwitchOut_Normal.json,174094
scalar-full-source,2006710238,CAB-29459d6b716e366147e997e02faf1fa1,native-object.raw,26136
scalar-full-source,2006710238,CAB-29459d6b716e366147e997e02faf1fa1,streaming-info.json,339
scalar-full-source,2006710238,CAB-3f4c4dd48e40fbf7bf6cbb23796960bc,acl-database-bulk.bin,32475
scalar-full-source,2006710238,CAB-3f4c4dd48e40fbf7bf6cbb23796960bc,Avatar_Female_Size02_Remielle_Origin_Default_Ani_Evade_Back_02.json,213033
scalar-full-source,2006710238,CAB-3f4c4dd48e40fbf7bf6cbb23796960bc,native-object.raw,55188
scalar-full-source,2006710238,CAB-3f4c4dd48e40fbf7bf6cbb23796960bc,streaming-info.json,335
scalar-full-source,2006710238,CAB-3f4c4dd48e40fbf7bf6cbb23796960bc,acl-database-bulk.bin,285931
scalar-full-source,2006710238,CAB-3f4c4dd48e40fbf7bf6cbb23796960bc,Avatar_Female_Size02_Remielle_Origin_Ani_Evade_Back_02.json,1047614
scalar-full-source,2006710238,CAB-3f4c4dd48e40fbf7bf6cbb23796960bc,native-object.raw,217532
scalar-full-source,2006710238,CAB-3f4c4dd48e40fbf7bf6cbb23796960bc,streaming-info.json,341
scalar-full-source,2006710238,CAB-833fd3d22127ff7228b525d40f997aa0,acl-database-bulk.bin,35173
scalar-full-source,2006710238,CAB-833fd3d22127ff7228b525d40f997aa0,Avatar_Female_Size02_Remielle_Origin_Default_Ani_Hit_H_Front.json,217376
scalar-full-source,2006710238,CAB-833fd3d22127ff7228b525d40f997aa0,native-object.raw,58000
scalar-full-source,2006710238,CAB-833fd3d22127ff7228b525d40f997aa0,streaming-info.json,335
scalar-full-source,2006710238,CAB-833fd3d22127ff7228b525d40f997aa0,acl-database-bulk.bin,287136
scalar-full-source,2006710238,CAB-833fd3d22127ff7228b525d40f997aa0,Avatar_Female_Size02_Remielle_Origin_Ani_Hit_H_Front.json,1042988
scalar-full-source,2006710238,CAB-833fd3d22127ff7228b525d40f997aa0,native-object.raw,214352
scalar-full-source,2006710238,CAB-833fd3d22127ff7228b525d40f997aa0,streaming-info.json,341
scalar-full-source,2006710238,CAB-8e1edcaf001ec3c019aef205d32f0b80,acl-database-bulk.bin,11392
scalar-full-source,2006710238,CAB-8e1edcaf001ec3c019aef205d32f0b80,Avatar_Female_Size02_Remielle_Origin_Default_Ani_Attack_Special.json,174837
scalar-full-source,2006710238,CAB-8e1edcaf001ec3c019aef205d32f0b80,native-object.raw,26500
scalar-full-source,2006710238,CAB-8e1edcaf001ec3c019aef205d32f0b80,streaming-info.json,335
scalar-full-source,2006710238,CAB-8e1edcaf001ec3c019aef205d32f0b80,acl-database-bulk.bin,91029
scalar-full-source,2006710238,CAB-8e1edcaf001ec3c019aef205d32f0b80,Avatar_Female_Size02_Remielle_Origin_Ani_Attack_Special.json,909275
scalar-full-source,2006710238,CAB-8e1edcaf001ec3c019aef205d32f0b80,native-object.raw,114088
scalar-full-source,2006710238,CAB-8e1edcaf001ec3c019aef205d32f0b80,streaming-info.json,340
scalar-full-source,2006710238,CAB-8e1edcaf001ec3c019aef205d32f0b80,acl-database-bulk.bin,96711
scalar-full-source,2006710238,CAB-8e1edcaf001ec3c019aef205d32f0b80,Avatar_Female_Size02_Remielle_Origin_Ani_Attack_Special_End.json,934861
scalar-full-source,2006710238,CAB-8e1edcaf001ec3c019aef205d32f0b80,native-object.raw,132356
scalar-full-source,2006710238,CAB-8e1edcaf001ec3c019aef205d32f0b80,streaming-info.json,341
scalar-full-source,2006710238,CAB-8e1edcaf001ec3c019aef205d32f0b80,acl-database-bulk.bin,11666
scalar-full-source,2006710238,CAB-8e1edcaf001ec3c019aef205d32f0b80,Avatar_Female_Size02_Remielle_Origin_Default_Ani_Attack_Special_End.json,180421
scalar-full-source,2006710238,CAB-8e1edcaf001ec3c019aef205d32f0b80,native-object.raw,30680
scalar-full-source,2006710238,CAB-8e1edcaf001ec3c019aef205d32f0b80,streaming-info.json,340
scalar-full-source,2006710238,CAB-c101e9fdd690dfbeca81c304d8d70e96,acl-database-bulk.bin,3638
scalar-full-source,2006710238,CAB-c101e9fdd690dfbeca81c304d8d70e96,Avatar_Female_Size02_Remielle_Origin_Default_Ani_Move_L_AirFront_Loop.json,132330
scalar-full-source,2006710238,CAB-c101e9fdd690dfbeca81c304d8d70e96,native-object.raw,17356
scalar-full-source,2006710238,CAB-c101e9fdd690dfbeca81c304d8d70e96,streaming-info.json,334
scalar-full-source,2006710238,CAB-c101e9fdd690dfbeca81c304d8d70e96,acl-database-bulk.bin,124003
scalar-full-source,2006710238,CAB-c101e9fdd690dfbeca81c304d8d70e96,Avatar_Female_Size02_Remielle_Origin_Ani_Move_L_AirFront_Loop.json,919395
scalar-full-source,2006710238,CAB-c101e9fdd690dfbeca81c304d8d70e96,native-object.raw,137848
scalar-full-source,2006710238,CAB-c101e9fdd690dfbeca81c304d8d70e96,streaming-info.json,340
scalar-full-source,2006710238,CAB-eb0cbd48e218dc6b8616a93d22822362,acl-database-bulk.bin,29663
scalar-full-source,2006710238,CAB-eb0cbd48e218dc6b8616a93d22822362,Avatar_Female_Size02_Remielle_Origin_Default_Ani_Attack_ExSpecial.json,202332
scalar-full-source,2006710238,CAB-eb0cbd48e218dc6b8616a93d22822362,native-object.raw,46984
scalar-full-source,2006710238,CAB-eb0cbd48e218dc6b8616a93d22822362,streaming-info.json,335
scalar-full-source,2006710238,CAB-eb0cbd48e218dc6b8616a93d22822362,acl-database-bulk.bin,225846
scalar-full-source,2006710238,CAB-eb0cbd48e218dc6b8616a93d22822362,Avatar_Female_Size02_Remielle_Origin_Ani_Attack_ExSpecial.json,988765
scalar-full-source,2006710238,CAB-eb0cbd48e218dc6b8616a93d22822362,native-object.raw,173512
scalar-full-source,2006710238,CAB-eb0cbd48e218dc6b8616a93d22822362,streaming-info.json,341
scalar-full-source,2006710238,CAB-eb0cbd48e218dc6b8616a93d22822362,acl-database-bulk.bin,219665
scalar-full-source,2006710238,CAB-eb0cbd48e218dc6b8616a93d22822362,Avatar_Female_Size02_Remielle_Origin_Ani_Attack_ExSpecial_End.json,1012815
scalar-full-source,2006710238,CAB-eb0cbd48e218dc6b8616a93d22822362,native-object.raw,191580
scalar-full-source,2006710238,CAB-eb0cbd48e218dc6b8616a93d22822362,streaming-info.json,342
scalar-full-source,2006710238,CAB-eb0cbd48e218dc6b8616a93d22822362,acl-database-bulk.bin,26694
scalar-full-source,2006710238,CAB-eb0cbd48e218dc6b8616a93d22822362,Avatar_Female_Size02_Remielle_Origin_Default_Ani_Attack_ExSpecial_End.json,206648
scalar-full-source,2006710238,CAB-eb0cbd48e218dc6b8616a93d22822362,native-object.raw,50172
scalar-full-source,2006710238,CAB-eb0cbd48e218dc6b8616a93d22822362,streaming-info.json,340
scalar-full-source,2104872804,CAB-65e465f547e81e3551250368c361cc70,acl-database-bulk.bin,344378
scalar-full-source,2104872804,CAB-65e465f547e81e3551250368c361cc70,Avatar_Female_Size02_Remielle_Origin_Ani_Attack_Burst_Ex_02.json,104553938
scalar-full-source,2104872804,CAB-65e465f547e81e3551250368c361cc70,native-object.raw,9465076
scalar-full-source,2104872804,CAB-65e465f547e81e3551250368c361cc70,streaming-info.json,338
scalar-full-source,2104872804,CAB-eb26aa027a063c0df36a140698155d38,Eff_RemielleOrigin_AirCombat_Parry_F_Start_01_Trail.json,23999
scalar-full-source,2104872804,CAB-eb26aa027a063c0df36a140698155d38,native-object.raw,3020
scalar-full-source,2132654338,CAB-066993d8a5ff8d0ccef4a25cb579569a,acl-database-bulk.bin,40480
scalar-full-source,2132654338,CAB-066993d8a5ff8d0ccef4a25cb579569a,Avatar_Female_Size02_Remielle_Origin_Default_Ani_Finish_Ex_AirState_Start.json,217172
scalar-full-source,2132654338,CAB-066993d8a5ff8d0ccef4a25cb579569a,native-object.raw,58368
scalar-full-source,2132654338,CAB-066993d8a5ff8d0ccef4a25cb579569a,streaming-info.json,335
scalar-full-source,2132654338,CAB-066993d8a5ff8d0ccef4a25cb579569a,acl-database-bulk.bin,328706
scalar-full-source,2132654338,CAB-066993d8a5ff8d0ccef4a25cb579569a,Avatar_Female_Size02_Remielle_Origin_Ani_Finish_Ex_AirState_Start.json,1011554
scalar-full-source,2132654338,CAB-066993d8a5ff8d0ccef4a25cb579569a,native-object.raw,192948
scalar-full-source,2132654338,CAB-066993d8a5ff8d0ccef4a25cb579569a,streaming-info.json,341
scalar-full-source,2132654338,CAB-15a4232294e11c716d031bbb083d7624,acl-database-bulk.bin,302335
scalar-full-source,2132654338,CAB-15a4232294e11c716d031bbb083d7624,Avatar_Female_Size02_Remielle_Origin_Ani_Attack_ParryAid_Start.json,1095698
scalar-full-source,2132654338,CAB-15a4232294e11c716d031bbb083d7624,native-object.raw,253688
scalar-full-source,2132654338,CAB-15a4232294e11c716d031bbb083d7624,streaming-info.json,341
scalar-full-source,2132654338,CAB-15a4232294e11c716d031bbb083d7624,acl-database-bulk.bin,36337
scalar-full-source,2132654338,CAB-15a4232294e11c716d031bbb083d7624,Avatar_Female_Size02_Remielle_Origin_Default_Ani_Attack_ParryAid_Start.json,229385
scalar-full-source,2132654338,CAB-15a4232294e11c716d031bbb083d7624,native-object.raw,67260
scalar-full-source,2132654338,CAB-15a4232294e11c716d031bbb083d7624,streaming-info.json,335
scalar-full-source,2132654338,CAB-2bb8c19b923ef6385b1ddfc59840a5d1,acl-database-bulk.bin,25918
scalar-full-source,2132654338,CAB-2bb8c19b923ef6385b1ddfc59840a5d1,Avatar_Female_Size02_Remielle_Origin_Default_Ani_Move_B_AirBack_Loop.json,193689
scalar-full-source,2132654338,CAB-2bb8c19b923ef6385b1ddfc59840a5d1,native-object.raw,40872
scalar-full-source,2132654338,CAB-2bb8c19b923ef6385b1ddfc59840a5d1,streaming-info.json,340
scalar-full-source,2132654338,CAB-2bb8c19b923ef6385b1ddfc59840a5d1,acl-database-bulk.bin,158792
scalar-full-source,2132654338,CAB-2bb8c19b923ef6385b1ddfc59840a5d1,Avatar_Female_Size02_Remielle_Origin_Ani_Move_B_AirBack_Loop.json,938276
scalar-full-source,2132654338,CAB-2bb8c19b923ef6385b1ddfc59840a5d1,native-object.raw,144288
scalar-full-source,2132654338,CAB-2bb8c19b923ef6385b1ddfc59840a5d1,streaming-info.json,337
scalar-full-source,2132654338,CAB-975769008ea745b3b1120bf4040819d9,acl-database-bulk.bin,292669
scalar-full-source,2132654338,CAB-975769008ea745b3b1120bf4040819d9,Avatar_Female_Size02_Remielle_Origin_Ani_Skill05_AirState_Back.json,1025661
scalar-full-source,2132654338,CAB-975769008ea745b3b1120bf4040819d9,native-object.raw,207688
scalar-full-source,2132654338,CAB-975769008ea745b3b1120bf4040819d9,streaming-info.json,337
scalar-full-source,2132654338,CAB-975769008ea745b3b1120bf4040819d9,acl-database-bulk.bin,38804
scalar-full-source,2132654338,CAB-975769008ea745b3b1120bf4040819d9,Avatar_Female_Size02_Remielle_Origin_Default_Ani_Skill05_AirState_Back.json,218522
scalar-full-source,2132654338,CAB-975769008ea745b3b1120bf4040819d9,native-object.raw,59260
scalar-full-source,2132654338,CAB-975769008ea745b3b1120bf4040819d9,streaming-info.json,340
scalar-full-source,2132654338,CAB-9b4af7685cf267f83ff85a5ec3bf63fa,acl-database-bulk.bin,10150
scalar-full-source,2132654338,CAB-9b4af7685cf267f83ff85a5ec3bf63fa,Avatar_Female_Size02_Remielle_Origin_Default_Ani_Attack_Burst_Ex_Max02.json,174922
scalar-full-source,2132654338,CAB-9b4af7685cf267f83ff85a5ec3bf63fa,native-object.raw,26620
scalar-full-source,2132654338,CAB-9b4af7685cf267f83ff85a5ec3bf63fa,streaming-info.json,335
scalar-full-source,2132654338,CAB-9b4af7685cf267f83ff85a5ec3bf63fa,acl-database-bulk.bin,250829
scalar-full-source,2132654338,CAB-9b4af7685cf267f83ff85a5ec3bf63fa,Avatar_Female_Size02_Remielle_Origin_Ani_Attack_Burst_Ex_Max02_End.json,1040693
scalar-full-source,2132654338,CAB-9b4af7685cf267f83ff85a5ec3bf63fa,native-object.raw,212232
scalar-full-source,2132654338,CAB-9b4af7685cf267f83ff85a5ec3bf63fa,streaming-info.json,341
scalar-full-source,2132654338,CAB-9b4af7685cf267f83ff85a5ec3bf63fa,acl-database-bulk.bin,79872
scalar-full-source,2132654338,CAB-9b4af7685cf267f83ff85a5ec3bf63fa,Avatar_Female_Size02_Remielle_Origin_Ani_Attack_Burst_Ex_Max02.json,896001
scalar-full-source,2132654338,CAB-9b4af7685cf267f83ff85a5ec3bf63fa,native-object.raw,106292
scalar-full-source,2132654338,CAB-9b4af7685cf267f83ff85a5ec3bf63fa,streaming-info.json,341
scalar-full-source,2132654338,CAB-9b4af7685cf267f83ff85a5ec3bf63fa,acl-database-bulk.bin,31862
scalar-full-source,2132654338,CAB-9b4af7685cf267f83ff85a5ec3bf63fa,Avatar_Female_Size02_Remielle_Origin_Default_Ani_Attack_Burst_Ex_Max02_End.json,212820
scalar-full-source,2132654338,CAB-9b4af7685cf267f83ff85a5ec3bf63fa,native-object.raw,54784
scalar-full-source,2132654338,CAB-9b4af7685cf267f83ff85a5ec3bf63fa,streaming-info.json,340
scalar-full-source,2132654338,CAB-cbf6cc6406d5e1b3033b8596ae1c33cc,acl-database-bulk.bin,142130
scalar-full-source,2132654338,CAB-cbf6cc6406d5e1b3033b8596ae1c33cc,Avatar_Female_Size02_Remielle_Origin_Ani_Attack_ChangeState_02.json,935351
scalar-full-source,2132654338,CAB-cbf6cc6406d5e1b3033b8596ae1c33cc,native-object.raw,135484
scalar-full-source,2132654338,CAB-cbf6cc6406d5e1b3033b8596ae1c33cc,streaming-info.json,341
scalar-full-source,2132654338,CAB-cbf6cc6406d5e1b3033b8596ae1c33cc,acl-database-bulk.bin,17032
scalar-full-source,2132654338,CAB-cbf6cc6406d5e1b3033b8596ae1c33cc,Avatar_Female_Size02_Remielle_Origin_Default_Ani_Attack_ChangeState_02.json,185253
scalar-full-source,2132654338,CAB-cbf6cc6406d5e1b3033b8596ae1c33cc,native-object.raw,34508
scalar-full-source,2132654338,CAB-cbf6cc6406d5e1b3033b8596ae1c33cc,streaming-info.json,335
scalar-full-source,2132654338,CAB-cca7ec1a1760f2a8d6df50fccf3e7be7,acl-database-bulk.bin,37595
scalar-full-source,2132654338,CAB-cca7ec1a1760f2a8d6df50fccf3e7be7,Avatar_Female_Size02_Remielle_Origin_Default_Ani_Walk_Start_End.json,232102
scalar-full-source,2132654338,CAB-cca7ec1a1760f2a8d6df50fccf3e7be7,native-object.raw,68468
scalar-full-source,2132654338,CAB-cca7ec1a1760f2a8d6df50fccf3e7be7,streaming-info.json,340
scalar-full-source,2132654338,CAB-cca7ec1a1760f2a8d6df50fccf3e7be7,acl-database-bulk.bin,303398
scalar-full-source,2132654338,CAB-cca7ec1a1760f2a8d6df50fccf3e7be7,Avatar_Female_Size02_Remielle_Origin_Ani_Walk_Start_End.json,1100662
scalar-full-source,2132654338,CAB-cca7ec1a1760f2a8d6df50fccf3e7be7,native-object.raw,255216
scalar-full-source,2132654338,CAB-cca7ec1a1760f2a8d6df50fccf3e7be7,streaming-info.json,337
scalar-full-source,2132654338,CAB-d79218643cf93cba63ee791475ee3abf,acl-database-bulk.bin,37443
scalar-full-source,2132654338,CAB-d79218643cf93cba63ee791475ee3abf,Avatar_Female_Size02_Remielle_Origin_Default_Ani_HitFly_Back.json,220365
scalar-full-source,2132654338,CAB-d79218643cf93cba63ee791475ee3abf,native-object.raw,60544
scalar-full-source,2132654338,CAB-d79218643cf93cba63ee791475ee3abf,streaming-info.json,335
scalar-full-source,2132654338,CAB-d79218643cf93cba63ee791475ee3abf,acl-database-bulk.bin,310140
scalar-full-source,2132654338,CAB-d79218643cf93cba63ee791475ee3abf,Avatar_Female_Size02_Remielle_Origin_Ani_HitFly_Back.json,1061804
scalar-full-source,2132654338,CAB-d79218643cf93cba63ee791475ee3abf,native-object.raw,229424
scalar-full-source,2132654338,CAB-d79218643cf93cba63ee791475ee3abf,streaming-info.json,341
scalar-full-source,2183785604,CAB-0081e50605a79e2da9734d5e61074554,acl-database-bulk.bin,8795
scalar-full-source,2183785604,CAB-0081e50605a79e2da9734d5e61074554,Avatar_Female_Size02_Remielle_PasSeul_Ani_Gal_Sad_End.json,112907
scalar-full-source,2183785604,CAB-0081e50605a79e2da9734d5e61074554,native-object.raw,20072
scalar-full-source,2183785604,CAB-0081e50605a79e2da9734d5e61074554,streaming-info.json,334
scalar-full-source,2183785604,CAB-00f44328cb87e7c8bced4391b7b79872,acl-database-bulk.bin,10995
scalar-full-source,2183785604,CAB-00f44328cb87e7c8bced4391b7b79872,Avatar_Female_Size02_Remielle_PasSeul_Ani_Gal_Special_Loop.json,116303
scalar-full-source,2183785604,CAB-00f44328cb87e7c8bced4391b7b79872,native-object.raw,22620
scalar-full-source,2183785604,CAB-00f44328cb87e7c8bced4391b7b79872,streaming-info.json,335
scalar-full-source,2183785604,CAB-0a06d3cee101691cb19f3178cbeaa657,acl-database-bulk.bin,12497
scalar-full-source,2183785604,CAB-0a06d3cee101691cb19f3178cbeaa657,Avatar_Female_Size02_Remielle_PasSeul_Ani_UI_Skill_02.json,118000
scalar-full-source,2183785604,CAB-0a06d3cee101691cb19f3178cbeaa657,native-object.raw,23896
scalar-full-source,2183785604,CAB-0a06d3cee101691cb19f3178cbeaa657,streaming-info.json,335
scalar-full-source,2183785604,CAB-0b5dc51a094df03cf39a5e3f2451de2c,acl-database-bulk.bin,247344
scalar-full-source,2183785604,CAB-0b5dc51a094df03cf39a5e3f2451de2c,Avatar_Female_Size02_Remielle_PasSeul_Ani_MC_Beach_Walk_End_L.json,1095273
scalar-full-source,2183785604,CAB-0b5dc51a094df03cf39a5e3f2451de2c,native-object.raw,180692
scalar-full-source,2183785604,CAB-0b5dc51a094df03cf39a5e3f2451de2c,streaming-info.json,337
scalar-full-source,2183785604,CAB-1b8aa5b857fc1c823d01e5e2f481b33f,acl-database-bulk.bin,10318
scalar-full-source,2183785604,CAB-1b8aa5b857fc1c823d01e5e2f481b33f,Avatar_Female_Size02_Remielle_PasSeul_Ani_Gal_Special_Start.json,114221
scalar-full-source,2183785604,CAB-1b8aa5b857fc1c823d01e5e2f481b33f,native-object.raw,21036
scalar-full-source,2183785604,CAB-1b8aa5b857fc1c823d01e5e2f481b33f,streaming-info.json,335
scalar-full-source,2183785604,CAB-1bf1c7e6dafde66281b6d4c494f6e6ce,acl-database-bulk.bin,99333
scalar-full-source,2183785604,CAB-1bf1c7e6dafde66281b6d4c494f6e6ce,Avatar_Female_Size02_Remielle_PasSeul_Ani_Gal_Think_Start.json,985749
scalar-full-source,2183785604,CAB-1bf1c7e6dafde66281b6d4c494f6e6ce,native-object.raw,121120
scalar-full-source,2183785604,CAB-1bf1c7e6dafde66281b6d4c494f6e6ce,streaming-info.json,336
scalar-full-source,2183785604,CAB-26d5a02903184363cbcc41eb74ba5853,acl-database-bulk.bin,7152
scalar-full-source,2183785604,CAB-26d5a02903184363cbcc41eb74ba5853,Avatar_Female_Size02_Remielle_Ramiel_Ani_Hit_L_Back.json,248159
scalar-full-source,2183785604,CAB-26d5a02903184363cbcc41eb74ba5853,native-object.raw,32136
scalar-full-source,2183785604,CAB-26d5a02903184363cbcc41eb74ba5853,streaming-info.json,334
scalar-full-source,2183785604,CAB-2dca7d9ca85098d09e896d1de322c718,acl-database-bulk.bin,10435
scalar-full-source,2183785604,CAB-2dca7d9ca85098d09e896d1de322c718,Avatar_Female_Size02_Remielle_PasSeul_Ani_Gal_Surprise_Start.json,115151
scalar-full-source,2183785604,CAB-2dca7d9ca85098d09e896d1de322c718,native-object.raw,21756
scalar-full-source,2183785604,CAB-2dca7d9ca85098d09e896d1de322c718,streaming-info.json,335
scalar-full-source,2183785604,CAB-2e943818f2dc143bc056a2dd73705886,acl-database-bulk.bin,625229
scalar-full-source,2183785604,CAB-2e943818f2dc143bc056a2dd73705886,Avatar_Female_Size02_Remielle_PasSeul_Ani_UI_MainPage_01.json,1227968
scalar-full-source,2183785604,CAB-2e943818f2dc143bc056a2dd73705886,native-object.raw,305160
scalar-full-source,2183785604,CAB-2e943818f2dc143bc056a2dd73705886,streaming-info.json,337
scalar-full-source,2183785604,CAB-358a540d75c0fbe22f8c48cfab7bb7a5,acl-database-bulk.bin,13356
scalar-full-source,2183785604,CAB-358a540d75c0fbe22f8c48cfab7bb7a5,Avatar_Female_Size02_Remielle_PasSeul_Ani_Gal_Happy_Loop.json,118492
scalar-full-source,2183785604,CAB-358a540d75c0fbe22f8c48cfab7bb7a5,native-object.raw,24280
scalar-full-source,2183785604,CAB-358a540d75c0fbe22f8c48cfab7bb7a5,streaming-info.json,335
scalar-full-source,2183785604,CAB-3f471b94cd34d28989267cc95e6f5153,acl-database-bulk.bin,9986
scalar-full-source,2183785604,CAB-3f471b94cd34d28989267cc95e6f5153,Avatar_Female_Size02_Remielle_PasSeul_Ani_Gal_Angry_Loop.json,115593
scalar-full-source,2183785604,CAB-3f471b94cd34d28989267cc95e6f5153,native-object.raw,22024
scalar-full-source,2183785604,CAB-3f471b94cd34d28989267cc95e6f5153,streaming-info.json,334
scalar-full-source,2183785604,CAB-3f494418752d2a601ad9bcd0655dd693,acl-database-bulk.bin,12285
scalar-full-source,2183785604,CAB-3f494418752d2a601ad9bcd0655dd693,Avatar_Female_Size02_Remielle_PasSeul_Ani_UI_EtoS2.json,117306
scalar-full-source,2183785604,CAB-3f494418752d2a601ad9bcd0655dd693,native-object.raw,23348
scalar-full-source,2183785604,CAB-3f494418752d2a601ad9bcd0655dd693,streaming-info.json,335
scalar-full-source,2183785604,CAB-43d84f052cdab39a53dc47804a840fbb,acl-database-bulk.bin,15220
scalar-full-source,2183785604,CAB-43d84f052cdab39a53dc47804a840fbb,Avatar_Female_Size02_Remielle_PasSeul_Ani_UI_EtoD.json,119591
scalar-full-source,2183785604,CAB-43d84f052cdab39a53dc47804a840fbb,native-object.raw,25140
scalar-full-source,2183785604,CAB-43d84f052cdab39a53dc47804a840fbb,streaming-info.json,335
scalar-full-source,2183785604,CAB-595d9d336fae704854ddf934daa1524f,acl-database-bulk.bin,14281
scalar-full-source,2183785604,CAB-595d9d336fae704854ddf934daa1524f,Avatar_Female_Size02_Remielle_PasSeul_Ani_UI_Skill_01.json,118487
scalar-full-source,2183785604,CAB-595d9d336fae704854ddf934daa1524f,native-object.raw,24264
scalar-full-source,2183785604,CAB-595d9d336fae704854ddf934daa1524f,streaming-info.json,335
scalar-full-source,2183785604,CAB-5bdef30a9e6217f576a41c6f379eaa9f,acl-database-bulk.bin,13021
scalar-full-source,2183785604,CAB-5bdef30a9e6217f576a41c6f379eaa9f,Avatar_Female_Size02_Remielle_PasSeul_Ani_UI_S2toE.json,117341
scalar-full-source,2183785604,CAB-5bdef30a9e6217f576a41c6f379eaa9f,native-object.raw,23396
scalar-full-source,2183785604,CAB-5bdef30a9e6217f576a41c6f379eaa9f,streaming-info.json,335
scalar-full-source,2183785604,CAB-6ce8f865ec68024843efa2e344a08a69,acl-database-bulk.bin,103044
scalar-full-source,2183785604,CAB-6ce8f865ec68024843efa2e344a08a69,Avatar_Female_Size02_Remielle_PasSeul_Ani_Gal_Think_Loop.json,989726
scalar-full-source,2183785604,CAB-6ce8f865ec68024843efa2e344a08a69,native-object.raw,124172
scalar-full-source,2183785604,CAB-6ce8f865ec68024843efa2e344a08a69,streaming-info.json,337
scalar-full-source,2183785604,CAB-6d0fbce54e4dc57ca69f5b2cc5f95e99,acl-database-bulk.bin,21385
scalar-full-source,2183785604,CAB-6d0fbce54e4dc57ca69f5b2cc5f95e99,Avatar_Female_Size02_Remielle_PasSeul_Ani_UI_CharSel_Start.json,128037
scalar-full-source,2183785604,CAB-6d0fbce54e4dc57ca69f5b2cc5f95e99,native-object.raw,31420
scalar-full-source,2183785604,CAB-6d0fbce54e4dc57ca69f5b2cc5f95e99,streaming-info.json,335
scalar-full-source,2183785604,CAB-72f8c7f9827fcfe0173693c8bdb902a7,acl-database-bulk.bin,13827
scalar-full-source,2183785604,CAB-72f8c7f9827fcfe0173693c8bdb902a7,Avatar_Female_Size02_Remielle_PasSeul_Ani_UI_DtoS1.json,118180
scalar-full-source,2183785604,CAB-72f8c7f9827fcfe0173693c8bdb902a7,native-object.raw,24004
scalar-full-source,2183785604,CAB-72f8c7f9827fcfe0173693c8bdb902a7,streaming-info.json,335
scalar-full-source,2183785604,CAB-77c00d7f0c032a453bd3e434ab289511,acl-database-bulk.bin,10067
scalar-full-source,2183785604,CAB-77c00d7f0c032a453bd3e434ab289511,Avatar_Female_Size02_Remielle_PasSeul_Ani_Gal_Angry_End.json,114708
scalar-full-source,2183785604,CAB-77c00d7f0c032a453bd3e434ab289511,native-object.raw,21464
scalar-full-source,2183785604,CAB-77c00d7f0c032a453bd3e434ab289511,streaming-info.json,335
scalar-full-source,2183785604,CAB-7e1ca352d334bdb66920d5507c2271b0,acl-database-bulk.bin,9489
scalar-full-source,2183785604,CAB-7e1ca352d334bdb66920d5507c2271b0,Avatar_Female_Size02_Remielle_PasSeul_Ani_Gal_Surprise_End.json,113874
scalar-full-source,2183785604,CAB-7e1ca352d334bdb66920d5507c2271b0,native-object.raw,20780
scalar-full-source,2183785604,CAB-7e1ca352d334bdb66920d5507c2271b0,streaming-info.json,334
scalar-full-source,2183785604,CAB-7f1b7b904692de4525488c7d02f4aa4a,acl-database-bulk.bin,11699
scalar-full-source,2183785604,CAB-7f1b7b904692de4525488c7d02f4aa4a,Avatar_Female_Size02_Remielle_PasSeul_Ani_Gal_Idle.json,116788
scalar-full-source,2183785604,CAB-7f1b7b904692de4525488c7d02f4aa4a,native-object.raw,23012
scalar-full-source,2183785604,CAB-7f1b7b904692de4525488c7d02f4aa4a,streaming-info.json,335
scalar-full-source,2183785604,CAB-8146c8dd5a4a7d5f8cdb69ed9a1135cc,acl-database-bulk.bin,12452
scalar-full-source,2183785604,CAB-8146c8dd5a4a7d5f8cdb69ed9a1135cc,Avatar_Female_Size02_Remielle_PasSeul_Ani_UI_DtoE.json,117855
scalar-full-source,2183785604,CAB-8146c8dd5a4a7d5f8cdb69ed9a1135cc,native-object.raw,23780
scalar-full-source,2183785604,CAB-8146c8dd5a4a7d5f8cdb69ed9a1135cc,streaming-info.json,335
scalar-full-source,2183785604,CAB-92ab1ae1ca44a05905734c0daa6fea22,acl-database-bulk.bin,14374
scalar-full-source,2183785604,CAB-92ab1ae1ca44a05905734c0daa6fea22,Avatar_Female_Size02_Remielle_PasSeul_Ani_UI_Detail.json,119536
scalar-full-source,2183785604,CAB-92ab1ae1ca44a05905734c0daa6fea22,native-object.raw,25060
scalar-full-source,2183785604,CAB-92ab1ae1ca44a05905734c0daa6fea22,streaming-info.json,335
scalar-full-source,2183785604,CAB-99813c44a68531f239e4a21a8713528b,acl-database-bulk.bin,10306
scalar-full-source,2183785604,CAB-99813c44a68531f239e4a21a8713528b,Avatar_Female_Size02_Remielle_PasSeul_Ani_Gal_Sad_Loop.json,115642
scalar-full-source,2183785604,CAB-99813c44a68531f239e4a21a8713528b,native-object.raw,22072
scalar-full-source,2183785604,CAB-99813c44a68531f239e4a21a8713528b,streaming-info.json,335
scalar-full-source,2183785604,CAB-a8a7115ce6b2b71f2d378c7009a9ecd8,acl-database-bulk.bin,11376
scalar-full-source,2183785604,CAB-a8a7115ce6b2b71f2d378c7009a9ecd8,Avatar_Female_Size02_Remielle_PasSeul_Ani_Gal_Happy_Start.json,115675
scalar-full-source,2183785604,CAB-a8a7115ce6b2b71f2d378c7009a9ecd8,native-object.raw,22156
scalar-full-source,2183785604,CAB-a8a7115ce6b2b71f2d378c7009a9ecd8,streaming-info.json,335
scalar-full-source,2183785604,CAB-b5243a409964c7da8c5cd9d4085df5a0,acl-database-bulk.bin,10230
scalar-full-source,2183785604,CAB-b5243a409964c7da8c5cd9d4085df5a0,Avatar_Female_Size02_Remielle_PasSeul_Ani_Gal_Shy_End.json,114320
scalar-full-source,2183785604,CAB-b5243a409964c7da8c5cd9d4085df5a0,native-object.raw,21176
scalar-full-source,2183785604,CAB-b5243a409964c7da8c5cd9d4085df5a0,streaming-info.json,335
scalar-full-source,2183785604,CAB-b81a3c105ad76542d1fed3d7b0090d88,acl-database-bulk.bin,10505
scalar-full-source,2183785604,CAB-b81a3c105ad76542d1fed3d7b0090d88,Avatar_Female_Size02_Remielle_PasSeul_Ani_Gal_Special_End.json,114589
scalar-full-source,2183785604,CAB-b81a3c105ad76542d1fed3d7b0090d88,native-object.raw,21324
scalar-full-source,2183785604,CAB-b81a3c105ad76542d1fed3d7b0090d88,streaming-info.json,335
scalar-full-source,2183785604,CAB-c28086548a5f518af0c4280fe1374c07,acl-database-bulk.bin,12889
scalar-full-source,2183785604,CAB-c28086548a5f518af0c4280fe1374c07,Avatar_Female_Size02_Remielle_PasSeul_Ani_Gal_Shy_Loop.json,118409
scalar-full-source,2183785604,CAB-c28086548a5f518af0c4280fe1374c07,native-object.raw,24184
scalar-full-source,2183785604,CAB-c28086548a5f518af0c4280fe1374c07,streaming-info.json,335
scalar-full-source,2183785604,CAB-c3b92ac7b9cd05bd4c225912ca8073d4,acl-database-bulk.bin,15337
scalar-full-source,2183785604,CAB-c3b92ac7b9cd05bd4c225912ca8073d4,Avatar_Female_Size02_Remielle_PasSeul_Ani_UI_S2toD.json,120943
scalar-full-source,2183785604,CAB-c3b92ac7b9cd05bd4c225912ca8073d4,native-object.raw,26116
scalar-full-source,2183785604,CAB-c3b92ac7b9cd05bd4c225912ca8073d4,streaming-info.json,335
scalar-full-source,2183785604,CAB-c8218c5371a35df56bd6977dac6ed3d5,acl-database-bulk.bin,14153
scalar-full-source,2183785604,CAB-c8218c5371a35df56bd6977dac6ed3d5,Avatar_Female_Size02_Remielle_PasSeul_Ani_UI_Equipment.json,118587
scalar-full-source,2183785604,CAB-c8218c5371a35df56bd6977dac6ed3d5,native-object.raw,24360
scalar-full-source,2183785604,CAB-c8218c5371a35df56bd6977dac6ed3d5,streaming-info.json,335
scalar-full-source,2183785604,CAB-cca7f537795f6ce0fd324a8527293a3c,acl-database-bulk.bin,10144
scalar-full-source,2183785604,CAB-cca7f537795f6ce0fd324a8527293a3c,Avatar_Female_Size02_Remielle_PasSeul_Ani_Gal_Happy_End.json,114688
scalar-full-source,2183785604,CAB-cca7f537795f6ce0fd324a8527293a3c,native-object.raw,21432
scalar-full-source,2183785604,CAB-cca7f537795f6ce0fd324a8527293a3c,streaming-info.json,335
scalar-full-source,2183785604,CAB-d964c5e1b71191ffd332c5d653f5a133,acl-database-bulk.bin,9381
scalar-full-source,2183785604,CAB-d964c5e1b71191ffd332c5d653f5a133,Avatar_Female_Size02_Remielle_PasSeul_Ani_Gal_Angry_Start.json,114983
scalar-full-source,2183785604,CAB-d964c5e1b71191ffd332c5d653f5a133,native-object.raw,21596
scalar-full-source,2183785604,CAB-d964c5e1b71191ffd332c5d653f5a133,streaming-info.json,334
scalar-full-source,2183785604,CAB-db38d303b997e6d0989d5379d843a13d,acl-database-bulk.bin,11469
scalar-full-source,2183785604,CAB-db38d303b997e6d0989d5379d843a13d,Avatar_Female_Size02_Remielle_PasSeul_Ani_Gal_Shy_Start.json,115520
scalar-full-source,2183785604,CAB-db38d303b997e6d0989d5379d843a13d,native-object.raw,22024
scalar-full-source,2183785604,CAB-db38d303b997e6d0989d5379d843a13d,streaming-info.json,335
scalar-full-source,2183785604,CAB-e205a31d6d691b9a5d8cf43084c05be3,acl-database-bulk.bin,13546
scalar-full-source,2183785604,CAB-e205a31d6d691b9a5d8cf43084c05be3,Avatar_Female_Size02_Remielle_PasSeul_Ani_UI_S1toE.json,118358
scalar-full-source,2183785604,CAB-e205a31d6d691b9a5d8cf43084c05be3,native-object.raw,24116
scalar-full-source,2183785604,CAB-e205a31d6d691b9a5d8cf43084c05be3,streaming-info.json,335
scalar-full-source,2183785604,CAB-e6661bbfdd84567668a24aad186f2f95,acl-database-bulk.bin,12776
scalar-full-source,2183785604,CAB-e6661bbfdd84567668a24aad186f2f95,Avatar_Female_Size02_Remielle_PasSeul_Ani_Gal_Surprise_Loop.json,117490
scalar-full-source,2183785604,CAB-e6661bbfdd84567668a24aad186f2f95,native-object.raw,23500
scalar-full-source,2183785604,CAB-e6661bbfdd84567668a24aad186f2f95,streaming-info.json,335
scalar-full-source,2183785604,CAB-e6ebe6ef09135bf09a57ce5acbc8c331,acl-database-bulk.bin,15782
scalar-full-source,2183785604,CAB-e6ebe6ef09135bf09a57ce5acbc8c331,Avatar_Female_Size02_Remielle_PasSeul_Ani_UI_S1toD.json,120227
scalar-full-source,2183785604,CAB-e6ebe6ef09135bf09a57ce5acbc8c331,native-object.raw,25572
scalar-full-source,2183785604,CAB-e6ebe6ef09135bf09a57ce5acbc8c331,streaming-info.json,335
scalar-full-source,2183785604,CAB-e868f0703965c93957c510d43da868e1,acl-database-bulk.bin,8619
scalar-full-source,2183785604,CAB-e868f0703965c93957c510d43da868e1,Avatar_Female_Size02_Remielle_PasSeul_Ani_Gal_Sad_Start.json,113040
scalar-full-source,2183785604,CAB-e868f0703965c93957c510d43da868e1,native-object.raw,20184
scalar-full-source,2183785604,CAB-e868f0703965c93957c510d43da868e1,streaming-info.json,334
scalar-full-source,2183785604,CAB-faa24614903bcfc08a87fa83e909652f,acl-database-bulk.bin,12033
scalar-full-source,2183785604,CAB-faa24614903bcfc08a87fa83e909652f,Avatar_Female_Size02_Remielle_PasSeul_Ani_UI_CharSel_Loop.json,116776
scalar-full-source,2183785604,CAB-faa24614903bcfc08a87fa83e909652f,native-object.raw,22972
scalar-full-source,2183785604,CAB-faa24614903bcfc08a87fa83e909652f,streaming-info.json,335
scalar-full-source,2183785604,CAB-ff06538f2cf37b3828c67f756843f5b6,acl-database-bulk.bin,104086
scalar-full-source,2183785604,CAB-ff06538f2cf37b3828c67f756843f5b6,Avatar_Female_Size02_Remielle_PasSeul_Ani_Gal_Think_End.json,986465
scalar-full-source,2183785604,CAB-ff06538f2cf37b3828c67f756843f5b6,native-object.raw,121516
scalar-full-source,2183785604,CAB-ff06538f2cf37b3828c67f756843f5b6,streaming-info.json,337
scalar-full-source,2195884044,CAB-1901aad6f689eed7044c69b77ff05e73,acl-database-bulk.bin,192638
scalar-full-source,2195884044,CAB-1901aad6f689eed7044c69b77ff05e73,Avatar_Female_Size02_Remielle_Origin_Ani_Hit_L_Back.json,1004816
scalar-full-source,2195884044,CAB-1901aad6f689eed7044c69b77ff05e73,native-object.raw,184316
scalar-full-source,2195884044,CAB-1901aad6f689eed7044c69b77ff05e73,streaming-info.json,337
scalar-full-source,2195884044,CAB-1901aad6f689eed7044c69b77ff05e73,acl-database-bulk.bin,24929
scalar-full-source,2195884044,CAB-1901aad6f689eed7044c69b77ff05e73,Avatar_Female_Size02_Remielle_Origin_Default_Ani_Hit_L_Back.json,199266
scalar-full-source,2195884044,CAB-1901aad6f689eed7044c69b77ff05e73,native-object.raw,44816
scalar-full-source,2195884044,CAB-1901aad6f689eed7044c69b77ff05e73,streaming-info.json,340
scalar-full-source,2195884044,CAB-229aeeb264be1fa68db9456ba381a48a,acl-database-bulk.bin,24772
scalar-full-source,2195884044,CAB-229aeeb264be1fa68db9456ba381a48a,Avatar_Female_Size02_Remielle_Origin_Default_Ani_Attack_Burst_Ex_01_End.json,192942
scalar-full-source,2195884044,CAB-229aeeb264be1fa68db9456ba381a48a,native-object.raw,40188
scalar-full-source,2195884044,CAB-229aeeb264be1fa68db9456ba381a48a,streaming-info.json,335
scalar-full-source,2195884044,CAB-229aeeb264be1fa68db9456ba381a48a,acl-database-bulk.bin,269266
scalar-full-source,2195884044,CAB-229aeeb264be1fa68db9456ba381a48a,Avatar_Female_Size02_Remielle_Origin_Ani_Attack_Burst_Ex_01.json,980635
scalar-full-source,2195884044,CAB-229aeeb264be1fa68db9456ba381a48a,native-object.raw,170520
scalar-full-source,2195884044,CAB-229aeeb264be1fa68db9456ba381a48a,streaming-info.json,341
scalar-full-source,2195884044,CAB-229aeeb264be1fa68db9456ba381a48a,acl-database-bulk.bin,198834
scalar-full-source,2195884044,CAB-229aeeb264be1fa68db9456ba381a48a,Avatar_Female_Size02_Remielle_Origin_Ani_Attack_Burst_Ex_01_End.json,957065
scalar-full-source,2195884044,CAB-229aeeb264be1fa68db9456ba381a48a,native-object.raw,151484
scalar-full-source,2195884044,CAB-229aeeb264be1fa68db9456ba381a48a,streaming-info.json,342
scalar-full-source,2195884044,CAB-229aeeb264be1fa68db9456ba381a48a,acl-database-bulk.bin,35423
scalar-full-source,2195884044,CAB-229aeeb264be1fa68db9456ba381a48a,Avatar_Female_Size02_Remielle_Origin_Default_Ani_Attack_Burst_Ex_01.json,203843
scalar-full-source,2195884044,CAB-229aeeb264be1fa68db9456ba381a48a,native-object.raw,48376
scalar-full-source,2195884044,CAB-229aeeb264be1fa68db9456ba381a48a,streaming-info.json,340
scalar-full-source,2195884044,CAB-4779813d2e0f93afdf2d3edbe23f0e12,acl-database-bulk.bin,17486
scalar-full-source,2195884044,CAB-4779813d2e0f93afdf2d3edbe23f0e12,Avatar_Female_Size02_Remielle_Origin_Default_Ani_SwitchIn_Attack_Ex_Extra.json,181897
scalar-full-source,2195884044,CAB-4779813d2e0f93afdf2d3edbe23f0e12,native-object.raw,32016
scalar-full-source,2195884044,CAB-4779813d2e0f93afdf2d3edbe23f0e12,streaming-info.json,340
scalar-full-source,2195884044,CAB-4779813d2e0f93afdf2d3edbe23f0e12,acl-database-bulk.bin,171585
scalar-full-source,2195884044,CAB-4779813d2e0f93afdf2d3edbe23f0e12,Avatar_Female_Size02_Remielle_Origin_Ani_SwitchIn_Attack_Ex_Extra_End.json,918051
scalar-full-source,2195884044,CAB-4779813d2e0f93afdf2d3edbe23f0e12,native-object.raw,132356
scalar-full-source,2195884044,CAB-4779813d2e0f93afdf2d3edbe23f0e12,streaming-info.json,337
scalar-full-source,2195884044,CAB-4779813d2e0f93afdf2d3edbe23f0e12,acl-database-bulk.bin,272793
scalar-full-source,2195884044,CAB-4779813d2e0f93afdf2d3edbe23f0e12,Avatar_Female_Size02_Remielle_Origin_Ani_SwitchIn_Attack_Ex_Extra.json,956224
scalar-full-source,2195884044,CAB-4779813d2e0f93afdf2d3edbe23f0e12,native-object.raw,160840
scalar-full-source,2195884044,CAB-4779813d2e0f93afdf2d3edbe23f0e12,streaming-info.json,342
scalar-full-source,2195884044,CAB-4779813d2e0f93afdf2d3edbe23f0e12,acl-database-bulk.bin,10775
scalar-full-source,2195884044,CAB-4779813d2e0f93afdf2d3edbe23f0e12,Avatar_Female_Size02_Remielle_Origin_Default_Ani_SwitchIn_Attack_Ex_Extra_End.json,174689
scalar-full-source,2195884044,CAB-4779813d2e0f93afdf2d3edbe23f0e12,native-object.raw,26644
scalar-full-source,2195884044,CAB-4779813d2e0f93afdf2d3edbe23f0e12,streaming-info.json,340
scalar-full-source,2195884044,CAB-5402ecb553c4ec8da345cdc0bc13adb1,acl-database-bulk.bin,25883
scalar-full-source,2195884044,CAB-5402ecb553c4ec8da345cdc0bc13adb1,Avatar_Female_Size02_Remielle_Origin_Default_Ani_Move_L_AirBack_Loop.json,193677
scalar-full-source,2195884044,CAB-5402ecb553c4ec8da345cdc0bc13adb1,native-object.raw,40952
scalar-full-source,2195884044,CAB-5402ecb553c4ec8da345cdc0bc13adb1,streaming-info.json,335
scalar-full-source,2195884044,CAB-5402ecb553c4ec8da345cdc0bc13adb1,acl-database-bulk.bin,159267
scalar-full-source,2195884044,CAB-5402ecb553c4ec8da345cdc0bc13adb1,Avatar_Female_Size02_Remielle_Origin_Ani_Move_L_AirBack_Loop.json,942345
scalar-full-source,2195884044,CAB-5402ecb553c4ec8da345cdc0bc13adb1,native-object.raw,144760
scalar-full-source,2195884044,CAB-5402ecb553c4ec8da345cdc0bc13adb1,streaming-info.json,341
scalar-full-source,2195884044,CAB-56cdc34c66d3452fe297032ff33b5d11,acl-database-bulk.bin,22750
scalar-full-source,2195884044,CAB-56cdc34c66d3452fe297032ff33b5d11,Avatar_Female_Size02_Remielle_Origin_Default_Ani_Idle_AirState_Back_Loop.json,191662
scalar-full-source,2195884044,CAB-56cdc34c66d3452fe297032ff33b5d11,native-object.raw,39468
scalar-full-source,2195884044,CAB-56cdc34c66d3452fe297032ff33b5d11,streaming-info.json,335
scalar-full-source,2195884044,CAB-56cdc34c66d3452fe297032ff33b5d11,acl-database-bulk.bin,144778
scalar-full-source,2195884044,CAB-56cdc34c66d3452fe297032ff33b5d11,Avatar_Female_Size02_Remielle_Origin_Ani_Idle_AirState_Back_Loop.json,932713
scalar-full-source,2195884044,CAB-56cdc34c66d3452fe297032ff33b5d11,native-object.raw,140764
scalar-full-source,2195884044,CAB-56cdc34c66d3452fe297032ff33b5d11,streaming-info.json,341
scalar-full-source,2195884044,CAB-aaef6b4fb34ad0132dcd1e5b3b885498,acl-database-bulk.bin,231069
scalar-full-source,2195884044,CAB-aaef6b4fb34ad0132dcd1e5b3b885498,Avatar_Female_Size02_Remielle_Origin_Ani_Skill01_AirState_Front.json,975916
scalar-full-source,2195884044,CAB-aaef6b4fb34ad0132dcd1e5b3b885498,native-object.raw,171040
scalar-full-source,2195884044,CAB-aaef6b4fb34ad0132dcd1e5b3b885498,streaming-info.json,337
scalar-full-source,2195884044,CAB-aaef6b4fb34ad0132dcd1e5b3b885498,acl-database-bulk.bin,28685
scalar-full-source,2195884044,CAB-aaef6b4fb34ad0132dcd1e5b3b885498,Avatar_Female_Size02_Remielle_Origin_Default_Ani_Skill01_AirState_Front.json,207221
scalar-full-source,2195884044,CAB-aaef6b4fb34ad0132dcd1e5b3b885498,native-object.raw,50524
scalar-full-source,2195884044,CAB-aaef6b4fb34ad0132dcd1e5b3b885498,streaming-info.json,340
scalar-full-source,2195884044,CAB-ac4906c6be59115fa632323c1195d7ec,acl-database-bulk.bin,20683
scalar-full-source,2195884044,CAB-ac4906c6be59115fa632323c1195d7ec,Avatar_Female_Size02_Remielle_Origin_Default_Ani_Skill03_AirState_Front.json,201753
scalar-full-source,2195884044,CAB-ac4906c6be59115fa632323c1195d7ec,native-object.raw,46668
scalar-full-source,2195884044,CAB-ac4906c6be59115fa632323c1195d7ec,streaming-info.json,335
scalar-full-source,2195884044,CAB-ac4906c6be59115fa632323c1195d7ec,acl-database-bulk.bin,212569
scalar-full-source,2195884044,CAB-ac4906c6be59115fa632323c1195d7ec,Avatar_Female_Size02_Remielle_Origin_Ani_Skill03_AirState_Front.json,965161
scalar-full-source,2195884044,CAB-ac4906c6be59115fa632323c1195d7ec,native-object.raw,166584
scalar-full-source,2195884044,CAB-ac4906c6be59115fa632323c1195d7ec,streaming-info.json,341
scalar-full-source,2195884044,CAB-c6ee2dec9eabf10ad92f7ab9a0e8aeca,acl-database-bulk.bin,26218
scalar-full-source,2195884044,CAB-c6ee2dec9eabf10ad92f7ab9a0e8aeca,Avatar_Female_Size02_Remielle_Origin_Default_Ani_Walk_to_Run_01.json,200175
scalar-full-source,2195884044,CAB-c6ee2dec9eabf10ad92f7ab9a0e8aeca,native-object.raw,45604
scalar-full-source,2195884044,CAB-c6ee2dec9eabf10ad92f7ab9a0e8aeca,streaming-info.json,335
scalar-full-source,2195884044,CAB-c6ee2dec9eabf10ad92f7ab9a0e8aeca,acl-database-bulk.bin,202813
scalar-full-source,2195884044,CAB-c6ee2dec9eabf10ad92f7ab9a0e8aeca,Avatar_Female_Size02_Remielle_Origin_Ani_Walk_to_Run_01.json,965738
scalar-full-source,2195884044,CAB-c6ee2dec9eabf10ad92f7ab9a0e8aeca,native-object.raw,158456
scalar-full-source,2195884044,CAB-c6ee2dec9eabf10ad92f7ab9a0e8aeca,streaming-info.json,341
scalar-full-source,2195884044,CAB-fabacafb7ce5f06e406cf83e2501a46b,acl-database-bulk.bin,116297
scalar-full-source,2195884044,CAB-fabacafb7ce5f06e406cf83e2501a46b,Avatar_Female_Size02_Remielle_Origin_Ani_Walk_Start.json,920693
scalar-full-source,2195884044,CAB-fabacafb7ce5f06e406cf83e2501a46b,native-object.raw,124076
scalar-full-source,2195884044,CAB-fabacafb7ce5f06e406cf83e2501a46b,streaming-info.json,341
scalar-full-source,2195884044,CAB-fabacafb7ce5f06e406cf83e2501a46b,acl-database-bulk.bin,16623
scalar-full-source,2195884044,CAB-fabacafb7ce5f06e406cf83e2501a46b,Avatar_Female_Size02_Remielle_Origin_Default_Ani_Walk_Start.json,182346
scalar-full-source,2195884044,CAB-fabacafb7ce5f06e406cf83e2501a46b,native-object.raw,32112
scalar-full-source,2195884044,CAB-fabacafb7ce5f06e406cf83e2501a46b,streaming-info.json,335
scalar-full-source,223229245,CAB-0a3e93111c2eb0bf9f21676ee06ff792,native-object.raw,2864
scalar-full-source,223229245,CAB-0a3e93111c2eb0bf9f21676ee06ff792,RemiellePanelColor1Loop.json,24957
scalar-full-source,223229245,CAB-16fff6d15318478706ce7deb6429c697,native-object.raw,7364
scalar-full-source,223229245,CAB-16fff6d15318478706ce7deb6429c697,RemiellePanelChange.json,69268
scalar-full-source,223229245,CAB-1cfb001771918c1d22f0bd7bb60598cd,native-object.raw,3272
scalar-full-source,223229245,CAB-1cfb001771918c1d22f0bd7bb60598cd,RemiellePanelColor1FadeOut.json,33671
scalar-full-source,223229245,CAB-1dd6e663d36015829cac2f2ace863462,ActivityRemielleBg_OB3_1Loop.json,1059143
scalar-full-source,223229245,CAB-1dd6e663d36015829cac2f2ace863462,native-object.raw,103912
scalar-full-source,223229245,CAB-2d83631be2bdb469e82cbfa56ca1cd98,ActivityRemielleBg_OB3_1FadeIn.json,63658
scalar-full-source,223229245,CAB-2d83631be2bdb469e82cbfa56ca1cd98,native-object.raw,6844
scalar-full-source,223229245,CAB-4dee4a37752d67547fc7017eb734e94d,native-object.raw,2328
scalar-full-source,223229245,CAB-4dee4a37752d67547fc7017eb734e94d,RemiellePanelProgressLightLoop.json,18818
scalar-full-source,223229245,CAB-826040ddd00b00f33d006e37cd882e2c,native-object.raw,24612
scalar-full-source,223229245,CAB-826040ddd00b00f33d006e37cd882e2c,RemiellePanelWingFadeOut.json,249219
scalar-full-source,223229245,CAB-86e1692e06cf543f09fa43024bd3458d,ActivityDemoRemielleFadeOut.json,14726
scalar-full-source,223229245,CAB-86e1692e06cf543f09fa43024bd3458d,native-object.raw,1984
scalar-full-source,223229245,CAB-98083e4a0f956c601f1c922cf8896079,native-object.raw,5204
scalar-full-source,223229245,CAB-98083e4a0f956c601f1c922cf8896079,RemiellePanelWingLoop.json,42307
scalar-full-source,223229245,CAB-a3eb6c0a83fd6db9d22e1e42f7ee5c68,ActivityRemielleCameraPageFadeIn.json,16044
scalar-full-source,223229245,CAB-a3eb6c0a83fd6db9d22e1e42f7ee5c68,native-object.raw,2124
scalar-full-source,223229245,CAB-b3e0b8c4680d4ae6441ebd1ab11ddecd,ActivityDemoRemielleLoop.json,49891
scalar-full-source,223229245,CAB-b3e0b8c4680d4ae6441ebd1ab11ddecd,native-object.raw,5648
scalar-full-source,223229245,CAB-b647d7766cda4255b7dfa7ceb9c1e29e,ActivityRemielleCameraPageFadeOut.json,14740
scalar-full-source,223229245,CAB-b647d7766cda4255b7dfa7ceb9c1e29e,native-object.raw,2004
scalar-full-source,223229245,CAB-b72f4d083267e7b0b3d3498c138c587b,ActivityDemoRemielleShowFadeIn.json,249232
scalar-full-source,223229245,CAB-b72f4d083267e7b0b3d3498c138c587b,native-object.raw,25448
scalar-full-source,223229245,CAB-bba49b5335b1faa89a5a69b6aecf4e70,native-object.raw,3876
scalar-full-source,223229245,CAB-bba49b5335b1faa89a5a69b6aecf4e70,RemiellePanelColor1FadeIn.json,42875
scalar-full-source,223229245,CAB-c75034754d58d772fdef75b9b93c5fe3,ActivityRemielleCameraMissionRowFadeIn.json,14748
scalar-full-source,223229245,CAB-c75034754d58d772fdef75b9b93c5fe3,native-object.raw,1996
scalar-full-source,223229245,CAB-debb31c4d53c4ffc7acf4beeadef7d29,native-object.raw,37640
scalar-full-source,223229245,CAB-debb31c4d53c4ffc7acf4beeadef7d29,RemiellePanelWingFadeIn.json,378484
scalar-full-source,223229245,CAB-e2149a58521a1ecd40af05d00c3b2e31,ActivityDemoRemielleChangeFadeIn.json,80901
scalar-full-source,223229245,CAB-e2149a58521a1ecd40af05d00c3b2e31,native-object.raw,8784
scalar-full-source,2329494380,CAB-77cc6dc8396de31b951456b5a60ca2a5,acl-database-bulk.bin,61408
scalar-full-source,2329494380,CAB-77cc6dc8396de31b951456b5a60ca2a5,Avatar_Female_Size02_Remielle_Origin_Ani_MC_Run_Loop.json,793329
scalar-full-source,2329494380,CAB-77cc6dc8396de31b951456b5a60ca2a5,native-object.raw,86540
scalar-full-source,2329494380,CAB-77cc6dc8396de31b951456b5a60ca2a5,streaming-info.json,339
scalar-full-source,2329494380,CAB-77cc6dc8396de31b951456b5a60ca2a5,acl-database-bulk.bin,14061
scalar-full-source,2329494380,CAB-77cc6dc8396de31b951456b5a60ca2a5,Avatar_Female_Size02_Remielle_Origin_Default_Ani_MC_Run_Loop.json,260704
scalar-full-source,2329494380,CAB-77cc6dc8396de31b951456b5a60ca2a5,native-object.raw,35872
scalar-full-source,2329494380,CAB-77cc6dc8396de31b951456b5a60ca2a5,streaming-info.json,335
scalar-full-source,2364458862,CAB-6cc26b479da3ddcf68c466973a389429,acl-database-bulk.bin,1427021
scalar-full-source,2364458862,CAB-6cc26b479da3ddcf68c466973a389429,native-object.raw,503868
scalar-full-source,2364458862,CAB-6cc26b479da3ddcf68c466973a389429,streaming-info.json,338
scalar-full-source,2364458862,CAB-6cc26b479da3ddcf68c466973a389429,TL_C31_05_SC010_Avatar_Remielle.json,1763971
scalar-full-source,2375779530,CAB-0047acc1e8eee635d68aa600539aa2f3,Eff_RemielleOrigin_Attack_Normal_02_01_Trail.json,96470
scalar-full-source,2375779530,CAB-0047acc1e8eee635d68aa600539aa2f3,native-object.raw,10584
scalar-full-source,2375779530,CAB-09ef7a9f9219f904bae6ef5f9c7491b4,Eff_RemielleOrigin_Attack_QTE_27_Trail.json,13449
scalar-full-source,2375779530,CAB-09ef7a9f9219f904bae6ef5f9c7491b4,native-object.raw,1892
scalar-full-source,2375779530,CAB-0bbdfcc633c06f9a7d25a8ea2f9d1379,Eff_RemielleOrigin_Attack_QTE_29_Trail.json,36403
scalar-full-source,2375779530,CAB-0bbdfcc633c06f9a7d25a8ea2f9d1379,native-object.raw,4080
scalar-full-source,2375779530,CAB-0f6804ef18d49904c392d50ec6aec5e7,Eff_RemielleOrigin_Attack_Normal_04_11_Trail.json,36132
scalar-full-source,2375779530,CAB-0f6804ef18d49904c392d50ec6aec5e7,native-object.raw,4364
scalar-full-source,2375779530,CAB-0fe557bc38625ef90e729c9dada35a86,Eff_RemielleOrigin_Attack_QTE_17_Trail.json,42285
scalar-full-source,2375779530,CAB-0fe557bc38625ef90e729c9dada35a86,native-object.raw,4696
scalar-full-source,2375779530,CAB-25dce4ff58465e58646a4b45e8362c53,Eff_RemielleOrigin_Attack_Normal_04_20_Trail.json,20265
scalar-full-source,2375779530,CAB-25dce4ff58465e58646a4b45e8362c53,native-object.raw,2368
scalar-full-source,2375779530,CAB-3883affc862d136a4e049240e5399943,Eff_RemielleOrigin_Attack_Normal_04_13_Trail.json,35287
scalar-full-source,2375779530,CAB-3883affc862d136a4e049240e5399943,native-object.raw,4276
scalar-full-source,2375779530,CAB-6f45b089093a780a6ad80cca5e58be83,Eff_RemielleOrigin_Attack_Normal_04_12_Trail.json,36177
scalar-full-source,2375779530,CAB-6f45b089093a780a6ad80cca5e58be83,native-object.raw,4364
scalar-full-source,2375779530,CAB-79ce0b956e89d4399a3f744500bcdda6,Eff_RemielleOrigin_Attack_Normal_03_01_Trail.json,37436
scalar-full-source,2375779530,CAB-79ce0b956e89d4399a3f744500bcdda6,native-object.raw,4312
scalar-full-source,2375779530,CAB-8193a02d4a78f9617384a9e8c5ea21ee,Eff_RemielleOrigin_Attack_QTE_28_Trail.json,30218
scalar-full-source,2375779530,CAB-8193a02d4a78f9617384a9e8c5ea21ee,native-object.raw,3512
scalar-full-source,2375779530,CAB-916b13b0130f208744c1b7fda2976888,Eff_RemielleOrigin_Attack_Normal_04_08_Trail.json,34379
scalar-full-source,2375779530,CAB-916b13b0130f208744c1b7fda2976888,native-object.raw,4188
scalar-full-source,2375779530,CAB-94e1567f225fb3d51f2c5cf57f3bbdf6,Eff_RemielleOrigin_Attack_Normal_01_02_Trail.json,44387
scalar-full-source,2375779530,CAB-94e1567f225fb3d51f2c5cf57f3bbdf6,native-object.raw,4964
scalar-full-source,2375779530,CAB-954b1957e6e3a97cd629eff4386c99d8,Eff_RemielleOrigin_Attack_Normal_04_01_Trail.json,20829
scalar-full-source,2375779530,CAB-954b1957e6e3a97cd629eff4386c99d8,native-object.raw,2644
scalar-full-source,2375779530,CAB-9d6345116776493cf934015e41f03c0e,Eff_RemielleOrigin_Attack_Normal_04_02_Trail.json,20835
scalar-full-source,2375779530,CAB-9d6345116776493cf934015e41f03c0e,native-object.raw,2644
scalar-full-source,2375779530,CAB-a653bb162dbe15d132f570068fc4aea3,Eff_RemielleOrigin_Attack_Normal_04_09_Trail.json,42551
scalar-full-source,2375779530,CAB-a653bb162dbe15d132f570068fc4aea3,native-object.raw,4788
scalar-full-source,2375779530,CAB-a9830d212f4d966161fa0fc9ca42ac75,Eff_RemielleOrigin_Attack_Normal_04_21_Trail.json,21174
scalar-full-source,2375779530,CAB-a9830d212f4d966161fa0fc9ca42ac75,native-object.raw,2424
scalar-full-source,2375779530,CAB-c8b099547ec1dde2b4eaadda93a5a096,Eff_RemielleOrigin_Attack_QTE_41_Trail.json,18751
scalar-full-source,2375779530,CAB-c8b099547ec1dde2b4eaadda93a5a096,native-object.raw,2404
scalar-full-source,2375779530,CAB-d4bc13f9b423fa8a7e794eefeeb84f14,Eff_RemielleOrigin_Attack_Normal_03_02_Trail.json,30916
scalar-full-source,2375779530,CAB-d4bc13f9b423fa8a7e794eefeeb84f14,native-object.raw,3636
scalar-full-source,2375779530,CAB-d7cf53303011d50a0e01494de0c0a645,Eff_RemielleOrigin_Attack_Normal_04_10_Trail.json,36054
scalar-full-source,2375779530,CAB-d7cf53303011d50a0e01494de0c0a645,native-object.raw,4364
scalar-full-source,2375779530,CAB-dfc0f6d91fdf361651b727aa5ff375cc,Eff_RemielleOrigin_Attack_QTE_33_Trail.json,17665
scalar-full-source,2375779530,CAB-dfc0f6d91fdf361651b727aa5ff375cc,native-object.raw,2324
scalar-full-source,2375779530,CAB-f4f32e801ff3c5ab872b326eb85fa51b,Eff_RemielleOrigin_Attack_Rush_01_Trail.json,25289
scalar-full-source,2375779530,CAB-f4f32e801ff3c5ab872b326eb85fa51b,native-object.raw,3084
scalar-full-source,2375779530,CAB-fbc21c224093a3b7b8317610dfb8036f,Eff_RemielleOrigin_Attack_Normal_04_14_Trail.json,36063
scalar-full-source,2375779530,CAB-fbc21c224093a3b7b8317610dfb8036f,native-object.raw,4364
scalar-full-source,2375779530,CAB-fc30d5cbae994bb0a062aafb5d0113f7,Eff_RemielleOrigin_Attack_Normal_01_01_Trail.json,19014
scalar-full-source,2375779530,CAB-fc30d5cbae994bb0a062aafb5d0113f7,native-object.raw,2468
scalar-full-source,24427665,CAB-033581278efab1e57530b03113c46c6b,acl-database-bulk.bin,9427
scalar-full-source,24427665,CAB-033581278efab1e57530b03113c46c6b,Avatar_Female_Size02_Remielle_Ramiel_Ani_Skill02_AirState_Front.json,255005
scalar-full-source,24427665,CAB-033581278efab1e57530b03113c46c6b,native-object.raw,37492
scalar-full-source,24427665,CAB-033581278efab1e57530b03113c46c6b,streaming-info.json,334
scalar-full-source,24427665,CAB-08820125b7bf6b817e5b3618cd163e7b,acl-database-bulk.bin,9518
scalar-full-source,24427665,CAB-08820125b7bf6b817e5b3618cd163e7b,Avatar_Female_Size02_Remielle_Ramiel_Ani_Attack_Burst_Ex_Max01.json,247696
scalar-full-source,24427665,CAB-08820125b7bf6b817e5b3618cd163e7b,native-object.raw,32036
scalar-full-source,24427665,CAB-08820125b7bf6b817e5b3618cd163e7b,streaming-info.json,334
scalar-full-source,24427665,CAB-09a485904e38c953a58ffc5e617a7fb0,acl-database-bulk.bin,9356
scalar-full-source,24427665,CAB-09a485904e38c953a58ffc5e617a7fb0,Avatar_Female_Size02_Remielle_Ramiel_Ani_SwitchIn_Attack_Ex_Start.json,249268
scalar-full-source,24427665,CAB-09a485904e38c953a58ffc5e617a7fb0,native-object.raw,33048
scalar-full-source,24427665,CAB-09a485904e38c953a58ffc5e617a7fb0,streaming-info.json,334
scalar-full-source,24427665,CAB-09ef39187a2740f027e2e532e297e22d,acl-database-bulk.bin,5241
scalar-full-source,24427665,CAB-09ef39187a2740f027e2e532e297e22d,Avatar_Female_Size02_Remielle_Ramiel_Ani_Walk_Start.json,242179
scalar-full-source,24427665,CAB-09ef39187a2740f027e2e532e297e22d,native-object.raw,27736
scalar-full-source,24427665,CAB-09ef39187a2740f027e2e532e297e22d,streaming-info.json,334
scalar-full-source,24427665,CAB-11f61711d5fb5ea3877976d392f8216b,acl-database-bulk.bin,7626
scalar-full-source,24427665,CAB-11f61711d5fb5ea3877976d392f8216b,Avatar_Female_Size02_Remielle_Ramiel_Ani_Walk_to_Run_01.json,247121
scalar-full-source,24427665,CAB-11f61711d5fb5ea3877976d392f8216b,native-object.raw,31660
scalar-full-source,24427665,CAB-11f61711d5fb5ea3877976d392f8216b,streaming-info.json,334
scalar-full-source,24427665,CAB-1863e057d3fae27883a1bb63f7f984c0,acl-database-bulk.bin,14413
scalar-full-source,24427665,CAB-1863e057d3fae27883a1bb63f7f984c0,Avatar_Female_Size02_Remielle_Ani_Skill04_AirState_Back.json,259974
scalar-full-source,24427665,CAB-1863e057d3fae27883a1bb63f7f984c0,native-object.raw,41260
scalar-full-source,24427665,CAB-1863e057d3fae27883a1bb63f7f984c0,streaming-info.json,335
scalar-full-source,24427665,CAB-19b56fafd068f36be10d78fe98e88513,acl-database-bulk.bin,12186
scalar-full-source,24427665,CAB-19b56fafd068f36be10d78fe98e88513,Avatar_Female_Size02_Remielle_Ramiel_Ani_HitFly_Front.json,255717
scalar-full-source,24427665,CAB-19b56fafd068f36be10d78fe98e88513,native-object.raw,37900
scalar-full-source,24427665,CAB-19b56fafd068f36be10d78fe98e88513,streaming-info.json,335
scalar-full-source,24427665,CAB-1ea78866b09d4e0bc66b47a9acd3a7e4,acl-database-bulk.bin,7932
scalar-full-source,24427665,CAB-1ea78866b09d4e0bc66b47a9acd3a7e4,Avatar_Female_Size02_Remielle_Ramiel_Ani_Run_Transform_01.json,246835
scalar-full-source,24427665,CAB-1ea78866b09d4e0bc66b47a9acd3a7e4,native-object.raw,31408
scalar-full-source,24427665,CAB-1ea78866b09d4e0bc66b47a9acd3a7e4,streaming-info.json,334
scalar-full-source,24427665,CAB-247eabe2a495c8544558bd122a33d2c6,acl-database-bulk.bin,11241
scalar-full-source,24427665,CAB-247eabe2a495c8544558bd122a33d2c6,Avatar_Female_Size02_Remielle_Ramiel_Ani_Attack_ParryAid_Start.json,258260
scalar-full-source,24427665,CAB-247eabe2a495c8544558bd122a33d2c6,native-object.raw,39956
scalar-full-source,24427665,CAB-247eabe2a495c8544558bd122a33d2c6,streaming-info.json,335
scalar-full-source,24427665,CAB-2759101c2667489da87a93662864bbc4,acl-database-bulk.bin,11892
scalar-full-source,24427665,CAB-2759101c2667489da87a93662864bbc4,Avatar_Female_Size02_Remielle_Ramiel_Ani_Finish_AirState_Front.json,256332
scalar-full-source,24427665,CAB-2759101c2667489da87a93662864bbc4,native-object.raw,38420
scalar-full-source,24427665,CAB-2759101c2667489da87a93662864bbc4,streaming-info.json,335
scalar-full-source,24427665,CAB-2dbdeb93600d0f68523e214379a91a47,acl-database-bulk.bin,9582
scalar-full-source,24427665,CAB-2dbdeb93600d0f68523e214379a91a47,Avatar_Female_Size02_Remielle_Ramiel_Ani_Attack_Normal_04.json,248002
scalar-full-source,24427665,CAB-2dbdeb93600d0f68523e214379a91a47,native-object.raw,32176
scalar-full-source,24427665,CAB-2dbdeb93600d0f68523e214379a91a47,streaming-info.json,334
scalar-full-source,24427665,CAB-2dbdeb93600d0f68523e214379a91a47,acl-database-bulk.bin,6077
scalar-full-source,24427665,CAB-2dbdeb93600d0f68523e214379a91a47,Avatar_Female_Size02_Remielle_Ramiel_Ani_Attack_Normal_04_End.json,246682
scalar-full-source,24427665,CAB-2dbdeb93600d0f68523e214379a91a47,native-object.raw,31108
scalar-full-source,24427665,CAB-2dbdeb93600d0f68523e214379a91a47,streaming-info.json,337
scalar-full-source,24427665,CAB-3169914aacc4dcb4957ed488584f3963,acl-database-bulk.bin,6683
scalar-full-source,24427665,CAB-3169914aacc4dcb4957ed488584f3963,Avatar_Female_Size02_Remielle_Ramiel_Ani_Hit_L_Front.json,247859
scalar-full-source,24427665,CAB-3169914aacc4dcb4957ed488584f3963,native-object.raw,32008
scalar-full-source,24427665,CAB-3169914aacc4dcb4957ed488584f3963,streaming-info.json,334
scalar-full-source,24427665,CAB-3321e6401c930a139981e26f6bf4068d,acl-database-bulk.bin,3296
scalar-full-source,24427665,CAB-3321e6401c930a139981e26f6bf4068d,Avatar_Female_Size02_Remielle_Ramiel_Ani_Attack_Special_End.json,241079
scalar-full-source,24427665,CAB-3321e6401c930a139981e26f6bf4068d,native-object.raw,26928
scalar-full-source,24427665,CAB-3321e6401c930a139981e26f6bf4068d,streaming-info.json,334
scalar-full-source,24427665,CAB-3321e6401c930a139981e26f6bf4068d,acl-database-bulk.bin,3689
scalar-full-source,24427665,CAB-3321e6401c930a139981e26f6bf4068d,Avatar_Female_Size02_Remielle_Ramiel_Ani_Attack_Special.json,239584
scalar-full-source,24427665,CAB-3321e6401c930a139981e26f6bf4068d,native-object.raw,25836
scalar-full-source,24427665,CAB-3321e6401c930a139981e26f6bf4068d,streaming-info.json,337
scalar-full-source,24427665,CAB-3d3e45dc4db8b5594d6abfc28313ffdc,acl-database-bulk.bin,9213
scalar-full-source,24427665,CAB-3d3e45dc4db8b5594d6abfc28313ffdc,Avatar_Female_Size02_Remielle_Ramiel_Ani_Attack_Normal_02.json,248038
scalar-full-source,24427665,CAB-3d3e45dc4db8b5594d6abfc28313ffdc,native-object.raw,32176
scalar-full-source,24427665,CAB-3d3e45dc4db8b5594d6abfc28313ffdc,streaming-info.json,334
scalar-full-source,24427665,CAB-3d3e45dc4db8b5594d6abfc28313ffdc,acl-database-bulk.bin,5296
scalar-full-source,24427665,CAB-3d3e45dc4db8b5594d6abfc28313ffdc,Avatar_Female_Size02_Remielle_Ramiel_Ani_Attack_Normal_02_End.json,244923
scalar-full-source,24427665,CAB-3d3e45dc4db8b5594d6abfc28313ffdc,native-object.raw,30036
scalar-full-source,24427665,CAB-3d3e45dc4db8b5594d6abfc28313ffdc,streaming-info.json,337
scalar-full-source,24427665,CAB-4098f62ae559142b6300765cb0c947d1,acl-database-bulk.bin,11096
scalar-full-source,24427665,CAB-4098f62ae559142b6300765cb0c947d1,Avatar_Female_Size02_Remielle_Ramiel_Ani_Hit_H_Front.json,253487
scalar-full-source,24427665,CAB-4098f62ae559142b6300765cb0c947d1,native-object.raw,36248
scalar-full-source,24427665,CAB-4098f62ae559142b6300765cb0c947d1,streaming-info.json,335
scalar-full-source,24427665,CAB-4a0ebf1132d3ef976542cf8c0b9a499d,acl-database-bulk.bin,8386
scalar-full-source,24427665,CAB-4a0ebf1132d3ef976542cf8c0b9a499d,Avatar_Female_Size02_Remielle_Ramiel_Ani_Attack_ParryAid_L_End.json,253752
scalar-full-source,24427665,CAB-4a0ebf1132d3ef976542cf8c0b9a499d,native-object.raw,36388
scalar-full-source,24427665,CAB-4a0ebf1132d3ef976542cf8c0b9a499d,streaming-info.json,334
scalar-full-source,24427665,CAB-4a0ebf1132d3ef976542cf8c0b9a499d,acl-database-bulk.bin,1865
scalar-full-source,24427665,CAB-4a0ebf1132d3ef976542cf8c0b9a499d,Avatar_Female_Size02_Remielle_Ramiel_Ani_Attack_ParryAid_L.json,237480
scalar-full-source,24427665,CAB-4a0ebf1132d3ef976542cf8c0b9a499d,native-object.raw,24320
scalar-full-source,24427665,CAB-4a0ebf1132d3ef976542cf8c0b9a499d,streaming-info.json,337
scalar-full-source,24427665,CAB-56e0df31a81aaacb92b832fdff073966,acl-database-bulk.bin,8012
scalar-full-source,24427665,CAB-56e0df31a81aaacb92b832fdff073966,Avatar_Female_Size02_Remielle_Ramiel_Ani_Attack_Normal_01.json,247135
scalar-full-source,24427665,CAB-56e0df31a81aaacb92b832fdff073966,native-object.raw,31696
scalar-full-source,24427665,CAB-56e0df31a81aaacb92b832fdff073966,streaming-info.json,334
scalar-full-source,24427665,CAB-56e0df31a81aaacb92b832fdff073966,acl-database-bulk.bin,5276
scalar-full-source,24427665,CAB-56e0df31a81aaacb92b832fdff073966,Avatar_Female_Size02_Remielle_Ramiel_Ani_Attack_Normal_01_End.json,245844
scalar-full-source,24427665,CAB-56e0df31a81aaacb92b832fdff073966,native-object.raw,30516
scalar-full-source,24427665,CAB-56e0df31a81aaacb92b832fdff073966,streaming-info.json,337
scalar-full-source,24427665,CAB-58215d85374a5041bbb255c71e4aba54,acl-database-bulk.bin,6275
scalar-full-source,24427665,CAB-58215d85374a5041bbb255c71e4aba54,Avatar_Female_Size02_Remielle_Ramiel_Ani_Move_F_AirBack_Loop.json,244931
scalar-full-source,24427665,CAB-58215d85374a5041bbb255c71e4aba54,native-object.raw,30000
scalar-full-source,24427665,CAB-58215d85374a5041bbb255c71e4aba54,streaming-info.json,334
scalar-full-source,24427665,CAB-59950699f8393536cc14e8e711c7814b,acl-database-bulk.bin,5693
scalar-full-source,24427665,CAB-59950699f8393536cc14e8e711c7814b,Avatar_Female_Size02_Remielle_Ramiel_Ani_Attack_ChangeState.json,243870
scalar-full-source,24427665,CAB-59950699f8393536cc14e8e711c7814b,native-object.raw,29168
scalar-full-source,24427665,CAB-59950699f8393536cc14e8e711c7814b,streaming-info.json,334
scalar-full-source,24427665,CAB-59c5bbbe266c7018425cbb0115aae3a4,acl-database-bulk.bin,3334
scalar-full-source,24427665,CAB-59c5bbbe266c7018425cbb0115aae3a4,Avatar_Female_Size02_Remielle_Ramiel_Ani_SwitchOut_Normal.json,239631
scalar-full-source,24427665,CAB-59c5bbbe266c7018425cbb0115aae3a4,native-object.raw,25792
scalar-full-source,24427665,CAB-59c5bbbe266c7018425cbb0115aae3a4,streaming-info.json,334
scalar-full-source,24427665,CAB-59eec167a8a1403cba6af340c962e93a,acl-database-bulk.bin,10243
scalar-full-source,24427665,CAB-59eec167a8a1403cba6af340c962e93a,Avatar_Female_Size02_Remielle_Ramiel_Ani_Evade_Back_02.json,253944
scalar-full-source,24427665,CAB-59eec167a8a1403cba6af340c962e93a,native-object.raw,36508
scalar-full-source,24427665,CAB-59eec167a8a1403cba6af340c962e93a,streaming-info.json,335
scalar-full-source,24427665,CAB-6057e5b426b43f8d0f6e954f8882d737,acl-database-bulk.bin,12798
scalar-full-source,24427665,CAB-6057e5b426b43f8d0f6e954f8882d737,Avatar_Female_Size02_Remielle_Ramiel_Ani_SwitchIn_Normal.json,258615
scalar-full-source,24427665,CAB-6057e5b426b43f8d0f6e954f8882d737,native-object.raw,40172
scalar-full-source,24427665,CAB-6057e5b426b43f8d0f6e954f8882d737,streaming-info.json,335
scalar-full-source,24427665,CAB-60e18895b6cab9f6aed209c8e06671c9,acl-database-bulk.bin,6135
scalar-full-source,24427665,CAB-60e18895b6cab9f6aed209c8e06671c9,Avatar_Female_Size02_Remielle_Ramiel_Ani_Attack_ChangeState_02.json,244024
scalar-full-source,24427665,CAB-60e18895b6cab9f6aed209c8e06671c9,native-object.raw,29252
scalar-full-source,24427665,CAB-60e18895b6cab9f6aed209c8e06671c9,streaming-info.json,334
scalar-full-source,24427665,CAB-6adcbbac80a1fda0d99823bd6bd22c96,acl-database-bulk.bin,6417
scalar-full-source,24427665,CAB-6adcbbac80a1fda0d99823bd6bd22c96,Avatar_Female_Size02_Remielle_Ramiel_Ani_Dash_Loop.json,246561
scalar-full-source,24427665,CAB-6adcbbac80a1fda0d99823bd6bd22c96,native-object.raw,31016
scalar-full-source,24427665,CAB-6adcbbac80a1fda0d99823bd6bd22c96,streaming-info.json,334
scalar-full-source,24427665,CAB-6cc75649fbd2a348e6b9deaf520ecfb0,acl-database-bulk.bin,10123
scalar-full-source,24427665,CAB-6cc75649fbd2a348e6b9deaf520ecfb0,Avatar_Female_Size02_Remielle_Ramiel_Ani_Evade_Back.json,255275
scalar-full-source,24427665,CAB-6cc75649fbd2a348e6b9deaf520ecfb0,native-object.raw,37496
scalar-full-source,24427665,CAB-6cc75649fbd2a348e6b9deaf520ecfb0,streaming-info.json,335
scalar-full-source,24427665,CAB-6f4095b29b26e5771e6115f35b02adb7,acl-database-bulk.bin,7681
scalar-full-source,24427665,CAB-6f4095b29b26e5771e6115f35b02adb7,Avatar_Female_Size02_Remielle_Ramiel_Ani_Run_Loop_02.json,247108
scalar-full-source,24427665,CAB-6f4095b29b26e5771e6115f35b02adb7,native-object.raw,31560
scalar-full-source,24427665,CAB-6f4095b29b26e5771e6115f35b02adb7,streaming-info.json,334
scalar-full-source,24427665,CAB-70591b070c367c4966cb7415f773dd09,acl-database-bulk.bin,12623
scalar-full-source,24427665,CAB-70591b070c367c4966cb7415f773dd09,Avatar_Female_Size02_Remielle_Ramiel_Ani_Evade_Front.json,259753
scalar-full-source,24427665,CAB-70591b070c367c4966cb7415f773dd09,native-object.raw,40984
scalar-full-source,24427665,CAB-70591b070c367c4966cb7415f773dd09,streaming-info.json,335
scalar-full-source,24427665,CAB-70c0173c75bb3a38dd3530b65d44a09b,acl-database-bulk.bin,3563
scalar-full-source,24427665,CAB-70c0173c75bb3a38dd3530b65d44a09b,Avatar_Female_Size02_Remielle_Ramiel_Ani_Attack_ParryAid_H.json,239733
scalar-full-source,24427665,CAB-70c0173c75bb3a38dd3530b65d44a09b,native-object.raw,26080
scalar-full-source,24427665,CAB-70c0173c75bb3a38dd3530b65d44a09b,streaming-info.json,337
scalar-full-source,24427665,CAB-70c0173c75bb3a38dd3530b65d44a09b,acl-database-bulk.bin,6353
scalar-full-source,24427665,CAB-70c0173c75bb3a38dd3530b65d44a09b,Avatar_Female_Size02_Remielle_Ramiel_Ani_Attack_ParryAid_H_End.json,247088
scalar-full-source,24427665,CAB-70c0173c75bb3a38dd3530b65d44a09b,native-object.raw,31492
scalar-full-source,24427665,CAB-70c0173c75bb3a38dd3530b65d44a09b,streaming-info.json,334
scalar-full-source,24427665,CAB-73a08bd0a8b0cfc0ff517ae27cba4e4f,acl-database-bulk.bin,5245
scalar-full-source,24427665,CAB-73a08bd0a8b0cfc0ff517ae27cba4e4f,Avatar_Female_Size02_Remielle_Ramiel_Ani_Attack_AssaultAid.json,243211
scalar-full-source,24427665,CAB-73a08bd0a8b0cfc0ff517ae27cba4e4f,native-object.raw,28528
scalar-full-source,24427665,CAB-73a08bd0a8b0cfc0ff517ae27cba4e4f,streaming-info.json,337
scalar-full-source,24427665,CAB-73a08bd0a8b0cfc0ff517ae27cba4e4f,acl-database-bulk.bin,8923
scalar-full-source,24427665,CAB-73a08bd0a8b0cfc0ff517ae27cba4e4f,Avatar_Female_Size02_Remielle_Ramiel_Ani_Attack_AssaultAid_End.json,251730
scalar-full-source,24427665,CAB-73a08bd0a8b0cfc0ff517ae27cba4e4f,native-object.raw,34916
scalar-full-source,24427665,CAB-73a08bd0a8b0cfc0ff517ae27cba4e4f,streaming-info.json,334
scalar-full-source,24427665,CAB-748a34dca84327bc625dff092d29280c,acl-database-bulk.bin,5101
scalar-full-source,24427665,CAB-748a34dca84327bc625dff092d29280c,Avatar_Female_Size02_Remielle_Ramiel_Ani_Idle_Loop.json,244897
scalar-full-source,24427665,CAB-748a34dca84327bc625dff092d29280c,native-object.raw,29720
scalar-full-source,24427665,CAB-748a34dca84327bc625dff092d29280c,streaming-info.json,334
scalar-full-source,24427665,CAB-7a060b11843c8865f1ec60614748d6de,acl-database-bulk.bin,16589
scalar-full-source,24427665,CAB-7a060b11843c8865f1ec60614748d6de,Avatar_Female_Size02_Remielle_Ramiel_Ani_QuestStart.json,263280
scalar-full-source,24427665,CAB-7a060b11843c8865f1ec60614748d6de,native-object.raw,43624
scalar-full-source,24427665,CAB-7a060b11843c8865f1ec60614748d6de,streaming-info.json,335
scalar-full-source,24427665,CAB-7b8912ed168e93725571e463e95560ba,acl-database-bulk.bin,6678
scalar-full-source,24427665,CAB-7b8912ed168e93725571e463e95560ba,Avatar_Female_Size02_Remielle_Ramiel_Ani_Run_Transform_02.json,245692
scalar-full-source,24427665,CAB-7b8912ed168e93725571e463e95560ba,native-object.raw,30480
scalar-full-source,24427665,CAB-7b8912ed168e93725571e463e95560ba,streaming-info.json,334
scalar-full-source,24427665,CAB-809407bd67df85975ce73f0327660f97,acl-database-bulk.bin,2687
scalar-full-source,24427665,CAB-809407bd67df85975ce73f0327660f97,Avatar_Female_Size02_Remielle_Ramiel_Ani_SwitchOut_AirState_Back.json,238866
scalar-full-source,24427665,CAB-809407bd67df85975ce73f0327660f97,native-object.raw,25220
scalar-full-source,24427665,CAB-809407bd67df85975ce73f0327660f97,streaming-info.json,334
scalar-full-source,24427665,CAB-8442043eec25932a90a631b649ac63e3,acl-database-bulk.bin,9981
scalar-full-source,24427665,CAB-8442043eec25932a90a631b649ac63e3,Avatar_Female_Size02_Remielle_Ramiel_Ani_SwitchIn_Attack_End.json,252267
scalar-full-source,24427665,CAB-8442043eec25932a90a631b649ac63e3,native-object.raw,35328
scalar-full-source,24427665,CAB-8442043eec25932a90a631b649ac63e3,streaming-info.json,334
scalar-full-source,24427665,CAB-8442043eec25932a90a631b649ac63e3,acl-database-bulk.bin,5770
scalar-full-source,24427665,CAB-8442043eec25932a90a631b649ac63e3,Avatar_Female_Size02_Remielle_Ramiel_Ani_SwitchIn_Attack.json,245231
scalar-full-source,24427665,CAB-8442043eec25932a90a631b649ac63e3,native-object.raw,30236
scalar-full-source,24427665,CAB-8442043eec25932a90a631b649ac63e3,streaming-info.json,337
scalar-full-source,24427665,CAB-87b041ee67052d246c6db5312981185f,acl-database-bulk.bin,8169
scalar-full-source,24427665,CAB-87b041ee67052d246c6db5312981185f,Avatar_Female_Size02_Remielle_Ramiel_Ani_Finish_Ex_AirState_Start.json,249557
scalar-full-source,24427665,CAB-87b041ee67052d246c6db5312981185f,native-object.raw,33448
scalar-full-source,24427665,CAB-87b041ee67052d246c6db5312981185f,streaming-info.json,334
scalar-full-source,24427665,CAB-88ec486042300a04ea40525a3857691f,acl-database-bulk.bin,16555
scalar-full-source,24427665,CAB-88ec486042300a04ea40525a3857691f,Avatar_Female_Size02_Remielle_Ramiel_Ani_SwitchIn_Attack_Ex.json,265572
scalar-full-source,24427665,CAB-88ec486042300a04ea40525a3857691f,native-object.raw,45472
scalar-full-source,24427665,CAB-88ec486042300a04ea40525a3857691f,streaming-info.json,335
scalar-full-source,24427665,CAB-92d525fe3e1d7bf0885b78cb1859f18c,acl-database-bulk.bin,9928
scalar-full-source,24427665,CAB-92d525fe3e1d7bf0885b78cb1859f18c,Avatar_Female_Size02_Remielle_Ramiel_Ani_Attack_ExSpecial.json,249194
scalar-full-source,24427665,CAB-92d525fe3e1d7bf0885b78cb1859f18c,native-object.raw,33216
scalar-full-source,24427665,CAB-92d525fe3e1d7bf0885b78cb1859f18c,streaming-info.json,334
scalar-full-source,24427665,CAB-92d525fe3e1d7bf0885b78cb1859f18c,acl-database-bulk.bin,8221
scalar-full-source,24427665,CAB-92d525fe3e1d7bf0885b78cb1859f18c,Avatar_Female_Size02_Remielle_Ramiel_Ani_Attack_ExSpecial_End.json,249808
scalar-full-source,24427665,CAB-92d525fe3e1d7bf0885b78cb1859f18c,native-object.raw,33748
scalar-full-source,24427665,CAB-92d525fe3e1d7bf0885b78cb1859f18c,streaming-info.json,337
scalar-full-source,24427665,CAB-93554dfdbe0e25e5c05e77bc59396423,acl-database-bulk.bin,6768
scalar-full-source,24427665,CAB-93554dfdbe0e25e5c05e77bc59396423,Avatar_Female_Size02_Remielle_Ramiel_Ani_Dash_Evade.json,246567
scalar-full-source,24427665,CAB-93554dfdbe0e25e5c05e77bc59396423,native-object.raw,31224
scalar-full-source,24427665,CAB-93554dfdbe0e25e5c05e77bc59396423,streaming-info.json,334
scalar-full-source,24427665,CAB-98c2e60af5d14b44021facea3e3c69e2,acl-database-bulk.bin,5745
scalar-full-source,24427665,CAB-98c2e60af5d14b44021facea3e3c69e2,Avatar_Female_Size02_Remielle_Ramiel_Ani_Idle_AirState_Back_Loop.json,244533
scalar-full-source,24427665,CAB-98c2e60af5d14b44021facea3e3c69e2,native-object.raw,29588
scalar-full-source,24427665,CAB-98c2e60af5d14b44021facea3e3c69e2,streaming-info.json,334
scalar-full-source,24427665,CAB-9ec278c9d02524bb90528bd98e75a77a,acl-database-bulk.bin,8908
scalar-full-source,24427665,CAB-9ec278c9d02524bb90528bd98e75a77a,Avatar_Female_Size02_Remielle_Ramiel_Ani_Attack_Burst_01_End.json,250450
scalar-full-source,24427665,CAB-9ec278c9d02524bb90528bd98e75a77a,native-object.raw,34096
scalar-full-source,24427665,CAB-9ec278c9d02524bb90528bd98e75a77a,streaming-info.json,334
scalar-full-source,24427665,CAB-9ec278c9d02524bb90528bd98e75a77a,acl-database-bulk.bin,7921
scalar-full-source,24427665,CAB-9ec278c9d02524bb90528bd98e75a77a,Avatar_Female_Size02_Remielle_Ramiel_Ani_Attack_Burst_01.json,247933
scalar-full-source,24427665,CAB-9ec278c9d02524bb90528bd98e75a77a,native-object.raw,32076
scalar-full-source,24427665,CAB-9ec278c9d02524bb90528bd98e75a77a,streaming-info.json,337
scalar-full-source,24427665,CAB-a3dce42833c2cfcd39a8d1680a12dc89,acl-database-bulk.bin,8631
scalar-full-source,24427665,CAB-a3dce42833c2cfcd39a8d1680a12dc89,Avatar_Female_Size02_Remielle_Ramiel_Ani_Start_AirState_Back.json,249706
scalar-full-source,24427665,CAB-a3dce42833c2cfcd39a8d1680a12dc89,native-object.raw,33520
scalar-full-source,24427665,CAB-a3dce42833c2cfcd39a8d1680a12dc89,streaming-info.json,334
scalar-full-source,24427665,CAB-a534ffa5a02f6397a9abcd2153daf538,acl-database-bulk.bin,6455
scalar-full-source,24427665,CAB-a534ffa5a02f6397a9abcd2153daf538,Avatar_Female_Size02_Remielle_Ramiel_Ani_Finish_Ex_AirState.json,246653
scalar-full-source,24427665,CAB-a534ffa5a02f6397a9abcd2153daf538,native-object.raw,31200
scalar-full-source,24427665,CAB-a534ffa5a02f6397a9abcd2153daf538,streaming-info.json,334
scalar-full-source,24427665,CAB-a534ffa5a02f6397a9abcd2153daf538,acl-database-bulk.bin,11194
scalar-full-source,24427665,CAB-a534ffa5a02f6397a9abcd2153daf538,Avatar_Female_Size02_Remielle_Ramiel_Ani_Finish_Ex_AirState_End.json,255118
scalar-full-source,24427665,CAB-a534ffa5a02f6397a9abcd2153daf538,native-object.raw,37636
scalar-full-source,24427665,CAB-a534ffa5a02f6397a9abcd2153daf538,streaming-info.json,338
scalar-full-source,24427665,CAB-a9935740a3d2fe08f7fef3f0e0382e27,acl-database-bulk.bin,6934
scalar-full-source,24427665,CAB-a9935740a3d2fe08f7fef3f0e0382e27,Avatar_Female_Size02_Remielle_Ramiel_Ani_Attack_Burst_Ex_01.json,245368
scalar-full-source,24427665,CAB-a9935740a3d2fe08f7fef3f0e0382e27,native-object.raw,30368
scalar-full-source,24427665,CAB-a9935740a3d2fe08f7fef3f0e0382e27,streaming-info.json,337
scalar-full-source,24427665,CAB-a9935740a3d2fe08f7fef3f0e0382e27,acl-database-bulk.bin,4151
scalar-full-source,24427665,CAB-a9935740a3d2fe08f7fef3f0e0382e27,Avatar_Female_Size02_Remielle_Ramiel_Ani_Attack_Burst_Ex_01_End.json,242836
scalar-full-source,24427665,CAB-a9935740a3d2fe08f7fef3f0e0382e27,native-object.raw,28340
scalar-full-source,24427665,CAB-a9935740a3d2fe08f7fef3f0e0382e27,streaming-info.json,334
scalar-full-source,24427665,CAB-affeae28e2e6c40aad231c8be67c5625,acl-database-bulk.bin,11753
scalar-full-source,24427665,CAB-affeae28e2e6c40aad231c8be67c5625,Avatar_Female_Size02_Remielle_Ramiel_Ani_Evade_Front_02.json,258836
scalar-full-source,24427665,CAB-affeae28e2e6c40aad231c8be67c5625,native-object.raw,40284
scalar-full-source,24427665,CAB-affeae28e2e6c40aad231c8be67c5625,streaming-info.json,335
scalar-full-source,24427665,CAB-b499448718588590c861c97055dacef4,acl-database-bulk.bin,12005
scalar-full-source,24427665,CAB-b499448718588590c861c97055dacef4,Avatar_Female_Size02_Remielle_Ramiel_Ani_HitFly_Back.json,255362
scalar-full-source,24427665,CAB-b499448718588590c861c97055dacef4,native-object.raw,37880
scalar-full-source,24427665,CAB-b499448718588590c861c97055dacef4,streaming-info.json,335
scalar-full-source,24427665,CAB-ba0d49dd75d1c23c9a2a72a894a53cd5,acl-database-bulk.bin,6572
scalar-full-source,24427665,CAB-ba0d49dd75d1c23c9a2a72a894a53cd5,Avatar_Female_Size02_Remielle_Ramiel_Ani_Run_Loop_01.json,245899
scalar-full-source,24427665,CAB-ba0d49dd75d1c23c9a2a72a894a53cd5,native-object.raw,30552
scalar-full-source,24427665,CAB-ba0d49dd75d1c23c9a2a72a894a53cd5,streaming-info.json,334
scalar-full-source,24427665,CAB-c0a1680e263c9e4932b78b9d22e22bf7,acl-database-bulk.bin,7590
scalar-full-source,24427665,CAB-c0a1680e263c9e4932b78b9d22e22bf7,Avatar_Female_Size02_Remielle_Ramiel_Ani_Skill01_AirState_Back.json,248964
scalar-full-source,24427665,CAB-c0a1680e263c9e4932b78b9d22e22bf7,native-object.raw,32868
scalar-full-source,24427665,CAB-c0a1680e263c9e4932b78b9d22e22bf7,streaming-info.json,334
scalar-full-source,24427665,CAB-c2ac28c6a07734d9f7288025b4150b01,acl-database-bulk.bin,11181
scalar-full-source,24427665,CAB-c2ac28c6a07734d9f7288025b4150b01,Avatar_Female_Size02_Remielle_Ramiel_Ani_Run_End.json,256949
scalar-full-source,24427665,CAB-c2ac28c6a07734d9f7288025b4150b01,native-object.raw,38996
scalar-full-source,24427665,CAB-c2ac28c6a07734d9f7288025b4150b01,streaming-info.json,335
scalar-full-source,24427665,CAB-c32cb6c7f06c22d167415e895136f4aa,acl-database-bulk.bin,863
scalar-full-source,24427665,CAB-c32cb6c7f06c22d167415e895136f4aa,Avatar_Female_Size02_Remielle_Ramiel_Ani_Hit_Shake.json,255960
scalar-full-source,24427665,CAB-c32cb6c7f06c22d167415e895136f4aa,native-object.raw,27336
scalar-full-source,24427665,CAB-c32cb6c7f06c22d167415e895136f4aa,streaming-info.json,333
scalar-full-source,24427665,CAB-c5d1785cb68effc50426daa7f17e1bcb,acl-database-bulk.bin,9576
scalar-full-source,24427665,CAB-c5d1785cb68effc50426daa7f17e1bcb,Avatar_Female_Size02_Remielle_Ramiel_Ani_Skill03_AirState_Back.json,251895
scalar-full-source,24427665,CAB-c5d1785cb68effc50426daa7f17e1bcb,native-object.raw,35204
scalar-full-source,24427665,CAB-c5d1785cb68effc50426daa7f17e1bcb,streaming-info.json,334
scalar-full-source,24427665,CAB-c5f904086cc7b8f3ff9f9c1261870060,acl-database-bulk.bin,7133
scalar-full-source,24427665,CAB-c5f904086cc7b8f3ff9f9c1261870060,Avatar_Female_Size02_Remielle_Ramiel_Ani_Attack_Normal_03.json,245578
scalar-full-source,24427665,CAB-c5f904086cc7b8f3ff9f9c1261870060,native-object.raw,30336
scalar-full-source,24427665,CAB-c5f904086cc7b8f3ff9f9c1261870060,streaming-info.json,334
scalar-full-source,24427665,CAB-c5f904086cc7b8f3ff9f9c1261870060,acl-database-bulk.bin,7891
scalar-full-source,24427665,CAB-c5f904086cc7b8f3ff9f9c1261870060,Avatar_Female_Size02_Remielle_Ramiel_Ani_Attack_Normal_03_End.json,249305
scalar-full-source,24427665,CAB-c5f904086cc7b8f3ff9f9c1261870060,native-object.raw,33156
scalar-full-source,24427665,CAB-c5f904086cc7b8f3ff9f9c1261870060,streaming-info.json,337
scalar-full-source,24427665,CAB-cac06cd0d3fa01865a77489d196122aa,acl-database-bulk.bin,12215
scalar-full-source,24427665,CAB-cac06cd0d3fa01865a77489d196122aa,Avatar_Female_Size02_Remielle_Ramiel_Ani_Skill02_AirState_Back.json,255787
scalar-full-source,24427665,CAB-cac06cd0d3fa01865a77489d196122aa,native-object.raw,38020
scalar-full-source,24427665,CAB-cac06cd0d3fa01865a77489d196122aa,streaming-info.json,335
scalar-full-source,24427665,CAB-cd00ee2eb20ab6c476559532d9dfca1c,acl-database-bulk.bin,2318
scalar-full-source,24427665,CAB-cd00ee2eb20ab6c476559532d9dfca1c,Avatar_Female_Size02_Remielle_Ramiel_Ani_Walk_Loop.json,238324
scalar-full-source,24427665,CAB-cd00ee2eb20ab6c476559532d9dfca1c,native-object.raw,24824
scalar-full-source,24427665,CAB-cd00ee2eb20ab6c476559532d9dfca1c,streaming-info.json,334
scalar-full-source,24427665,CAB-ce3e76318273023b88625f0187b27f2c,acl-database-bulk.bin,11590
scalar-full-source,24427665,CAB-ce3e76318273023b88625f0187b27f2c,Avatar_Female_Size02_Remielle_Ramiel_Ani_Skill05_AirState_Back.json,254798
scalar-full-source,24427665,CAB-ce3e76318273023b88625f0187b27f2c,native-object.raw,37316
scalar-full-source,24427665,CAB-ce3e76318273023b88625f0187b27f2c,streaming-info.json,335
scalar-full-source,24427665,CAB-ceee39edb4038a17aa06dd8eac541f58,acl-database-bulk.bin,9341
scalar-full-source,24427665,CAB-ceee39edb4038a17aa06dd8eac541f58,Avatar_Female_Size02_Remielle_Ramiel_Ani_Attack_Burst_Ex_Max02_End.json,252796
scalar-full-source,24427665,CAB-ceee39edb4038a17aa06dd8eac541f58,native-object.raw,35832
scalar-full-source,24427665,CAB-ceee39edb4038a17aa06dd8eac541f58,streaming-info.json,334
scalar-full-source,24427665,CAB-ceee39edb4038a17aa06dd8eac541f58,acl-database-bulk.bin,3266
scalar-full-source,24427665,CAB-ceee39edb4038a17aa06dd8eac541f58,Avatar_Female_Size02_Remielle_Ramiel_Ani_Attack_Burst_Ex_Max02.json,239097
scalar-full-source,24427665,CAB-ceee39edb4038a17aa06dd8eac541f58,native-object.raw,25732
scalar-full-source,24427665,CAB-ceee39edb4038a17aa06dd8eac541f58,streaming-info.json,337
scalar-full-source,24427665,CAB-d2ff33d8cb9ca5cfe6b7510b762a2dd8,acl-database-bulk.bin,10959
scalar-full-source,24427665,CAB-d2ff33d8cb9ca5cfe6b7510b762a2dd8,Avatar_Female_Size02_Remielle_Ramiel_Ani_Walk_Start_End.json,256249
scalar-full-source,24427665,CAB-d2ff33d8cb9ca5cfe6b7510b762a2dd8,native-object.raw,38332
scalar-full-source,24427665,CAB-d2ff33d8cb9ca5cfe6b7510b762a2dd8,streaming-info.json,335
scalar-full-source,24427665,CAB-d90fd2b98f9a235b6889b3c41f2728b8,acl-database-bulk.bin,10501
scalar-full-source,24427665,CAB-d90fd2b98f9a235b6889b3c41f2728b8,Avatar_Female_Size02_Remielle_Ramiel_Ani_Hit_H_Back.json,253921
scalar-full-source,24427665,CAB-d90fd2b98f9a235b6889b3c41f2728b8,native-object.raw,36536
scalar-full-source,24427665,CAB-d90fd2b98f9a235b6889b3c41f2728b8,streaming-info.json,335
scalar-full-source,24427665,CAB-dd8b1556f55531aa402da8ef33bb3d48,acl-database-bulk.bin,7498
scalar-full-source,24427665,CAB-dd8b1556f55531aa402da8ef33bb3d48,Avatar_Female_Size02_Remielle_Ramiel_Ani_Evade_to_Run_01.json,247771
scalar-full-source,24427665,CAB-dd8b1556f55531aa402da8ef33bb3d48,native-object.raw,31948
scalar-full-source,24427665,CAB-dd8b1556f55531aa402da8ef33bb3d48,streaming-info.json,334
scalar-full-source,24427665,CAB-e0cc836d9878c49b403656173d3ad4ac,acl-database-bulk.bin,6451
scalar-full-source,24427665,CAB-e0cc836d9878c49b403656173d3ad4ac,Avatar_Female_Size02_Remielle_Ramiel_Ani_Dash_Loop_02.json,246622
scalar-full-source,24427665,CAB-e0cc836d9878c49b403656173d3ad4ac,native-object.raw,31196
scalar-full-source,24427665,CAB-e0cc836d9878c49b403656173d3ad4ac,streaming-info.json,334
scalar-full-source,24427665,CAB-ea8c2bf3fa2a7e391ad9b0e58d6842b2,acl-database-bulk.bin,23311
scalar-full-source,24427665,CAB-ea8c2bf3fa2a7e391ad9b0e58d6842b2,Avatar_Female_Size02_Remielle_Ramiel_Ani_Idle_AFK.json,284264
scalar-full-source,24427665,CAB-ea8c2bf3fa2a7e391ad9b0e58d6842b2,native-object.raw,59256
scalar-full-source,24427665,CAB-ea8c2bf3fa2a7e391ad9b0e58d6842b2,streaming-info.json,335
scalar-full-source,24427665,CAB-eb2489e62b0b3b6cc7e5ab54afdd1be9,acl-database-bulk.bin,7694
scalar-full-source,24427665,CAB-eb2489e62b0b3b6cc7e5ab54afdd1be9,Avatar_Female_Size02_Remielle_Ramiel_Ani_Dash_Start.json,248231
scalar-full-source,24427665,CAB-eb2489e62b0b3b6cc7e5ab54afdd1be9,native-object.raw,32408
scalar-full-source,24427665,CAB-eb2489e62b0b3b6cc7e5ab54afdd1be9,streaming-info.json,334
scalar-full-source,24427665,CAB-ecc2815124ad0cff8e846018923b53f9,acl-database-bulk.bin,11254
scalar-full-source,24427665,CAB-ecc2815124ad0cff8e846018923b53f9,Avatar_Female_Size02_Remielle_Ramiel_Ani_Walk_End.json,256259
scalar-full-source,24427665,CAB-ecc2815124ad0cff8e846018923b53f9,native-object.raw,38408
scalar-full-source,24427665,CAB-ecc2815124ad0cff8e846018923b53f9,streaming-info.json,335
scalar-full-source,24427665,CAB-ed73103d008dd1ea360e7dbeab7781f5,acl-database-bulk.bin,8684
scalar-full-source,24427665,CAB-ed73103d008dd1ea360e7dbeab7781f5,Avatar_Female_Size02_Remielle_Ramiel_Ani_Attack_Counter_End.json,251485
scalar-full-source,24427665,CAB-ed73103d008dd1ea360e7dbeab7781f5,native-object.raw,34912
scalar-full-source,24427665,CAB-ed73103d008dd1ea360e7dbeab7781f5,streaming-info.json,334
scalar-full-source,24427665,CAB-ed73103d008dd1ea360e7dbeab7781f5,acl-database-bulk.bin,3884
scalar-full-source,24427665,CAB-ed73103d008dd1ea360e7dbeab7781f5,Avatar_Female_Size02_Remielle_Ramiel_Ani_Attack_Counter.json,241308
scalar-full-source,24427665,CAB-ed73103d008dd1ea360e7dbeab7781f5,native-object.raw,27084
scalar-full-source,24427665,CAB-ed73103d008dd1ea360e7dbeab7781f5,streaming-info.json,337
scalar-full-source,24427665,CAB-f32c73965c51c6a59dcb4df608bc3ee6,acl-database-bulk.bin,6131
scalar-full-source,24427665,CAB-f32c73965c51c6a59dcb4df608bc3ee6,Avatar_Female_Size02_Remielle_Ramiel_Ani_Death.json,246460
scalar-full-source,24427665,CAB-f32c73965c51c6a59dcb4df608bc3ee6,native-object.raw,30932
scalar-full-source,24427665,CAB-f32c73965c51c6a59dcb4df608bc3ee6,streaming-info.json,337
scalar-full-source,24427665,CAB-fbb435fbef9eff693bbdce778c979fc8,acl-database-bulk.bin,11296
scalar-full-source,24427665,CAB-fbb435fbef9eff693bbdce778c979fc8,Avatar_Female_Size02_Remielle_Ramiel_Ani_Dash_End.json,257213
scalar-full-source,24427665,CAB-fbb435fbef9eff693bbdce778c979fc8,native-object.raw,39144
scalar-full-source,24427665,CAB-fbb435fbef9eff693bbdce778c979fc8,streaming-info.json,335
scalar-full-source,2610841569,CAB-2f046a90429a94efe76223487d692d9c,acl-database-bulk.bin,378466
scalar-full-source,2610841569,CAB-2f046a90429a94efe76223487d692d9c,Avatar_Female_Size02_Remielle_Origin_Ani_AC_Parry_Start.json,1406774
scalar-full-source,2610841569,CAB-2f046a90429a94efe76223487d692d9c,native-object.raw,233092
scalar-full-source,2610841569,CAB-2f046a90429a94efe76223487d692d9c,streaming-info.json,337
scalar-full-source,2610841569,CAB-3d445de816acf18a0dc25198fea80a1f,acl-database-bulk.bin,330108
scalar-full-source,2610841569,CAB-3d445de816acf18a0dc25198fea80a1f,Avatar_Female_Size02_Remielle_Ani_AC_Gliding01_Loop.json,1382231
scalar-full-source,2610841569,CAB-3d445de816acf18a0dc25198fea80a1f,native-object.raw,217764
scalar-full-source,2610841569,CAB-3d445de816acf18a0dc25198fea80a1f,streaming-info.json,337
scalar-full-source,2610841569,CAB-601e5a621ea301ca8efd7e2f6dd3422d,acl-database-bulk.bin,335732
scalar-full-source,2610841569,CAB-601e5a621ea301ca8efd7e2f6dd3422d,Avatar_Female_Size02_Remielle_Origin_Ani_AC_Boost_Loop.json,1367642
scalar-full-source,2610841569,CAB-601e5a621ea301ca8efd7e2f6dd3422d,native-object.raw,221020
scalar-full-source,2610841569,CAB-601e5a621ea301ca8efd7e2f6dd3422d,streaming-info.json,337
scalar-full-source,2610841569,CAB-6d11bce2e2ebe73d72053942f75ffea5,acl-database-bulk.bin,127499
scalar-full-source,2610841569,CAB-6d11bce2e2ebe73d72053942f75ffea5,Avatar_Female_Size02_Remielle_Origin_Ani_AC_Parry_B_L.json,1073570
scalar-full-source,2610841569,CAB-6d11bce2e2ebe73d72053942f75ffea5,native-object.raw,138952
scalar-full-source,2610841569,CAB-6d11bce2e2ebe73d72053942f75ffea5,streaming-info.json,337
scalar-full-source,2610841569,CAB-6d11bce2e2ebe73d72053942f75ffea5,acl-database-bulk.bin,366732
scalar-full-source,2610841569,CAB-6d11bce2e2ebe73d72053942f75ffea5,Avatar_Female_Size02_Remielle_Origin_Ani_AC_Parry_B_L_End.json,1159749
scalar-full-source,2610841569,CAB-6d11bce2e2ebe73d72053942f75ffea5,native-object.raw,208528
scalar-full-source,2610841569,CAB-6d11bce2e2ebe73d72053942f75ffea5,streaming-info.json,342
scalar-full-source,2610841569,CAB-7d698f00ce0637c53a95dd596c0a3040,acl-database-bulk.bin,418280
scalar-full-source,2610841569,CAB-7d698f00ce0637c53a95dd596c0a3040,Avatar_Female_Size02_Remielle_Origin_Ani_AC_Hit_F_R.json,1429283
scalar-full-source,2610841569,CAB-7d698f00ce0637c53a95dd596c0a3040,native-object.raw,250220
scalar-full-source,2610841569,CAB-7d698f00ce0637c53a95dd596c0a3040,streaming-info.json,337
scalar-full-source,2610841569,CAB-964265b72d94f57a0f60c5189c45839c,acl-database-bulk.bin,331303
scalar-full-source,2610841569,CAB-964265b72d94f57a0f60c5189c45839c,Avatar_Female_Size02_Remielle_Ani_AC_TurnLeft_Loop.json,1382137
scalar-full-source,2610841569,CAB-964265b72d94f57a0f60c5189c45839c,native-object.raw,217956
scalar-full-source,2610841569,CAB-964265b72d94f57a0f60c5189c45839c,streaming-info.json,337
scalar-full-source,2610841569,CAB-c33dfb09f70c9b9a6323cbc5cea54e33,acl-database-bulk.bin,383472
scalar-full-source,2610841569,CAB-c33dfb09f70c9b9a6323cbc5cea54e33,Avatar_Female_Size02_Remielle_Origin_Ani_AC_Boost_R_Start.json,1389608
scalar-full-source,2610841569,CAB-c33dfb09f70c9b9a6323cbc5cea54e33,native-object.raw,235232
scalar-full-source,2610841569,CAB-c33dfb09f70c9b9a6323cbc5cea54e33,streaming-info.json,337
scalar-full-source,2610841569,CAB-dde6ea269dd6ca00ed59810c548dbcc9,acl-database-bulk.bin,329642
scalar-full-source,2610841569,CAB-dde6ea269dd6ca00ed59810c548dbcc9,Avatar_Female_Size02_Remielle_Ani_AC_TurnRight_Loop.json,1382081
scalar-full-source,2610841569,CAB-dde6ea269dd6ca00ed59810c548dbcc9,native-object.raw,218132
scalar-full-source,2610841569,CAB-dde6ea269dd6ca00ed59810c548dbcc9,streaming-info.json,337
scalar-full-source,2628649539,CAB-1893c7216097f16e67ca22228a1b7717,Eff_RemielleOrigin_Attack_ExQTE_Start_36_Wind.json,27625
scalar-full-source,2628649539,CAB-1893c7216097f16e67ca22228a1b7717,native-object.raw,3340
scalar-full-source,2628649539,CAB-2988e5c7b61d4e229d008758003eee1a,Eff_RemielleOrigin_Attack_ExSpecial_10_Trail.json,65894
scalar-full-source,2628649539,CAB-2988e5c7b61d4e229d008758003eee1a,native-object.raw,7224
scalar-full-source,2628649539,CAB-2e51fa9605a481767a87bc33b5d1b24e,Eff_RemielleOrigin_Attack_Normal_04_04_Trail.json,20828
scalar-full-source,2628649539,CAB-2e51fa9605a481767a87bc33b5d1b24e,native-object.raw,2644
scalar-full-source,2628649539,CAB-35c42486ad0468a8125ac4f60bf09e29,Eff_RemielleOrigin_SwitchIn_Attack_Ex_Start_02_Glow.json,47243
scalar-full-source,2628649539,CAB-35c42486ad0468a8125ac4f60bf09e29,native-object.raw,5152
scalar-full-source,2628649539,CAB-469bb140dddfc9f777123d363e1b8cc2,Eff_RemielleOrigin_Attack_ExQTE_Start_39_Wind.json,18893
scalar-full-source,2628649539,CAB-469bb140dddfc9f777123d363e1b8cc2,native-object.raw,2448
scalar-full-source,2628649539,CAB-4d20324ad6491c133fb93dc3e610b23b,Eff_RemielleOrigin_Attack_ExSpecial_23_Trail.json,26195
scalar-full-source,2628649539,CAB-4d20324ad6491c133fb93dc3e610b23b,native-object.raw,3160
scalar-full-source,2628649539,CAB-5e105c8498533f279cba05a64cda0b2f,Eff_RemielleOrigin_Attack_ExQTE_Start_33_Trail.json,24887
scalar-full-source,2628649539,CAB-5e105c8498533f279cba05a64cda0b2f,native-object.raw,2852
scalar-full-source,2628649539,CAB-6b888d658688f7e7c76f91d55b1b64e5,Eff_RemielleOrigin_Attack_ExQTE_Start_24_Aura.json,25067
scalar-full-source,2628649539,CAB-6b888d658688f7e7c76f91d55b1b64e5,native-object.raw,2924
scalar-full-source,2628649539,CAB-6cffaf02172fb3627464caaf2a4868f7,Eff_RemielleOrigin_Attack_ExSpecial_33_Dust.json,35794
scalar-full-source,2628649539,CAB-6cffaf02172fb3627464caaf2a4868f7,native-object.raw,4140
scalar-full-source,2628649539,CAB-7cd01990e4c2d6efffef8da58974970e,Eff_RemielleOrigin_Attack_ExQTE_Start_32_Trail.json,21460
scalar-full-source,2628649539,CAB-7cd01990e4c2d6efffef8da58974970e,native-object.raw,2728
scalar-full-source,2628649539,CAB-8e843d253c5a2b788d9c5a4907eeec64,Eff_RemielleOrigin_Attack_ExQTE_Start_43_Line.json,23143
scalar-full-source,2628649539,CAB-8e843d253c5a2b788d9c5a4907eeec64,native-object.raw,2880
scalar-full-source,2628649539,CAB-96c10946d350313000e6bfcc57c63560,Eff_RemielleOrigin_Attack_ExQTE_Start_34_Flash.json,72882
scalar-full-source,2628649539,CAB-96c10946d350313000e6bfcc57c63560,native-object.raw,7468
scalar-full-source,2628649539,CAB-ae9873df44c0867e7066a45b9f9dbbc1,Eff_RemielleOrigin_Attack_ExSpecial_24_Trail.json,67617
scalar-full-source,2628649539,CAB-ae9873df44c0867e7066a45b9f9dbbc1,native-object.raw,7728
scalar-full-source,2628649539,CAB-b3ed84f77ab92569d5fd5d3e651efdde,Eff_RemielleOrigin_SwitchIn_Attack_Ex_Start_23_Aura.json,61206
scalar-full-source,2628649539,CAB-b3ed84f77ab92569d5fd5d3e651efdde,native-object.raw,6272
scalar-full-source,2628649539,CAB-b6e0cdfc5ed7ad6da31aa1dd6d7f1df3,Eff_RemielleOrigin_Attack_ExQTE_Start_40_Wind.json,19655
scalar-full-source,2628649539,CAB-b6e0cdfc5ed7ad6da31aa1dd6d7f1df3,native-object.raw,2516
scalar-full-source,2628649539,CAB-c01234435ae6754b19e4ba1167118dfc,Eff_RemielleOrigin_Attack_ExSpecial_07_Trail.json,65894
scalar-full-source,2628649539,CAB-c01234435ae6754b19e4ba1167118dfc,native-object.raw,7224
scalar-full-source,2628649539,CAB-e94afef84db973c5a6f119a9fd59c90e,Eff_RemielleOrigin_Attack_ExQTE_Start_41_Wind.json,18010
scalar-full-source,2628649539,CAB-e94afef84db973c5a6f119a9fd59c90e,native-object.raw,2344
scalar-full-source,2644159928,CAB-21ac22c6737426f9c39e444f6f0e50de,acl-database-bulk.bin,315202
scalar-full-source,2644159928,CAB-21ac22c6737426f9c39e444f6f0e50de,Avatar_Female_Size02_Remielle_Origin_Ani_Skill02_AirState_Back.json,1024198
scalar-full-source,2644159928,CAB-21ac22c6737426f9c39e444f6f0e50de,native-object.raw,207772
scalar-full-source,2644159928,CAB-21ac22c6737426f9c39e444f6f0e50de,streaming-info.json,337
scalar-full-source,2644159928,CAB-21ac22c6737426f9c39e444f6f0e50de,acl-database-bulk.bin,45175
scalar-full-source,2644159928,CAB-21ac22c6737426f9c39e444f6f0e50de,Avatar_Female_Size02_Remielle_Origin_Default_Ani_Skill02_AirState_Back.json,226215
scalar-full-source,2644159928,CAB-21ac22c6737426f9c39e444f6f0e50de,native-object.raw,65116
scalar-full-source,2644159928,CAB-21ac22c6737426f9c39e444f6f0e50de,streaming-info.json,340
scalar-full-source,2644159928,CAB-23dc2aff50dcc333b62e75a00b19f44e,acl-database-bulk.bin,107034
scalar-full-source,2644159928,CAB-23dc2aff50dcc333b62e75a00b19f44e,Avatar_Female_Size02_Remielle_Origin_Ani_Attack_Rush.json,913103
scalar-full-source,2644159928,CAB-23dc2aff50dcc333b62e75a00b19f44e,native-object.raw,121640
scalar-full-source,2644159928,CAB-23dc2aff50dcc333b62e75a00b19f44e,streaming-info.json,342
scalar-full-source,2644159928,CAB-23dc2aff50dcc333b62e75a00b19f44e,acl-database-bulk.bin,158058
scalar-full-source,2644159928,CAB-23dc2aff50dcc333b62e75a00b19f44e,Avatar_Female_Size02_Remielle_Origin_Ani_Attack_Rush_End.json,982228
scalar-full-source,2644159928,CAB-23dc2aff50dcc333b62e75a00b19f44e,native-object.raw,169088
scalar-full-source,2644159928,CAB-23dc2aff50dcc333b62e75a00b19f44e,streaming-info.json,341
scalar-full-source,2644159928,CAB-23dc2aff50dcc333b62e75a00b19f44e,acl-database-bulk.bin,19536
scalar-full-source,2644159928,CAB-23dc2aff50dcc333b62e75a00b19f44e,Avatar_Female_Size02_Remielle_Origin_Default_Ani_Attack_Rush_End.json,194064
scalar-full-source,2644159928,CAB-23dc2aff50dcc333b62e75a00b19f44e,native-object.raw,40788
scalar-full-source,2644159928,CAB-23dc2aff50dcc333b62e75a00b19f44e,streaming-info.json,335
scalar-full-source,2644159928,CAB-23dc2aff50dcc333b62e75a00b19f44e,acl-database-bulk.bin,13898
scalar-full-source,2644159928,CAB-23dc2aff50dcc333b62e75a00b19f44e,Avatar_Female_Size02_Remielle_Origin_Default_Ani_Attack_Rush.json,179450
scalar-full-source,2644159928,CAB-23dc2aff50dcc333b62e75a00b19f44e,native-object.raw,29968
scalar-full-source,2644159928,CAB-23dc2aff50dcc333b62e75a00b19f44e,streaming-info.json,340
scalar-full-source,2644159928,CAB-2f1484948498c25d28dc4cd394c07627,acl-database-bulk.bin,10654
scalar-full-source,2644159928,CAB-2f1484948498c25d28dc4cd394c07627,Avatar_Female_Size02_Remielle_Origin_Default_Ani_Attack_ParryAid_H.json,175590
scalar-full-source,2644159928,CAB-2f1484948498c25d28dc4cd394c07627,native-object.raw,26680
scalar-full-source,2644159928,CAB-2f1484948498c25d28dc4cd394c07627,streaming-info.json,340
scalar-full-source,2644159928,CAB-2f1484948498c25d28dc4cd394c07627,acl-database-bulk.bin,183571
scalar-full-source,2644159928,CAB-2f1484948498c25d28dc4cd394c07627,Avatar_Female_Size02_Remielle_Origin_Ani_Attack_ParryAid_H_End.json,1000700
scalar-full-source,2644159928,CAB-2f1484948498c25d28dc4cd394c07627,native-object.raw,182236
scalar-full-source,2644159928,CAB-2f1484948498c25d28dc4cd394c07627,streaming-info.json,337
scalar-full-source,2644159928,CAB-2f1484948498c25d28dc4cd394c07627,acl-database-bulk.bin,23036
scalar-full-source,2644159928,CAB-2f1484948498c25d28dc4cd394c07627,Avatar_Female_Size02_Remielle_Origin_Default_Ani_Attack_ParryAid_H_End.json,203475
scalar-full-source,2644159928,CAB-2f1484948498c25d28dc4cd394c07627,native-object.raw,47276
scalar-full-source,2644159928,CAB-2f1484948498c25d28dc4cd394c07627,streaming-info.json,340
scalar-full-source,2644159928,CAB-2f1484948498c25d28dc4cd394c07627,acl-database-bulk.bin,80368
scalar-full-source,2644159928,CAB-2f1484948498c25d28dc4cd394c07627,Avatar_Female_Size02_Remielle_Origin_Ani_Attack_ParryAid_H.json,905698
scalar-full-source,2644159928,CAB-2f1484948498c25d28dc4cd394c07627,native-object.raw,112188
scalar-full-source,2644159928,CAB-2f1484948498c25d28dc4cd394c07627,streaming-info.json,341
scalar-full-source,2644159928,CAB-4acab430bbfe5bd8c384671b77382613,acl-database-bulk.bin,139078
scalar-full-source,2644159928,CAB-4acab430bbfe5bd8c384671b77382613,Avatar_Female_Size02_Remielle_Origin_Ani_Idle_AirState_Front_Loop.json,946048
scalar-full-source,2644159928,CAB-4acab430bbfe5bd8c384671b77382613,native-object.raw,150388
scalar-full-source,2644159928,CAB-4acab430bbfe5bd8c384671b77382613,streaming-info.json,337
scalar-full-source,2644159928,CAB-4acab430bbfe5bd8c384671b77382613,acl-database-bulk.bin,17455
scalar-full-source,2644159928,CAB-4acab430bbfe5bd8c384671b77382613,Avatar_Female_Size02_Remielle_Origin_Default_Ani_Idle_AirState_Front_Loop.json,189001
scalar-full-source,2644159928,CAB-4acab430bbfe5bd8c384671b77382613,native-object.raw,37184
scalar-full-source,2644159928,CAB-4acab430bbfe5bd8c384671b77382613,streaming-info.json,340
scalar-full-source,2644159928,CAB-551d7d2611f6e6559c0554b8ea0550c2,acl-database-bulk.bin,164391
scalar-full-source,2644159928,CAB-551d7d2611f6e6559c0554b8ea0550c2,Avatar_Female_Size02_Remielle_Origin_Default_Ani_Idle_AFK.json,378652
scalar-full-source,2644159928,CAB-551d7d2611f6e6559c0554b8ea0550c2,native-object.raw,179248
scalar-full-source,2644159928,CAB-551d7d2611f6e6559c0554b8ea0550c2,streaming-info.json,337
scalar-full-source,2644159928,CAB-551d7d2611f6e6559c0554b8ea0550c2,acl-database-bulk.bin,1235807
scalar-full-source,2644159928,CAB-551d7d2611f6e6559c0554b8ea0550c2,Avatar_Female_Size02_Remielle_Origin_Ani_Idle_AFK.json,1465715
scalar-full-source,2644159928,CAB-551d7d2611f6e6559c0554b8ea0550c2,native-object.raw,531552
scalar-full-source,2644159928,CAB-551d7d2611f6e6559c0554b8ea0550c2,streaming-info.json,343
scalar-full-source,2644159928,CAB-c4f8350472212923ad4c63900277324e,acl-database-bulk.bin,40924
scalar-full-source,2644159928,CAB-c4f8350472212923ad4c63900277324e,Avatar_Female_Size02_Remielle_Origin_Default_Ani_Dash_End.json,234979
scalar-full-source,2644159928,CAB-c4f8350472212923ad4c63900277324e,native-object.raw,71504
scalar-full-source,2644159928,CAB-c4f8350472212923ad4c63900277324e,streaming-info.json,335
scalar-full-source,2644159928,CAB-c4f8350472212923ad4c63900277324e,acl-database-bulk.bin,330023
scalar-full-source,2644159928,CAB-c4f8350472212923ad4c63900277324e,Avatar_Female_Size02_Remielle_Origin_Ani_Dash_End.json,1097453
scalar-full-source,2644159928,CAB-c4f8350472212923ad4c63900277324e,native-object.raw,254288
scalar-full-source,2644159928,CAB-c4f8350472212923ad4c63900277324e,streaming-info.json,341
scalar-full-source,2748134067,CAB-330bd96e19b96949e0b97c05a2ed7bef,acl-database-bulk.bin,42468
scalar-full-source,2748134067,CAB-330bd96e19b96949e0b97c05a2ed7bef,Avatar_Female_Size02_Remielle_Origin_Default_Ani_UI_S1toD.json,210392
scalar-full-source,2748134067,CAB-330bd96e19b96949e0b97c05a2ed7bef,native-object.raw,53168
scalar-full-source,2748134067,CAB-330bd96e19b96949e0b97c05a2ed7bef,streaming-info.json,335
scalar-full-source,2748134067,CAB-330bd96e19b96949e0b97c05a2ed7bef,acl-database-bulk.bin,243112
scalar-full-source,2748134067,CAB-330bd96e19b96949e0b97c05a2ed7bef,Avatar_Female_Size02_Remielle_Origin_Ani_UI_S1toD.json,982112
scalar-full-source,2748134067,CAB-330bd96e19b96949e0b97c05a2ed7bef,native-object.raw,168460
scalar-full-source,2748134067,CAB-330bd96e19b96949e0b97c05a2ed7bef,streaming-info.json,341
scalar-full-source,2748134067,CAB-4294b85318c921ad883ebec57aab8813,acl-database-bulk.bin,178525
scalar-full-source,2748134067,CAB-4294b85318c921ad883ebec57aab8813,Avatar_Female_Size02_Remielle_Origin_Ani_Gal_Special_End.json,944150
scalar-full-source,2748134067,CAB-4294b85318c921ad883ebec57aab8813,native-object.raw,143372
scalar-full-source,2748134067,CAB-4294b85318c921ad883ebec57aab8813,streaming-info.json,337
scalar-full-source,2748134067,CAB-4294b85318c921ad883ebec57aab8813,acl-database-bulk.bin,33200
scalar-full-source,2748134067,CAB-4294b85318c921ad883ebec57aab8813,Avatar_Female_Size02_Remielle_Origin_Default_Ani_Gal_Special_End.json,210231
scalar-full-source,2748134067,CAB-4294b85318c921ad883ebec57aab8813,native-object.raw,52532
scalar-full-source,2748134067,CAB-4294b85318c921ad883ebec57aab8813,streaming-info.json,340
scalar-full-source,2748134067,CAB-4c326020d1d3fe61acc918c5faf5dbfe,acl-database-bulk.bin,37225
scalar-full-source,2748134067,CAB-4c326020d1d3fe61acc918c5faf5dbfe,Avatar_Female_Size02_Remielle_Origin_Default_Ani_UI_DtoS1.json,207185
scalar-full-source,2748134067,CAB-4c326020d1d3fe61acc918c5faf5dbfe,native-object.raw,50688
scalar-full-source,2748134067,CAB-4c326020d1d3fe61acc918c5faf5dbfe,streaming-info.json,335
scalar-full-source,2748134067,CAB-4c326020d1d3fe61acc918c5faf5dbfe,acl-database-bulk.bin,211665
scalar-full-source,2748134067,CAB-4c326020d1d3fe61acc918c5faf5dbfe,Avatar_Female_Size02_Remielle_Origin_Ani_UI_DtoS1.json,971361
scalar-full-source,2748134067,CAB-4c326020d1d3fe61acc918c5faf5dbfe,native-object.raw,161252
scalar-full-source,2748134067,CAB-4c326020d1d3fe61acc918c5faf5dbfe,streaming-info.json,341
scalar-full-source,2748134067,CAB-4f8b83f6a49b94175bb6d9a90a2080bd,acl-database-bulk.bin,234333
scalar-full-source,2748134067,CAB-4f8b83f6a49b94175bb6d9a90a2080bd,Avatar_Female_Size02_Remielle_Origin_Ani_UI_EtoD.json,973197
scalar-full-source,2748134067,CAB-4f8b83f6a49b94175bb6d9a90a2080bd,native-object.raw,163132
scalar-full-source,2748134067,CAB-4f8b83f6a49b94175bb6d9a90a2080bd,streaming-info.json,337
scalar-full-source,2748134067,CAB-4f8b83f6a49b94175bb6d9a90a2080bd,acl-database-bulk.bin,38591
scalar-full-source,2748134067,CAB-4f8b83f6a49b94175bb6d9a90a2080bd,Avatar_Female_Size02_Remielle_Origin_Default_Ani_UI_EtoD.json,208965
scalar-full-source,2748134067,CAB-4f8b83f6a49b94175bb6d9a90a2080bd,native-object.raw,52108
scalar-full-source,2748134067,CAB-4f8b83f6a49b94175bb6d9a90a2080bd,streaming-info.json,340
scalar-full-source,2748134067,CAB-72ea75fbc9c7c8e99dfee30966e728cd,acl-database-bulk.bin,177028
scalar-full-source,2748134067,CAB-72ea75fbc9c7c8e99dfee30966e728cd,Avatar_Female_Size02_Remielle_Origin_Ani_Gal_Happy_Start.json,944998
scalar-full-source,2748134067,CAB-72ea75fbc9c7c8e99dfee30966e728cd,native-object.raw,144896
scalar-full-source,2748134067,CAB-72ea75fbc9c7c8e99dfee30966e728cd,streaming-info.json,337
scalar-full-source,2748134067,CAB-72ea75fbc9c7c8e99dfee30966e728cd,acl-database-bulk.bin,34846
scalar-full-source,2748134067,CAB-72ea75fbc9c7c8e99dfee30966e728cd,Avatar_Female_Size02_Remielle_Origin_Default_Ani_Gal_Happy_Start.json,208477
scalar-full-source,2748134067,CAB-72ea75fbc9c7c8e99dfee30966e728cd,native-object.raw,51412
scalar-full-source,2748134067,CAB-72ea75fbc9c7c8e99dfee30966e728cd,streaming-info.json,340
scalar-full-source,2748134067,CAB-862044e831a368a0200f79bc21f0da2e,acl-database-bulk.bin,255281
scalar-full-source,2748134067,CAB-862044e831a368a0200f79bc21f0da2e,Avatar_Female_Size02_Remielle_Origin_Ani_UI_CharSel_Loop.json,996094
scalar-full-source,2748134067,CAB-862044e831a368a0200f79bc21f0da2e,native-object.raw,181020
scalar-full-source,2748134067,CAB-862044e831a368a0200f79bc21f0da2e,streaming-info.json,337
scalar-full-source,2748134067,CAB-862044e831a368a0200f79bc21f0da2e,acl-database-bulk.bin,33058
scalar-full-source,2748134067,CAB-862044e831a368a0200f79bc21f0da2e,Avatar_Female_Size02_Remielle_Origin_Default_Ani_UI_CharSel_Loop.json,203023
scalar-full-source,2748134067,CAB-862044e831a368a0200f79bc21f0da2e,native-object.raw,47812
scalar-full-source,2748134067,CAB-862044e831a368a0200f79bc21f0da2e,streaming-info.json,340
scalar-full-source,2748134067,CAB-8f25f35c718bd3f8a95fa36f7b383ca6,acl-database-bulk.bin,201296
scalar-full-source,2748134067,CAB-8f25f35c718bd3f8a95fa36f7b383ca6,Avatar_Female_Size02_Remielle_Origin_Ani_UI_DtoE.json,966220
scalar-full-source,2748134067,CAB-8f25f35c718bd3f8a95fa36f7b383ca6,native-object.raw,158060
scalar-full-source,2748134067,CAB-8f25f35c718bd3f8a95fa36f7b383ca6,streaming-info.json,341
scalar-full-source,2748134067,CAB-8f25f35c718bd3f8a95fa36f7b383ca6,acl-database-bulk.bin,36222
scalar-full-source,2748134067,CAB-8f25f35c718bd3f8a95fa36f7b383ca6,Avatar_Female_Size02_Remielle_Origin_Default_Ani_UI_DtoE.json,211142
scalar-full-source,2748134067,CAB-8f25f35c718bd3f8a95fa36f7b383ca6,native-object.raw,53532
scalar-full-source,2748134067,CAB-8f25f35c718bd3f8a95fa36f7b383ca6,streaming-info.json,335
scalar-full-source,2748134067,CAB-a4184ef1a7e5ec75129dfea901d4e282,acl-database-bulk.bin,36227
scalar-full-source,2748134067,CAB-a4184ef1a7e5ec75129dfea901d4e282,Avatar_Female_Size02_Remielle_Origin_Default_Ani_Gal_Special_Loop.json,206545
scalar-full-source,2748134067,CAB-a4184ef1a7e5ec75129dfea901d4e282,native-object.raw,50392
scalar-full-source,2748134067,CAB-a4184ef1a7e5ec75129dfea901d4e282,streaming-info.json,335
scalar-full-source,2748134067,CAB-a4184ef1a7e5ec75129dfea901d4e282,acl-database-bulk.bin,196348
scalar-full-source,2748134067,CAB-a4184ef1a7e5ec75129dfea901d4e282,Avatar_Female_Size02_Remielle_Origin_Ani_Gal_Special_Loop.json,949295
scalar-full-source,2748134067,CAB-a4184ef1a7e5ec75129dfea901d4e282,native-object.raw,148572
scalar-full-source,2748134067,CAB-a4184ef1a7e5ec75129dfea901d4e282,streaming-info.json,341
scalar-full-source,2748134067,CAB-d77415a594af7c627f07c9786086ce9b,acl-database-bulk.bin,193491
scalar-full-source,2748134067,CAB-d77415a594af7c627f07c9786086ce9b,Avatar_Female_Size02_Remielle_Origin_Ani_Gal_Sad_Loop.json,948815
scalar-full-source,2748134067,CAB-d77415a594af7c627f07c9786086ce9b,native-object.raw,148116
scalar-full-source,2748134067,CAB-d77415a594af7c627f07c9786086ce9b,streaming-info.json,337
scalar-full-source,2748134067,CAB-d77415a594af7c627f07c9786086ce9b,acl-database-bulk.bin,34715
scalar-full-source,2748134067,CAB-d77415a594af7c627f07c9786086ce9b,Avatar_Female_Size02_Remielle_Origin_Default_Ani_Gal_Sad_Loop.json,204751
scalar-full-source,2748134067,CAB-d77415a594af7c627f07c9786086ce9b,native-object.raw,49140
scalar-full-source,2748134067,CAB-d77415a594af7c627f07c9786086ce9b,streaming-info.json,340
scalar-full-source,2748134067,CAB-d7e8a5de1954691b39f6fabb014a5ff9,acl-database-bulk.bin,31615
scalar-full-source,2748134067,CAB-d7e8a5de1954691b39f6fabb014a5ff9,Avatar_Female_Size02_Remielle_Origin_Default_Ani_Gal_Think_End.json,205420
scalar-full-source,2748134067,CAB-d7e8a5de1954691b39f6fabb014a5ff9,native-object.raw,49124
scalar-full-source,2748134067,CAB-d7e8a5de1954691b39f6fabb014a5ff9,streaming-info.json,335
scalar-full-source,2748134067,CAB-d7e8a5de1954691b39f6fabb014a5ff9,acl-database-bulk.bin,178900
scalar-full-source,2748134067,CAB-d7e8a5de1954691b39f6fabb014a5ff9,Avatar_Female_Size02_Remielle_Origin_Ani_Gal_Think_End.json,948269
scalar-full-source,2748134067,CAB-d7e8a5de1954691b39f6fabb014a5ff9,native-object.raw,147096
scalar-full-source,2748134067,CAB-d7e8a5de1954691b39f6fabb014a5ff9,streaming-info.json,341
scalar-full-source,2748134067,CAB-e41346e5c938a302fa0bc88d72422886,acl-database-bulk.bin,27774
scalar-full-source,2748134067,CAB-e41346e5c938a302fa0bc88d72422886,Avatar_Female_Size02_Remielle_Origin_Default_Ani_Gal_Shy_Start.json,199354
scalar-full-source,2748134067,CAB-e41346e5c938a302fa0bc88d72422886,native-object.raw,44836
scalar-full-source,2748134067,CAB-e41346e5c938a302fa0bc88d72422886,streaming-info.json,335
scalar-full-source,2748134067,CAB-e41346e5c938a302fa0bc88d72422886,acl-database-bulk.bin,176033
scalar-full-source,2748134067,CAB-e41346e5c938a302fa0bc88d72422886,Avatar_Female_Size02_Remielle_Origin_Ani_Gal_Shy_Start.json,939558
scalar-full-source,2748134067,CAB-e41346e5c938a302fa0bc88d72422886,native-object.raw,141640
scalar-full-source,2748134067,CAB-e41346e5c938a302fa0bc88d72422886,streaming-info.json,341
scalar-full-source,276809377,CAB-4209dbd24594d51d0fef06627bfab17e,acl-database-bulk.bin,67
scalar-full-source,276809377,CAB-4209dbd24594d51d0fef06627bfab17e,Avatar_Female_Size02_Remielle_Ramiel_Ani_MC_Pose01.json,1176879
scalar-full-source,276809377,CAB-4209dbd24594d51d0fef06627bfab17e,native-object.raw,107152
scalar-full-source,276809377,CAB-4209dbd24594d51d0fef06627bfab17e,streaming-info.json,333
scalar-full-source,2807369310,CAB-0c3d9fa0c1570b1ea8cfa3d77f3d98da,acl-database-bulk.bin,123568
scalar-full-source,2807369310,CAB-0c3d9fa0c1570b1ea8cfa3d77f3d98da,Avatar_Female_Size02_Remielle_Origin_Ani_Move_B_AirFront_Loop.json,919733
scalar-full-source,2807369310,CAB-0c3d9fa0c1570b1ea8cfa3d77f3d98da,native-object.raw,137888
scalar-full-source,2807369310,CAB-0c3d9fa0c1570b1ea8cfa3d77f3d98da,streaming-info.json,337
scalar-full-source,2807369310,CAB-0c3d9fa0c1570b1ea8cfa3d77f3d98da,acl-database-bulk.bin,3638
scalar-full-source,2807369310,CAB-0c3d9fa0c1570b1ea8cfa3d77f3d98da,Avatar_Female_Size02_Remielle_Origin_Default_Ani_Move_B_AirFront_Loop.json,132413
scalar-full-source,2807369310,CAB-0c3d9fa0c1570b1ea8cfa3d77f3d98da,native-object.raw,17356
scalar-full-source,2807369310,CAB-0c3d9fa0c1570b1ea8cfa3d77f3d98da,streaming-info.json,339
scalar-full-source,2807369310,CAB-1457f717633135624967a8f27090cb2c,acl-database-bulk.bin,175574
scalar-full-source,2807369310,CAB-1457f717633135624967a8f27090cb2c,Avatar_Female_Size02_Remielle_Origin_Ani_Death.json,952677
scalar-full-source,2807369310,CAB-1457f717633135624967a8f27090cb2c,native-object.raw,151012
scalar-full-source,2807369310,CAB-1457f717633135624967a8f27090cb2c,streaming-info.json,341
scalar-full-source,2807369310,CAB-1457f717633135624967a8f27090cb2c,acl-database-bulk.bin,19604
scalar-full-source,2807369310,CAB-1457f717633135624967a8f27090cb2c,Avatar_Female_Size02_Remielle_Origin_Default_Ani_Death.json,192415
scalar-full-source,2807369310,CAB-1457f717633135624967a8f27090cb2c,native-object.raw,39836
scalar-full-source,2807369310,CAB-1457f717633135624967a8f27090cb2c,streaming-info.json,339
scalar-full-source,2807369310,CAB-6164a4315dcc4fbe46999f7275e621f5,acl-database-bulk.bin,46026
scalar-full-source,2807369310,CAB-6164a4315dcc4fbe46999f7275e621f5,Avatar_Female_Size02_Remielle_Origin_Default_Ani_SwitchIn_Normal.json,233505
scalar-full-source,2807369310,CAB-6164a4315dcc4fbe46999f7275e621f5,native-object.raw,70436
scalar-full-source,2807369310,CAB-6164a4315dcc4fbe46999f7275e621f5,streaming-info.json,335
scalar-full-source,2807369310,CAB-6164a4315dcc4fbe46999f7275e621f5,acl-database-bulk.bin,358368
scalar-full-source,2807369310,CAB-6164a4315dcc4fbe46999f7275e621f5,Avatar_Female_Size02_Remielle_Origin_Ani_SwitchIn_Normal.json,1107514
scalar-full-source,2807369310,CAB-6164a4315dcc4fbe46999f7275e621f5,native-object.raw,261496
scalar-full-source,2807369310,CAB-6164a4315dcc4fbe46999f7275e621f5,streaming-info.json,341
scalar-full-source,2807369310,CAB-6f9dab0b9eba9a6f9a37f015b82ea76d,acl-database-bulk.bin,37892
scalar-full-source,2807369310,CAB-6f9dab0b9eba9a6f9a37f015b82ea76d,Avatar_Female_Size02_Remielle_Origin_Default_Ani_Dash_Loop_02.json,206330
scalar-full-source,2807369310,CAB-6f9dab0b9eba9a6f9a37f015b82ea76d,native-object.raw,50356
scalar-full-source,2807369310,CAB-6f9dab0b9eba9a6f9a37f015b82ea76d,streaming-info.json,340
scalar-full-source,2807369310,CAB-6f9dab0b9eba9a6f9a37f015b82ea76d,acl-database-bulk.bin,267578
scalar-full-source,2807369310,CAB-6f9dab0b9eba9a6f9a37f015b82ea76d,Avatar_Female_Size02_Remielle_Origin_Ani_Dash_Loop_02.json,974175
scalar-full-source,2807369310,CAB-6f9dab0b9eba9a6f9a37f015b82ea76d,native-object.raw,168032
scalar-full-source,2807369310,CAB-6f9dab0b9eba9a6f9a37f015b82ea76d,streaming-info.json,337
scalar-full-source,2807369310,CAB-9d341d5f113b1b9a0ae9a2f40d39de0f,acl-database-bulk.bin,26484
scalar-full-source,2807369310,CAB-9d341d5f113b1b9a0ae9a2f40d39de0f,Avatar_Female_Size02_Remielle_Origin_Default_Ani_Skill01_AirState_Back.json,200996
scalar-full-source,2807369310,CAB-9d341d5f113b1b9a0ae9a2f40d39de0f,native-object.raw,46012
scalar-full-source,2807369310,CAB-9d341d5f113b1b9a0ae9a2f40d39de0f,streaming-info.json,335
scalar-full-source,2807369310,CAB-9d341d5f113b1b9a0ae9a2f40d39de0f,acl-database-bulk.bin,187452
scalar-full-source,2807369310,CAB-9d341d5f113b1b9a0ae9a2f40d39de0f,Avatar_Female_Size02_Remielle_Origin_Ani_Skill01_AirState_Back.json,967538
scalar-full-source,2807369310,CAB-9d341d5f113b1b9a0ae9a2f40d39de0f,native-object.raw,161716
scalar-full-source,2807369310,CAB-9d341d5f113b1b9a0ae9a2f40d39de0f,streaming-info.json,341
scalar-full-source,2807369310,CAB-b4bacb1509800f0dff18da91d92b6bfc,acl-database-bulk.bin,31837
scalar-full-source,2807369310,CAB-b4bacb1509800f0dff18da91d92b6bfc,Avatar_Female_Size02_Remielle_Origin_Default_Ani_Skill02_AirState_Front.json,218495
scalar-full-source,2807369310,CAB-b4bacb1509800f0dff18da91d92b6bfc,native-object.raw,58988
scalar-full-source,2807369310,CAB-b4bacb1509800f0dff18da91d92b6bfc,streaming-info.json,335
scalar-full-source,2807369310,CAB-b4bacb1509800f0dff18da91d92b6bfc,acl-database-bulk.bin,255978
scalar-full-source,2807369310,CAB-b4bacb1509800f0dff18da91d92b6bfc,Avatar_Female_Size02_Remielle_Origin_Ani_Skill02_AirState_Front.json,1001197
scalar-full-source,2807369310,CAB-b4bacb1509800f0dff18da91d92b6bfc,native-object.raw,189892
scalar-full-source,2807369310,CAB-b4bacb1509800f0dff18da91d92b6bfc,streaming-info.json,341
scalar-full-source,2807369310,CAB-c067dd7149b715a360f59abe904d4bb8,acl-database-bulk.bin,28807
scalar-full-source,2807369310,CAB-c067dd7149b715a360f59abe904d4bb8,Avatar_Female_Size02_Remielle_Origin_Default_Ani_Attack_AssaultAid_End.json,210662
scalar-full-source,2807369310,CAB-c067dd7149b715a360f59abe904d4bb8,native-object.raw,53020
scalar-full-source,2807369310,CAB-c067dd7149b715a360f59abe904d4bb8,streaming-info.json,339
scalar-full-source,2807369310,CAB-c067dd7149b715a360f59abe904d4bb8,acl-database-bulk.bin,15950
scalar-full-source,2807369310,CAB-c067dd7149b715a360f59abe904d4bb8,Avatar_Female_Size02_Remielle_Origin_Default_Ani_Attack_AssaultAid.json,182872
scalar-full-source,2807369310,CAB-c067dd7149b715a360f59abe904d4bb8,native-object.raw,32552
scalar-full-source,2807369310,CAB-c067dd7149b715a360f59abe904d4bb8,streaming-info.json,335
scalar-full-source,2807369310,CAB-c067dd7149b715a360f59abe904d4bb8,acl-database-bulk.bin,125554
scalar-full-source,2807369310,CAB-c067dd7149b715a360f59abe904d4bb8,Avatar_Female_Size02_Remielle_Origin_Ani_Attack_AssaultAid.json,925698
scalar-full-source,2807369310,CAB-c067dd7149b715a360f59abe904d4bb8,native-object.raw,128136
scalar-full-source,2807369310,CAB-c067dd7149b715a360f59abe904d4bb8,streaming-info.json,342
scalar-full-source,2807369310,CAB-c067dd7149b715a360f59abe904d4bb8,acl-database-bulk.bin,233739
scalar-full-source,2807369310,CAB-c067dd7149b715a360f59abe904d4bb8,Avatar_Female_Size02_Remielle_Origin_Ani_Attack_AssaultAid_End.json,1025853
scalar-full-source,2807369310,CAB-c067dd7149b715a360f59abe904d4bb8,native-object.raw,201104
scalar-full-source,2807369310,CAB-c067dd7149b715a360f59abe904d4bb8,streaming-info.json,341
scalar-full-source,2807369310,CAB-c86b68f260025e9ed1686b85e305ac55,acl-database-bulk.bin,206997
scalar-full-source,2807369310,CAB-c86b68f260025e9ed1686b85e305ac55,Avatar_Female_Size02_Remielle_Origin_Ani_Attack_ChangeState.json,941461
scalar-full-source,2807369310,CAB-c86b68f260025e9ed1686b85e305ac55,native-object.raw,141052
scalar-full-source,2807369310,CAB-c86b68f260025e9ed1686b85e305ac55,streaming-info.json,337
scalar-full-source,2807369310,CAB-c86b68f260025e9ed1686b85e305ac55,acl-database-bulk.bin,24512
scalar-full-source,2807369310,CAB-c86b68f260025e9ed1686b85e305ac55,Avatar_Female_Size02_Remielle_Origin_Default_Ani_Attack_ChangeState.json,191046
scalar-full-source,2807369310,CAB-c86b68f260025e9ed1686b85e305ac55,native-object.raw,38808
scalar-full-source,2807369310,CAB-c86b68f260025e9ed1686b85e305ac55,streaming-info.json,340
scalar-full-source,2807369310,CAB-db435b080d88577d5eda3034f73da441,acl-database-bulk.bin,80233
scalar-full-source,2807369310,CAB-db435b080d88577d5eda3034f73da441,Avatar_Female_Size02_Remielle_Origin_Ani_Skill04_AirState_Front.json,886858
scalar-full-source,2807369310,CAB-db435b080d88577d5eda3034f73da441,native-object.raw,109028
scalar-full-source,2807369310,CAB-db435b080d88577d5eda3034f73da441,streaming-info.json,336
scalar-full-source,2807369310,CAB-db435b080d88577d5eda3034f73da441,acl-database-bulk.bin,5947
scalar-full-source,2807369310,CAB-db435b080d88577d5eda3034f73da441,Avatar_Female_Size02_Remielle_Origin_Default_Ani_Skill04_AirState_Front.json,170402
scalar-full-source,2807369310,CAB-db435b080d88577d5eda3034f73da441,native-object.raw,23532
scalar-full-source,2807369310,CAB-db435b080d88577d5eda3034f73da441,streaming-info.json,338
scalar-full-source,2849370921,CAB-073241c3afb1cf09196537b9c86a4f73,acl-database-bulk.bin,207239
scalar-full-source,2849370921,CAB-073241c3afb1cf09196537b9c86a4f73,Avatar_Female_Size02_Remielle_Origin_Ani_UI_Skill_01.json,954585
scalar-full-source,2849370921,CAB-073241c3afb1cf09196537b9c86a4f73,native-object.raw,151864
scalar-full-source,2849370921,CAB-073241c3afb1cf09196537b9c86a4f73,streaming-info.json,337
scalar-full-source,2849370921,CAB-073241c3afb1cf09196537b9c86a4f73,acl-database-bulk.bin,31866
scalar-full-source,2849370921,CAB-073241c3afb1cf09196537b9c86a4f73,Avatar_Female_Size02_Remielle_Origin_Default_Ani_UI_Skill_01.json,202134
scalar-full-source,2849370921,CAB-073241c3afb1cf09196537b9c86a4f73,native-object.raw,47120
scalar-full-source,2849370921,CAB-073241c3afb1cf09196537b9c86a4f73,streaming-info.json,340
scalar-full-source,2849370921,CAB-0b0ed66386aafdfb0826e7680888c52b,acl-database-bulk.bin,180720
scalar-full-source,2849370921,CAB-0b0ed66386aafdfb0826e7680888c52b,Avatar_Female_Size02_Remielle_Origin_Ani_Gal_Angry_End.json,949319
scalar-full-source,2849370921,CAB-0b0ed66386aafdfb0826e7680888c52b,native-object.raw,147856
scalar-full-source,2849370921,CAB-0b0ed66386aafdfb0826e7680888c52b,streaming-info.json,337
scalar-full-source,2849370921,CAB-0b0ed66386aafdfb0826e7680888c52b,acl-database-bulk.bin,34137
scalar-full-source,2849370921,CAB-0b0ed66386aafdfb0826e7680888c52b,Avatar_Female_Size02_Remielle_Origin_Default_Ani_Gal_Angry_End.json,209056
scalar-full-source,2849370921,CAB-0b0ed66386aafdfb0826e7680888c52b,native-object.raw,52148
scalar-full-source,2849370921,CAB-0b0ed66386aafdfb0826e7680888c52b,streaming-info.json,340
scalar-full-source,2849370921,CAB-33c8ecd840635007d9743bd6853ac9d3,acl-database-bulk.bin,31971
scalar-full-source,2849370921,CAB-33c8ecd840635007d9743bd6853ac9d3,Avatar_Female_Size02_Remielle_Origin_Default_Ani_Gal_Angry_Start.json,206843
scalar-full-source,2849370921,CAB-33c8ecd840635007d9743bd6853ac9d3,native-object.raw,50292
scalar-full-source,2849370921,CAB-33c8ecd840635007d9743bd6853ac9d3,streaming-info.json,335
scalar-full-source,2849370921,CAB-33c8ecd840635007d9743bd6853ac9d3,acl-database-bulk.bin,178754
scalar-full-source,2849370921,CAB-33c8ecd840635007d9743bd6853ac9d3,Avatar_Female_Size02_Remielle_Origin_Ani_Gal_Angry_Start.json,951289
scalar-full-source,2849370921,CAB-33c8ecd840635007d9743bd6853ac9d3,native-object.raw,150000
scalar-full-source,2849370921,CAB-33c8ecd840635007d9743bd6853ac9d3,streaming-info.json,341
scalar-full-source,2849370921,CAB-3dd93f2ee0affa84eb20ea36d21e2bb6,acl-database-bulk.bin,29283
scalar-full-source,2849370921,CAB-3dd93f2ee0affa84eb20ea36d21e2bb6,Avatar_Female_Size02_Remielle_Origin_Default_Ani_Gal_Sad_Start.json,202339
scalar-full-source,2849370921,CAB-3dd93f2ee0affa84eb20ea36d21e2bb6,native-object.raw,47076
scalar-full-source,2849370921,CAB-3dd93f2ee0affa84eb20ea36d21e2bb6,streaming-info.json,340
scalar-full-source,2849370921,CAB-3dd93f2ee0affa84eb20ea36d21e2bb6,acl-database-bulk.bin,181474
scalar-full-source,2849370921,CAB-3dd93f2ee0affa84eb20ea36d21e2bb6,Avatar_Female_Size02_Remielle_Origin_Ani_Gal_Sad_Start.json,951948
scalar-full-source,2849370921,CAB-3dd93f2ee0affa84eb20ea36d21e2bb6,native-object.raw,148780
scalar-full-source,2849370921,CAB-3dd93f2ee0affa84eb20ea36d21e2bb6,streaming-info.json,337
scalar-full-source,2849370921,CAB-54d477c26f2d631c8936071f27b05196,acl-database-bulk.bin,359640
scalar-full-source,2849370921,CAB-54d477c26f2d631c8936071f27b05196,Avatar_Female_Size02_Remielle_Origin_Ani_UI_CharSel_Start.json,1031374
scalar-full-source,2849370921,CAB-54d477c26f2d631c8936071f27b05196,native-object.raw,206620
scalar-full-source,2849370921,CAB-54d477c26f2d631c8936071f27b05196,streaming-info.json,337
scalar-full-source,2849370921,CAB-54d477c26f2d631c8936071f27b05196,acl-database-bulk.bin,46339
scalar-full-source,2849370921,CAB-54d477c26f2d631c8936071f27b05196,Avatar_Female_Size02_Remielle_Origin_Default_Ani_UI_CharSel_Start.json,223230
scalar-full-source,2849370921,CAB-54d477c26f2d631c8936071f27b05196,native-object.raw,62792
scalar-full-source,2849370921,CAB-54d477c26f2d631c8936071f27b05196,streaming-info.json,340
scalar-full-source,2849370921,CAB-8d82b594b6c64c553fb641f240cdc6e9,acl-database-bulk.bin,35958
scalar-full-source,2849370921,CAB-8d82b594b6c64c553fb641f240cdc6e9,Avatar_Female_Size02_Remielle_Origin_Default_Ani_Gal_Surprise_Loop.json,206353
scalar-full-source,2849370921,CAB-8d82b594b6c64c553fb641f240cdc6e9,native-object.raw,50312
scalar-full-source,2849370921,CAB-8d82b594b6c64c553fb641f240cdc6e9,streaming-info.json,335
scalar-full-source,2849370921,CAB-8d82b594b6c64c553fb641f240cdc6e9,acl-database-bulk.bin,194569
scalar-full-source,2849370921,CAB-8d82b594b6c64c553fb641f240cdc6e9,Avatar_Female_Size02_Remielle_Origin_Ani_Gal_Surprise_Loop.json,945086
scalar-full-source,2849370921,CAB-8d82b594b6c64c553fb641f240cdc6e9,native-object.raw,149372
scalar-full-source,2849370921,CAB-8d82b594b6c64c553fb641f240cdc6e9,streaming-info.json,341
scalar-full-source,2849370921,CAB-9bcb8d70234fad0f3d3156023394158e,acl-database-bulk.bin,230502
scalar-full-source,2849370921,CAB-9bcb8d70234fad0f3d3156023394158e,Avatar_Female_Size02_Remielle_Origin_Ani_Gacha_Loop.json,969677
scalar-full-source,2849370921,CAB-9bcb8d70234fad0f3d3156023394158e,native-object.raw,162880
scalar-full-source,2849370921,CAB-9bcb8d70234fad0f3d3156023394158e,streaming-info.json,337
scalar-full-source,2849370921,CAB-9bcb8d70234fad0f3d3156023394158e,acl-database-bulk.bin,29183
scalar-full-source,2849370921,CAB-9bcb8d70234fad0f3d3156023394158e,Avatar_Female_Size02_Remielle_Origin_Default_Ani_Gacha_Loop.json,198426
scalar-full-source,2849370921,CAB-9bcb8d70234fad0f3d3156023394158e,native-object.raw,44400
scalar-full-source,2849370921,CAB-9bcb8d70234fad0f3d3156023394158e,streaming-info.json,340
scalar-full-source,2849370921,CAB-aa04e6bf54c664ddec74e62da1cc9335,acl-database-bulk.bin,35440
scalar-full-source,2849370921,CAB-aa04e6bf54c664ddec74e62da1cc9335,Avatar_Female_Size02_Remielle_Origin_Default_Ani_Gal_Shy_Loop.json,205309
scalar-full-source,2849370921,CAB-aa04e6bf54c664ddec74e62da1cc9335,native-object.raw,49524
scalar-full-source,2849370921,CAB-aa04e6bf54c664ddec74e62da1cc9335,streaming-info.json,335
scalar-full-source,2849370921,CAB-aa04e6bf54c664ddec74e62da1cc9335,acl-database-bulk.bin,194829
scalar-full-source,2849370921,CAB-aa04e6bf54c664ddec74e62da1cc9335,Avatar_Female_Size02_Remielle_Origin_Ani_Gal_Shy_Loop.json,944161
scalar-full-source,2849370921,CAB-aa04e6bf54c664ddec74e62da1cc9335,native-object.raw,148760
scalar-full-source,2849370921,CAB-aa04e6bf54c664ddec74e62da1cc9335,streaming-info.json,341
scalar-full-source,2849370921,CAB-b9db7a23cc8431e9a04649a31b2ed25e,acl-database-bulk.bin,36151
scalar-full-source,2849370921,CAB-b9db7a23cc8431e9a04649a31b2ed25e,Avatar_Female_Size02_Remielle_Origin_Default_Ani_Gal_Happy_Loop.json,206454
scalar-full-source,2849370921,CAB-b9db7a23cc8431e9a04649a31b2ed25e,native-object.raw,50244
scalar-full-source,2849370921,CAB-b9db7a23cc8431e9a04649a31b2ed25e,streaming-info.json,335
scalar-full-source,2849370921,CAB-b9db7a23cc8431e9a04649a31b2ed25e,acl-database-bulk.bin,192382
scalar-full-source,2849370921,CAB-b9db7a23cc8431e9a04649a31b2ed25e,Avatar_Female_Size02_Remielle_Origin_Ani_Gal_Happy_Loop.json,947943
scalar-full-source,2849370921,CAB-b9db7a23cc8431e9a04649a31b2ed25e,native-object.raw,148696
scalar-full-source,2849370921,CAB-b9db7a23cc8431e9a04649a31b2ed25e,streaming-info.json,341
scalar-full-source,2849370921,CAB-ca9b602b05a936f674d362cda26b886d,acl-database-bulk.bin,193533
scalar-full-source,2849370921,CAB-ca9b602b05a936f674d362cda26b886d,Avatar_Female_Size02_Remielle_Origin_Ani_UI_Skill_02.json,953252
scalar-full-source,2849370921,CAB-ca9b602b05a936f674d362cda26b886d,native-object.raw,149556
scalar-full-source,2849370921,CAB-ca9b602b05a936f674d362cda26b886d,streaming-info.json,341
scalar-full-source,2849370921,CAB-ca9b602b05a936f674d362cda26b886d,acl-database-bulk.bin,25155
scalar-full-source,2849370921,CAB-ca9b602b05a936f674d362cda26b886d,Avatar_Female_Size02_Remielle_Origin_Default_Ani_UI_Skill_02.json,192625
scalar-full-source,2849370921,CAB-ca9b602b05a936f674d362cda26b886d,native-object.raw,40080
scalar-full-source,2849370921,CAB-ca9b602b05a936f674d362cda26b886d,streaming-info.json,335
scalar-full-source,2906705493,CAB-7a441f7265bb4e22d19419586538f431,acl-database-bulk.bin,433201
scalar-full-source,2906705493,CAB-7a441f7265bb4e22d19419586538f431,Avatar_Female_Size02_Remielle_Origin_Ani_SwitchIn_Attack_Ex.json,1145634
scalar-full-source,2906705493,CAB-7a441f7265bb4e22d19419586538f431,native-object.raw,291080
scalar-full-source,2906705493,CAB-7a441f7265bb4e22d19419586538f431,streaming-info.json,337
scalar-full-source,2906705493,CAB-7a441f7265bb4e22d19419586538f431,acl-database-bulk.bin,55984
scalar-full-source,2906705493,CAB-7a441f7265bb4e22d19419586538f431,Avatar_Female_Size02_Remielle_Origin_Default_Ani_SwitchIn_Attack_Ex.json,249003
scalar-full-source,2906705493,CAB-7a441f7265bb4e22d19419586538f431,native-object.raw,81992
scalar-full-source,2906705493,CAB-7a441f7265bb4e22d19419586538f431,streaming-info.json,340
scalar-full-source,2932222405,CAB-31c29d830b33476ec0810078df2c9521,acl-database-bulk.bin,36191
scalar-full-source,2932222405,CAB-31c29d830b33476ec0810078df2c9521,Avatar_Female_Size02_Remielle_Origin_Default_Ani_Gal_Angry_Loop.json,205851
scalar-full-source,2932222405,CAB-31c29d830b33476ec0810078df2c9521,native-object.raw,49892
scalar-full-source,2932222405,CAB-31c29d830b33476ec0810078df2c9521,streaming-info.json,340
scalar-full-source,2932222405,CAB-31c29d830b33476ec0810078df2c9521,acl-database-bulk.bin,193859
scalar-full-source,2932222405,CAB-31c29d830b33476ec0810078df2c9521,Avatar_Female_Size02_Remielle_Origin_Ani_Gal_Angry_Loop.json,943234
scalar-full-source,2932222405,CAB-31c29d830b33476ec0810078df2c9521,native-object.raw,148188
scalar-full-source,2932222405,CAB-31c29d830b33476ec0810078df2c9521,streaming-info.json,337
scalar-full-source,2932222405,CAB-62ed5c7d08282007932710f7846913f4,acl-database-bulk.bin,49658
scalar-full-source,2932222405,CAB-62ed5c7d08282007932710f7846913f4,Avatar_Female_Size02_Remielle_Origin_Default_Ani_Gacha_Start.json,228531
scalar-full-source,2932222405,CAB-62ed5c7d08282007932710f7846913f4,native-object.raw,66944
scalar-full-source,2932222405,CAB-62ed5c7d08282007932710f7846913f4,streaming-info.json,335
scalar-full-source,2932222405,CAB-62ed5c7d08282007932710f7846913f4,acl-database-bulk.bin,400961
scalar-full-source,2932222405,CAB-62ed5c7d08282007932710f7846913f4,Avatar_Female_Size02_Remielle_Origin_Ani_Gacha_Start.json,1025549
scalar-full-source,2932222405,CAB-62ed5c7d08282007932710f7846913f4,native-object.raw,204744
scalar-full-source,2932222405,CAB-62ed5c7d08282007932710f7846913f4,streaming-info.json,341
scalar-full-source,2932222405,CAB-65d9419ccc0d31613dac91061d303e27,acl-database-bulk.bin,527
scalar-full-source,2932222405,CAB-65d9419ccc0d31613dac91061d303e27,Avatar_Female_Size02_Remielle_Origin_Ani_Gal_Facial_Blink_Surprise.json,1057739
scalar-full-source,2932222405,CAB-65d9419ccc0d31613dac91061d303e27,native-object.raw,107160
scalar-full-source,2932222405,CAB-65d9419ccc0d31613dac91061d303e27,streaming-info.json,337
scalar-full-source,2932222405,CAB-65d9419ccc0d31613dac91061d303e27,acl-database-bulk.bin,520
scalar-full-source,2932222405,CAB-65d9419ccc0d31613dac91061d303e27,Avatar_Female_Size02_Remielle_Origin_Ani_Gal_Facial_Blink_Think.json,1057551
scalar-full-source,2932222405,CAB-65d9419ccc0d31613dac91061d303e27,native-object.raw,107120
scalar-full-source,2932222405,CAB-65d9419ccc0d31613dac91061d303e27,streaming-info.json,337
scalar-full-source,2932222405,CAB-65d9419ccc0d31613dac91061d303e27,acl-database-bulk.bin,515
scalar-full-source,2932222405,CAB-65d9419ccc0d31613dac91061d303e27,Avatar_Female_Size02_Remielle_Origin_Ani_Gal_Facial_Blink_Sad.json,1057548
scalar-full-source,2932222405,CAB-65d9419ccc0d31613dac91061d303e27,native-object.raw,107108
scalar-full-source,2932222405,CAB-65d9419ccc0d31613dac91061d303e27,streaming-info.json,336
scalar-full-source,2932222405,CAB-65d9419ccc0d31613dac91061d303e27,acl-database-bulk.bin,503
scalar-full-source,2932222405,CAB-65d9419ccc0d31613dac91061d303e27,Avatar_Female_Size02_Remielle_Origin_Ani_Gal_Facial_Blink_Idle.json,1057339
scalar-full-source,2932222405,CAB-65d9419ccc0d31613dac91061d303e27,native-object.raw,106988
scalar-full-source,2932222405,CAB-65d9419ccc0d31613dac91061d303e27,streaming-info.json,334
scalar-full-source,2932222405,CAB-65d9419ccc0d31613dac91061d303e27,acl-database-bulk.bin,67
scalar-full-source,2932222405,CAB-65d9419ccc0d31613dac91061d303e27,Avatar_Female_Size02_Remielle_Origin_Ani_Gal_Facial_Blink_Shy.json,1056653
scalar-full-source,2932222405,CAB-65d9419ccc0d31613dac91061d303e27,native-object.raw,106472
scalar-full-source,2932222405,CAB-65d9419ccc0d31613dac91061d303e27,streaming-info.json,336
scalar-full-source,2932222405,CAB-65d9419ccc0d31613dac91061d303e27,acl-database-bulk.bin,67
scalar-full-source,2932222405,CAB-65d9419ccc0d31613dac91061d303e27,Avatar_Female_Size02_Remielle_Origin_Ani_Gal_Facial_Blink_Happy.json,1056869
scalar-full-source,2932222405,CAB-65d9419ccc0d31613dac91061d303e27,native-object.raw,106472
scalar-full-source,2932222405,CAB-65d9419ccc0d31613dac91061d303e27,streaming-info.json,336
scalar-full-source,2932222405,CAB-65d9419ccc0d31613dac91061d303e27,acl-database-bulk.bin,520
scalar-full-source,2932222405,CAB-65d9419ccc0d31613dac91061d303e27,Avatar_Female_Size02_Remielle_Origin_Ani_Gal_Facial_Blink_Angry.json,1057503
scalar-full-source,2932222405,CAB-65d9419ccc0d31613dac91061d303e27,native-object.raw,107120
scalar-full-source,2932222405,CAB-65d9419ccc0d31613dac91061d303e27,streaming-info.json,337
scalar-full-source,2932222405,CAB-b707512f7cadd0d9c8040ed61ca33c12,acl-database-bulk.bin,28682
scalar-full-source,2932222405,CAB-b707512f7cadd0d9c8040ed61ca33c12,Avatar_Female_Size02_Remielle_Origin_Default_Ani_Gal_Think_Start.json,201516
scalar-full-source,2932222405,CAB-b707512f7cadd0d9c8040ed61ca33c12,native-object.raw,46308
scalar-full-source,2932222405,CAB-b707512f7cadd0d9c8040ed61ca33c12,streaming-info.json,340
scalar-full-source,2932222405,CAB-b707512f7cadd0d9c8040ed61ca33c12,acl-database-bulk.bin,179310
scalar-full-source,2932222405,CAB-b707512f7cadd0d9c8040ed61ca33c12,Avatar_Female_Size02_Remielle_Origin_Ani_Gal_Think_Start.json,945995
scalar-full-source,2932222405,CAB-b707512f7cadd0d9c8040ed61ca33c12,native-object.raw,145776
scalar-full-source,2932222405,CAB-b707512f7cadd0d9c8040ed61ca33c12,streaming-info.json,337
scalar-full-source,2932222405,CAB-ce3b218bc4a407efbc1d1610527eef6c,acl-database-bulk.bin,175303
scalar-full-source,2932222405,CAB-ce3b218bc4a407efbc1d1610527eef6c,Avatar_Female_Size02_Remielle_Origin_Ani_Gal_Surprise_Start.json,942192
scalar-full-source,2932222405,CAB-ce3b218bc4a407efbc1d1610527eef6c,native-object.raw,143516
scalar-full-source,2932222405,CAB-ce3b218bc4a407efbc1d1610527eef6c,streaming-info.json,337
scalar-full-source,2932222405,CAB-ce3b218bc4a407efbc1d1610527eef6c,acl-database-bulk.bin,29580
scalar-full-source,2932222405,CAB-ce3b218bc4a407efbc1d1610527eef6c,Avatar_Female_Size02_Remielle_Origin_Default_Ani_Gal_Surprise_Start.json,201385
scalar-full-source,2932222405,CAB-ce3b218bc4a407efbc1d1610527eef6c,native-object.raw,46408
scalar-full-source,2932222405,CAB-ce3b218bc4a407efbc1d1610527eef6c,streaming-info.json,340
scalar-full-source,2932222405,CAB-d0045144aeceb56c015de0c961ed7e7e,acl-database-bulk.bin,0
scalar-full-source,2932222405,CAB-d0045144aeceb56c015de0c961ed7e7e,Avatar_Female_Size02_Remielle_Origin_Ani_Gal_Facial_Angry.json,970668
scalar-full-source,2932222405,CAB-d0045144aeceb56c015de0c961ed7e7e,native-object.raw,88244
scalar-full-source,2932222405,CAB-d0045144aeceb56c015de0c961ed7e7e,streaming-info.json,244
scalar-full-source,2932222405,CAB-d0045144aeceb56c015de0c961ed7e7e,acl-database-bulk.bin,67
scalar-full-source,2932222405,CAB-d0045144aeceb56c015de0c961ed7e7e,Avatar_Female_Size02_Remielle_Origin_Ani_Gal_Facial_Surprise.json,970810
scalar-full-source,2932222405,CAB-d0045144aeceb56c015de0c961ed7e7e,native-object.raw,88360
scalar-full-source,2932222405,CAB-d0045144aeceb56c015de0c961ed7e7e,streaming-info.json,332
scalar-full-source,2932222405,CAB-d0045144aeceb56c015de0c961ed7e7e,acl-database-bulk.bin,67
scalar-full-source,2932222405,CAB-d0045144aeceb56c015de0c961ed7e7e,Avatar_Female_Size02_Remielle_Origin_Ani_Gal_Facial_Happy.json,970636
scalar-full-source,2932222405,CAB-d0045144aeceb56c015de0c961ed7e7e,native-object.raw,88328
scalar-full-source,2932222405,CAB-d0045144aeceb56c015de0c961ed7e7e,streaming-info.json,334
scalar-full-source,2932222405,CAB-d0045144aeceb56c015de0c961ed7e7e,acl-database-bulk.bin,67
scalar-full-source,2932222405,CAB-d0045144aeceb56c015de0c961ed7e7e,Avatar_Female_Size02_Remielle_Origin_Ani_Gal_Facial_Idle.json,970454
scalar-full-source,2932222405,CAB-d0045144aeceb56c015de0c961ed7e7e,native-object.raw,88276
scalar-full-source,2932222405,CAB-d0045144aeceb56c015de0c961ed7e7e,streaming-info.json,333
scalar-full-source,2932222405,CAB-d0045144aeceb56c015de0c961ed7e7e,acl-database-bulk.bin,67
scalar-full-source,2932222405,CAB-d0045144aeceb56c015de0c961ed7e7e,Avatar_Female_Size02_Remielle_Origin_Ani_Gal_Facial_Sad.json,970624
scalar-full-source,2932222405,CAB-d0045144aeceb56c015de0c961ed7e7e,native-object.raw,88316
scalar-full-source,2932222405,CAB-d0045144aeceb56c015de0c961ed7e7e,streaming-info.json,334
scalar-full-source,2932222405,CAB-d0045144aeceb56c015de0c961ed7e7e,acl-database-bulk.bin,67
scalar-full-source,2932222405,CAB-d0045144aeceb56c015de0c961ed7e7e,Avatar_Female_Size02_Remielle_Origin_Ani_Gal_Facial_Think.json,970694
scalar-full-source,2932222405,CAB-d0045144aeceb56c015de0c961ed7e7e,native-object.raw,88344
scalar-full-source,2932222405,CAB-d0045144aeceb56c015de0c961ed7e7e,streaming-info.json,334
scalar-full-source,2932222405,CAB-d0045144aeceb56c015de0c961ed7e7e,acl-database-bulk.bin,67
scalar-full-source,2932222405,CAB-d0045144aeceb56c015de0c961ed7e7e,Avatar_Female_Size02_Remielle_Origin_Ani_Gal_Facial_Shy.json,970676
scalar-full-source,2932222405,CAB-d0045144aeceb56c015de0c961ed7e7e,native-object.raw,88340
scalar-full-source,2932222405,CAB-d0045144aeceb56c015de0c961ed7e7e,streaming-info.json,334
scalar-full-source,3094050808,CAB-f7048970623d84f565eacd8a7a2bbdc0,native-object.raw,552144
scalar-full-source,3094050808,CAB-f7048970623d84f565eacd8a7a2bbdc0,TL_C30_ZiplineChasing_01_SC010_Avatar_MaxRemielleOriginCS.json,1581221
scalar-full-source,3278416766,CAB-054bc96f21c392775ad58eda0c3b56ce,acl-database-bulk.bin,102015
scalar-full-source,3278416766,CAB-054bc96f21c392775ad58eda0c3b56ce,Avatar_Female_Size02_Remielle_Ramiel_Ani_Gal_Think_End.json,1045406
scalar-full-source,3278416766,CAB-054bc96f21c392775ad58eda0c3b56ce,native-object.raw,126272
scalar-full-source,3278416766,CAB-054bc96f21c392775ad58eda0c3b56ce,streaming-info.json,337
scalar-full-source,3278416766,CAB-14f250a47959f0ba85045eff182fe317,acl-database-bulk.bin,95161
scalar-full-source,3278416766,CAB-14f250a47959f0ba85045eff182fe317,Avatar_Female_Size02_Remielle_Ramiel_Ani_Gal_Happy_End.json,1043972
scalar-full-source,3278416766,CAB-14f250a47959f0ba85045eff182fe317,native-object.raw,125200
scalar-full-source,3278416766,CAB-14f250a47959f0ba85045eff182fe317,streaming-info.json,336
scalar-full-source,3278416766,CAB-18723669dc13e3e1b13f6e2e45fe935b,acl-database-bulk.bin,97259
scalar-full-source,3278416766,CAB-18723669dc13e3e1b13f6e2e45fe935b,Avatar_Female_Size02_Remielle_Ramiel_Ani_Gal_Special_Start.json,1043855
scalar-full-source,3278416766,CAB-18723669dc13e3e1b13f6e2e45fe935b,native-object.raw,125156
scalar-full-source,3278416766,CAB-18723669dc13e3e1b13f6e2e45fe935b,streaming-info.json,336
scalar-full-source,3278416766,CAB-37c3fc35259d79a6df49f0fdbbe1f51e,acl-database-bulk.bin,94926
scalar-full-source,3278416766,CAB-37c3fc35259d79a6df49f0fdbbe1f51e,Avatar_Female_Size02_Remielle_Ramiel_Ani_Gal_Sad_End.json,1042894
scalar-full-source,3278416766,CAB-37c3fc35259d79a6df49f0fdbbe1f51e,native-object.raw,124284
scalar-full-source,3278416766,CAB-37c3fc35259d79a6df49f0fdbbe1f51e,streaming-info.json,336
scalar-full-source,3278416766,CAB-4b6b10cd3f8f3d26206e9524cc3e6278,acl-database-bulk.bin,105707
scalar-full-source,3278416766,CAB-4b6b10cd3f8f3d26206e9524cc3e6278,Avatar_Female_Size02_Remielle_Ramiel_Ani_Gal_Special_Loop.json,1050038
scalar-full-source,3278416766,CAB-4b6b10cd3f8f3d26206e9524cc3e6278,native-object.raw,129876
scalar-full-source,3278416766,CAB-4b6b10cd3f8f3d26206e9524cc3e6278,streaming-info.json,337
scalar-full-source,3278416766,CAB-553907d726f7f5f8fe7fe0c44fb73f44,acl-database-bulk.bin,92760
scalar-full-source,3278416766,CAB-553907d726f7f5f8fe7fe0c44fb73f44,Avatar_Female_Size02_Remielle_Ramiel_Ani_Gal_Shy_Start.json,1043113
scalar-full-source,3278416766,CAB-553907d726f7f5f8fe7fe0c44fb73f44,native-object.raw,124752
scalar-full-source,3278416766,CAB-553907d726f7f5f8fe7fe0c44fb73f44,streaming-info.json,336
scalar-full-source,3278416766,CAB-718f96bc002296df11ecda783043005e,acl-database-bulk.bin,108409
scalar-full-source,3278416766,CAB-718f96bc002296df11ecda783043005e,Avatar_Female_Size02_Remielle_Ramiel_Ani_Gal_Idle.json,1048915
scalar-full-source,3278416766,CAB-718f96bc002296df11ecda783043005e,native-object.raw,129676
scalar-full-source,3278416766,CAB-718f96bc002296df11ecda783043005e,streaming-info.json,337
scalar-full-source,3278416766,CAB-8825d67f0be4cb8e9efb02a983e64ab6,acl-database-bulk.bin,96938
scalar-full-source,3278416766,CAB-8825d67f0be4cb8e9efb02a983e64ab6,Avatar_Female_Size02_Remielle_Ramiel_Ani_Gal_Happy_Loop.json,1047000
scalar-full-source,3278416766,CAB-8825d67f0be4cb8e9efb02a983e64ab6,native-object.raw,127456
scalar-full-source,3278416766,CAB-8825d67f0be4cb8e9efb02a983e64ab6,streaming-info.json,336
scalar-full-source,3278416766,CAB-8b28e3633d73843b3d11ce508ae58a5a,acl-database-bulk.bin,102466
scalar-full-source,3278416766,CAB-8b28e3633d73843b3d11ce508ae58a5a,Avatar_Female_Size02_Remielle_Ramiel_Ani_Gal_Surprise_Loop.json,1048770
scalar-full-source,3278416766,CAB-8b28e3633d73843b3d11ce508ae58a5a,native-object.raw,128932
scalar-full-source,3278416766,CAB-8b28e3633d73843b3d11ce508ae58a5a,streaming-info.json,337
scalar-full-source,3278416766,CAB-8f1944b4606602d3a104866492443b54,acl-database-bulk.bin,98240
scalar-full-source,3278416766,CAB-8f1944b4606602d3a104866492443b54,Avatar_Female_Size02_Remielle_Ramiel_Ani_Gal_Special_End.json,1044643
scalar-full-source,3278416766,CAB-8f1944b4606602d3a104866492443b54,native-object.raw,125888
scalar-full-source,3278416766,CAB-8f1944b4606602d3a104866492443b54,streaming-info.json,336
scalar-full-source,3278416766,CAB-bc534dc2da9d378a5a8ee7fa411353db,acl-database-bulk.bin,96564
scalar-full-source,3278416766,CAB-bc534dc2da9d378a5a8ee7fa411353db,Avatar_Female_Size02_Remielle_Ramiel_Ani_Gal_Think_Start.json,1044770
scalar-full-source,3278416766,CAB-bc534dc2da9d378a5a8ee7fa411353db,native-object.raw,125792
scalar-full-source,3278416766,CAB-bc534dc2da9d378a5a8ee7fa411353db,streaming-info.json,336
scalar-full-source,3278416766,CAB-d736ab159d79ecaa2ecc616ceb9f4a9b,acl-database-bulk.bin,91336
scalar-full-source,3278416766,CAB-d736ab159d79ecaa2ecc616ceb9f4a9b,Avatar_Female_Size02_Remielle_Ramiel_Ani_Gal_Surprise_Start.json,1042740
scalar-full-source,3278416766,CAB-d736ab159d79ecaa2ecc616ceb9f4a9b,native-object.raw,124324
scalar-full-source,3278416766,CAB-d736ab159d79ecaa2ecc616ceb9f4a9b,streaming-info.json,336
scalar-full-source,3278416766,CAB-e6d23dce06aa443a42104b70ab3ab488,acl-database-bulk.bin,94740
scalar-full-source,3278416766,CAB-e6d23dce06aa443a42104b70ab3ab488,Avatar_Female_Size02_Remielle_Ramiel_Ani_Gal_Shy_End.json,1044062
scalar-full-source,3278416766,CAB-e6d23dce06aa443a42104b70ab3ab488,native-object.raw,125244
scalar-full-source,3278416766,CAB-e6d23dce06aa443a42104b70ab3ab488,streaming-info.json,336
scalar-full-source,3278416766,CAB-ec6bf1717f72b483b5bd0361e265a5f4,acl-database-bulk.bin,92471
scalar-full-source,3278416766,CAB-ec6bf1717f72b483b5bd0361e265a5f4,Avatar_Female_Size02_Remielle_Ramiel_Ani_Gal_Happy_Start.json,1043207
scalar-full-source,3278416766,CAB-ec6bf1717f72b483b5bd0361e265a5f4,native-object.raw,124800
scalar-full-source,3278416766,CAB-ec6bf1717f72b483b5bd0361e265a5f4,streaming-info.json,336
scalar-full-source,3278416766,CAB-ee8bcbc745aa09cad2edcbf8dae6dd5d,acl-database-bulk.bin,95056
scalar-full-source,3278416766,CAB-ee8bcbc745aa09cad2edcbf8dae6dd5d,Avatar_Female_Size02_Remielle_Ramiel_Ani_Gal_Angry_Start.json,1044079
scalar-full-source,3278416766,CAB-ee8bcbc745aa09cad2edcbf8dae6dd5d,native-object.raw,125280
scalar-full-source,3278416766,CAB-ee8bcbc745aa09cad2edcbf8dae6dd5d,streaming-info.json,336
scalar-full-source,3316514000,CAB-35d87940b27e5c4f8e527993dee4e66b,Avatar_Female_Size02_Remielle_Origin_Cam_Finish_Ex_AirState.json,74751
scalar-full-source,3316514000,CAB-35d87940b27e5c4f8e527993dee4e66b,native-object.raw,13516
scalar-full-source,3316514000,CAB-38d458e992fce16119ca9a55e17d6910,Avatar_Female_Size02_Remielle_Origin_Cam_Attack_Burst_Ex_Max01.json,98389
scalar-full-source,3316514000,CAB-38d458e992fce16119ca9a55e17d6910,native-object.raw,17908
scalar-full-source,3316514000,CAB-9eb1d5d4f56b3a3e5240215727de0edc,Avatar_Female_Size02_Remielle_Origin_Cam_SwitchIn_Attack_Ex_Start.json,101744
scalar-full-source,3316514000,CAB-9eb1d5d4f56b3a3e5240215727de0edc,native-object.raw,18712
scalar-full-source,3316514000,CAB-e68045e60f25e95dcf6f0f76f44ece50,Avatar_Female_Size02_Remielle_Origin_Cam_QuestStart.json,81387
scalar-full-source,3316514000,CAB-e68045e60f25e95dcf6f0f76f44ece50,native-object.raw,14720
scalar-full-source,3316514000,CAB-f6943495f1b2fffd8960bc4dce6d3bd1,Avatar_Female_Size02_Remielle_Origin_Cam_Finish_Ex_AirState_Start.json,96708
scalar-full-source,3316514000,CAB-f6943495f1b2fffd8960bc4dce6d3bd1,native-object.raw,17644
scalar-full-source,3325839570,CAB-79f151e51c0447db369cfb59b21f2a10,Ani_Cs_TL_C31_Explosion_04_SC010_Avatar_RemielleOrigin.json,24074865
scalar-full-source,3325839570,CAB-79f151e51c0447db369cfb59b21f2a10,native-object.raw,4632900
scalar-full-source,3325839570,CAB-e5750cfba91f20b659b2157a7a107d33,Ani_Cs_TL_C31_Explosion_04_SC020_Avatar_RemielleOrigin.json,50938871
scalar-full-source,3325839570,CAB-e5750cfba91f20b659b2157a7a107d33,native-object.raw,9886316
scalar-full-source,3521808087,CAB-1af0146cd75f9b13ce59a92f3bd82fba,acl-database-bulk.bin,24603
scalar-full-source,3521808087,CAB-1af0146cd75f9b13ce59a92f3bd82fba,Avatar_Female_Size02_Remielle_Origin_Default_Ani_Attack_Normal_03_End.json,200716
scalar-full-source,3521808087,CAB-1af0146cd75f9b13ce59a92f3bd82fba,native-object.raw,45916
scalar-full-source,3521808087,CAB-1af0146cd75f9b13ce59a92f3bd82fba,streaming-info.json,335
scalar-full-source,3521808087,CAB-1af0146cd75f9b13ce59a92f3bd82fba,acl-database-bulk.bin,227621
scalar-full-source,3521808087,CAB-1af0146cd75f9b13ce59a92f3bd82fba,Avatar_Female_Size02_Remielle_Origin_Ani_Attack_Normal_03_End.json,1010716
scalar-full-source,3521808087,CAB-1af0146cd75f9b13ce59a92f3bd82fba,native-object.raw,191400
scalar-full-source,3521808087,CAB-1af0146cd75f9b13ce59a92f3bd82fba,streaming-info.json,341
scalar-full-source,3521808087,CAB-1af0146cd75f9b13ce59a92f3bd82fba,acl-database-bulk.bin,165431
scalar-full-source,3521808087,CAB-1af0146cd75f9b13ce59a92f3bd82fba,Avatar_Female_Size02_Remielle_Origin_Ani_Attack_Normal_03.json,944113
scalar-full-source,3521808087,CAB-1af0146cd75f9b13ce59a92f3bd82fba,native-object.raw,142904
scalar-full-source,3521808087,CAB-1af0146cd75f9b13ce59a92f3bd82fba,streaming-info.json,342
scalar-full-source,3521808087,CAB-1af0146cd75f9b13ce59a92f3bd82fba,acl-database-bulk.bin,20575
scalar-full-source,3521808087,CAB-1af0146cd75f9b13ce59a92f3bd82fba,Avatar_Female_Size02_Remielle_Origin_Default_Ani_Attack_Normal_03.json,189755
scalar-full-source,3521808087,CAB-1af0146cd75f9b13ce59a92f3bd82fba,native-object.raw,37704
scalar-full-source,3521808087,CAB-1af0146cd75f9b13ce59a92f3bd82fba,streaming-info.json,340
scalar-full-source,3521808087,CAB-270fbce06bdaf12b3e9e76c4cd6a257b,acl-database-bulk.bin,313429
scalar-full-source,3521808087,CAB-270fbce06bdaf12b3e9e76c4cd6a257b,Avatar_Female_Size02_Remielle_Origin_Ani_Finish_AirState_Front.json,1062930
scalar-full-source,3521808087,CAB-270fbce06bdaf12b3e9e76c4cd6a257b,native-object.raw,228592
scalar-full-source,3521808087,CAB-270fbce06bdaf12b3e9e76c4cd6a257b,streaming-info.json,337
scalar-full-source,3521808087,CAB-270fbce06bdaf12b3e9e76c4cd6a257b,acl-database-bulk.bin,38404
scalar-full-source,3521808087,CAB-270fbce06bdaf12b3e9e76c4cd6a257b,Avatar_Female_Size02_Remielle_Origin_Default_Ani_Finish_AirState_Front.json,221066
scalar-full-source,3521808087,CAB-270fbce06bdaf12b3e9e76c4cd6a257b,native-object.raw,61212
scalar-full-source,3521808087,CAB-270fbce06bdaf12b3e9e76c4cd6a257b,streaming-info.json,340
scalar-full-source,3521808087,CAB-6aab398422cb12cbe802fb1c02420e49,acl-database-bulk.bin,123786
scalar-full-source,3521808087,CAB-6aab398422cb12cbe802fb1c02420e49,Avatar_Female_Size02_Remielle_Origin_Ani_Move_F_AirFront_Loop.json,919316
scalar-full-source,3521808087,CAB-6aab398422cb12cbe802fb1c02420e49,native-object.raw,137820
scalar-full-source,3521808087,CAB-6aab398422cb12cbe802fb1c02420e49,streaming-info.json,337
scalar-full-source,3521808087,CAB-6aab398422cb12cbe802fb1c02420e49,acl-database-bulk.bin,3638
scalar-full-source,3521808087,CAB-6aab398422cb12cbe802fb1c02420e49,Avatar_Female_Size02_Remielle_Origin_Default_Ani_Move_F_AirFront_Loop.json,132295
scalar-full-source,3521808087,CAB-6aab398422cb12cbe802fb1c02420e49,native-object.raw,17356
scalar-full-source,3521808087,CAB-6aab398422cb12cbe802fb1c02420e49,streaming-info.json,339
scalar-full-source,3521808087,CAB-7fe39a86385a797855268a81a7992c85,acl-database-bulk.bin,27471
scalar-full-source,3521808087,CAB-7fe39a86385a797855268a81a7992c85,Avatar_Female_Size02_Remielle_Origin_Default_Ani_Attack_Burst_Ex_Max01.json,196371
scalar-full-source,3521808087,CAB-7fe39a86385a797855268a81a7992c85,native-object.raw,42636
scalar-full-source,3521808087,CAB-7fe39a86385a797855268a81a7992c85,streaming-info.json,335
scalar-full-source,3521808087,CAB-7fe39a86385a797855268a81a7992c85,acl-database-bulk.bin,208593
scalar-full-source,3521808087,CAB-7fe39a86385a797855268a81a7992c85,Avatar_Female_Size02_Remielle_Origin_Ani_Attack_Burst_Ex_Max01.json,959664
scalar-full-source,3521808087,CAB-7fe39a86385a797855268a81a7992c85,native-object.raw,155040
scalar-full-source,3521808087,CAB-7fe39a86385a797855268a81a7992c85,streaming-info.json,341
scalar-full-source,3521808087,CAB-8e2d5bcc52165bda45bd205f2cb80332,acl-database-bulk.bin,23575
scalar-full-source,3521808087,CAB-8e2d5bcc52165bda45bd205f2cb80332,Avatar_Female_Size02_Remielle_Origin_Default_Ani_Run_Transform_01.json,193528
scalar-full-source,3521808087,CAB-8e2d5bcc52165bda45bd205f2cb80332,native-object.raw,40616
scalar-full-source,3521808087,CAB-8e2d5bcc52165bda45bd205f2cb80332,streaming-info.json,340
scalar-full-source,3521808087,CAB-8e2d5bcc52165bda45bd205f2cb80332,acl-database-bulk.bin,187413
scalar-full-source,3521808087,CAB-8e2d5bcc52165bda45bd205f2cb80332,Avatar_Female_Size02_Remielle_Origin_Ani_Run_Transform_01.json,952140
scalar-full-source,3521808087,CAB-8e2d5bcc52165bda45bd205f2cb80332,native-object.raw,150392
scalar-full-source,3521808087,CAB-8e2d5bcc52165bda45bd205f2cb80332,streaming-info.json,337
scalar-full-source,3521808087,CAB-d1b52e8e0b797809b9c8e41a0b487813,acl-database-bulk.bin,275966
scalar-full-source,3521808087,CAB-d1b52e8e0b797809b9c8e41a0b487813,Avatar_Female_Size02_Remielle_Origin_Ani_Hit_H_Back.json,1047884
scalar-full-source,3521808087,CAB-d1b52e8e0b797809b9c8e41a0b487813,native-object.raw,216776
scalar-full-source,3521808087,CAB-d1b52e8e0b797809b9c8e41a0b487813,streaming-info.json,337
scalar-full-source,3521808087,CAB-d1b52e8e0b797809b9c8e41a0b487813,acl-database-bulk.bin,34785
scalar-full-source,3521808087,CAB-d1b52e8e0b797809b9c8e41a0b487813,Avatar_Female_Size02_Remielle_Origin_Default_Ani_Hit_H_Back.json,215581
scalar-full-source,3521808087,CAB-d1b52e8e0b797809b9c8e41a0b487813,native-object.raw,56896
scalar-full-source,3521808087,CAB-d1b52e8e0b797809b9c8e41a0b487813,streaming-info.json,340
scalar-full-source,3521808087,CAB-e35cafd1a72a36b7f16d1b784177f553,acl-database-bulk.bin,225433
scalar-full-source,3521808087,CAB-e35cafd1a72a36b7f16d1b784177f553,Avatar_Female_Size02_Remielle_Origin_Ani_Start_AirState_Back.json,993418
scalar-full-source,3521808087,CAB-e35cafd1a72a36b7f16d1b784177f553,native-object.raw,180812
scalar-full-source,3521808087,CAB-e35cafd1a72a36b7f16d1b784177f553,streaming-info.json,337
scalar-full-source,3521808087,CAB-e35cafd1a72a36b7f16d1b784177f553,acl-database-bulk.bin,26399
scalar-full-source,3521808087,CAB-e35cafd1a72a36b7f16d1b784177f553,Avatar_Female_Size02_Remielle_Origin_Default_Ani_Start_AirState_Back.json,201677
scalar-full-source,3521808087,CAB-e35cafd1a72a36b7f16d1b784177f553,native-object.raw,46616
scalar-full-source,3521808087,CAB-e35cafd1a72a36b7f16d1b784177f553,streaming-info.json,340
scalar-full-source,3521808087,CAB-ee2e548c5baaf184c07c906e30997663,acl-database-bulk.bin,32965
scalar-full-source,3521808087,CAB-ee2e548c5baaf184c07c906e30997663,Avatar_Female_Size02_Remielle_Origin_Default_Ani_Idle_Loop.json,202927
scalar-full-source,3521808087,CAB-ee2e548c5baaf184c07c906e30997663,native-object.raw,47728
scalar-full-source,3521808087,CAB-ee2e548c5baaf184c07c906e30997663,streaming-info.json,335
scalar-full-source,3521808087,CAB-ee2e548c5baaf184c07c906e30997663,acl-database-bulk.bin,254159
scalar-full-source,3521808087,CAB-ee2e548c5baaf184c07c906e30997663,Avatar_Female_Size02_Remielle_Origin_Ani_Idle_Loop.json,994957
scalar-full-source,3521808087,CAB-ee2e548c5baaf184c07c906e30997663,native-object.raw,181628
scalar-full-source,3521808087,CAB-ee2e548c5baaf184c07c906e30997663,streaming-info.json,341
scalar-full-source,3521808087,CAB-f7a7f8a4f87a50c83bacc29cbc8ad1d2,acl-database-bulk.bin,45433
scalar-full-source,3521808087,CAB-f7a7f8a4f87a50c83bacc29cbc8ad1d2,Avatar_Female_Size02_Remielle_Origin_Default_Ani_SwitchIn_Attack_Ex_Start.json,215199
scalar-full-source,3521808087,CAB-f7a7f8a4f87a50c83bacc29cbc8ad1d2,native-object.raw,56832
scalar-full-source,3521808087,CAB-f7a7f8a4f87a50c83bacc29cbc8ad1d2,streaming-info.json,335
scalar-full-source,3521808087,CAB-f7a7f8a4f87a50c83bacc29cbc8ad1d2,acl-database-bulk.bin,359841
scalar-full-source,3521808087,CAB-f7a7f8a4f87a50c83bacc29cbc8ad1d2,Avatar_Female_Size02_Remielle_Origin_Ani_SwitchIn_Attack_Ex_Start.json,1034386
scalar-full-source,3521808087,CAB-f7a7f8a4f87a50c83bacc29cbc8ad1d2,native-object.raw,207468
scalar-full-source,3521808087,CAB-f7a7f8a4f87a50c83bacc29cbc8ad1d2,streaming-info.json,341
scalar-full-source,3684114180,CAB-32be8d976e85476aabe71298156d824d,Eff_RemielleOrigin_Attack_Burst_Ex_Max_01_04_Trail.json,22147
scalar-full-source,3684114180,CAB-32be8d976e85476aabe71298156d824d,native-object.raw,2776
scalar-full-source,3684114180,CAB-3d1b28c6a239c8a7b5fc728975bf5feb,Eff_RemielleOrigin_Attack_Burst_Ex_01_05_Trail.json,73670
scalar-full-source,3684114180,CAB-3d1b28c6a239c8a7b5fc728975bf5feb,native-object.raw,7552
scalar-full-source,3684114180,CAB-4c23dcdeb7b70382d4dcd3873eb114fb,Eff_RemielleOrigin_Attack_Burst_01_01_Trail.json,57183
scalar-full-source,3684114180,CAB-4c23dcdeb7b70382d4dcd3873eb114fb,native-object.raw,6156
scalar-full-source,3684114180,CAB-69df105df5c4f5d8fc046241d532031e,Eff_RemielleOrigin_Attack_Burst_01_03_Trail.json,27518
scalar-full-source,3684114180,CAB-69df105df5c4f5d8fc046241d532031e,native-object.raw,3304
scalar-full-source,3684114180,CAB-6c70c6a331e0588ffc49ea160426ed3e,Eff_RemielleOrigin_Attack_Burst_Ex_Max_01_03_Trail.json,13473
scalar-full-source,3684114180,CAB-6c70c6a331e0588ffc49ea160426ed3e,native-object.raw,1904
scalar-full-source,3684114180,CAB-6cdffc4c26968f416951963f7ce4d14a,Eff_RemielleOrigin_Attack_Burst_01_02_Trail.json,129314
scalar-full-source,3684114180,CAB-6cdffc4c26968f416951963f7ce4d14a,native-object.raw,13068
scalar-full-source,3684114180,CAB-6df334efb969fb68d3f5acd392959972,Eff_RemielleOrigin_Attack_Burst_Ex_02_11_Trail.json,13465
scalar-full-source,3684114180,CAB-6df334efb969fb68d3f5acd392959972,native-object.raw,1900
scalar-full-source,3684114180,CAB-806205c93ae748ea5787297080cee6a4,Eff_RemielleOrigin_Attack_AirState_Front_01_Trail.json,19940
scalar-full-source,3684114180,CAB-806205c93ae748ea5787297080cee6a4,native-object.raw,2564
scalar-full-source,3684114180,CAB-8b76b57acef0fe4b111b65fe70bfc85a,Eff_RemielleOrigin_Attack_Burst_Ex_Max_01_10_Trail.json,24163
scalar-full-source,3684114180,CAB-8b76b57acef0fe4b111b65fe70bfc85a,native-object.raw,3040
scalar-full-source,3684114180,CAB-bcbcca4e0eac2363917f55ccc5c0e4c0,Eff_RemielleOrigin_Attack_Burst_Ex_Max_01_08_Trail.json,103887
scalar-full-source,3684114180,CAB-bcbcca4e0eac2363917f55ccc5c0e4c0,native-object.raw,10396
scalar-full-source,3684114180,CAB-cef66adceab7764284a358deec9e4823,Eff_RemielleOrigin_Attack_AssaultAid_01_Trail.json,17277
scalar-full-source,3684114180,CAB-cef66adceab7764284a358deec9e4823,native-object.raw,2268
scalar-full-source,3684114180,CAB-d47dea1218d6c225c9a95e025020303e,Eff_RemielleOrigin_Attack_Burst_Ex_Max_01_09_Light.json,91919
scalar-full-source,3684114180,CAB-d47dea1218d6c225c9a95e025020303e,native-object.raw,8760
scalar-full-source,3684114180,CAB-eb8b5652e51ea88ea21103265584ab33,Eff_RemielleOrigin_Attack_Burst_Ex_02_01_Trail.json,15077
scalar-full-source,3684114180,CAB-eb8b5652e51ea88ea21103265584ab33,native-object.raw,2068
scalar-full-source,3684114180,CAB-f1463bc4452f07df5a4db23e41eff8a9,Eff_RemielleOrigin_Attack_Burst_Ex_01_03_Trail.json,48266
scalar-full-source,3684114180,CAB-f1463bc4452f07df5a4db23e41eff8a9,native-object.raw,5196
scalar-full-source,3684114180,CAB-fd281f5350af1bd3a292ac38eb4b92b5,Eff_RemielleOrigin_Attack_AssaultAid_02_Trail.json,134007
scalar-full-source,3684114180,CAB-fd281f5350af1bd3a292ac38eb4b92b5,native-object.raw,13304
scalar-full-source,3897234846,CAB-00bad65b825d69c2507581fac21c8a3f,acl-database-bulk.bin,52044
scalar-full-source,3897234846,CAB-00bad65b825d69c2507581fac21c8a3f,Avatar_Female_Size02_Remielle_Origin_Default_Ani_MC_TurnAround_R.json,227237
scalar-full-source,3897234846,CAB-00bad65b825d69c2507581fac21c8a3f,native-object.raw,65652
scalar-full-source,3897234846,CAB-00bad65b825d69c2507581fac21c8a3f,streaming-info.json,340
scalar-full-source,3897234846,CAB-00bad65b825d69c2507581fac21c8a3f,acl-database-bulk.bin,263000
scalar-full-source,3897234846,CAB-00bad65b825d69c2507581fac21c8a3f,Avatar_Female_Size02_Remielle_Origin_Ani_MC_TurnAround_R.json,985619
scalar-full-source,3897234846,CAB-00bad65b825d69c2507581fac21c8a3f,native-object.raw,174816
scalar-full-source,3897234846,CAB-00bad65b825d69c2507581fac21c8a3f,streaming-info.json,337
scalar-full-source,3897234846,CAB-014ed2210669c96321e970ccf568fdca,acl-database-bulk.bin,21847
scalar-full-source,3897234846,CAB-014ed2210669c96321e970ccf568fdca,Avatar_Female_Size02_Remielle_Origin_Default_Ani_MC_Run_TurnBack.json,187366
scalar-full-source,3897234846,CAB-014ed2210669c96321e970ccf568fdca,native-object.raw,35940
scalar-full-source,3897234846,CAB-014ed2210669c96321e970ccf568fdca,streaming-info.json,335
scalar-full-source,3897234846,CAB-014ed2210669c96321e970ccf568fdca,acl-database-bulk.bin,144941
scalar-full-source,3897234846,CAB-014ed2210669c96321e970ccf568fdca,Avatar_Female_Size02_Remielle_Origin_Ani_MC_Run_TurnBack.json,921117
scalar-full-source,3897234846,CAB-014ed2210669c96321e970ccf568fdca,native-object.raw,126576
scalar-full-source,3897234846,CAB-014ed2210669c96321e970ccf568fdca,streaming-info.json,341
scalar-full-source,3897234846,CAB-22cdc4f9381774c37ea51d89d49f9f6b,acl-database-bulk.bin,37061
scalar-full-source,3897234846,CAB-22cdc4f9381774c37ea51d89d49f9f6b,Avatar_Female_Size02_Remielle_Origin_Default_Ani_MC_Walk_End_L.json,214372
scalar-full-source,3897234846,CAB-22cdc4f9381774c37ea51d89d49f9f6b,native-object.raw,55732
scalar-full-source,3897234846,CAB-22cdc4f9381774c37ea51d89d49f9f6b,streaming-info.json,335
scalar-full-source,3897234846,CAB-22cdc4f9381774c37ea51d89d49f9f6b,acl-database-bulk.bin,264202
scalar-full-source,3897234846,CAB-22cdc4f9381774c37ea51d89d49f9f6b,Avatar_Female_Size02_Remielle_Origin_Ani_MC_Walk_End_L.json,977845
scalar-full-source,3897234846,CAB-22cdc4f9381774c37ea51d89d49f9f6b,native-object.raw,169232
scalar-full-source,3897234846,CAB-22cdc4f9381774c37ea51d89d49f9f6b,streaming-info.json,341
scalar-full-source,3897234846,CAB-5a8713e36cf9403c7f563779ca7e4880,acl-database-bulk.bin,293895
scalar-full-source,3897234846,CAB-5a8713e36cf9403c7f563779ca7e4880,Avatar_Female_Size02_Remielle_Origin_Ani_MC_Run_End_L.json,994317
scalar-full-source,3897234846,CAB-5a8713e36cf9403c7f563779ca7e4880,native-object.raw,181092
scalar-full-source,3897234846,CAB-5a8713e36cf9403c7f563779ca7e4880,streaming-info.json,337
scalar-full-source,3897234846,CAB-5a8713e36cf9403c7f563779ca7e4880,acl-database-bulk.bin,40984
scalar-full-source,3897234846,CAB-5a8713e36cf9403c7f563779ca7e4880,Avatar_Female_Size02_Remielle_Origin_Default_Ani_MC_Run_End_L.json,219450
scalar-full-source,3897234846,CAB-5a8713e36cf9403c7f563779ca7e4880,native-object.raw,60004
scalar-full-source,3897234846,CAB-5a8713e36cf9403c7f563779ca7e4880,streaming-info.json,340
scalar-full-source,3897234846,CAB-77cc6dc8396de31b951456b5a60ca2a5,acl-database-bulk.bin,68749
scalar-full-source,3897234846,CAB-77cc6dc8396de31b951456b5a60ca2a5,Avatar_Female_Size02_Remielle_Origin_Ani_MC_Run_Loop.json,877191
scalar-full-source,3897234846,CAB-77cc6dc8396de31b951456b5a60ca2a5,native-object.raw,95624
scalar-full-source,3897234846,CAB-77cc6dc8396de31b951456b5a60ca2a5,streaming-info.json,338
scalar-full-source,3897234846,CAB-77cc6dc8396de31b951456b5a60ca2a5,acl-database-bulk.bin,9940
scalar-full-source,3897234846,CAB-77cc6dc8396de31b951456b5a60ca2a5,Avatar_Female_Size02_Remielle_Origin_Default_Ani_MC_Run_Loop.json,172014
scalar-full-source,3897234846,CAB-77cc6dc8396de31b951456b5a60ca2a5,native-object.raw,24496
scalar-full-source,3897234846,CAB-77cc6dc8396de31b951456b5a60ca2a5,streaming-info.json,334
scalar-full-source,3897234846,CAB-81d751f71c65d9c353b761796b0723e2,acl-database-bulk.bin,223934
scalar-full-source,3897234846,CAB-81d751f71c65d9c353b761796b0723e2,Avatar_Female_Size02_Remielle_Origin_Ani_MC_Idle_Loop.json,959594
scalar-full-source,3897234846,CAB-81d751f71c65d9c353b761796b0723e2,native-object.raw,157920
scalar-full-source,3897234846,CAB-81d751f71c65d9c353b761796b0723e2,streaming-info.json,337
scalar-full-source,3897234846,CAB-81d751f71c65d9c353b761796b0723e2,acl-database-bulk.bin,30138
scalar-full-source,3897234846,CAB-81d751f71c65d9c353b761796b0723e2,Avatar_Female_Size02_Remielle_Origin_Default_Ani_MC_Idle_Loop.json,198101
scalar-full-source,3897234846,CAB-81d751f71c65d9c353b761796b0723e2,native-object.raw,44084
scalar-full-source,3897234846,CAB-81d751f71c65d9c353b761796b0723e2,streaming-info.json,340
scalar-full-source,3897234846,CAB-83c6c76b27594a3a385257ac1c50925f,acl-database-bulk.bin,50363
scalar-full-source,3897234846,CAB-83c6c76b27594a3a385257ac1c50925f,Avatar_Female_Size02_Remielle_Origin_Default_Ani_MC_Walk_End_02_L.json,232180
scalar-full-source,3897234846,CAB-83c6c76b27594a3a385257ac1c50925f,native-object.raw,69320
scalar-full-source,3897234846,CAB-83c6c76b27594a3a385257ac1c50925f,streaming-info.json,340
scalar-full-source,3897234846,CAB-83c6c76b27594a3a385257ac1c50925f,acl-database-bulk.bin,341353
scalar-full-source,3897234846,CAB-83c6c76b27594a3a385257ac1c50925f,Avatar_Female_Size02_Remielle_Origin_Ani_MC_Walk_End_02_L.json,1014736
scalar-full-source,3897234846,CAB-83c6c76b27594a3a385257ac1c50925f,native-object.raw,196488
scalar-full-source,3897234846,CAB-83c6c76b27594a3a385257ac1c50925f,streaming-info.json,337
scalar-full-source,3897234846,CAB-ddf3d681a79f9f93daff2e13fbf3a5b7,acl-database-bulk.bin,191686
scalar-full-source,3897234846,CAB-ddf3d681a79f9f93daff2e13fbf3a5b7,Avatar_Female_Size02_Remielle_Origin_Ani_MC_Walk_Start.json,945831
scalar-full-source,3897234846,CAB-ddf3d681a79f9f93daff2e13fbf3a5b7,native-object.raw,145372
scalar-full-source,3897234846,CAB-ddf3d681a79f9f93daff2e13fbf3a5b7,streaming-info.json,341
scalar-full-source,3897234846,CAB-ddf3d681a79f9f93daff2e13fbf3a5b7,acl-database-bulk.bin,30527
scalar-full-source,3897234846,CAB-ddf3d681a79f9f93daff2e13fbf3a5b7,Avatar_Female_Size02_Remielle_Origin_Default_Ani_MC_Walk_Start.json,197861
scalar-full-source,3897234846,CAB-ddf3d681a79f9f93daff2e13fbf3a5b7,native-object.raw,43780
scalar-full-source,3897234846,CAB-ddf3d681a79f9f93daff2e13fbf3a5b7,streaming-info.json,335
scalar-full-source,3897234846,CAB-e63610f3a888364f2c4b60b184b5c06b,acl-database-bulk.bin,64904
scalar-full-source,3897234846,CAB-e63610f3a888364f2c4b60b184b5c06b,Avatar_Female_Size02_Remielle_Origin_Ani_MC_Sprint_Loop.json,878940
scalar-full-source,3897234846,CAB-e63610f3a888364f2c4b60b184b5c06b,native-object.raw,96600
scalar-full-source,3897234846,CAB-e63610f3a888364f2c4b60b184b5c06b,streaming-info.json,335
scalar-full-source,3897234846,CAB-e63610f3a888364f2c4b60b184b5c06b,acl-database-bulk.bin,9403
scalar-full-source,3897234846,CAB-e63610f3a888364f2c4b60b184b5c06b,Avatar_Female_Size02_Remielle_Origin_Default_Ani_MC_Sprint_Loop.json,171169
scalar-full-source,3897234846,CAB-e63610f3a888364f2c4b60b184b5c06b,native-object.raw,23892
scalar-full-source,3897234846,CAB-e63610f3a888364f2c4b60b184b5c06b,streaming-info.json,338
scalar-full-source,3897234846,CAB-f34adaf7a4ec2ecc82c73e0b06846837,acl-database-bulk.bin,306532
scalar-full-source,3897234846,CAB-f34adaf7a4ec2ecc82c73e0b06846837,Avatar_Female_Size02_Remielle_Origin_Ani_MC_Walk_End_02_R.json,1004177
scalar-full-source,3897234846,CAB-f34adaf7a4ec2ecc82c73e0b06846837,native-object.raw,188328
scalar-full-source,3897234846,CAB-f34adaf7a4ec2ecc82c73e0b06846837,streaming-info.json,337
scalar-full-source,3897234846,CAB-f34adaf7a4ec2ecc82c73e0b06846837,acl-database-bulk.bin,43889
scalar-full-source,3897234846,CAB-f34adaf7a4ec2ecc82c73e0b06846837,Avatar_Female_Size02_Remielle_Origin_Default_Ani_MC_Walk_End_02_R.json,221159
scalar-full-source,3897234846,CAB-f34adaf7a4ec2ecc82c73e0b06846837,native-object.raw,61272
scalar-full-source,3897234846,CAB-f34adaf7a4ec2ecc82c73e0b06846837,streaming-info.json,340
scalar-full-source,3933241010,CAB-49d06079338c0071909bfb82a3189e3d,acl-database-bulk.bin,2922
scalar-full-source,3933241010,CAB-49d06079338c0071909bfb82a3189e3d,Avatar_Female_Size02_Remielle_Origin_Ani_AC_Floater_RotateToFront.json,1217048
scalar-full-source,3933241010,CAB-49d06079338c0071909bfb82a3189e3d,native-object.raw,110972
scalar-full-source,3933241010,CAB-49d06079338c0071909bfb82a3189e3d,streaming-info.json,335
scalar-full-source,3933241010,CAB-5f8656098d9a9fd7761fada5cc310302,acl-database-bulk.bin,2911
scalar-full-source,3933241010,CAB-5f8656098d9a9fd7761fada5cc310302,Avatar_Female_Size02_Remielle_Origin_Ani_AC_Floater_Idle_Loop.json,1217935
scalar-full-source,3933241010,CAB-5f8656098d9a9fd7761fada5cc310302,native-object.raw,111648
scalar-full-source,3933241010,CAB-5f8656098d9a9fd7761fada5cc310302,streaming-info.json,335
scalar-full-source,3933241010,CAB-66df26f45d6f0756043bb5d21a77ae9a,acl-database-bulk.bin,128281
scalar-full-source,3933241010,CAB-66df26f45d6f0756043bb5d21a77ae9a,Avatar_Female_Size02_Remielle_Origin_Ani_AC_Parry_B_R.json,1070796
scalar-full-source,3933241010,CAB-66df26f45d6f0756043bb5d21a77ae9a,native-object.raw,137608
scalar-full-source,3933241010,CAB-66df26f45d6f0756043bb5d21a77ae9a,streaming-info.json,337
scalar-full-source,3933241010,CAB-66df26f45d6f0756043bb5d21a77ae9a,acl-database-bulk.bin,348297
scalar-full-source,3933241010,CAB-66df26f45d6f0756043bb5d21a77ae9a,Avatar_Female_Size02_Remielle_Origin_Ani_AC_Parry_B_R_End.json,1153925
scalar-full-source,3933241010,CAB-66df26f45d6f0756043bb5d21a77ae9a,native-object.raw,204860
scalar-full-source,3933241010,CAB-66df26f45d6f0756043bb5d21a77ae9a,streaming-info.json,342
scalar-full-source,3933241010,CAB-770f5d8331a4bcd39fa2da4065bde1d5,acl-database-bulk.bin,415970
scalar-full-source,3933241010,CAB-770f5d8331a4bcd39fa2da4065bde1d5,Avatar_Female_Size02_Remielle_Origin_Ani_AC_Hit_F_L.json,1440319
scalar-full-source,3933241010,CAB-770f5d8331a4bcd39fa2da4065bde1d5,native-object.raw,256676
scalar-full-source,3933241010,CAB-770f5d8331a4bcd39fa2da4065bde1d5,streaming-info.json,337
scalar-full-source,3933241010,CAB-a18d26aa93624f44bf94ed4a1cd876f1,acl-database-bulk.bin,5383
scalar-full-source,3933241010,CAB-a18d26aa93624f44bf94ed4a1cd876f1,Avatar_Female_Size02_Remielle_Origin_Ani_AC_Floater_TurnRight_Loop.json,2856006
scalar-full-source,3933241010,CAB-a18d26aa93624f44bf94ed4a1cd876f1,native-object.raw,257344
scalar-full-source,3933241010,CAB-a18d26aa93624f44bf94ed4a1cd876f1,streaming-info.json,335
scalar-full-source,3933241010,CAB-a21202a1d30a3052827b73dc11341a24,acl-database-bulk.bin,413944
scalar-full-source,3933241010,CAB-a21202a1d30a3052827b73dc11341a24,Avatar_Female_Size02_Remielle_Origin_Ani_AC_Hit_B_L.json,1445245
scalar-full-source,3933241010,CAB-a21202a1d30a3052827b73dc11341a24,native-object.raw,259536
scalar-full-source,3933241010,CAB-a21202a1d30a3052827b73dc11341a24,streaming-info.json,337
scalar-full-source,3933241010,CAB-ac308c81e99b0b41e40b1c6836746a65,acl-database-bulk.bin,366034
scalar-full-source,3933241010,CAB-ac308c81e99b0b41e40b1c6836746a65,Avatar_Female_Size02_Remielle_Origin_Ani_AC_ReleaseFloater.json,1157909
scalar-full-source,3933241010,CAB-ac308c81e99b0b41e40b1c6836746a65,native-object.raw,206764
scalar-full-source,3933241010,CAB-ac308c81e99b0b41e40b1c6836746a65,streaming-info.json,337
scalar-full-source,3933241010,CAB-c4ba8224cda1a570b87d8732501ca740,acl-database-bulk.bin,2958
scalar-full-source,3933241010,CAB-c4ba8224cda1a570b87d8732501ca740,Avatar_Female_Size02_Remielle_Origin_Ani_AC_Floater_RotateToBack.json,1217041
scalar-full-source,3933241010,CAB-c4ba8224cda1a570b87d8732501ca740,native-object.raw,110968
scalar-full-source,3933241010,CAB-c4ba8224cda1a570b87d8732501ca740,streaming-info.json,335
scalar-full-source,3933241010,CAB-d6bfb8d65913a86dcd01d4174dcd7ba5,acl-database-bulk.bin,5355
scalar-full-source,3933241010,CAB-d6bfb8d65913a86dcd01d4174dcd7ba5,Avatar_Female_Size02_Remielle_Origin_Ani_AC_Floater_TurnLeft_Loop.json,2855999
scalar-full-source,3933241010,CAB-d6bfb8d65913a86dcd01d4174dcd7ba5,native-object.raw,257344
scalar-full-source,3933241010,CAB-d6bfb8d65913a86dcd01d4174dcd7ba5,streaming-info.json,335
scalar-full-source,3933241010,CAB-d97d6d9d9c53e49101cf47f72188e83f,acl-database-bulk.bin,2911
scalar-full-source,3933241010,CAB-d97d6d9d9c53e49101cf47f72188e83f,Avatar_Female_Size02_Remielle_Origin_Ani_AC_Floater_Idle_Back_Loop.json,1217985
scalar-full-source,3933241010,CAB-d97d6d9d9c53e49101cf47f72188e83f,native-object.raw,111652
scalar-full-source,3933241010,CAB-d97d6d9d9c53e49101cf47f72188e83f,streaming-info.json,335
scalar-full-source,3933241010,CAB-fa83ba1502420e6fe6e9a83731281814,acl-database-bulk.bin,131151
scalar-full-source,3933241010,CAB-fa83ba1502420e6fe6e9a83731281814,Avatar_Female_Size02_Remielle_Origin_Ani_AC_Parry_F_L.json,1303172
scalar-full-source,3933241010,CAB-fa83ba1502420e6fe6e9a83731281814,native-object.raw,156076
scalar-full-source,3933241010,CAB-fa83ba1502420e6fe6e9a83731281814,streaming-info.json,337
scalar-full-source,3933241010,CAB-fa83ba1502420e6fe6e9a83731281814,acl-database-bulk.bin,448400
scalar-full-source,3933241010,CAB-fa83ba1502420e6fe6e9a83731281814,Avatar_Female_Size02_Remielle_Origin_Ani_AC_Parry_F_L_End.json,1436675
scalar-full-source,3933241010,CAB-fa83ba1502420e6fe6e9a83731281814,native-object.raw,257620
scalar-full-source,3933241010,CAB-fa83ba1502420e6fe6e9a83731281814,streaming-info.json,342
scalar-full-source,3939520730,CAB-11bac5858f0750c9fc555308d7de4636,acl-database-bulk.bin,345758
scalar-full-source,3939520730,CAB-11bac5858f0750c9fc555308d7de4636,Avatar_Female_Size02_Remielle_Origin_Ani_Evade_Front_02.json,1116197
scalar-full-source,3939520730,CAB-11bac5858f0750c9fc555308d7de4636,native-object.raw,268332
scalar-full-source,3939520730,CAB-11bac5858f0750c9fc555308d7de4636,streaming-info.json,337
scalar-full-source,3939520730,CAB-11bac5858f0750c9fc555308d7de4636,acl-database-bulk.bin,42611
scalar-full-source,3939520730,CAB-11bac5858f0750c9fc555308d7de4636,Avatar_Female_Size02_Remielle_Origin_Default_Ani_Evade_Front_02.json,239543
scalar-full-source,3939520730,CAB-11bac5858f0750c9fc555308d7de4636,native-object.raw,74964
scalar-full-source,3939520730,CAB-11bac5858f0750c9fc555308d7de4636,streaming-info.json,340
scalar-full-source,3939520730,CAB-14487361ca6d026f007ae055437d8c62,acl-database-bulk.bin,3725
scalar-full-source,3939520730,CAB-14487361ca6d026f007ae055437d8c62,Avatar_Female_Size02_Remielle_Origin_Default_Ani_Hit_Shake.json,178518
scalar-full-source,3939520730,CAB-14487361ca6d026f007ae055437d8c62,native-object.raw,22000
scalar-full-source,3939520730,CAB-14487361ca6d026f007ae055437d8c62,streaming-info.json,334
scalar-full-source,3939520730,CAB-14487361ca6d026f007ae055437d8c62,acl-database-bulk.bin,26354
scalar-full-source,3939520730,CAB-14487361ca6d026f007ae055437d8c62,Avatar_Female_Size02_Remielle_Origin_Ani_Hit_Shake.json,949906
scalar-full-source,3939520730,CAB-14487361ca6d026f007ae055437d8c62,native-object.raw,104668
scalar-full-source,3939520730,CAB-14487361ca6d026f007ae055437d8c62,streaming-info.json,339
scalar-full-source,3939520730,CAB-5becc2924ae52b26780a7e1b716b7c51,acl-database-bulk.bin,239260
scalar-full-source,3939520730,CAB-5becc2924ae52b26780a7e1b716b7c51,Avatar_Female_Size02_Remielle_Origin_Ani_Attack_Burst_01_End.json,1026339
scalar-full-source,3939520730,CAB-5becc2924ae52b26780a7e1b716b7c51,native-object.raw,202912
scalar-full-source,3939520730,CAB-5becc2924ae52b26780a7e1b716b7c51,streaming-info.json,337
scalar-full-source,3939520730,CAB-5becc2924ae52b26780a7e1b716b7c51,acl-database-bulk.bin,30922
scalar-full-source,3939520730,CAB-5becc2924ae52b26780a7e1b716b7c51,Avatar_Female_Size02_Remielle_Origin_Default_Ani_Attack_Burst_01_End.json,209468
scalar-full-source,3939520730,CAB-5becc2924ae52b26780a7e1b716b7c51,native-object.raw,52440
scalar-full-source,3939520730,CAB-5becc2924ae52b26780a7e1b716b7c51,streaming-info.json,340
scalar-full-source,3939520730,CAB-5becc2924ae52b26780a7e1b716b7c51,acl-database-bulk.bin,188741
scalar-full-source,3939520730,CAB-5becc2924ae52b26780a7e1b716b7c51,Avatar_Female_Size02_Remielle_Origin_Ani_Attack_Burst_01.json,964840
scalar-full-source,3939520730,CAB-5becc2924ae52b26780a7e1b716b7c51,native-object.raw,158528
scalar-full-source,3939520730,CAB-5becc2924ae52b26780a7e1b716b7c51,streaming-info.json,342
scalar-full-source,3939520730,CAB-5becc2924ae52b26780a7e1b716b7c51,acl-database-bulk.bin,25989
scalar-full-source,3939520730,CAB-5becc2924ae52b26780a7e1b716b7c51,Avatar_Female_Size02_Remielle_Origin_Default_Ani_Attack_Burst_01.json,194800
scalar-full-source,3939520730,CAB-5becc2924ae52b26780a7e1b716b7c51,native-object.raw,41492
scalar-full-source,3939520730,CAB-5becc2924ae52b26780a7e1b716b7c51,streaming-info.json,340
scalar-full-source,3939520730,CAB-7220c2a47b6cff41a653cd6ada5f7845,acl-database-bulk.bin,177321
scalar-full-source,3939520730,CAB-7220c2a47b6cff41a653cd6ada5f7845,Avatar_Female_Size02_Remielle_Origin_Ani_Run_Transform_02.json,958238
scalar-full-source,3939520730,CAB-7220c2a47b6cff41a653cd6ada5f7845,native-object.raw,152640
scalar-full-source,3939520730,CAB-7220c2a47b6cff41a653cd6ada5f7845,streaming-info.json,337
scalar-full-source,3939520730,CAB-7220c2a47b6cff41a653cd6ada5f7845,acl-database-bulk.bin,23190
scalar-full-source,3939520730,CAB-7220c2a47b6cff41a653cd6ada5f7845,Avatar_Female_Size02_Remielle_Origin_Default_Ani_Run_Transform_02.json,192939
scalar-full-source,3939520730,CAB-7220c2a47b6cff41a653cd6ada5f7845,native-object.raw,40136
scalar-full-source,3939520730,CAB-7220c2a47b6cff41a653cd6ada5f7845,streaming-info.json,340
scalar-full-source,3939520730,CAB-b1b611c032529f61db30e5abd6f188d0,acl-database-bulk.bin,311013
scalar-full-source,3939520730,CAB-b1b611c032529f61db30e5abd6f188d0,Avatar_Female_Size02_Remielle_Origin_Ani_HitFly_Front.json,1066469
scalar-full-source,3939520730,CAB-b1b611c032529f61db30e5abd6f188d0,native-object.raw,232464
scalar-full-source,3939520730,CAB-b1b611c032529f61db30e5abd6f188d0,streaming-info.json,337
scalar-full-source,3939520730,CAB-b1b611c032529f61db30e5abd6f188d0,acl-database-bulk.bin,37485
scalar-full-source,3939520730,CAB-b1b611c032529f61db30e5abd6f188d0,Avatar_Female_Size02_Remielle_Origin_Default_Ani_HitFly_Front.json,220639
scalar-full-source,3939520730,CAB-b1b611c032529f61db30e5abd6f188d0,native-object.raw,60644
scalar-full-source,3939520730,CAB-b1b611c032529f61db30e5abd6f188d0,streaming-info.json,340
scalar-full-source,3939520730,CAB-c720eff5f67f57471d62c00eb1e1ba49,acl-database-bulk.bin,25924
scalar-full-source,3939520730,CAB-c720eff5f67f57471d62c00eb1e1ba49,Avatar_Female_Size02_Remielle_Origin_Default_Ani_Run_Loop_01.json,195211
scalar-full-source,3939520730,CAB-c720eff5f67f57471d62c00eb1e1ba49,native-object.raw,42000
scalar-full-source,3939520730,CAB-c720eff5f67f57471d62c00eb1e1ba49,streaming-info.json,335
scalar-full-source,3939520730,CAB-c720eff5f67f57471d62c00eb1e1ba49,acl-database-bulk.bin,191455
scalar-full-source,3939520730,CAB-c720eff5f67f57471d62c00eb1e1ba49,Avatar_Female_Size02_Remielle_Origin_Ani_Run_Loop_01.json,959688
scalar-full-source,3939520730,CAB-c720eff5f67f57471d62c00eb1e1ba49,native-object.raw,155964
scalar-full-source,3939520730,CAB-c720eff5f67f57471d62c00eb1e1ba49,streaming-info.json,341
scalar-full-source,3939520730,CAB-f0378a31b5534b9f9140ec561b61236e,acl-database-bulk.bin,267387
scalar-full-source,3939520730,CAB-f0378a31b5534b9f9140ec561b61236e,Avatar_Female_Size02_Remielle_Origin_Ani_Dash_Evade.json,974283
scalar-full-source,3939520730,CAB-f0378a31b5534b9f9140ec561b61236e,native-object.raw,168008
scalar-full-source,3939520730,CAB-f0378a31b5534b9f9140ec561b61236e,streaming-info.json,341
scalar-full-source,3939520730,CAB-f0378a31b5534b9f9140ec561b61236e,acl-database-bulk.bin,38777
scalar-full-source,3939520730,CAB-f0378a31b5534b9f9140ec561b61236e,Avatar_Female_Size02_Remielle_Origin_Default_Ani_Dash_Evade.json,207120
scalar-full-source,3939520730,CAB-f0378a31b5534b9f9140ec561b61236e,native-object.raw,50960
scalar-full-source,3939520730,CAB-f0378a31b5534b9f9140ec561b61236e,streaming-info.json,335
scalar-full-source,3939520730,CAB-fbd91208d3ced827585fbe8cdd407578,acl-database-bulk.bin,22229
scalar-full-source,3939520730,CAB-fbd91208d3ced827585fbe8cdd407578,Avatar_Female_Size02_Remielle_Origin_Default_Ani_Attack_Normal_01_End.json,196450
scalar-full-source,3939520730,CAB-fbd91208d3ced827585fbe8cdd407578,native-object.raw,42732
scalar-full-source,3939520730,CAB-fbd91208d3ced827585fbe8cdd407578,streaming-info.json,340
scalar-full-source,3939520730,CAB-fbd91208d3ced827585fbe8cdd407578,acl-database-bulk.bin,164892
scalar-full-source,3939520730,CAB-fbd91208d3ced827585fbe8cdd407578,Avatar_Female_Size02_Remielle_Origin_Ani_Attack_Normal_01_End.json,975284
scalar-full-source,3939520730,CAB-fbd91208d3ced827585fbe8cdd407578,native-object.raw,164792
scalar-full-source,3939520730,CAB-fbd91208d3ced827585fbe8cdd407578,streaming-info.json,337
scalar-full-source,3939520730,CAB-fbd91208d3ced827585fbe8cdd407578,acl-database-bulk.bin,26725
scalar-full-source,3939520730,CAB-fbd91208d3ced827585fbe8cdd407578,Avatar_Female_Size02_Remielle_Origin_Default_Ani_Attack_Normal_01.json,198587
scalar-full-source,3939520730,CAB-fbd91208d3ced827585fbe8cdd407578,native-object.raw,44328
scalar-full-source,3939520730,CAB-fbd91208d3ced827585fbe8cdd407578,streaming-info.json,340
scalar-full-source,3939520730,CAB-fbd91208d3ced827585fbe8cdd407578,acl-database-bulk.bin,190463
scalar-full-source,3939520730,CAB-fbd91208d3ced827585fbe8cdd407578,Avatar_Female_Size02_Remielle_Origin_Ani_Attack_Normal_01.json,961498
scalar-full-source,3939520730,CAB-fbd91208d3ced827585fbe8cdd407578,native-object.raw,155788
scalar-full-source,3939520730,CAB-fbd91208d3ced827585fbe8cdd407578,streaming-info.json,342
scalar-full-source,4128630151,CAB-cf0c8082e76d375e97000b074ed6c798,acl-database-bulk.bin,272087
scalar-full-source,4128630151,CAB-cf0c8082e76d375e97000b074ed6c798,native-object.raw,228324
scalar-full-source,4128630151,CAB-cf0c8082e76d375e97000b074ed6c798,streaming-info.json,337
scalar-full-source,4128630151,CAB-cf0c8082e76d375e97000b074ed6c798,TL_C31_SummerTideTreasure_01_Avatar_Remielle.json,1440018
scalar-full-source,600607555,CAB-111b206fdbb9e733e5c53e10494c6b9e,acl-database-bulk.bin,14914
scalar-full-source,600607555,CAB-111b206fdbb9e733e5c53e10494c6b9e,Avatar_Female_Size02_Remielle_PasSeul_Ani_Evade_Back_02.json,124250
scalar-full-source,600607555,CAB-111b206fdbb9e733e5c53e10494c6b9e,native-object.raw,28600
scalar-full-source,600607555,CAB-111b206fdbb9e733e5c53e10494c6b9e,streaming-info.json,335
scalar-full-source,600607555,CAB-42a2f07a24b4452867367b09347b2cdb,acl-database-bulk.bin,13943
scalar-full-source,600607555,CAB-42a2f07a24b4452867367b09347b2cdb,Avatar_Female_Size02_Remielle_PasSeul_Ani_SwitchIn_Attack_End.json,120524
scalar-full-source,600607555,CAB-42a2f07a24b4452867367b09347b2cdb,native-object.raw,25824
scalar-full-source,600607555,CAB-42a2f07a24b4452867367b09347b2cdb,streaming-info.json,335
scalar-full-source,600607555,CAB-42a2f07a24b4452867367b09347b2cdb,acl-database-bulk.bin,7451
scalar-full-source,600607555,CAB-42a2f07a24b4452867367b09347b2cdb,Avatar_Female_Size02_Remielle_PasSeul_Ani_SwitchIn_Attack.json,112683
scalar-full-source,600607555,CAB-42a2f07a24b4452867367b09347b2cdb,native-object.raw,19948
scalar-full-source,600607555,CAB-42a2f07a24b4452867367b09347b2cdb,streaming-info.json,338
scalar-full-source,600607555,CAB-51098cd692c6a6a7354c28c86bf67b03,acl-database-bulk.bin,12775
scalar-full-source,600607555,CAB-51098cd692c6a6a7354c28c86bf67b03,Avatar_Female_Size02_Remielle_PasSeul_Ani_Skill03_AirState_Back.json,121078
scalar-full-source,600607555,CAB-51098cd692c6a6a7354c28c86bf67b03,native-object.raw,26256
scalar-full-source,600607555,CAB-51098cd692c6a6a7354c28c86bf67b03,streaming-info.json,335
scalar-full-source,600607555,CAB-56dd56efd72a388f5374411a162e0f32,acl-database-bulk.bin,19236
scalar-full-source,600607555,CAB-56dd56efd72a388f5374411a162e0f32,Avatar_Female_Size02_Remielle_Ani_Skill04_AirState_Back.json,132410
scalar-full-source,600607555,CAB-56dd56efd72a388f5374411a162e0f32,native-object.raw,34744
scalar-full-source,600607555,CAB-56dd56efd72a388f5374411a162e0f32,streaming-info.json,335
scalar-full-source,600607555,CAB-6fe34f658f3e39a354fae82d2fd5969e,acl-database-bulk.bin,1295
scalar-full-source,600607555,CAB-6fe34f658f3e39a354fae82d2fd5969e,Avatar_Female_Size02_Remielle_PasSeul_Ani_Hit_Shake.json,108950
scalar-full-source,600607555,CAB-6fe34f658f3e39a354fae82d2fd5969e,native-object.raw,13068
scalar-full-source,600607555,CAB-6fe34f658f3e39a354fae82d2fd5969e,streaming-info.json,334
scalar-full-source,600607555,CAB-77238dcbfbc8d9c2e8db9d6d90acac67,acl-database-bulk.bin,8070
scalar-full-source,600607555,CAB-77238dcbfbc8d9c2e8db9d6d90acac67,Avatar_Female_Size02_Remielle_PasSeul_Ani_Attack_ChangeState_02.json,111070
scalar-full-source,600607555,CAB-77238dcbfbc8d9c2e8db9d6d90acac67,native-object.raw,18736
scalar-full-source,600607555,CAB-77238dcbfbc8d9c2e8db9d6d90acac67,streaming-info.json,334
scalar-full-source,600607555,CAB-b9d573989ca42383ccf915380efa08c2,acl-database-bulk.bin,8417
scalar-full-source,600607555,CAB-b9d573989ca42383ccf915380efa08c2,Avatar_Female_Size02_Remielle_PasSeul_Ani_Run_Transform_02.json,113038
scalar-full-source,600607555,CAB-b9d573989ca42383ccf915380efa08c2,native-object.raw,20172
scalar-full-source,600607555,CAB-b9d573989ca42383ccf915380efa08c2,streaming-info.json,334
scalar-full-source,600607555,CAB-c833f0c42db82a0d081f2bc0efb275bc,acl-database-bulk.bin,11860
scalar-full-source,600607555,CAB-c833f0c42db82a0d081f2bc0efb275bc,Avatar_Female_Size02_Remielle_PasSeul_Ani_SwitchIn_Attack_Ex_Start.json,116961
scalar-full-source,600607555,CAB-c833f0c42db82a0d081f2bc0efb275bc,native-object.raw,23108
scalar-full-source,600607555,CAB-c833f0c42db82a0d081f2bc0efb275bc,streaming-info.json,335
scalar-full-source,600607555,CAB-d5169750147f96ff44a9d1e3c742794a,acl-database-bulk.bin,10126
scalar-full-source,600607555,CAB-d5169750147f96ff44a9d1e3c742794a,Avatar_Female_Size02_Remielle_PasSeul_Ani_Hit_L_Front.json,115243
scalar-full-source,600607555,CAB-d5169750147f96ff44a9d1e3c742794a,native-object.raw,21848
scalar-full-source,600607555,CAB-d5169750147f96ff44a9d1e3c742794a,streaming-info.json,335
scalar-full-source,600607555,CAB-df7bc76546e2854055b007783c6531bd,acl-database-bulk.bin,10329
scalar-full-source,600607555,CAB-df7bc76546e2854055b007783c6531bd,Avatar_Female_Size02_Remielle_PasSeul_Ani_Walk_to_Run_01.json,115963
scalar-full-source,600607555,CAB-df7bc76546e2854055b007783c6531bd,native-object.raw,22408
scalar-full-source,600607555,CAB-df7bc76546e2854055b007783c6531bd,streaming-info.json,335
scalar-full-source,600607555,CAB-eef74fd268416650bc6761f5bc400b90,acl-database-bulk.bin,4716
scalar-full-source,600607555,CAB-eef74fd268416650bc6761f5bc400b90,Avatar_Female_Size02_Remielle_PasSeul_Ani_SwitchOut_Normal.json,105770
scalar-full-source,600607555,CAB-eef74fd268416650bc6761f5bc400b90,native-object.raw,14748
scalar-full-source,600607555,CAB-eef74fd268416650bc6761f5bc400b90,streaming-info.json,334
scalar-full-source,600607555,CAB-f4070d60bd0ad4e5318fdb3bc3d61aa0,acl-database-bulk.bin,10824
scalar-full-source,600607555,CAB-f4070d60bd0ad4e5318fdb3bc3d61aa0,Avatar_Female_Size02_Remielle_PasSeul_Ani_Hit_L_Back.json,116553
scalar-full-source,600607555,CAB-f4070d60bd0ad4e5318fdb3bc3d61aa0,native-object.raw,22852
scalar-full-source,600607555,CAB-f4070d60bd0ad4e5318fdb3bc3d61aa0,streaming-info.json,335
scalar-full-source,600607555,CAB-f4a3f83ab0cb0702bc035741fc6d2ff7,acl-database-bulk.bin,7973
scalar-full-source,600607555,CAB-f4a3f83ab0cb0702bc035741fc6d2ff7,Avatar_Female_Size02_Remielle_PasSeul_Ani_Attack_ChangeState.json,110768
scalar-full-source,600607555,CAB-f4a3f83ab0cb0702bc035741fc6d2ff7,native-object.raw,18476
scalar-full-source,600607555,CAB-f4a3f83ab0cb0702bc035741fc6d2ff7,streaming-info.json,334
scalar-full-source,600607555,CAB-f5b48814f167ff0fc72acff4306a503e,acl-database-bulk.bin,13473
scalar-full-source,600607555,CAB-f5b48814f167ff0fc72acff4306a503e,Avatar_Female_Size02_Remielle_PasSeul_Ani_Skill02_AirState_Front.json,123834
scalar-full-source,600607555,CAB-f5b48814f167ff0fc72acff4306a503e,native-object.raw,28288
scalar-full-source,600607555,CAB-f5b48814f167ff0fc72acff4306a503e,streaming-info.json,335
scalar-full-source,666175487,CAB-a9241bab0980321f96f6426f12adb57b,acl-database-bulk.bin,47
scalar-full-source,666175487,CAB-a9241bab0980321f96f6426f12adb57b,Avatar_Female_Size02_Remielle_Origin_Default_Ani_MC_Stand_TouchingPose.json,17852
scalar-full-source,666175487,CAB-a9241bab0980321f96f6426f12adb57b,native-object.raw,2588
scalar-full-source,666175487,CAB-a9241bab0980321f96f6426f12adb57b,streaming-info.json,331
scalar-full-source,666175487,CAB-a9241bab0980321f96f6426f12adb57b,acl-database-bulk.bin,67
scalar-full-source,666175487,CAB-a9241bab0980321f96f6426f12adb57b,Avatar_Female_Size02_Remielle_Origin_Ani_MC_Stand_TouchingPose.json,767918
scalar-full-source,666175487,CAB-a9241bab0980321f96f6426f12adb57b,native-object.raw,70240
scalar-full-source,666175487,CAB-a9241bab0980321f96f6426f12adb57b,streaming-info.json,333
scalar-full-source,666175487,CAB-d165498d011e758b4b433f69e2c1e41b,acl-database-bulk.bin,47
scalar-full-source,666175487,CAB-d165498d011e758b4b433f69e2c1e41b,Avatar_Female_Size02_Remielle_Origin_Default_Ani_MC_Stand_LookingPose.json,121641
scalar-full-source,666175487,CAB-d165498d011e758b4b433f69e2c1e41b,native-object.raw,11956
scalar-full-source,666175487,CAB-d165498d011e758b4b433f69e2c1e41b,streaming-info.json,332
scalar-full-source,666175487,CAB-d165498d011e758b4b433f69e2c1e41b,acl-database-bulk.bin,67
scalar-full-source,666175487,CAB-d165498d011e758b4b433f69e2c1e41b,Avatar_Female_Size02_Remielle_Origin_Ani_MC_Stand_LookingPose.json,845015
scalar-full-source,666175487,CAB-d165498d011e758b4b433f69e2c1e41b,native-object.raw,77224
scalar-full-source,666175487,CAB-d165498d011e758b4b433f69e2c1e41b,streaming-info.json,333
scalar-full-source,666175487,CAB-e6f753bf1eb06603f5476f27b173c082,acl-database-bulk.bin,67
scalar-full-source,666175487,CAB-e6f753bf1eb06603f5476f27b173c082,Avatar_Female_Size02_Remielle_Origin_Ani_MC_Stand_StandingPose.json,767344
scalar-full-source,666175487,CAB-e6f753bf1eb06603f5476f27b173c082,native-object.raw,70156
scalar-full-source,666175487,CAB-e6f753bf1eb06603f5476f27b173c082,streaming-info.json,332
scalar-full-source,666175487,CAB-e6f753bf1eb06603f5476f27b173c082,acl-database-bulk.bin,47
scalar-full-source,666175487,CAB-e6f753bf1eb06603f5476f27b173c082,Avatar_Female_Size02_Remielle_Origin_Default_Ani_MC_Stand_StandingPose.json,17852
scalar-full-source,666175487,CAB-e6f753bf1eb06603f5476f27b173c082,native-object.raw,2588
scalar-full-source,666175487,CAB-e6f753bf1eb06603f5476f27b173c082,streaming-info.json,332
scalar-full-source,688857604,CAB-0420a2cf9421fc6637dbefcfd5e2f378,acl-database-bulk.bin,217806
scalar-full-source,688857604,CAB-0420a2cf9421fc6637dbefcfd5e2f378,Avatar_Female_Size02_Remielle_Origin_Ani_UI_S2toE.json,972651
scalar-full-source,688857604,CAB-0420a2cf9421fc6637dbefcfd5e2f378,native-object.raw,161756
scalar-full-source,688857604,CAB-0420a2cf9421fc6637dbefcfd5e2f378,streaming-info.json,337
scalar-full-source,688857604,CAB-0420a2cf9421fc6637dbefcfd5e2f378,acl-database-bulk.bin,30639
scalar-full-source,688857604,CAB-0420a2cf9421fc6637dbefcfd5e2f378,Avatar_Female_Size02_Remielle_Origin_Default_Ani_UI_S2toE.json,203814
scalar-full-source,688857604,CAB-0420a2cf9421fc6637dbefcfd5e2f378,native-object.raw,48208
scalar-full-source,688857604,CAB-0420a2cf9421fc6637dbefcfd5e2f378,streaming-info.json,340
scalar-full-source,688857604,CAB-196673d3a8261e8d6f3d40dd8671fe6d,acl-database-bulk.bin,215402
scalar-full-source,688857604,CAB-196673d3a8261e8d6f3d40dd8671fe6d,Avatar_Female_Size02_Remielle_Origin_Ani_UI_EtoS2.json,971573
scalar-full-source,688857604,CAB-196673d3a8261e8d6f3d40dd8671fe6d,native-object.raw,161300
scalar-full-source,688857604,CAB-196673d3a8261e8d6f3d40dd8671fe6d,streaming-info.json,337
scalar-full-source,688857604,CAB-196673d3a8261e8d6f3d40dd8671fe6d,acl-database-bulk.bin,33116
scalar-full-source,688857604,CAB-196673d3a8261e8d6f3d40dd8671fe6d,Avatar_Female_Size02_Remielle_Origin_Default_Ani_UI_EtoS2.json,204314
scalar-full-source,688857604,CAB-196673d3a8261e8d6f3d40dd8671fe6d,native-object.raw,48608
scalar-full-source,688857604,CAB-196673d3a8261e8d6f3d40dd8671fe6d,streaming-info.json,340
scalar-full-source,688857604,CAB-28eb1bd05c8f08451827d774a9983ec7,acl-database-bulk.bin,46373
scalar-full-source,688857604,CAB-28eb1bd05c8f08451827d774a9983ec7,Avatar_Female_Size02_Remielle_Origin_Default_Ani_MC_Stand_Think_Loop.json,221099
scalar-full-source,688857604,CAB-28eb1bd05c8f08451827d774a9983ec7,native-object.raw,61336
scalar-full-source,688857604,CAB-28eb1bd05c8f08451827d774a9983ec7,streaming-info.json,335
scalar-full-source,688857604,CAB-28eb1bd05c8f08451827d774a9983ec7,acl-database-bulk.bin,355551
scalar-full-source,688857604,CAB-28eb1bd05c8f08451827d774a9983ec7,Avatar_Female_Size02_Remielle_Origin_Ani_MC_Stand_Think_Loop.json,1013848
scalar-full-source,688857604,CAB-28eb1bd05c8f08451827d774a9983ec7,native-object.raw,199536
scalar-full-source,688857604,CAB-28eb1bd05c8f08451827d774a9983ec7,streaming-info.json,341
scalar-full-source,688857604,CAB-2d6716ee44e0cc9c4e82f31d18471b5e,acl-database-bulk.bin,212073
scalar-full-source,688857604,CAB-2d6716ee44e0cc9c4e82f31d18471b5e,Avatar_Female_Size02_Remielle_Origin_Ani_MC_Run_Start_End.json,946208
scalar-full-source,688857604,CAB-2d6716ee44e0cc9c4e82f31d18471b5e,native-object.raw,145820
scalar-full-source,688857604,CAB-2d6716ee44e0cc9c4e82f31d18471b5e,streaming-info.json,337
scalar-full-source,688857604,CAB-2d6716ee44e0cc9c4e82f31d18471b5e,acl-database-bulk.bin,29181
scalar-full-source,688857604,CAB-2d6716ee44e0cc9c4e82f31d18471b5e,Avatar_Female_Size02_Remielle_Origin_Default_Ani_MC_Run_Start_End.json,201207
scalar-full-source,688857604,CAB-2d6716ee44e0cc9c4e82f31d18471b5e,native-object.raw,46376
scalar-full-source,688857604,CAB-2d6716ee44e0cc9c4e82f31d18471b5e,streaming-info.json,340
scalar-full-source,688857604,CAB-4d31a0cc18243e656b92b796e41a94c0,acl-database-bulk.bin,395361
scalar-full-source,688857604,CAB-4d31a0cc18243e656b92b796e41a94c0,Avatar_Female_Size02_Remielle_Origin_Ani_MC_Stand_Idle01_Loop.json,1034341
scalar-full-source,688857604,CAB-4d31a0cc18243e656b92b796e41a94c0,native-object.raw,215548
scalar-full-source,688857604,CAB-4d31a0cc18243e656b92b796e41a94c0,streaming-info.json,337
scalar-full-source,688857604,CAB-4d31a0cc18243e656b92b796e41a94c0,acl-database-bulk.bin,54374
scalar-full-source,688857604,CAB-4d31a0cc18243e656b92b796e41a94c0,Avatar_Female_Size02_Remielle_Origin_Default_Ani_MC_Stand_Idle01_Loop.json,230634
scalar-full-source,688857604,CAB-4d31a0cc18243e656b92b796e41a94c0,native-object.raw,68508
scalar-full-source,688857604,CAB-4d31a0cc18243e656b92b796e41a94c0,streaming-info.json,340
scalar-full-source,688857604,CAB-5fa60fbae47069ddd965faecae89371f,acl-database-bulk.bin,25930
scalar-full-source,688857604,CAB-5fa60fbae47069ddd965faecae89371f,Avatar_Female_Size02_Remielle_Origin_Default_Ani_MC_Run_Start.json,192736
scalar-full-source,688857604,CAB-5fa60fbae47069ddd965faecae89371f,native-object.raw,39652
scalar-full-source,688857604,CAB-5fa60fbae47069ddd965faecae89371f,streaming-info.json,335
scalar-full-source,688857604,CAB-5fa60fbae47069ddd965faecae89371f,acl-database-bulk.bin,175300
scalar-full-source,688857604,CAB-5fa60fbae47069ddd965faecae89371f,Avatar_Female_Size02_Remielle_Origin_Ani_MC_Run_Start.json,935180
scalar-full-source,688857604,CAB-5fa60fbae47069ddd965faecae89371f,native-object.raw,136184
scalar-full-source,688857604,CAB-5fa60fbae47069ddd965faecae89371f,streaming-info.json,341
scalar-full-source,688857604,CAB-927cb61f019f86386f26de289b0c80d2,acl-database-bulk.bin,88683
scalar-full-source,688857604,CAB-927cb61f019f86386f26de289b0c80d2,Avatar_Female_Size02_Remielle_Origin_Default_Ani_UI_MainPage_01.json,273047
scalar-full-source,688857604,CAB-927cb61f019f86386f26de289b0c80d2,native-object.raw,100772
scalar-full-source,688857604,CAB-927cb61f019f86386f26de289b0c80d2,streaming-info.json,336
scalar-full-source,688857604,CAB-927cb61f019f86386f26de289b0c80d2,acl-database-bulk.bin,527008
scalar-full-source,688857604,CAB-927cb61f019f86386f26de289b0c80d2,Avatar_Female_Size02_Remielle_Origin_Ani_UI_MainPage_01.json,1089867
scalar-full-source,688857604,CAB-927cb61f019f86386f26de289b0c80d2,native-object.raw,256856
scalar-full-source,688857604,CAB-927cb61f019f86386f26de289b0c80d2,streaming-info.json,341
scalar-full-source,688857604,CAB-fe62c01e4f3d84db1f8da3988ac5bda9,acl-database-bulk.bin,32007
scalar-full-source,688857604,CAB-fe62c01e4f3d84db1f8da3988ac5bda9,Avatar_Female_Size02_Remielle_Origin_Default_Ani_Gacha_Loop_02.json,201768
scalar-full-source,688857604,CAB-fe62c01e4f3d84db1f8da3988ac5bda9,native-object.raw,46916
scalar-full-source,688857604,CAB-fe62c01e4f3d84db1f8da3988ac5bda9,streaming-info.json,335
scalar-full-source,688857604,CAB-fe62c01e4f3d84db1f8da3988ac5bda9,acl-database-bulk.bin,243666
scalar-full-source,688857604,CAB-fe62c01e4f3d84db1f8da3988ac5bda9,Avatar_Female_Size02_Remielle_Origin_Ani_Gacha_Loop_02.json,971635
scalar-full-source,688857604,CAB-fe62c01e4f3d84db1f8da3988ac5bda9,native-object.raw,165856
scalar-full-source,688857604,CAB-fe62c01e4f3d84db1f8da3988ac5bda9,streaming-info.json,341
scalar-full-source,743950099,CAB-0307c26d10e901a6c57b4193e3c645f4,acl-database-bulk.bin,316380
scalar-full-source,743950099,CAB-0307c26d10e901a6c57b4193e3c645f4,Avatar_Female_Size02_Remielle_Origin_Ani_AC_Boost_R_Loop.json,1137328
scalar-full-source,743950099,CAB-0307c26d10e901a6c57b4193e3c645f4,native-object.raw,194116
scalar-full-source,743950099,CAB-0307c26d10e901a6c57b4193e3c645f4,streaming-info.json,337
scalar-full-source,743950099,CAB-28cd8551a043aa1fec927e1c6a4fd764,acl-database-bulk.bin,316455
scalar-full-source,743950099,CAB-28cd8551a043aa1fec927e1c6a4fd764,Avatar_Female_Size02_Remielle_Origin_Ani_AC_Boost_L_Loop.json,1137580
scalar-full-source,743950099,CAB-28cd8551a043aa1fec927e1c6a4fd764,native-object.raw,194116
scalar-full-source,743950099,CAB-28cd8551a043aa1fec927e1c6a4fd764,streaming-info.json,337
scalar-full-source,743950099,CAB-900f8ec88976c3b104319c364aa90e19,acl-database-bulk.bin,422845
scalar-full-source,743950099,CAB-900f8ec88976c3b104319c364aa90e19,Avatar_Female_Size02_Remielle_Origin_Ani_AC_Hit_B_R.json,1449374
scalar-full-source,743950099,CAB-900f8ec88976c3b104319c364aa90e19,native-object.raw,262368
scalar-full-source,743950099,CAB-900f8ec88976c3b104319c364aa90e19,streaming-info.json,337
scalar-full-source,743950099,CAB-b8afba1667e538ea1c728929cf16fca6,acl-database-bulk.bin,383469
scalar-full-source,743950099,CAB-b8afba1667e538ea1c728929cf16fca6,Avatar_Female_Size02_Remielle_Origin_Ani_AC_Boost_Start.json,1389645
scalar-full-source,743950099,CAB-b8afba1667e538ea1c728929cf16fca6,native-object.raw,235324
scalar-full-source,743950099,CAB-b8afba1667e538ea1c728929cf16fca6,streaming-info.json,337
scalar-full-source,743950099,CAB-c0e684251a2941fec6d5f78b550e42e6,acl-database-bulk.bin,381504
scalar-full-source,743950099,CAB-c0e684251a2941fec6d5f78b550e42e6,Avatar_Female_Size02_Remielle_Origin_Ani_AC_Boost_L_Start.json,1389595
scalar-full-source,743950099,CAB-c0e684251a2941fec6d5f78b550e42e6,native-object.raw,235168
scalar-full-source,743950099,CAB-c0e684251a2941fec6d5f78b550e42e6,streaming-info.json,337
scalar-full-source,743950099,CAB-ec8c49dc537a403fdaecdcd7224055ef,acl-database-bulk.bin,418734
scalar-full-source,743950099,CAB-ec8c49dc537a403fdaecdcd7224055ef,Avatar_Female_Size02_Remielle_Origin_Ani_AC_Boost_Backflip.json,1185706
scalar-full-source,743950099,CAB-ec8c49dc537a403fdaecdcd7224055ef,native-object.raw,226664
scalar-full-source,743950099,CAB-ec8c49dc537a403fdaecdcd7224055ef,streaming-info.json,337
scalar-full-source,743950099,CAB-f6e0f945ef7b548c7d383748abea5791,acl-database-bulk.bin,122063
scalar-full-source,743950099,CAB-f6e0f945ef7b548c7d383748abea5791,Avatar_Female_Size02_Remielle_Origin_Ani_AC_Parry_F_R.json,1057089
scalar-full-source,743950099,CAB-f6e0f945ef7b548c7d383748abea5791,native-object.raw,130756
scalar-full-source,743950099,CAB-f6e0f945ef7b548c7d383748abea5791,streaming-info.json,337
scalar-full-source,743950099,CAB-f6e0f945ef7b548c7d383748abea5791,acl-database-bulk.bin,367223
scalar-full-source,743950099,CAB-f6e0f945ef7b548c7d383748abea5791,Avatar_Female_Size02_Remielle_Origin_Ani_AC_Parry_F_R_End.json,1171223
scalar-full-source,743950099,CAB-f6e0f945ef7b548c7d383748abea5791,native-object.raw,217980
scalar-full-source,743950099,CAB-f6e0f945ef7b548c7d383748abea5791,streaming-info.json,342
scalar-full-source,748631265,CAB-0507d44c93ee865629ddd2eadf780ece,Eff_RemielleOrigin_Attack_ExQTE_Start_01_Aura.json,16570
scalar-full-source,748631265,CAB-0507d44c93ee865629ddd2eadf780ece,native-object.raw,2196
scalar-full-source,748631265,CAB-05c488d68d24fb1a41e24ad1f8f18d37,Eff_RemielleOrigin_Attack_ExQTE_Start_02_Aura.json,89030
scalar-full-source,748631265,CAB-05c488d68d24fb1a41e24ad1f8f18d37,native-object.raw,7916
scalar-full-source,748631265,CAB-161ebb34620a9a32c864799765e09900,Eff_RemielleOrigin_Attack_ExQTE_30_Trail.json,13453
scalar-full-source,748631265,CAB-161ebb34620a9a32c864799765e09900,native-object.raw,1892
scalar-full-source,748631265,CAB-183a39af38c06247e21e595bb4f6f6ce,Eff_RemielleOrigin_Attack_ExQTE_Start_22_Aura.json,26254
scalar-full-source,748631265,CAB-183a39af38c06247e21e595bb4f6f6ce,native-object.raw,2760
scalar-full-source,748631265,CAB-3517beff286947a9dd02c3c217b7e60f,Eff_RemielleOrigin_Attack_ExQTE_15_Trail.json,21100
scalar-full-source,748631265,CAB-3517beff286947a9dd02c3c217b7e60f,native-object.raw,2640
scalar-full-source,748631265,CAB-3fb655b4449bf5ddef40f816fbc1e86f,Eff_RemielleOrigin_Attack_Counter_01_Trail.json,120728
scalar-full-source,748631265,CAB-3fb655b4449bf5ddef40f816fbc1e86f,native-object.raw,12032
scalar-full-source,748631265,CAB-43eb7f8b4de6dd62a2989b161b42dc57,Eff_RemielleOrigin_Attack_ExQTE_38_Trail.json,23067
scalar-full-source,748631265,CAB-43eb7f8b4de6dd62a2989b161b42dc57,native-object.raw,2816
scalar-full-source,748631265,CAB-56563b3145bd82a9228c017eb9383d37,Eff_RemielleOrigin_Attack_ExQTE_14_Trail.json,21100
scalar-full-source,748631265,CAB-56563b3145bd82a9228c017eb9383d37,native-object.raw,2640
scalar-full-source,748631265,CAB-829f95a475d3a12f87174ecc7177889d,Eff_RemielleOrigin_Attack_ExQTE_08_Trail.json,22098
scalar-full-source,748631265,CAB-829f95a475d3a12f87174ecc7177889d,native-object.raw,2736
scalar-full-source,748631265,CAB-a27f3b7892534ed4b661bdda82515c61,Eff_RemielleOrigin_Attack_EXQTE_01_Glow.json,61215
scalar-full-source,748631265,CAB-a27f3b7892534ed4b661bdda82515c61,native-object.raw,6424
scalar-full-source,748631265,CAB-a983284ac5d2dc5730ff82c9f4f8b7d8,Eff_RemielleOrigin_SwitchIn_Attack_Ex_Start_13_Glow.json,23344
scalar-full-source,748631265,CAB-a983284ac5d2dc5730ff82c9f4f8b7d8,native-object.raw,2812
scalar-full-source,748631265,CAB-ab85498ed9ee19ce2e6a4b4280127f35,Eff_RemielleOrigin_Attack_EXQTE_08_Glow.json,16558
scalar-full-source,748631265,CAB-ab85498ed9ee19ce2e6a4b4280127f35,native-object.raw,2188
scalar-full-source,748631265,CAB-dcb6ff94bb095dc852f40483fb88b50a,Eff_RemielleOrigin_Attack_ExQTE_32_Trail.json,26274
scalar-full-source,748631265,CAB-dcb6ff94bb095dc852f40483fb88b50a,native-object.raw,2996
scalar-full-source,748631265,CAB-dd3d4407f43cead2c7cb27b4905c28bb,Eff_RemielleOrigin_Attack_ExQTE_09_Trail.json,33598
scalar-full-source,748631265,CAB-dd3d4407f43cead2c7cb27b4905c28bb,native-object.raw,3860
scalar-full-source,748631265,CAB-e50d7342ecc8552bfe570ed40a91479a,Eff_RemielleOrigin_SwitchIn_Attack_Ex_Start_03_Glow.json,86319
scalar-full-source,748631265,CAB-e50d7342ecc8552bfe570ed40a91479a,native-object.raw,8928
scalar-full-source,760203698,CAB-199590ddb2067773d7f0001d791a0a97,Eff_RemielleOrigin_Skill01_AirState_Front_01_Trail.json,24987
scalar-full-source,760203698,CAB-199590ddb2067773d7f0001d791a0a97,native-object.raw,3068
scalar-full-source,760203698,CAB-1efe5187a0e15aa469a75876dfd26403,Eff_RemielleOrigin_Skill03_AirState_Front_01_Trail.json,27152
scalar-full-source,760203698,CAB-1efe5187a0e15aa469a75876dfd26403,native-object.raw,3288
scalar-full-source,760203698,CAB-2eb2f69c3de9f6d02d2428142b1c31ef,Eff_RemielleOrigin_Finish_Ex_AirState_Back_Start_25_Glow.json,1096942
scalar-full-source,760203698,CAB-2eb2f69c3de9f6d02d2428142b1c31ef,native-object.raw,100076
scalar-full-source,760203698,CAB-300406a286d31d289e8d9dd2e7a6c335,Eff_RemielleOrigin_Skill04_AirState_Back_05_Flash.json,13471
scalar-full-source,760203698,CAB-300406a286d31d289e8d9dd2e7a6c335,native-object.raw,1904
scalar-full-source,760203698,CAB-3b598617e2e6a006c08b9308afc5f1cf,Eff_RemielleOrigin_Finish_Ex_AirState_Back_Start_27_Glow.json,39966
scalar-full-source,760203698,CAB-3b598617e2e6a006c08b9308afc5f1cf,native-object.raw,4412
scalar-full-source,760203698,CAB-47e23e52143094ca972015063978d39c,Avatar_Female_Size02_Remielle_Ani_Gacha_Start_羽毛.json,33641
scalar-full-source,760203698,CAB-47e23e52143094ca972015063978d39c,native-object.raw,10040
scalar-full-source,760203698,CAB-5be52f019980f13217745ef16728f914,Eff_RemielleOrigin_Skill02_AirState_Front_06_Weapon.json,124869
scalar-full-source,760203698,CAB-5be52f019980f13217745ef16728f914,native-object.raw,12372
scalar-full-source,760203698,CAB-689ba3f445f93dc093bf93ba56818e16,Eff_RemielleOrigin_Finish_Ex_AirState_Back_Start_26_Glow.json,22496
scalar-full-source,760203698,CAB-689ba3f445f93dc093bf93ba56818e16,native-object.raw,2664
scalar-full-source,760203698,CAB-730bf060677668d0495c3bce1a5a9409,Eff_RemielleOrigin_Gacha_Start_12_Trail.json,348461
scalar-full-source,760203698,CAB-730bf060677668d0495c3bce1a5a9409,native-object.raw,33508
scalar-full-source,760203698,CAB-95c27f70069eb70b92bd26ee005251f5,Eff_RemielleOrigin_Finish_Ex_AirState_Back_Start_32_Glow.json,1296347
scalar-full-source,760203698,CAB-95c27f70069eb70b92bd26ee005251f5,native-object.raw,117680
scalar-full-source,760203698,CAB-a7e7bfb8aeb1c9f1e4b61a0272fe389d,Eff_RemielleOrigin_Skill01_AirState_Front_03_Trail.json,38107
scalar-full-source,760203698,CAB-a7e7bfb8aeb1c9f1e4b61a0272fe389d,native-object.raw,4384
scalar-full-source,760203698,CAB-b928ccb0ee25d8ca365cfb06b23ca806,Eff_RemielleOrigin_Finish_Ex_AirState_Back_Start_29_Glow.json,19257
scalar-full-source,760203698,CAB-b928ccb0ee25d8ca365cfb06b23ca806,native-object.raw,2480
scalar-full-source,760203698,CAB-c29acf9c10b78e573053e1d1701c938a,Eff_RemielleOrigin_Finish_Ex_AirState_Back_Start_33_Glow.json,441196
scalar-full-source,760203698,CAB-c29acf9c10b78e573053e1d1701c938a,native-object.raw,41552
scalar-full-source,760203698,CAB-d5c1e58b97c7b12ca116223b26296e96,Eff_RemielleOrigin_Gacha_Start_10_Trail.json,1288457
scalar-full-source,760203698,CAB-d5c1e58b97c7b12ca116223b26296e96,native-object.raw,115468
scalar-full-source,760203698,CAB-d9c440c186b827f16cc5e243fe763366,Eff_RemielleOrigin_Finish_Ex_AirState_Back_Start_34_Glow.json,389886
scalar-full-source,760203698,CAB-d9c440c186b827f16cc5e243fe763366,native-object.raw,36748
scalar-full-source,760203698,CAB-dfd36030ee0e39d4e91f21db9accc23f,Eff_RemielleOrigin_Finish_Ex_AirState_Back_Start_28_Glow.json,24722
scalar-full-source,760203698,CAB-dfd36030ee0e39d4e91f21db9accc23f,native-object.raw,3012
scalar-full-source,760203698,CAB-e15a0c48288d8b3dc81748bb9b12181c,Eff_RemielleOrigin_Gacha_Start_13_Trail.json,357347
scalar-full-source,760203698,CAB-e15a0c48288d8b3dc81748bb9b12181c,native-object.raw,34328
scalar-full-source,760203698,CAB-e30f1495d676def7150f384183a3435e,Eff_RemielleOrigin_Finish_Ex_AirState_Back_Start_38_Glow.json,148312
scalar-full-source,760203698,CAB-e30f1495d676def7150f384183a3435e,native-object.raw,14496
scalar-full-source,760203698,CAB-e7278f1d66076a2a3049b429588d7fea,Eff_RemielleOrigin_Skill05_AirState_Back_06_Flash.json,16581
scalar-full-source,760203698,CAB-e7278f1d66076a2a3049b429588d7fea,native-object.raw,2204
scalar-full-source,760203698,CAB-f352fc8fd02d6a7ec60f8b3dfcbdb689,Eff_RemielleOrigin_Skill02_AirState_Back_05_Trail.json,18753
scalar-full-source,760203698,CAB-f352fc8fd02d6a7ec60f8b3dfcbdb689,native-object.raw,2416
scalar-full-source,760203698,CAB-ff260896853ea06fc9074868b37a073d,Eff_RemielleOrigin_Skill04_AirState_Front_01_Trail.json,54105
scalar-full-source,760203698,CAB-ff260896853ea06fc9074868b37a073d,native-object.raw,5820
scalar-full-source,760203698,CAB-ffbd22513846388e1ed92a57ff170ec0,Eff_RemielleOrigin_Skill04_AirState_Back_03_Trail.json,27218
scalar-full-source,760203698,CAB-ffbd22513846388e1ed92a57ff170ec0,native-object.raw,3208
scalar-full-source,857420442,CAB-062d3958e034d94f1f34094c4ae9283a,acl-database-bulk.bin,51821
scalar-full-source,857420442,CAB-062d3958e034d94f1f34094c4ae9283a,Avatar_Female_Size02_Remielle_PasSeul_Ani_MC_Beach_Shake.json,986645
scalar-full-source,857420442,CAB-062d3958e034d94f1f34094c4ae9283a,native-object.raw,104180
scalar-full-source,857420442,CAB-062d3958e034d94f1f34094c4ae9283a,streaming-info.json,336
scalar-full-source,857420442,CAB-0dfc011dab19d6cf39f86d83d413afe2,acl-database-bulk.bin,19675
scalar-full-source,857420442,CAB-0dfc011dab19d6cf39f86d83d413afe2,Avatar_Female_Size02_Remielle_PasSeul_Ani_MC_Walk_End_02_R.json,127047
scalar-full-source,857420442,CAB-0dfc011dab19d6cf39f86d83d413afe2,native-object.raw,30620
scalar-full-source,857420442,CAB-0dfc011dab19d6cf39f86d83d413afe2,streaming-info.json,335
scalar-full-source,857420442,CAB-107ca62a6e889f9214141a7dfe440119,acl-database-bulk.bin,265692
scalar-full-source,857420442,CAB-107ca62a6e889f9214141a7dfe440119,Avatar_Female_Size02_Remielle_PasSeul_Ani_MC_Beach_Run_Stop.json,1036396
scalar-full-source,857420442,CAB-107ca62a6e889f9214141a7dfe440119,native-object.raw,171016
scalar-full-source,857420442,CAB-107ca62a6e889f9214141a7dfe440119,streaming-info.json,337
scalar-full-source,857420442,CAB-130f8a9d82584111933c3c0c89d71700,acl-database-bulk.bin,13205
scalar-full-source,857420442,CAB-130f8a9d82584111933c3c0c89d71700,Avatar_Female_Size02_Remielle_PasSeul_Ani_MC_RunToWalk.json,115421
scalar-full-source,857420442,CAB-130f8a9d82584111933c3c0c89d71700,native-object.raw,21960
scalar-full-source,857420442,CAB-130f8a9d82584111933c3c0c89d71700,streaming-info.json,335
scalar-full-source,857420442,CAB-22dd1fe7556c788b53f1f4525e784d4c,acl-database-bulk.bin,193911
scalar-full-source,857420442,CAB-22dd1fe7556c788b53f1f4525e784d4c,Avatar_Female_Size02_Remielle_PasSeul_Ani_MC_Beach_Idle_Loop.json,1020429
scalar-full-source,857420442,CAB-22dd1fe7556c788b53f1f4525e784d4c,native-object.raw,159408
scalar-full-source,857420442,CAB-22dd1fe7556c788b53f1f4525e784d4c,streaming-info.json,337
scalar-full-source,857420442,CAB-2f6ad309289fee0bf19cf7470de70267,acl-database-bulk.bin,77043
scalar-full-source,857420442,CAB-2f6ad309289fee0bf19cf7470de70267,Avatar_Female_Size02_Remielle_PasSeul_Ani_MC_Stand_Photo.json,217670
scalar-full-source,857420442,CAB-2f6ad309289fee0bf19cf7470de70267,native-object.raw,98648
scalar-full-source,857420442,CAB-2f6ad309289fee0bf19cf7470de70267,streaming-info.json,335
scalar-full-source,857420442,CAB-4422bcfbff5939759061ccba73d1f178,acl-database-bulk.bin,80263
scalar-full-source,857420442,CAB-4422bcfbff5939759061ccba73d1f178,Avatar_Female_Size02_Remielle_PasSeul_Ani_MC_Beach_Walk_Loop.json,1000002
scalar-full-source,857420442,CAB-4422bcfbff5939759061ccba73d1f178,native-object.raw,113464
scalar-full-source,857420442,CAB-4422bcfbff5939759061ccba73d1f178,streaming-info.json,336
scalar-full-source,857420442,CAB-4a93bfec7676bf4f11198a88b63e75ce,acl-database-bulk.bin,11167
scalar-full-source,857420442,CAB-4a93bfec7676bf4f11198a88b63e75ce,Avatar_Female_Size02_Remielle_PasSeul_Ani_MC_Idle_Loop.json,116435
scalar-full-source,857420442,CAB-4a93bfec7676bf4f11198a88b63e75ce,native-object.raw,22744
scalar-full-source,857420442,CAB-4a93bfec7676bf4f11198a88b63e75ce,streaming-info.json,335
scalar-full-source,857420442,CAB-5054eac14fb4b7e8cea0e17a7adf2e95,acl-database-bulk.bin,15467
scalar-full-source,857420442,CAB-5054eac14fb4b7e8cea0e17a7adf2e95,Avatar_Female_Size02_Remielle_PasSeul_Ani_MC_Stand_Idle01_Loop.json,123707
scalar-full-source,857420442,CAB-5054eac14fb4b7e8cea0e17a7adf2e95,native-object.raw,28160
scalar-full-source,857420442,CAB-5054eac14fb4b7e8cea0e17a7adf2e95,streaming-info.json,335
scalar-full-source,857420442,CAB-55bc6abaf0f2493313fc1d01b065d018,acl-database-bulk.bin,12864
scalar-full-source,857420442,CAB-55bc6abaf0f2493313fc1d01b065d018,Avatar_Female_Size02_Remielle_PasSeul_Ani_MC_TurnAround_R.json,119168
scalar-full-source,857420442,CAB-55bc6abaf0f2493313fc1d01b065d018,native-object.raw,24748
scalar-full-source,857420442,CAB-55bc6abaf0f2493313fc1d01b065d018,streaming-info.json,335
scalar-full-source,857420442,CAB-64b379e94f627ee1cd92da39ae0f8d2a,acl-database-bulk.bin,17028
scalar-full-source,857420442,CAB-64b379e94f627ee1cd92da39ae0f8d2a,Avatar_Female_Size02_Remielle_PasSeul_Ani_MC_Run_End_L.json,125402
scalar-full-source,857420442,CAB-64b379e94f627ee1cd92da39ae0f8d2a,native-object.raw,29416
scalar-full-source,857420442,CAB-64b379e94f627ee1cd92da39ae0f8d2a,streaming-info.json,335
scalar-full-source,857420442,CAB-6af40f9899f9009d4b9b5d1eaa772008,acl-database-bulk.bin,16675
scalar-full-source,857420442,CAB-6af40f9899f9009d4b9b5d1eaa772008,Avatar_Female_Size02_Remielle_PasSeul_Ani_MC_Run_End_R.json,125693
scalar-full-source,857420442,CAB-6af40f9899f9009d4b9b5d1eaa772008,native-object.raw,29672
scalar-full-source,857420442,CAB-6af40f9899f9009d4b9b5d1eaa772008,streaming-info.json,335
scalar-full-source,857420442,CAB-75fb2ab09f87c3e515b4810012cb55f0,acl-database-bulk.bin,13908
scalar-full-source,857420442,CAB-75fb2ab09f87c3e515b4810012cb55f0,Avatar_Female_Size02_Remielle_PasSeul_Ani_MC_TurnAround_L.json,119948
scalar-full-source,857420442,CAB-75fb2ab09f87c3e515b4810012cb55f0,native-object.raw,25340
scalar-full-source,857420442,CAB-75fb2ab09f87c3e515b4810012cb55f0,streaming-info.json,335
scalar-full-source,857420442,CAB-810861b865dc79b607b71052d029169e,acl-database-bulk.bin,345295
scalar-full-source,857420442,CAB-810861b865dc79b607b71052d029169e,Avatar_Female_Size02_Remielle_PasSeul_Ani_MC_Beach_Run_End.json,1125388
scalar-full-source,857420442,CAB-810861b865dc79b607b71052d029169e,native-object.raw,207100
scalar-full-source,857420442,CAB-810861b865dc79b607b71052d029169e,streaming-info.json,337
scalar-full-source,857420442,CAB-85f8e4d28c62eb1ee7413c6545d1c5a7,acl-database-bulk.bin,10782
scalar-full-source,857420442,CAB-85f8e4d28c62eb1ee7413c6545d1c5a7,Avatar_Female_Size02_Remielle_PasSeul_Ani_MC_Run_TurnBack.json,112542
scalar-full-source,857420442,CAB-85f8e4d28c62eb1ee7413c6545d1c5a7,native-object.raw,19820
scalar-full-source,857420442,CAB-85f8e4d28c62eb1ee7413c6545d1c5a7,streaming-info.json,335
scalar-full-source,857420442,CAB-8709b7794dbd614654c305c541b69b3d,acl-database-bulk.bin,228380
scalar-full-source,857420442,CAB-8709b7794dbd614654c305c541b69b3d,Avatar_Female_Size02_Remielle_PasSeul_Ani_MC_Beach_Walk_End_R.json,1096401
scalar-full-source,857420442,CAB-8709b7794dbd614654c305c541b69b3d,native-object.raw,181280
scalar-full-source,857420442,CAB-8709b7794dbd614654c305c541b69b3d,streaming-info.json,337
scalar-full-source,857420442,CAB-97c0803e604c6e7be971c63b158aa477,acl-database-bulk.bin,20911
scalar-full-source,857420442,CAB-97c0803e604c6e7be971c63b158aa477,Avatar_Female_Size02_Remielle_PasSeul_Ani_MC_Walk_End_02_L.json,129827
scalar-full-source,857420442,CAB-97c0803e604c6e7be971c63b158aa477,native-object.raw,32812
scalar-full-source,857420442,CAB-97c0803e604c6e7be971c63b158aa477,streaming-info.json,335
scalar-full-source,857420442,CAB-a050c500f5f6b5dd218809d36a6fb798,acl-database-bulk.bin,12915
scalar-full-source,857420442,CAB-a050c500f5f6b5dd218809d36a6fb798,Avatar_Female_Size02_Remielle_PasSeul_Ani_MC_Run_Start.json,115085
scalar-full-source,857420442,CAB-a050c500f5f6b5dd218809d36a6fb798,native-object.raw,21656
scalar-full-source,857420442,CAB-a050c500f5f6b5dd218809d36a6fb798,streaming-info.json,335
scalar-full-source,857420442,CAB-ae752e4c7e95bd00e940c11aa420b149,acl-database-bulk.bin,4952
scalar-full-source,857420442,CAB-ae752e4c7e95bd00e940c11aa420b149,Avatar_Female_Size02_Remielle_PasSeul_Ani_MC_Run_Loop.json,105800
scalar-full-source,857420442,CAB-ae752e4c7e95bd00e940c11aa420b149,native-object.raw,14728
scalar-full-source,857420442,CAB-ae752e4c7e95bd00e940c11aa420b149,streaming-info.json,334
scalar-full-source,857420442,CAB-b23704b2b951ca22293000e291177af4,acl-database-bulk.bin,452336
scalar-full-source,857420442,CAB-b23704b2b951ca22293000e291177af4,Avatar_Female_Size02_Remielle_PasSeul_Ani_MC_Beach_Winning.json,1165588
scalar-full-source,857420442,CAB-b23704b2b951ca22293000e291177af4,native-object.raw,237136
scalar-full-source,857420442,CAB-b23704b2b951ca22293000e291177af4,streaming-info.json,337
scalar-full-source,857420442,CAB-bff6803d31846e6182294c2d1151d651,acl-database-bulk.bin,14488
scalar-full-source,857420442,CAB-bff6803d31846e6182294c2d1151d651,Avatar_Female_Size02_Remielle_PasSeul_Ani_MC_Walk_Start.json,117684
scalar-full-source,857420442,CAB-bff6803d31846e6182294c2d1151d651,native-object.raw,23672
scalar-full-source,857420442,CAB-bff6803d31846e6182294c2d1151d651,streaming-info.json,335
scalar-full-source,857420442,CAB-c0000cb3083685f1bb8c5e30ead079ab,acl-database-bulk.bin,14518
scalar-full-source,857420442,CAB-c0000cb3083685f1bb8c5e30ead079ab,Avatar_Female_Size02_Remielle_PasSeul_Ani_MC_Stand_Think_Loop.json,121455
scalar-full-source,857420442,CAB-c0000cb3083685f1bb8c5e30ead079ab,native-object.raw,26496
scalar-full-source,857420442,CAB-c0000cb3083685f1bb8c5e30ead079ab,streaming-info.json,335
scalar-full-source,857420442,CAB-d186fac75acbe6ed97161a0baa16f276,acl-database-bulk.bin,74068
scalar-full-source,857420442,CAB-d186fac75acbe6ed97161a0baa16f276,Avatar_Female_Size02_Remielle_PasSeul_Ani_MC_Beach_Run_Loop.json,991701
scalar-full-source,857420442,CAB-d186fac75acbe6ed97161a0baa16f276,native-object.raw,107256
scalar-full-source,857420442,CAB-d186fac75acbe6ed97161a0baa16f276,streaming-info.json,336
scalar-full-source,857420442,CAB-d386fad25d1ca40782545fa843a21a34,acl-database-bulk.bin,125250
scalar-full-source,857420442,CAB-d386fad25d1ca40782545fa843a21a34,Avatar_Female_Size02_Remielle_PasSeul_Ani_MC_Beach_Walk_Start.json,1028616
scalar-full-source,857420442,CAB-d386fad25d1ca40782545fa843a21a34,native-object.raw,132196
scalar-full-source,857420442,CAB-d386fad25d1ca40782545fa843a21a34,streaming-info.json,337
scalar-full-source,857420442,CAB-da8fa781fdec243bb179e07194701108,acl-database-bulk.bin,4744
scalar-full-source,857420442,CAB-da8fa781fdec243bb179e07194701108,Avatar_Female_Size02_Remielle_PasSeul_Ani_MC_Sprint_Loop.json,105101
scalar-full-source,857420442,CAB-da8fa781fdec243bb179e07194701108,native-object.raw,14232
scalar-full-source,857420442,CAB-da8fa781fdec243bb179e07194701108,streaming-info.json,334
scalar-full-source,857420442,CAB-dcfaf06aa481c149f18e165e20c9da4b,acl-database-bulk.bin,8277
scalar-full-source,857420442,CAB-dcfaf06aa481c149f18e165e20c9da4b,Avatar_Female_Size02_Remielle_PasSeul_Ani_MC_Walk_Loop.json,110116
scalar-full-source,857420442,CAB-dcfaf06aa481c149f18e165e20c9da4b,native-object.raw,17928
scalar-full-source,857420442,CAB-dcfaf06aa481c149f18e165e20c9da4b,streaming-info.json,334
scalar-full-source,857420442,CAB-f62dce109aa60e6cccca93b2f20a3c4c,acl-database-bulk.bin,12830
scalar-full-source,857420442,CAB-f62dce109aa60e6cccca93b2f20a3c4c,Avatar_Female_Size02_Remielle_PasSeul_Ani_MC_Run_Start_End.json,118719
scalar-full-source,857420442,CAB-f62dce109aa60e6cccca93b2f20a3c4c,native-object.raw,24428
scalar-full-source,857420442,CAB-f62dce109aa60e6cccca93b2f20a3c4c,streaming-info.json,335
scalar-full-source,925645607,CAB-21a7ee6b5a3cca3897150f4849d91f69,native-object.raw,84108
scalar-full-source,925645607,CAB-21a7ee6b5a3cca3897150f4849d91f69,RemielleMovePath_R1.json,132164
scalar-full-source,925645607,CAB-28773d45e0524b958af0bcc1fb18863e,acl-database-bulk.bin,7047
scalar-full-source,925645607,CAB-28773d45e0524b958af0bcc1fb18863e,Avatar_Female_Size02_Remielle_PasSeul_Ani_Walk_Start.json,108468
scalar-full-source,925645607,CAB-28773d45e0524b958af0bcc1fb18863e,native-object.raw,16740
scalar-full-source,925645607,CAB-28773d45e0524b958af0bcc1fb18863e,streaming-info.json,334
scalar-full-source,925645607,CAB-5641217341234e927ec11a59c22e5a4d,native-object.raw,47336
scalar-full-source,925645607,CAB-5641217341234e927ec11a59c22e5a4d,RemielleMovePath_R2.json,81343
