sha256,size,path
af62714383a92f86e209f6bf260cd6c5dbcc4ed47ab35a2dab985a53f4dccefe,64785,animations/highest-quality/102847481/CAB-00e8dae3c8695a5fec36908196b88b5a/-8503893327316144235.npz
30531ccb9718440d8a3030f66b5692b01a4e7d831d97374ad7352a10f072e038,340872,animations/highest-quality/102847481/CAB-00e8dae3c8695a5fec36908196b88b5a/-929057884553090256.npz
9e6041e06d4a19bb0c7312246ae863d1747f53e4793a0d2dcbb05926e348ae1b,1334603,animations/highest-quality/102847481/CAB-1c77d52a1225dc8eb72e210ec8ff54f5/-5487044827770026367.npz
cb8845d1f21548d529bda7f22a37451a629dd2f0ab3b26e2f28fb86165829007,236463,animations/highest-quality/102847481/CAB-1c77d52a1225dc8eb72e210ec8ff54f5/4158058185425734256.npz
c447976d0e6c2da25f294d17bc38facd15d6b5ae5b2d0118638472e0dedfe91f,2398806,animations/highest-quality/102847481/CAB-5429044575e0ff50fab2b8b898ad357d/6889733307893748972.npz
a7349d798dd04180bd5486df261c1ad4dacd25ea1147cb6bbe53dad3de3b35a8,445574,animations/highest-quality/102847481/CAB-5429044575e0ff50fab2b8b898ad357d/7807589847472477599.npz
1276083b65fb00a71dc6408cf75fce277ec05b83a8b8aac76fc998c6f839c520,1196305,animations/highest-quality/102847481/CAB-8a2af431202af655544c1f6939a6e526/-5724022541439689088.npz
6bf4f551ff4d97364984d367d4bf9c0bed67d8c7f2944fd68115b6eb57924f5f,201045,animations/highest-quality/102847481/CAB-8a2af431202af655544c1f6939a6e526/-6889905996062850525.npz
b79e9b8f17025528ec5ed5a0a0c2de7f98cc08df7b97b25681fea34ff45568e7,1035038,animations/highest-quality/102847481/CAB-8a2af431202af655544c1f6939a6e526/3246741233040945598.npz
3bff1c9f5525d8903650080ee6def1efa2b4076446d8d044e63ec030b1cb302c,240227,animations/highest-quality/102847481/CAB-8a2af431202af655544c1f6939a6e526/7520176871862997284.npz
2716b0e9f1f68e5c07182ab33245dd9d8ec39667961c64a3013e5559d246bab5,1689906,animations/highest-quality/102847481/CAB-9af1ea5d8a69568e15a5ea4b98240113/-1644446915680665024.npz
35681d3a2f3534a29a6ded51768937df77376a95dee5b0769d8426b66c47dd43,101580,animations/highest-quality/102847481/CAB-9af1ea5d8a69568e15a5ea4b98240113/485121230454011730.npz
7fdbdc3d82d1f13cb14140103dd7b275a56403d70f17603ec179c58fa07a7055,309354,animations/highest-quality/102847481/CAB-9af1ea5d8a69568e15a5ea4b98240113/521717370930988612.npz
9cd201cf328b939500f51c5851f584b647da74830d834f2473fb98c8925cf6eb,554234,animations/highest-quality/102847481/CAB-9af1ea5d8a69568e15a5ea4b98240113/5225909447599136991.npz
55279a3bf74f924a364a4868ccb385826a609af2169158c6146caaf2cb9b7b38,949625,animations/highest-quality/102847481/CAB-a6983a3896095e5d0d0ca7300e520f51/-4405432581584559684.npz
45bd4d8d1e3a2ad9b6c932857ae5f555c85b3d019af75ff14cb3bc8031b7e3cf,359373,animations/highest-quality/102847481/CAB-a6983a3896095e5d0d0ca7300e520f51/-8803156122219701776.npz
c17c0957df54b5669b1f759c57d00248e7433c70297d9d3e929542a5c77b478f,186730,animations/highest-quality/102847481/CAB-a6983a3896095e5d0d0ca7300e520f51/4633368758962200941.npz
21107119e4b5133450bf75d007a816e3058f9c51d24cbd34dc2ff5e4bbc91b1b,1996652,animations/highest-quality/102847481/CAB-a6983a3896095e5d0d0ca7300e520f51/8462630438214950599.npz
59d896ddc01f31d5939d1fe22b958af54a559cc0d1f14ef7d6f26dc2928c208f,216893,animations/highest-quality/102847481/CAB-b618c17e0ed2d6f851f86ae5aef2ecd2/-8290319353614040747.npz
84496cd14d66092749c6e00250a0cb105729cdc3386afd8241ffebc60e2acf90,1126010,animations/highest-quality/102847481/CAB-b618c17e0ed2d6f851f86ae5aef2ecd2/2420885211496853281.npz
c4d27f6418e1a6cb3f35c6e0b0899782f264152c057d9c49e39ce00494a36b77,358852,animations/highest-quality/102847481/CAB-cbb7d42202fed0705a9c77c2ef34be2a/-5433537715502596119.npz
ed6f73e0016e7a61271becb81ff118b70de76a270d46120991033a279799e69a,2193762,animations/highest-quality/102847481/CAB-cbb7d42202fed0705a9c77c2ef34be2a/8521723471483421154.npz
c43ac4454232ce498e4f22cb7d2e5dd6832f82f97e2788af1793946a3babda21,201185,animations/highest-quality/1186972585/CAB-025ec63081710535a751715600ae5afc/1539313848409567955.npz
0e2ce82dee276b2b9e6328b5f1206c77fdc2c26cac655d4e9a2967834a5636a8,1200319,animations/highest-quality/1186972585/CAB-025ec63081710535a751715600ae5afc/6811696467375545514.npz
9c75ecef7b081079aeed220166f27afe855afbc17edf16866e6d5fd8b7355f66,297471,animations/highest-quality/1186972585/CAB-611b1b8a6d2293f56d406ad34f154181/-4642342276331182895.npz
2e5082b3100b92fb45541bff9faa24bc7dd18bfec3307dd09fa11c50b8aa5e2b,1200787,animations/highest-quality/1186972585/CAB-611b1b8a6d2293f56d406ad34f154181/-5130596990700648998.npz
3dbf88ba55e7cf4daf9881313ac04ef6959e1e04523d7431d9f4827ca7502dc2,992976,animations/highest-quality/1186972585/CAB-69f28d52a67ea219a2c69ad5a7ac4d06/-4170381540393360754.npz
4a571acd0bf70282750df1524add452764f81653b7700adc78d8b2467a158da3,256364,animations/highest-quality/1186972585/CAB-69f28d52a67ea219a2c69ad5a7ac4d06/-4412330399154329950.npz
7f12c6167bfc5cf0582a56c184b1da98d0b281feaa84afffcc1aee3516182752,1249280,animations/highest-quality/1186972585/CAB-6db348098761db4032082455b032f42f/1253384568466234109.npz
1ca17fd9d1ad59a91787d47b1db9a00f8b0f866478b08f04b9f9602890e02837,304265,animations/highest-quality/1186972585/CAB-6db348098761db4032082455b032f42f/2555431876738953443.npz
7c0af307384b18744bd6659d6700bc0433b1869a767cac839a071acdc8a575b6,210439,animations/highest-quality/1186972585/CAB-977e42edf66c0e48afb9bbc0b7490d91/2045774491675328414.npz
adfcea9270861488b313425ff6278ca2f913468dff9aaff68caeff8c89da7778,989707,animations/highest-quality/1186972585/CAB-977e42edf66c0e48afb9bbc0b7490d91/5878337502696187076.npz
350d930b2f50328c4eddebe7dc845f1513fd2cd4077a89537f164f7ab16ad495,997116,animations/highest-quality/1186972585/CAB-b239bb2c6995b6391056baf7e0580bba/-2912069511717118028.npz
38b0165a3826e516a01318800d9cd30a8e619e164dd6005fbdeae0a73b6821c0,207135,animations/highest-quality/1186972585/CAB-b239bb2c6995b6391056baf7e0580bba/1465532539227399683.npz
4d0d577fa864db66ebdf6379a0ec003959c42017e66ef6af443b465e38616de0,1011271,animations/highest-quality/1186972585/CAB-bdb8d9e84a389a38d42a00e37b98ca22/-8200816506748520153.npz
3c396e22db3307875287319e749c61601b96c0ad915c96ce3a9177f5b278f2d1,222482,animations/highest-quality/1186972585/CAB-bdb8d9e84a389a38d42a00e37b98ca22/472486514639819991.npz
a2ec626b3424e3d300f40c08fffe3a521094a625f2ad18cac7c69747b0f21e12,1294946,animations/highest-quality/1186972585/CAB-bf111adf0be9e1a866f4509d03f887f2/-4696264967594137980.npz
323cad0e8c7466c248147a5f2a9a63eadfc931fc0914f621c319a2a6f6522281,204507,animations/highest-quality/1186972585/CAB-bf111adf0be9e1a866f4509d03f887f2/-5813938829306315185.npz
e4d268c11990b5dcfc11a68792e2875b1bc839e62c385bda321a9324c74fb047,213167,animations/highest-quality/1186972585/CAB-d006774c3d8ee56af752784bb4bb810b/-1507456339828849665.npz
58174c74ecda7e9869856527a5afd9b750a5918890af0801cce1b5b31630813d,983299,animations/highest-quality/1186972585/CAB-d006774c3d8ee56af752784bb4bb810b/-3244033172409104278.npz
c7e429f362ebbdafab6813459be5826fa36821cca04126e469f9c8da01ac2dd5,239429,animations/highest-quality/1186972585/CAB-e89fce5b362afe40ee71e40798b09205/-992807101245387548.npz
f4ba9d9247f103474e7f5a2dc1360977f32866f99955680ad1d95399ceaa3ecc,980775,animations/highest-quality/1186972585/CAB-e89fce5b362afe40ee71e40798b09205/2788974981811062752.npz
925083afa6d1daecb2cecf75d5c4fb3e5c5b9b724185b23c8e5ff2614d50e754,1109736,animations/highest-quality/1186972585/CAB-f9e136273b9f4bdce72935ed724fcb43/-5491137950491540181.npz
ca2ce864bba2a8fc93da32451f0905c872e8f312f25c81de44deb5e56cd08211,224475,animations/highest-quality/1186972585/CAB-f9e136273b9f4bdce72935ed724fcb43/3905988045497503854.npz
99adc002d5891c3e69734daa505f2170f8f519cc117cd7a9f8e9d4115afe9441,70836,animations/highest-quality/1523850217/CAB-04e4af7419c482a635f72fa1ca258d42/8989496986587551793.npz
7acb7346a451a1a60c7afb9df045f69d7cd878c5c1b1181a329693d3b254fd86,88315,animations/highest-quality/1523850217/CAB-07ef025a1ca730fc6b7cdab602cfae19/-7859734431836772985.npz
81601362b632a2fe3ece7d52c837ee28141a19c3ed518823c10196b8c12e22e1,123537,animations/highest-quality/1523850217/CAB-0b10eb5048484095af52372785bdf153/-4130641420515559846.npz
d44287668a19cdabb19e32ec36799ea16d7dd1a8bd590e73c477b15bbf63bc2c,92376,animations/highest-quality/1523850217/CAB-0f97bf0a30419cdd53aebf87bc85f7f0/6580722672136368370.npz
2e8ab19c015a27e0733712937a47116149dee3d147e34ae65d62e85c15e1003b,66952,animations/highest-quality/1523850217/CAB-10968be86815c2104d00211f7fbdda88/-6759752939614417531.npz
f716024e76f97d48221549304d907972b7c2002fc36973e9a0b1f99b20c16357,76056,animations/highest-quality/1523850217/CAB-10968be86815c2104d00211f7fbdda88/3936000032070737572.npz
4291dfe7c90e5d14275dd62215c910ca685e0b532c32b9e06521dd15dc79e18b,66324,animations/highest-quality/1523850217/CAB-1849fe39cfa60809ce0f387f0526a2d3/1972841566982944910.npz
44035606292ada1b83d2bcf0d5dec2fc27d2a936c9d3cd86b8316cc7d53673ce,74756,animations/highest-quality/1523850217/CAB-1f466002e215f70f8858419255e63b62/-6435327900545201723.npz
5e8ad3b41c0e1246f7ce05285aff49205eabb56cac56ac8c9ba907a52694f123,31118,animations/highest-quality/1523850217/CAB-2cfe73fe8ecf9607ce69e288da13c32d/-4087193232744972234.npz
1d8611fa98d7e9cbcbce039e0fb85955aa8667fb3aed5a2c5743d16eebcbb5ac,77949,animations/highest-quality/1523850217/CAB-2cfe73fe8ecf9607ce69e288da13c32d/5273620667827153111.npz
9a83827968b4012f6e72abdf16f40ce1302dfa51a525d135152976032fa5eeb5,79143,animations/highest-quality/1523850217/CAB-304aa4d4e8a47c27396e4c78677d402d/6375438528676596695.npz
93078247719ab09e3d860d3f342ff47549903c2970dc12b156be8f5b30c91bb4,132874,animations/highest-quality/1523850217/CAB-3359d7b33b146f286fd537a55785c74c/-2881933274264665742.npz
36f825cc5f2b3ff33e21bc2535109345b4faa33dd7c6fbce6fce10350505e12e,123475,animations/highest-quality/1523850217/CAB-40a5d15767c840d457ad299d7197d261/-7875433444000694659.npz
e5dafb0db2bd58d453bcd74c19b9360085005103cffd3877f439051febdb92b0,126912,animations/highest-quality/1523850217/CAB-4232d49fc14b028880a20705f18b2a75/2644980667515921557.npz
51a2d6769c810ab78753c0fbeb7ab62cca397b5e52990e562149eaa6b6b0a0eb,71116,animations/highest-quality/1523850217/CAB-498338bc4096fd65ffd81badba402202/-3555870113992379841.npz
e24216671ed7340756cef107261c9845a65681b6c151d1f5b941b0a5b8e3524d,74505,animations/highest-quality/1523850217/CAB-498338bc4096fd65ffd81badba402202/-6903300994333483617.npz
df432265438c15e45baf53a2391bb224d74ebdcb2b4d2d9c8abc696a3397cd3b,130864,animations/highest-quality/1523850217/CAB-4ffcb0bc7eda79df0267fa31a619b457/-1969486077493927947.npz
7bf24735b0fc070c4381288041a0a48d9c64e244c6666a686f88c214fa6a2be7,138557,animations/highest-quality/1523850217/CAB-50af935651124c0eb7a837399527305f/-2086817660766517078.npz
239d8fdafe41fa7b93bd6976d3ba827adac75749ba8b3ab36c535e728b03ee9f,166595,animations/highest-quality/1523850217/CAB-55e785702e8ecf60e9a29e785c3eb71c/-6953991387548681326.npz
798071df27488721c7934946d95ccd0fdc78a6c624943ef7664e57fcb0a6b269,72417,animations/highest-quality/1523850217/CAB-5be24841a9a1f3c910be40c665b39b10/121531804778053132.npz
ec0cd8bda1f365d7a8ddd459f4df145a24ec12a57bf603c5569299724ae98de5,117774,animations/highest-quality/1523850217/CAB-5eff061f8808ad30b53e5b5612181069/-5088587143379627752.npz
26c17103e1c0f8556f033dfa167e2c7dc878e98a33dfcee20e7183af759d4ed3,75321,animations/highest-quality/1523850217/CAB-619f79d32da64d91304c1a531672738b/-1656722489883847159.npz
663eeb2fb514ad3366712237061b1d6f2b0a700126ba71aabab6921cf5208e6b,70193,animations/highest-quality/1523850217/CAB-698201f549400e18fa7caa17f35017c1/7307114470387854560.npz
f26d93d47b9306b4062f55d653cd75fd800053873c335384e6e0c0d17e68034b,20585,animations/highest-quality/1523850217/CAB-6a8b1b01b4cb715de99576d25cd6c2dc/-7504940210168695040.npz
24833ee5836dc3d9e0b4ac27c1b2e53f6207e3047c4dcd52a4e85173f85184db,125074,animations/highest-quality/1523850217/CAB-6af25c81887fbcb6d1cf858538d27a63/-3628994143320135176.npz
7f0803fa4ead710a2a7255f3e8cff6b8f69282732bab0936a76e190a70f56118,78341,animations/highest-quality/1523850217/CAB-6f27068b8859422ecd62e5b5be0885f1/1017477211783881926.npz
543bdb44f3baad42ac9f56dfe2f99c888b54a9a27d9eb448ab0bfdc28dfeeba8,78706,animations/highest-quality/1523850217/CAB-7472799b6ce60302c9766a2462e2528d/5560887246414865443.npz
8c6fc26d4dd72f7d1b8ac7af4cb19ee518850acd059a41cee4f7fef2753c4976,91798,animations/highest-quality/1523850217/CAB-752e8fe0e3fcd85b7adff385a0f97874/-8315336653619334883.npz
6d730159a02d201f9663d8fd9c974f44cccc96ae7cd383f13bbc0f80010c7fea,84620,animations/highest-quality/1523850217/CAB-752e8fe0e3fcd85b7adff385a0f97874/678368150928868819.npz
1059b29f65e7e216c7c7be04ad35a52b5bdb245deea182ada4c756d2eea1abc8,117922,animations/highest-quality/1523850217/CAB-79319d67b852d405749d025d53240717/-2121907366908414223.npz
f9d2edfe95349b3e8af943b3503d79a2c498295741958bb9432e285c86349b05,86169,animations/highest-quality/1523850217/CAB-796e34792e81342116e3887980f79e44/-8776362409554944054.npz
49b7f3adffa34f5205692029affa39ba6a362a8fa3d59833409f175a6751a3a9,76564,animations/highest-quality/1523850217/CAB-7baa6ca91b004c57563a1199551753d5/2134020514806175719.npz
3975c5494a8f94d6269b2bb2726e1b45348300ab49003ba4ee378cb20dcca579,76657,animations/highest-quality/1523850217/CAB-7baa6ca91b004c57563a1199551753d5/2926518983236155192.npz
34e70418d72e60b64fc28784f4776a5637453418dc26f3480e158b4ca8b1f614,138489,animations/highest-quality/1523850217/CAB-7c38049e2ff51e4d0e0c68d194fc253a/-6518441698820575275.npz
501fe212ac58a34da01ea3929a604d38178a6894812e02929c1a1d68463fe32a,114880,animations/highest-quality/1523850217/CAB-7cd551e162f6ed06c4b71106da96f4dc/8504739905493641752.npz
2bca9178491b6864cf5375b2b0494e2b7d0c0ada1590927136e83f53c1e01f12,97173,animations/highest-quality/1523850217/CAB-884e7e65a65ab40173f5345b37b0f517/-2352093389254818161.npz
ce8ad176d3b74b082e3c2a98b8f98053fe96bafa36e2a92908583d9d5047c465,30548,animations/highest-quality/1523850217/CAB-884e7e65a65ab40173f5345b37b0f517/8156505608347191738.npz
d3797a78cbf7cdb32c8c85b5bf0fe0658f3430085e81de31ad3d3b75fc355d1c,103706,animations/highest-quality/1523850217/CAB-8a08e9882a14fc838abf0113eba1b7f3/-2645361912310965306.npz
ec0b376e129fc4d5b071797020ce135632d674538c1c0b3dc76adb46d474396f,135079,animations/highest-quality/1523850217/CAB-8c540054562db7edbd601ad9f9312fd0/4734551596987841323.npz
9772ed0fdb900563925b126312a529a04b4ddc6de3671602857a59b53f1aa974,42938,animations/highest-quality/1523850217/CAB-98d9079cd109170d572afb8511b86a0b/-5412887485860329321.npz
be24ab6393ebaea962b041292c8e03d9e4a54ad75edc8ca3dceb0e50efbae847,31849,animations/highest-quality/1523850217/CAB-98d9079cd109170d572afb8511b86a0b/2990538837624449409.npz
168e3f907bd4e9752689caf1de52c94086a0b8309d886811db792615a5220511,147478,animations/highest-quality/1523850217/CAB-9c533c0979b3e022f349fa506946b745/-3265296203472712284.npz
a493edde9d9fe81d86d6c5490b332f486833e402a586b55a92fe165dec8d0b0d,25382,animations/highest-quality/1523850217/CAB-9d563c46975db1bfdab301bf8614f312/-3447199759255882351.npz
24553395088aaf9741a2ec6407e5eedf6e1f4329bda578a0ccdf7c3f891c6bbc,73031,animations/highest-quality/1523850217/CAB-a0aa630adf112db6491b4ce613c65951/148087719974129614.npz
5c1022666eb46d90bf524302477f84c50a2305c87acf61563670904a7588f74c,55287,animations/highest-quality/1523850217/CAB-a0aa630adf112db6491b4ce613c65951/6622967762030173133.npz
24a80f82bc8df84413181d890c967eeca3516fad228816f9c4cb68f0fd2dc9ca,101536,animations/highest-quality/1523850217/CAB-a6527aa5d84bf5e232a827d9240574ce/-1155290675334462679.npz
54a56e051170d0af0d3c2c55fa3ede7afcd72d2fe6c32b182963c01aeaa2456c,39316,animations/highest-quality/1523850217/CAB-a6527aa5d84bf5e232a827d9240574ce/5799038561787546060.npz
040a7ad54909bf71534731d5457eeca40922e2ab5d808bc1814ff892d5cac2e8,101262,animations/highest-quality/1523850217/CAB-a823d6263a2a9559f85464c3370ed6a2/8867792996369793557.npz
b44bfb3448b6394007d31a6b56524d0fd8a80c0d1584a57fa850b54111aa378b,119041,animations/highest-quality/1523850217/CAB-a8a6b7f923fb70988e94cdd37346489b/-634271642169061373.npz
39c54996208ac32f1ccc8ab0f6a6a91bc5b01e2f8f8b6f5371c64ab776c4dea1,59636,animations/highest-quality/1523850217/CAB-a8a6b7f923fb70988e94cdd37346489b/4421834620260399912.npz
972577cbdf5dabbabba8aeab65a47133e7d5fbb106e545df1a3f9146f6939daf,316453,animations/highest-quality/1523850217/CAB-ab1757a88896e229d07184875853c58c/2778352940527704367.npz
16d3e8daa7e8d7bffeba5728c98f5b71ab6d5b30466a3f6e3f916eab6a267e98,82178,animations/highest-quality/1523850217/CAB-ab8aa7f478d9b1c5d296e46679442409/2086426869383369578.npz
4e7d9e90358ceba217ec60ca34e6a792d6836944324085d8f41f06e7454a731d,121928,animations/highest-quality/1523850217/CAB-ae6112767b4de944948ff3d9db0ef901/7162119520429048974.npz
52d4f26bdb16e4295e77296c07fd96a425b9f7d55326ce206da1a14d6d4db240,79487,animations/highest-quality/1523850217/CAB-b9d8018d23e2cb9d73ca084a0f2a20a3/-786566853111875148.npz
d0ac88ab96ed2335249cfac7596563503136523001a899e005fd0fb84ff2399d,75548,animations/highest-quality/1523850217/CAB-c79d6e50611fc9c8053126a906b2e78a/3892386236045217096.npz
3ddfd6f8b0399a21c1c445a3bdccc8d2f8733a5798c16e11c8c181fe923cc1f8,104110,animations/highest-quality/1523850217/CAB-cdd962c9f0fb76fd3077ee7f50825dd1/-453599638320599670.npz
e5f063013e2b6e017b0d3f724f7b639a0da3189a9e4c636ebd3caad1c3381d56,74561,animations/highest-quality/1523850217/CAB-cdd962c9f0fb76fd3077ee7f50825dd1/-5515147803904659855.npz
a8bed42882f4ad1b3e1e3c022871718274a319e9f13d3a1cc0735eb75aad49f7,188788,animations/highest-quality/1523850217/CAB-ce2c632735300d19082d603243d62c2e/-6628969260325167827.npz
d06e470be4d5fde1021c7112ccdd6fca6f3998a91d9f6236cf71821899f5f935,94274,animations/highest-quality/1523850217/CAB-dfca78e19214b67ae1b0e8e1beb37a63/-2371397975648665643.npz
2ae0d459504388b60e8b4fbd62e0514140091e6c3a8f568760bf0f83dc63874f,62802,animations/highest-quality/1523850217/CAB-dfca78e19214b67ae1b0e8e1beb37a63/-5836051886755954451.npz
9e54e3156dcfe88ce4c5f57541d1eae07d83de4602a1e213841df11e37aceced,111398,animations/highest-quality/1523850217/CAB-e05267109b0d875623c52c4e76df2941/2457671196260810409.npz
ef746b026a782a311586e228c9b2f79a0ee2e41eb5e09965a39e276fa2a58b57,66710,animations/highest-quality/1523850217/CAB-e381a6dd36416c169752fb518b38e000/-869303386291863426.npz
24956a8135723ab80b253348063af20a1cde2dc4e32a5f77449eb09c27f4e82d,40789,animations/highest-quality/1523850217/CAB-e381a6dd36416c169752fb518b38e000/282829697858500702.npz
c1d5b6628adb8af146da235f4ce097d82d6e567d261dc20d9d58363d16a9e391,20453,animations/highest-quality/1523850217/CAB-e5e86e8272aecca0023a3de0cf7adf3d/-1865633390978939768.npz
1ca667d2d7602935ab8c188b11e1a3d49b46bf5177cf134865a76fc57c6c61df,109881,animations/highest-quality/1523850217/CAB-e5e86e8272aecca0023a3de0cf7adf3d/7019626000825424181.npz
c8af90dac6ec87a6f302205fec3e318d5c8144d511d23098b2356df6d618a41a,142920,animations/highest-quality/1523850217/CAB-e668327a20856d36e417d27c83a1a024/1212575651489049186.npz
653264551528c5219da22bb429945af89207005ed46bd5ab0f374a017a8572e7,82270,animations/highest-quality/1523850217/CAB-fc25c3b03dc852e5b4d2ef81bdb29c83/-8882356081313299500.npz
ff2e033204de0ed6162020ff8f612d6f69a29e6ee59c757ef7eec61d5acd1015,48231,animations/highest-quality/1523850217/CAB-fc33e3c3f318a0f1826dde90d1a4e1b3/-2234826315727283405.npz
ad567ec48225ed95a13e4c3bb56ccb993ec408c2515e841ee5eb11efa073587e,92141,animations/highest-quality/1523850217/CAB-fc33e3c3f318a0f1826dde90d1a4e1b3/4962035264147276382.npz
17f26fca5f11073127abc50d90967bca0738be6695a1eb71ea4b72b2342921ba,2303508,animations/highest-quality/166455023/CAB-ecd553c66a81e5a42fb13f88e9688494/-8967589269667655798.npz
77a0e0f6bd366ee4160a3ccdef5ef89d2ac8c7d5c443a6dfda0e12629aec8e38,455900,animations/highest-quality/166455023/CAB-ecd553c66a81e5a42fb13f88e9688494/749183524389434420.npz
ffcff4f068a900d4664a26b3d7e983a46492e5d291bb2032ecff8ac99a0f5a5d,580843,animations/highest-quality/1704382549/CAB-032223020f5c723eefc3368416cbd5e1/515039831682801160.npz
0607febe4f27425964767659b8945ca118bd3bf9520cbad0b7544023355dcc10,105720,animations/highest-quality/1704382549/CAB-0c8dba6ca843205d50751c0ff9b6a011/-5036785912351465611.npz
4b34313895266dfaf5957ac47da2ca0f35ed15e4ecaaf1c1a819faf16ed6484d,46621,animations/highest-quality/1704382549/CAB-0fdb155c3dac8c9377342e63b566dbeb/1384830706564237703.npz
31cf71e62aaa9db91fb9f6183296fb076e661a2285cb2eceb808d49489054bed,73200,animations/highest-quality/1704382549/CAB-0fdb155c3dac8c9377342e63b566dbeb/5310189695225751449.npz
b0709746adf16383d51ba8c7dc19e2fb8fa596ece41f23ff0417ba17173708b6,91644,animations/highest-quality/1704382549/CAB-1110fe4280f6d46960a76fac015c7a88/-6787169860043975556.npz
4ab35f0e64bc13ddceebc115d18f1e9484776fefbc11820d61888f27cab12d02,142697,animations/highest-quality/1704382549/CAB-1495f565ffb654275ce64a952b2df75f/5579212848912087808.npz
244d6bba2c5c111668bec9da0a46270cc552933706b12c605757f19fcf17e0c9,107695,animations/highest-quality/1704382549/CAB-154858aa4c50c4f2451005d9c5dea10e/2002140185024447925.npz
41e948e059ebd38e1030ed564d74a929efa017c4c8487edb6d46481baf5fd3a7,587293,animations/highest-quality/1704382549/CAB-1d42c3fa80fef6ccf27a3f523864b743/8617459412162619682.npz
5a11102f83bd1a28892bde8283de02fe6d5da55b9943ec171246c85ea0183263,29353,animations/highest-quality/1704382549/CAB-223b072e96a33570f5b5f721a11623e9/7375287920953694611.npz
73f43a5827e3647798ba88cdf08838cda92f78c67b39c89eadc898a7da76ce1b,132125,animations/highest-quality/1704382549/CAB-23f2c4f148dded48267120de5530f67d/568624441380478596.npz
4b0fbeff4e89e01f4b29c88331bed2ea54e7ec592c87f85770e29c42577908d5,657289,animations/highest-quality/1704382549/CAB-312fe475e3415d379846d064fcaf8957/-6389968001128065014.npz
f22a80b1bb3b66f011e023a7ef17fab3dbfd727c8cafd854804bad57d69ab570,106902,animations/highest-quality/1704382549/CAB-3391fd3ab2e2b669a798e97e5267c232/-6260324507213880840.npz
3f0d6aa5a53b2840b68967dd92f3eb5ed0c9fdb1cc322d60140028117df01dde,109178,animations/highest-quality/1704382549/CAB-347a0d15bc1f1c0d4896dcb2f199cfe1/377070469331215385.npz
5acd20edfc6ae7f1ebd5be46b3e951c4cd7fbfd05a9bfc012dd3bcf68053a7ef,93906,animations/highest-quality/1704382549/CAB-3e9fe04d4932ad03a2b4da5d13fc1f2b/-5377426071181693287.npz
d8a2607ce7eb785aee673ad9d91e3f18fda03d232f09963f8a4989b0cdb25f0b,92259,animations/highest-quality/1704382549/CAB-3fc2c0af41ac3b44254823ea9e48e284/6650659754387199229.npz
a8857e700d65983c09d03b977779976641b26759a5470bf12ddec8da14de8211,577113,animations/highest-quality/1704382549/CAB-46f5c52613b243a526e08069a4af4b96/-2178446478776927915.npz
1d838ad6cfabb6dab327cf2d13c45dae05ab9758104344b87dd7d80100fb9f0c,95490,animations/highest-quality/1704382549/CAB-6c136a6d1a38193b7e9d6f87f99d068d/-5177117304079189082.npz
79d5d86aee2f1bca8a43e4912354f4223c511bf2090061e924a5108f4f8322b8,99215,animations/highest-quality/1704382549/CAB-6e5d453e780c35fe61c652d54d7c0b19/8242360160143665182.npz
6345e4c697daed2e7b80381d724d92a1edf5cf7c6d09bc14a007848e92232a52,137465,animations/highest-quality/1704382549/CAB-747bbac80ad77b06c011f492b9d3801e/-3040720397802887349.npz
c25bb123a58001f14acfbcd33a8a26dc98bda2f7c19c018ba2743eca55153486,118761,animations/highest-quality/1704382549/CAB-81243191e7fe4a55ce27ee0ca65b512e/-5793928149087727708.npz
b56631ed218ee752ca1ae7e8994c39c79c3e5e7358e5adb48d440883e261a494,109263,animations/highest-quality/1704382549/CAB-8584ed69033619671fb538adba1e55d0/-4057830702806959602.npz
7fc4244c47953ad9697155180e3756d9e64269c81ffca6788d03ccb9d5710761,554055,animations/highest-quality/1704382549/CAB-875afd9fb592fdc8e124cb89fc0d8b27/8179446946906836718.npz
3cc79042e32e1105c6c90768af77521c9dc36bcf4577333654f84315858bb86c,102869,animations/highest-quality/1704382549/CAB-89a08a1d23703691101e3b43b2ef2d7d/2520456379740600705.npz
e254e12b32047c892c16d84bfa71a873a6bd7d5178361340c11729f1d41c1a62,85142,animations/highest-quality/1704382549/CAB-8d05f7fcae2a2d05323c546ce4901fff/2654218092699803568.npz
df8b2b27eac8695ae1a561b23be604d35d08e7bdb81a3c094f37033ff54fd861,66988,animations/highest-quality/1704382549/CAB-8e5bae6ec39bb7ca3c5ac48f74e8fcca/8423170002218103669.npz
72274cb4c9f3d679ec0439b370030ed0ebe0302acefe8df064661a11d80225b6,136191,animations/highest-quality/1704382549/CAB-956077505a74bb6a3e8d7f47d4c8d019/8844670144911292491.npz
08566f070de1d0b6626d324d891bea7face5a40cb1161e969f1b3f9bdfe3b4f9,110871,animations/highest-quality/1704382549/CAB-a229ee41794d14d0307f521afbcf77ad/3417920780662954083.npz
0bfbd81b47683b9177ec1b7da39f08f6d9d172aac528e56c96004a8a2767dd84,669369,animations/highest-quality/1704382549/CAB-ad419a240b335cde1da75370aaf5a0f8/-4532001091464511097.npz
ae41eb68ffc565fde178e8a2955195ffde9edaebe60032c5b9d76ce315bb91df,94024,animations/highest-quality/1704382549/CAB-aee289f39d1d860eb7dede8fc576ce24/3411542325075466861.npz
c19367a53c7f65eba1c8dd602a9a4a58a2ebef917f2a632c08a3a6c4172ba0f6,223399,animations/highest-quality/1704382549/CAB-b646ea4c5ff9cfbe0dc2a4f0ff63fcfa/7378223686047169184.npz
57e2dfd4a95df6d5f7b6c1436619f68b3c66e6e543dcf5554d07e7b574a48483,50211,animations/highest-quality/1704382549/CAB-bf3c5b2d738ee46d28327e9b5f865151/8518318409222403670.npz
89bd06c2bc88d6217dd8fa71821b936431b53f33b0af7cf033eb5dc442790c57,56856,animations/highest-quality/1704382549/CAB-bfa650b7c5fc079aa38957c16e00ae34/6525180720145526982.npz
6f6744f00e5ca36227341fc46b7d706fb1e4705da15947907cef15c3af547b16,121336,animations/highest-quality/1704382549/CAB-c0ffb9db6bd37a58cc850dd04a4cf12d/-8661473285749684346.npz
5d8059d218aced199e48aa558d0965d9b211de448e75c26f7e241251f674b9a9,90152,animations/highest-quality/1704382549/CAB-c1dae052a8f374388be01e0600a0af66/-3970582303084377354.npz
df348179d3edfd9348f44c09c3ba0f0c541d9f98ce527555115206a0aabae84e,94718,animations/highest-quality/1704382549/CAB-cd0b1b67c11695bcaf24298ee443c0ff/-6588496166271787003.npz
208ed8d1f02443380ae20f74298a38ad6d8f014c78a131e3a030176cf24fedb9,72062,animations/highest-quality/1704382549/CAB-cd472cf3154f89ba14ed7c986a9f7f3c/-1665942086419258198.npz
eadaedb3de4cf61dee8300ca1c3c47183088b867e2f0e7744bb45236545f68f5,133577,animations/highest-quality/1704382549/CAB-cf6705734aee5321f2bf49d950486ec9/4950076632996511775.npz
be8688ae81f67c7b9418ffe6adb6690b4410bed8d2f4f89885972d3fea334278,99315,animations/highest-quality/1704382549/CAB-d5ee7d3e2168afada47c5f5b55623756/516731653013529872.npz
44a6ac86ea5624da602cda8011c8df96b2981f1f97d63875512819fcb31de4bf,27568,animations/highest-quality/1704382549/CAB-e66353c6bbab78732070c3cefad05291/6280393617582618.npz
403aa265994f8dafdb48c35d669ef3db010c91d4c156be1cc8174c7b8d178a06,660708,animations/highest-quality/1704382549/CAB-e7d532f162f21b569d1ae4099b93d072/-2343199801225763205.npz
2245061a3ea61683d0314f6073c380a1c303e6eb3f3024e84c15f0ef00d64b7f,112378,animations/highest-quality/1704382549/CAB-ede75bd22ecb567f37e86820b89f1ab9/-2431180140212211413.npz
b196abcd6797e462c5abfeaaed4c7009a3711ea0a556d541a549db40178498cc,93160,animations/highest-quality/1704382549/CAB-f28126959cada55ea7d40bcf36921109/-8815137970800821067.npz
97bbd40b5268c7b595b0adb58cf370c0f169e64344688ef0db538410294c28e4,92377,animations/highest-quality/1704382549/CAB-f3646afb0dafe55fbc287d95b2e53063/-6458055481287383449.npz
4c7a7f3c6d3b85e02584717e56a2456de3bc1615b39972ada741f184c62efad3,670283,animations/highest-quality/1704382549/CAB-fba945e6756a0e2cf7d145c968291b84/1367766434552027700.npz
bb556bce6dde9467bf90bf2f544f37a534161437c4added3dd3483c8be058e69,229401,animations/highest-quality/1715600529/CAB-0733cdaad7735f0d021d846ab41f7f37/-1021160638770416884.npz
93a0700e9e2b680039f7ce6284f0825173caa2f9fa1a0dd15396891b1e50b406,1228043,animations/highest-quality/1715600529/CAB-0733cdaad7735f0d021d846ab41f7f37/1440121578779192547.npz
22f450fc6524bad9d14a3266507fc275addcc4f3054c39c2c0db2e530b50836f,54280,animations/highest-quality/1715600529/CAB-37a2e82010a74c1af5e91ce696540eff/-213536611033901722.npz
9427e24424f319a124622014df159faeeafb093c36b7658bb823bce84092ac93,277378,animations/highest-quality/1715600529/CAB-37a2e82010a74c1af5e91ce696540eff/-2893577299971434832.npz
93454b0f9fd908939ea27fb4c2ce510479e80f499744eebc0f52a173e159094d,322200,animations/highest-quality/1715600529/CAB-7087c1c761ef8a84da8d07b67a642115/43752608032791348.npz
478760506d7ee87d7d16cff6f253014576f840d6051fad474825b5afe67b612b,1740154,animations/highest-quality/1715600529/CAB-7087c1c761ef8a84da8d07b67a642115/8307318319186089469.npz
18185c86c80d0a010965d503d49f77701175eb289ef57db6bc1514a87bcfdf2a,2230696,animations/highest-quality/1715600529/CAB-7895f618aaad46091d0eabaa8838f0c9/-4712315809483842211.npz
78ea80cecc965c40f16a0af691b81abde6db846a922ce4673d3002eef00b0023,415859,animations/highest-quality/1715600529/CAB-7895f618aaad46091d0eabaa8838f0c9/1544813674513079468.npz
215e875a559cffcd84dee8705403b076a1b07b7ad18c65d71a392c8435ed5464,234673,animations/highest-quality/1715600529/CAB-ad03df6b944ebc6d94acf235fb58356b/-2834775492895240316.npz
87f6dc2c65551335b6ac5bbd343072d8ff290e6df91b4f2725462efe26fd9fb1,1338238,animations/highest-quality/1715600529/CAB-ad03df6b944ebc6d94acf235fb58356b/-3374308206746047625.npz
65b38334b7cc26a6b9f38a8e3038654f7f73065f68b6b1314d7c9172f011002e,708886,animations/highest-quality/1715600529/CAB-e309f311f32845499196484ef821cb3f/-2077618035229796624.npz
118d7c42de41a1adb809bf3df69209cc52b8f7382d78fbdfdc7a4510811d8b72,3898895,animations/highest-quality/1715600529/CAB-e309f311f32845499196484ef821cb3f/3904083204131904281.npz
d817e73bef4b22270a699b941b24e5cd92d579ec22eb2694811473810d28526a,1239593,animations/highest-quality/1715600529/CAB-e3904b61fb0c015c0af3e7eb785ce1ae/-402973070275490428.npz
e8fb4d3edc41c64b166c40540d7a7c972bbad7a33a48321cd3494de92df37eb3,230387,animations/highest-quality/1715600529/CAB-e3904b61fb0c015c0af3e7eb785ce1ae/6951737216419734359.npz
40178abbb468edacda1f8d421973e0cb2290d122a4b3fe755a89be777f94a265,212406,animations/highest-quality/1715600529/CAB-e60b1813519d286ca38b9838f44b4630/-4898536414085021582.npz
3f4b10f48bea51daf138445bb3a0a1aa1922b616b4d7ee7555c179ffa98f614a,1115202,animations/highest-quality/1715600529/CAB-e60b1813519d286ca38b9838f44b4630/-9199533477340216773.npz
14256568495d01b10ee486f8a743bb96bd0908e7eaaa13771113e6b0e1ed6d14,1116976,animations/highest-quality/1715600529/CAB-e60b1813519d286ca38b9838f44b4630/1562909486031391805.npz
dc6277b0934689405d4580585c6b72ef089dfcc616c781c2f96001152ae31430,210870,animations/highest-quality/1715600529/CAB-e60b1813519d286ca38b9838f44b4630/4995497788641215052.npz
f55766e198dedd87e70eb1fca865c4ef1f06cd985112ba7e65b281d08f9a9912,303725,animations/highest-quality/1860708741/CAB-2306941d57f7544f7d5a39105e114edf/-6086909508455192655.npz
f6a7aff4717994acd43b13f8a7d5485fbf82fac035bbb6c641950ee177d06fa0,1459453,animations/highest-quality/1860708741/CAB-2306941d57f7544f7d5a39105e114edf/321527116734104337.npz
d2f688c5df493a02a9b40a168bbb950741ce4353ba4c37d9b2cd435efcf0fcc2,773074,animations/highest-quality/1860708741/CAB-494bd5c08978d90b9e429e89eefd3afe/-3648239661755005706.npz
b9d2273f6bc1bb315258b4f88bcc0c66bfeb9cf278dbac4bcb0b8752ceb71304,167301,animations/highest-quality/1860708741/CAB-494bd5c08978d90b9e429e89eefd3afe/-6451535175577738020.npz
b2a7c99e57774618f7ef9456934bfdf9704410c80b5b8ab8d2a3df4d7c473bd5,286046,animations/highest-quality/1860708741/CAB-65578e3cddc52b0bd391b580c5885c28/-6414009409087881918.npz
131b1f90ef9f71881a004d32d16ec2c4e822b89b26398c4f765feb061ccfa4e5,1317353,animations/highest-quality/1860708741/CAB-65578e3cddc52b0bd391b580c5885c28/-7957749517175371076.npz
95010448f0a36b83ead36603bfd0dd77e30daa3e2e6b3e8f91683a7184725d88,7478048,animations/highest-quality/1860708741/CAB-b7c0e0ef400c5932687047f20f402217/-7520317271572137748.npz
f92f8a855f75510324d8a882e4acd7bbac8d50ccfa10038acd2b04dc6870bf88,1160070,animations/highest-quality/1860708741/CAB-b7c0e0ef400c5932687047f20f402217/8637045531324463456.npz
1bb0d73c82a7aa70d15178186437f1c67609ab46bc7ef3536ecd078aed22aa28,108420,animations/highest-quality/1860708741/CAB-bbf4c01a537179d93199e7204bb4f544/-5036748116070463981.npz
f82d5378e523965ce1b35b86abcc0cf04ed74f434a4d2893b47384b3ddeb45c8,505193,animations/highest-quality/1860708741/CAB-bbf4c01a537179d93199e7204bb4f544/6549233636137054704.npz
7ec05dbd7264d1cabd9597820e60b47af78dc1ed16910ed3a91d6b2be533cb36,1290264,animations/highest-quality/1860708741/CAB-cd1a70e4cc6d0ca6529ca9f313fe5d89/-2198007012778656735.npz
9681750589502f45948a78ce5ab56c16265212a45b3e0b120df5c2cfd71d5b3a,272633,animations/highest-quality/1860708741/CAB-cd1a70e4cc6d0ca6529ca9f313fe5d89/-2943291743233252209.npz
cf9b1cb20cf5c93122aac8aa15c7bda4197c59d2cb02c5735d429b1daa3ce9d7,1096806,animations/highest-quality/1876963883/CAB-0959ef4accf36578df1c91884f1734f1/-8534133473829246735.npz
7f1101753625e088724835fd0f00edeb706872cf788700b2ab6d3d3466e1cc3d,52895,animations/highest-quality/1876963883/CAB-0959ef4accf36578df1c91884f1734f1/-8674294909014153322.npz
45819d077addb1b0dfc862620b7ba23e9b42c5615b44ca703a5a0527a8034ea4,365462,animations/highest-quality/1876963883/CAB-241fbaf4fd60b205539b13de2a17245b/-1160565790859856226.npz
210ab19efa5877dab420c44375f5cbbac1393fbd46d3d316eec883266e14641b,1952357,animations/highest-quality/1876963883/CAB-241fbaf4fd60b205539b13de2a17245b/-2784842692007170474.npz
169aafd2c6cd72d62ecf516132d293c18379864657ece7b7b28f4d53cda06c30,216444,animations/highest-quality/1876963883/CAB-4fa0b31c2ead4193c24efccdab012a68/-7917930783476894538.npz
ab85e97cad46a9527caccf520ca49988e0cbff13ff30f20719d2178c447a2bdb,1111167,animations/highest-quality/1876963883/CAB-4fa0b31c2ead4193c24efccdab012a68/5751198730476278853.npz
0dae251e7bc413202739bcab89cbb47aaafa832a619b5a9000e09e67e60b89c7,2814005,animations/highest-quality/1876963883/CAB-82074f88a886fcfc9b7d870cc09bd340/201129590458849080.npz
e752475bdf26ff7527f514127a7fee229e9acba5a87f70c2bf89bbf9edb83d68,251883,animations/highest-quality/1876963883/CAB-c22c2d1c569babc26368ba110771de3c/7322397595745092629.npz
e67bd45f89a60181d4551a123ebf7d20d8af20e6dcb29e37e0749a556de6124b,1408347,animations/highest-quality/1876963883/CAB-c22c2d1c569babc26368ba110771de3c/9167602165747736858.npz
294146fc8f413de1dae7e248e97847fbefee7e2c5a98675eb74ead0a9a52431b,841526,animations/highest-quality/1876963883/CAB-d8fbebcff3461c85f6e8e3d656faadcf/-2053451558984455083.npz
08da67cf3ac0b961bd0bef612824f6547bf1eb4702af596710502d2c2ecef87f,173991,animations/highest-quality/1876963883/CAB-d8fbebcff3461c85f6e8e3d656faadcf/-5596166863796330384.npz
2ae3b20714a9d8844fbc4130880ba827600cb885f810571a901fc7da26b44226,1784461,animations/highest-quality/1876963883/CAB-d8fbebcff3461c85f6e8e3d656faadcf/5634588132277865150.npz
a51e5b5e262da24236398f9689fbee55cc09dbe9668671441a68fb2d7f58c62a,324334,animations/highest-quality/1876963883/CAB-d8fbebcff3461c85f6e8e3d656faadcf/7813796038876496448.npz
18cc7bb68ea40714607c02ce3232439e6bd70e584df340eef022a29e4a466572,573351,animations/highest-quality/1916835551/CAB-72af46e231ac1c92c740e6efa20a3946/-6481802436214235179.npz
4da0d05d5c5ccaca99b75e09446bcfe10edc25976c2b23781ed85bbe0c6c3bb1,3623719,animations/highest-quality/1916835551/CAB-72af46e231ac1c92c740e6efa20a3946/-9218743410937264583.npz
8d4f323dce402b4996cfba7b163f28776cd7a19e3a9506f91b441881851cb2cd,335580,animations/highest-quality/2006710238/CAB-00a0aeebf8545327f25f5674b93c05d4/-4526792344613562278.npz
d8ce6f09f43c06bfbaa76471e34e84a9231b1a22592734c1f54a50894a1731d0,54069,animations/highest-quality/2006710238/CAB-00a0aeebf8545327f25f5674b93c05d4/-6396914387315774793.npz
02366fc1704bb0b23c99a5d673f01e698239832d09d3586137dc6bded0d3fca5,1881739,animations/highest-quality/2006710238/CAB-00a0aeebf8545327f25f5674b93c05d4/3571753758861711803.npz
4697f752495944951ceaec9ee22e935b996255c297d02155afbfee1c643319ec,281222,animations/highest-quality/2006710238/CAB-00a0aeebf8545327f25f5674b93c05d4/955851873304441410.npz
4186c9d11c3a9d9358199b2e3eef52960e85cb507c845b328af951d8815d7f26,1285168,animations/highest-quality/2006710238/CAB-0353b71bd01a780f3970689d4b8aa030/-409771880834856509.npz
dda45f73232489092c5a103b0fb825ef53d6a51c7021ede9818c66a97f8e160d,1019282,animations/highest-quality/2006710238/CAB-0353b71bd01a780f3970689d4b8aa030/2897952514858722300.npz
93594a25fd046d2737f91bce749f2a49320d233abaf05e52f3b9482012fa32c9,204867,animations/highest-quality/2006710238/CAB-0353b71bd01a780f3970689d4b8aa030/4344555018720723428.npz
ed15fb1e7e9ed8443e905d009ee95cad3b8a630c138d0faf340cbf8c62668e6f,223236,animations/highest-quality/2006710238/CAB-0353b71bd01a780f3970689d4b8aa030/4941240938121583892.npz
480ddb8412749c3d45d798ca9c51bdc5209ff27d55ff52b9bde74087a49c27f5,416670,animations/highest-quality/2006710238/CAB-29459d6b716e366147e997e02faf1fa1/-6844243640780810553.npz
b1d1b6e471dded7a7e52daae0e2002ffe2df01947e45bad2f70483b581242bdb,77691,animations/highest-quality/2006710238/CAB-29459d6b716e366147e997e02faf1fa1/2038985433102997564.npz
3331827af6fe02c95e1d2c1488f38227aa493e184d338ae6dcd3b63bc8a05e49,316993,animations/highest-quality/2006710238/CAB-3f4c4dd48e40fbf7bf6cbb23796960bc/-4095588600957599538.npz
ef1e18ae411aff96616a2d12cba3e6b10c88f28d976e312ac008d539bb9737c5,1796441,animations/highest-quality/2006710238/CAB-3f4c4dd48e40fbf7bf6cbb23796960bc/-929815099799922380.npz
2acb479930499eafc2fb7f7401097b71269712bba6e16553231b09189b30c459,320539,animations/highest-quality/2006710238/CAB-833fd3d22127ff7228b525d40f997aa0/6245713423748851663.npz
0a7731829263d26587a3d05a64a45f7ebcbd8abf2a8ed3e231c0ebb87e9a13a7,1823622,animations/highest-quality/2006710238/CAB-833fd3d22127ff7228b525d40f997aa0/7065537084702335652.npz
0276ab06c9880bd5502e85b10ffeb7280c2128c6bb7941301255f7bb31268cd3,80778,animations/highest-quality/2006710238/CAB-8e1edcaf001ec3c019aef205d32f0b80/-8089345243544448965.npz
24660057ccf637ee4199c194dadb509bda94a891c76afa48148d51357037cd97,464771,animations/highest-quality/2006710238/CAB-8e1edcaf001ec3c019aef205d32f0b80/2133478860367677187.npz
34fc51fe9dfee5373918901c04b807911a92849a4c9b7f3f378a74581a6c9c4d,704799,animations/highest-quality/2006710238/CAB-8e1edcaf001ec3c019aef205d32f0b80/3343346788711538502.npz
57ceb45d2d014663b786e288c764e7d6ea85d7df860ce8b4872e0e9430fd04f0,129693,animations/highest-quality/2006710238/CAB-8e1edcaf001ec3c019aef205d32f0b80/7342936708937862502.npz
d27148692e2b0b2e351d64c84fffbedc85c012fb22334c06d29c53e260e0ce4c,53040,animations/highest-quality/2006710238/CAB-c101e9fdd690dfbeca81c304d8d70e96/-1426568102937424029.npz
be80a9546fb57f54af294a3b79da599bb84cb9409beaa54f239a737804145980,1096795,animations/highest-quality/2006710238/CAB-c101e9fdd690dfbeca81c304d8d70e96/3805677695536517420.npz
7ecc4e14f4ee1d59d5c522943497b568e27e3771d1fb72f0b744265fc0cd3f1a,230330,animations/highest-quality/2006710238/CAB-eb0cbd48e218dc6b8616a93d22822362/-5561527666033287597.npz
5f421fa5ba6c9deaa4df6d75f8f513f880cb78cbb15516280ea6a11f706c50aa,1255718,animations/highest-quality/2006710238/CAB-eb0cbd48e218dc6b8616a93d22822362/3724978590284937653.npz
ff1a0b915850b9ea96ae7bf12b7bd14c29689fcf2af932db037bc7c50ad3573d,1516704,animations/highest-quality/2006710238/CAB-eb0cbd48e218dc6b8616a93d22822362/7852443070286253166.npz
18ddd7b91c906089f8f5a0eed57f14b8a8533451ca04c2ad3d303a7985cbae41,282379,animations/highest-quality/2006710238/CAB-eb0cbd48e218dc6b8616a93d22822362/8022910211048519476.npz
a6c5b50458ce0cb0bd83bd295c46c6c06846c44908c676bceefa9b0c03b8ff21,260723,animations/highest-quality/2132654338/CAB-066993d8a5ff8d0ccef4a25cb579569a/-7129616130449428738.npz
994a94dd899e958cbfb7145dfb549c0daeea2743451246a1955a16a0b58ec5d0,1344466,animations/highest-quality/2132654338/CAB-066993d8a5ff8d0ccef4a25cb579569a/2355478525442785719.npz
9c4e8b96d11770b86a0983903db9692a89614c700fac397b8276f3f4d53748c3,2130968,animations/highest-quality/2132654338/CAB-15a4232294e11c716d031bbb083d7624/-4084114386154507887.npz
a75f6659cb1913f4b0465fc0f35616f47254ac2572ab7435a8d75fed84c33b43,392228,animations/highest-quality/2132654338/CAB-15a4232294e11c716d031bbb083d7624/-4541582683945369037.npz
c68417fa4533c1abb7fd788fa130c94acb5ac747151a45d83c0f58a8e5b923f8,217653,animations/highest-quality/2132654338/CAB-2bb8c19b923ef6385b1ddfc59840a5d1/-386601933073037890.npz
7a0d6da8b964bc77b02a55d9ebf7ca44e72014a27fe015eca8c17fb0f0a55b93,1106833,animations/highest-quality/2132654338/CAB-2bb8c19b923ef6385b1ddfc59840a5d1/-6926137905584299039.npz
521e5a4e493115a9be696018abffbf5825f2a83b64b6d241dafd4aa366477379,1789846,animations/highest-quality/2132654338/CAB-975769008ea745b3b1120bf4040819d9/-1685276881627157094.npz
555a3ddc82f119c687b89fdf5386a7fd871879dd1bf6798ac0e033dfe5fcb83e,334166,animations/highest-quality/2132654338/CAB-975769008ea745b3b1120bf4040819d9/2506288528843049181.npz
0497ffef5810d6e99aadf94f24740c08f2703dfb3d11bf2dc0e5fa1b49e034c6,78847,animations/highest-quality/2132654338/CAB-9b4af7685cf267f83ff85a5ec3bf63fa/1178091772023656799.npz
b08e6f3e4cea810fa8d04f1b142e571058a138c1b4a25fdd93813a69e36aa24f,1667646,animations/highest-quality/2132654338/CAB-9b4af7685cf267f83ff85a5ec3bf63fa/2601924044941141242.npz
c8304af9f7ccae74a2310367bb5d1e75593502fd5e65c0d459255adeff10b45c,411862,animations/highest-quality/2132654338/CAB-9b4af7685cf267f83ff85a5ec3bf63fa/6947939037786921133.npz
4602c04015b83d622c933ce62225e8ae4bd4e772a1de295fdd443d4e45c5aef1,301640,animations/highest-quality/2132654338/CAB-9b4af7685cf267f83ff85a5ec3bf63fa/8389937142144858319.npz
93980a4e7898ba3c59bca477f6df757d802c3340acc802bfebce082c7e878994,812111,animations/highest-quality/2132654338/CAB-cbf6cc6406d5e1b3033b8596ae1c33cc/-1418419951338338821.npz
814c56438e79c7f9fed438da10ce72f99d10e825427462981f0d344be7630325,142248,animations/highest-quality/2132654338/CAB-cbf6cc6406d5e1b3033b8596ae1c33cc/-4370769054611414791.npz
aedf3ca46ef7557fc3aab5f00d488574e807e52776c7e90a023c4af5f075466b,404904,animations/highest-quality/2132654338/CAB-cca7ec1a1760f2a8d6df50fccf3e7be7/-2362288373351358621.npz
0d29ff35af4a930b9b399591e5bd638e8e80bb824bf6e99cbca43e4f163834e0,2206122,animations/highest-quality/2132654338/CAB-cca7ec1a1760f2a8d6df50fccf3e7be7/-7674882666090462320.npz
a1346c54078dbd64cbaaf41284dfdeb0a3a4f099aababdb0777b3fb730671e34,339420,animations/highest-quality/2132654338/CAB-d79218643cf93cba63ee791475ee3abf/-8643495931116851949.npz
8351af99c41c0a0f459aad799b580f9ffb8a296a552c11ef30d0419009a845d1,1944493,animations/highest-quality/2132654338/CAB-d79218643cf93cba63ee791475ee3abf/3607275373443599767.npz
c910c8428ea225d8da2f867a0347cc9a9de6b487323dbf3573d25c712c222e16,77420,animations/highest-quality/2183785604/CAB-0081e50605a79e2da9734d5e61074554/5753086557135762467.npz
bbee921301e3b41041e70814c49ba123945764346391ec69014e157d718b5005,95711,animations/highest-quality/2183785604/CAB-00f44328cb87e7c8bced4391b7b79872/-6220004692115046641.npz
f3e15d6274e15e1bb0a668a8dcf1d277cf047e9e68c12a4a12d66336a3259e64,103224,animations/highest-quality/2183785604/CAB-0a06d3cee101691cb19f3178cbeaa657/5496730314928920704.npz
ad969a4542c67f89652b4566d817448a786bf6a31bffda334f396f43e28d6ac3,1201830,animations/highest-quality/2183785604/CAB-0b5dc51a094df03cf39a5e3f2451de2c/-259409272885186121.npz
730d9cb2fb3c8d448df7852784135cb8d53b4da678651bb5d52809117fe57ec9,78516,animations/highest-quality/2183785604/CAB-1b8aa5b857fc1c823d01e5e2f481b33f/6241273812928348439.npz
c71f4b8074926e42f0b027c2aba2591e3b1cec7ca14e926c8d6cf87518901108,576685,animations/highest-quality/2183785604/CAB-1bf1c7e6dafde66281b6d4c494f6e6ce/-8341292177973709198.npz
ac5784b4a4ddd4998e92cf0f14ebbe16bd00fad6a1ae2f86e742c2fed8ee2b99,86431,animations/highest-quality/2183785604/CAB-26d5a02903184363cbcc41eb74ba5853/6057668080471592257.npz
8deaab4947454c094115889e3582b845aa75fc2cd17be9d92c60ae0f52a7952e,76765,animations/highest-quality/2183785604/CAB-2dca7d9ca85098d09e896d1de322c718/-7598932651543768829.npz
fc188f5e01ac547db0a363be08adda9db9561200890fced941c333a71912108b,3649302,animations/highest-quality/2183785604/CAB-2e943818f2dc143bc056a2dd73705886/5072287211732483410.npz
e4b467912ed6e3025037ab3e85ed13ccf87bbd3fc0b906de2e89e96e54c33127,94192,animations/highest-quality/2183785604/CAB-358a540d75c0fbe22f8c48cfab7bb7a5/5515688759472793411.npz
5e3f7b6d88635591850073d536faba69a90edc965f4e3e26ebbaca81287c572d,89203,animations/highest-quality/2183785604/CAB-3f471b94cd34d28989267cc95e6f5153/5409304696682500092.npz
dcb9cc0424257f4deeeda7d6a510ff3d21689df46b4d2481f010b9a08c5c6b83,84511,animations/highest-quality/2183785604/CAB-3f494418752d2a601ad9bcd0655dd693/-2752172452494131541.npz
491ed62e9323c390aaa5f0a2ce07fe3ec23dfdbd6095e8e7ab7c09f338b18ecb,86611,animations/highest-quality/2183785604/CAB-43d84f052cdab39a53dc47804a840fbb/7669795211835659818.npz
1908d68b1c403b5e4bbf8874e195bf27db82569e9bd0f5ef91ed2acd2c9b6d15,99043,animations/highest-quality/2183785604/CAB-595d9d336fae704854ddf934daa1524f/6112627569387406495.npz
c2811c318547c7d4de1dcab9b1297661fa1a46d60a14fc6545305e6e295f0181,84783,animations/highest-quality/2183785604/CAB-5bdef30a9e6217f576a41c6f379eaa9f/-5819553117001485341.npz
1218bccb6e7b7cb79f828af4344ff1efc4fe2313dcdafd4dd476e35a5997132b,669122,animations/highest-quality/2183785604/CAB-6ce8f865ec68024843efa2e344a08a69/-2893357577079155099.npz
2b6bc70627d5efdd9d743ad8ef0e6a3ab209b47651e366db41a0080d263907ad,122271,animations/highest-quality/2183785604/CAB-6d0fbce54e4dc57ca69f5b2cc5f95e99/3984165087841632480.npz
04ae8e9e0349595eac2735ea99ecec5838c08433d3b35891cbbca8589af3b8eb,83141,animations/highest-quality/2183785604/CAB-72f8c7f9827fcfe0173693c8bdb902a7/-457393528185390061.npz
3e1fe296d092796ef65a66848d4c68e20c0e41b0a7a6c6ef1388fec099e9cb4a,78546,animations/highest-quality/2183785604/CAB-77c00d7f0c032a453bd3e434ab289511/39029034316122007.npz
203934f33e7dad2430f0259d8bfbaa8c4f76dc82b068f6bfa1025545a791c74e,79765,animations/highest-quality/2183785604/CAB-7e1ca352d334bdb66920d5507c2271b0/2427008954198029178.npz
7768f14eb32046fd3b07044dfc84937d0d81dc99e92b833b9329d17824e359fb,101509,animations/highest-quality/2183785604/CAB-7f1b7b904692de4525488c7d02f4aa4a/7482761893202181617.npz
15821acd9b6460f329990d671b8f15c380eb34c5cfca13a68a1543ab1442a7ee,84139,animations/highest-quality/2183785604/CAB-8146c8dd5a4a7d5f8cdb69ed9a1135cc/-5193148883567859068.npz
d907958e06940cfa4165d7b1088a713752e93cb5224f85144bd224c0634cb5bb,98590,animations/highest-quality/2183785604/CAB-92ab1ae1ca44a05905734c0daa6fea22/-684304616127437470.npz
1603e4e2faa9e4a4c61885bccdf2cf5020c9a3d63d47476a4a581ad65d6705e5,92947,animations/highest-quality/2183785604/CAB-99813c44a68531f239e4a21a8713528b/-8128278303651048468.npz
302bc816be2dfddab95fcb96273f44d413bcc29ce6a17d5c3be2bc2477e86c11,78006,animations/highest-quality/2183785604/CAB-a8a7115ce6b2b71f2d378c7009a9ecd8/717107884146638124.npz
0a76e08811f35faaaa05d2135e07da265f8b95dbe2e7678093b6f46d65ae0682,79920,animations/highest-quality/2183785604/CAB-b5243a409964c7da8c5cd9d4085df5a0/6747279293376576527.npz
56aadbd6844f4cd1f41dbcfcd0ec09a583945c2d51614c9d08b2bab7c57403c5,80114,animations/highest-quality/2183785604/CAB-b81a3c105ad76542d1fed3d7b0090d88/-4572345262567029485.npz
e0ed0c9b25cb2a48e00a656e09e516418e0b72feaff79f40d5a184147d0b4eed,96960,animations/highest-quality/2183785604/CAB-c28086548a5f518af0c4280fe1374c07/-7194581708403485996.npz
abf71f373737e1059a709f8da3d022974a970f38ed30dc15fcc8a3e26755e92b,87114,animations/highest-quality/2183785604/CAB-c3b92ac7b9cd05bd4c225912ca8073d4/-6375596261657386419.npz
b0eb361ef25892daccafef59c427921fe017045172673be5be734c03a3eed97c,105266,animations/highest-quality/2183785604/CAB-c8218c5371a35df56bd6977dac6ed3d5/4698564209988532943.npz
91dc14c279253d72ca71d2693c9db40615aa88922d4a5dfe0014705e2564ad32,80267,animations/highest-quality/2183785604/CAB-cca7f537795f6ce0fd324a8527293a3c/-7658537311699284674.npz
c4ea2db02e23c558d5c38824f51eba84beb0812af761862618dc5d124c3d28e5,73749,animations/highest-quality/2183785604/CAB-d964c5e1b71191ffd332c5d653f5a133/9004474526922390168.npz
eb7c9fdc9e19952d78a45660f2fed0b212e7c8203654ad421079649d92d80214,77820,animations/highest-quality/2183785604/CAB-db38d303b997e6d0989d5379d843a13d/7842900288419341445.npz
dd7e6594db63097e31086efef58809ed579dd40c3e1e9e25316454fe105e4b11,85199,animations/highest-quality/2183785604/CAB-e205a31d6d691b9a5d8cf43084c05be3/-857057485727856337.npz
c4479167f6b1d901825d4bafa3089007354ab444a56b28c519889d675060b6b9,95815,animations/highest-quality/2183785604/CAB-e6661bbfdd84567668a24aad186f2f95/1234831158966106872.npz
8d139ed17464ae81f0e10832de8cdbce904715102337149c125529d9bbe1b774,87705,animations/highest-quality/2183785604/CAB-e6ebe6ef09135bf09a57ce5acbc8c331/2394242469252247205.npz
eb9aec55c5609fa535ae4d19c9b05940ca927e8a576fcc96e09edc9ecb9b9701,75459,animations/highest-quality/2183785604/CAB-e868f0703965c93957c510d43da868e1/6774797326677123329.npz
fcfe4b951fec5c67cf3c08933d090a18494acab0236c8272f6c3b9a5419df7e7,99240,animations/highest-quality/2183785604/CAB-faa24614903bcfc08a87fa83e909652f/6894555916552605433.npz
eaedd5a45bd1bd11f5223c98982ca715259ed20d2ad594d6ab6429fbf156fc20,583067,animations/highest-quality/2183785604/CAB-ff06538f2cf37b3828c67f756843f5b6/-1511587253743835861.npz
e5423b63aea70f7413c28eb2e221184b37ac6ea4005dc2a0110d33712cc4388c,1309065,animations/highest-quality/2195884044/CAB-1901aad6f689eed7044c69b77ff05e73/2272509558430219576.npz
bb3df1fdad39c3bcf6787f9771d6c2173b0edf39d5c8cb0129ee2f95536f267e,234541,animations/highest-quality/2195884044/CAB-1901aad6f689eed7044c69b77ff05e73/2707735251575366205.npz
c139caf0dd9d9fe2a2a204ac4b9f344fbf1dc4820bccca4388207e5832ded25d,187365,animations/highest-quality/2195884044/CAB-229aeeb264be1fa68db9456ba381a48a/-7143672486435236734.npz
4702543a48449ea175d6846c1f366b865015c0ca2367c93352d2512ca98013a4,1138455,animations/highest-quality/2195884044/CAB-229aeeb264be1fa68db9456ba381a48a/1453475456654051085.npz
18646badec89838f7367a1411fd675276eb232f4caeef6f7a48c64f175e48232,1012635,animations/highest-quality/2195884044/CAB-229aeeb264be1fa68db9456ba381a48a/2844175604424413368.npz
1c4eaf516d819115bd311f7cacd766d533afcfce52d03aebb481d013be304c4c,200815,animations/highest-quality/2195884044/CAB-229aeeb264be1fa68db9456ba381a48a/8233339942382250937.npz
4b86d72e4f988cb573bb61cb1ac17e52f36f33fdaaac9cfb6b89973f48da27fc,115780,animations/highest-quality/2195884044/CAB-4779813d2e0f93afdf2d3edbe23f0e12/-3502826584301887854.npz
7fd0d2712c5d8a854ba3542e7fbb07b07756116c2f133a0ab0a7ba8276b37385,906850,animations/highest-quality/2195884044/CAB-4779813d2e0f93afdf2d3edbe23f0e12/-7583903113054318161.npz
c739407002f9873b9389881e0a9ac16e7a3f421a11aa4158d6db341b429293e7,1130383,animations/highest-quality/2195884044/CAB-4779813d2e0f93afdf2d3edbe23f0e12/-785317319300128836.npz
49a3cd34695b91989b441909b3b91904761e0b0c5d8f989ffed2b46d4c2dd576,92529,animations/highest-quality/2195884044/CAB-4779813d2e0f93afdf2d3edbe23f0e12/5614472396936221991.npz
f67de081261a6734ad653e3056d1e05483eabda208f945bd1da510ea598bc2c0,217599,animations/highest-quality/2195884044/CAB-5402ecb553c4ec8da345cdc0bc13adb1/7592755774221897175.npz
27e3d842ca9d1c9caf471e874a6271353b2c45081fffe3eb09071642c93e60e2,1112971,animations/highest-quality/2195884044/CAB-5402ecb553c4ec8da345cdc0bc13adb1/8725240327005835744.npz
cffca4911b5acd2e4437895b4c97a786fe02c4713ae705b840b5a42b34835097,229302,animations/highest-quality/2195884044/CAB-56cdc34c66d3452fe297032ff33b5d11/6770195970666286289.npz
52ff2dd00290041cd0418bfff2320a17f3a86e2145c3d2b9d059367f7761fba1,1104853,animations/highest-quality/2195884044/CAB-56cdc34c66d3452fe297032ff33b5d11/7921310500411983711.npz
412e8428c89e9ae0a8234238dc54490db8b7b76cd7198638e6e33121b666a40d,1385853,animations/highest-quality/2195884044/CAB-aaef6b4fb34ad0132dcd1e5b3b885498/-5934462831740013695.npz
21d77a83e047e69ccf3986b54a97f4b10ff9b869c47135e538217e32467af7bc,256394,animations/highest-quality/2195884044/CAB-aaef6b4fb34ad0132dcd1e5b3b885498/5717691482782989239.npz
d96bbccc1a47cdbc7aa26439efee38279455b91e666f62165cdb2ebc0ddf8c40,227189,animations/highest-quality/2195884044/CAB-ac4906c6be59115fa632323c1195d7ec/-8569119342779080402.npz
862770077408f37316d0974d0d8d174093e75707869cd4a57e2f5e563a501de8,1426711,animations/highest-quality/2195884044/CAB-ac4906c6be59115fa632323c1195d7ec/2831988533405923158.npz
1192dfb59ae7db8c023f63d18321c9597d288d2a3945703a49ef7d26d35b51dc,224104,animations/highest-quality/2195884044/CAB-c6ee2dec9eabf10ad92f7ab9a0e8aeca/-2561531122510358238.npz
df6b6712992711617854dcc63baed6b2d9f69ffd72d12733487c0c0c052be745,1186716,animations/highest-quality/2195884044/CAB-c6ee2dec9eabf10ad92f7ab9a0e8aeca/8206013166952976172.npz
b39b78e341890f9b6a1c198884ff3062e204e97d57b4ed567b1efea74d4411f2,629084,animations/highest-quality/2195884044/CAB-fabacafb7ce5f06e406cf83e2501a46b/-1678135712426977003.npz
a0bda1b934309e6d5ca52e452b7d9095129a4dfb8501dbe17d61ea3ca66fffbe,120647,animations/highest-quality/2195884044/CAB-fabacafb7ce5f06e406cf83e2501a46b/-7902933829247098720.npz
15ec46291edb6ba826b78284c1d574cf2bbfff144474ab41b28f62b18cd3cf15,241646,animations/highest-quality/2329494380/CAB-77cc6dc8396de31b951456b5a60ca2a5/-2147687977520797852.npz
b408e20e372ebb3af660e35b3f2f2febeabaa45cc0a5e5c6c53559d836f8be7a,85799,animations/highest-quality/2329494380/CAB-77cc6dc8396de31b951456b5a60ca2a5/-7671936509857743815.npz
05280f23ce1744df27e788a5785f266c0b38501db60834cb9cd6c510fa68eb9a,5639350,animations/highest-quality/2364458862/CAB-6cc26b479da3ddcf68c466973a389429/8371197707490341155.npz
06a887e28c8316ae3ce7a0a434c52fec9af5773c8d81e2c4dab71c2b4889cbfd,111234,animations/highest-quality/24427665/CAB-033581278efab1e57530b03113c46c6b/-6517227038549039937.npz
4fd8df2da7b201901d55a1003dd0f7b733b80080d9111b063ba0dd409d5a5a0c,82995,animations/highest-quality/24427665/CAB-08820125b7bf6b817e5b3618cd163e7b/-6643186981959506375.npz
ab599e0386da307cb518226afc7523699b0e5ab486d111e67036c37642da5622,92605,animations/highest-quality/24427665/CAB-09a485904e38c953a58ffc5e617a7fb0/8415560123460506923.npz
bc722c8c30324b00f6549169ed792085b94cb3ce35867867f438153801e6d700,48691,animations/highest-quality/24427665/CAB-09ef39187a2740f027e2e532e297e22d/-528873043306136799.npz
11e42209b64f1ef0125e8d2fba41644cc0b514652ad33644bd23807589c6a715,83418,animations/highest-quality/24427665/CAB-11f61711d5fb5ea3877976d392f8216b/2078453431832017114.npz
544aa9b7ce970af5cff75358efcc94147286248e414a573c56d6a99fd0e73edb,157381,animations/highest-quality/24427665/CAB-1863e057d3fae27883a1bb63f7f984c0/4549834553920584757.npz
8b919b45f257313fc8a5b370b813321160f667948c387d0d919950c2b195c7f2,131016,animations/highest-quality/24427665/CAB-19b56fafd068f36be10d78fe98e88513/-8554636179666054150.npz
6167968efdb926ea11dc7ed9ced656099e093d4386a4d64638e6a2a7c78d7aec,81278,animations/highest-quality/24427665/CAB-1ea78866b09d4e0bc66b47a9acd3a7e4/-4103216256659258554.npz
0ca08593a41eb4f6c4de5a1d09ecd74bd0696d0a9114aa917fc882a8c65f2706,138675,animations/highest-quality/24427665/CAB-247eabe2a495c8544558bd122a33d2c6/4394115493197169168.npz
0b152b3c2d675a655a807136c8bccd37324591cc7b379385e4c00902a924c4d1,130898,animations/highest-quality/24427665/CAB-2759101c2667489da87a93662864bbc4/-3009937604114770906.npz
f9af962f67286a23f92059000a9bc6e4c74b45f62cb1d860a4ae5da5eee2442e,83080,animations/highest-quality/24427665/CAB-2dbdeb93600d0f68523e214379a91a47/121098104875113796.npz
7ca4a0859d9dc63d18b0d944128781a4d2058b59f80e466188b0982dcbc608cf,79544,animations/highest-quality/24427665/CAB-2dbdeb93600d0f68523e214379a91a47/8291586285571566356.npz
e287927dfd06237b78d285eeda61bb9ba2fe423e02eaa4fc1b7626eb784ee92e,85150,animations/highest-quality/24427665/CAB-3169914aacc4dcb4957ed488584f3963/-8290846150353637863.npz
eab0086112bef095190525acafcfc689edc2280508d906c21c358fc1c5e97bcf,46564,animations/highest-quality/24427665/CAB-3321e6401c930a139981e26f6bf4068d/1693281251034968939.npz
030509b6ec1e7f78d2720d4496b3d428e5abb2d4884ea470b3d826de2368f604,36534,animations/highest-quality/24427665/CAB-3321e6401c930a139981e26f6bf4068d/7219462307831516796.npz
5fc35da0365d5801f3c01a7434725d4acdb20a3fc05ce18397f238153ed8584f,84145,animations/highest-quality/24427665/CAB-3d3e45dc4db8b5594d6abfc28313ffdc/-8719144203074324110.npz
05e59e0a906c5fe15535c3d4d723d1cf1090388061370424fc0bc051ce66d665,70532,animations/highest-quality/24427665/CAB-3d3e45dc4db8b5594d6abfc28313ffdc/6256007830914868788.npz
0efaaf36de518d52f68b643aebeb5f781be885d23726ba133c16679db8806b74,119851,animations/highest-quality/24427665/CAB-4098f62ae559142b6300765cb0c947d1/2210216557264874234.npz
8e5f1de30a30dc82b2042cf6fc245e636d956b8581aefab9e02a6a7a00901068,120253,animations/highest-quality/24427665/CAB-4a0ebf1132d3ef976542cf8c0b9a499d/4685584786270174034.npz
3b68104efacbcc1f25d9fd5e73869c2b2b1f4b8fecb9fe6621866de1d290eb0a,24951,animations/highest-quality/24427665/CAB-4a0ebf1132d3ef976542cf8c0b9a499d/5772246477562249339.npz
1456f69eaf08a6dcd0a8a75a8474182e65643c4b2b0f123cbdae5bd0a1a4ccfc,79744,animations/highest-quality/24427665/CAB-56e0df31a81aaacb92b832fdff073966/-3249374020852526832.npz
11b8062f18d80bac2e212f928c4ee70b5812458cc270603e12bf8159861ce4ee,74207,animations/highest-quality/24427665/CAB-56e0df31a81aaacb92b832fdff073966/-388221891442973477.npz
a45c29f204e18fcca67e245ca79621fe7a7cef0d724bfedabe614a0226271e76,77609,animations/highest-quality/24427665/CAB-58215d85374a5041bbb255c71e4aba54/-8919022182120865358.npz
107970609a0ed44b9f9e6e7e66ad5fdec5b8daf2ec24083e0091bceb4e5abd88,62141,animations/highest-quality/24427665/CAB-59950699f8393536cc14e8e711c7814b/1907580553361577124.npz
29c44818b99a76bf955f8e01e2942f64ba873b3dde505bd7f1ce03d6fe357041,34790,animations/highest-quality/24427665/CAB-59c5bbbe266c7018425cbb0115aae3a4/-838860191351508895.npz
137c8f5720274e360f42971776b08f6ccda4c955e1f9821d32bf6393a385c9fc,117976,animations/highest-quality/24427665/CAB-59eec167a8a1403cba6af340c962e93a/-3014174931728632831.npz
ed626ec431e4f7617b7e366571b0cae3ea724e3713036497d5cdc70f6ddc17d7,146875,animations/highest-quality/24427665/CAB-6057e5b426b43f8d0f6e954f8882d737/7725782524280589625.npz
f6ba0fecdc04fff4849acc794db32f8a2e69aff306795422c117136d4dc4a890,62558,animations/highest-quality/24427665/CAB-60e18895b6cab9f6aed209c8e06671c9/-1339668576400779210.npz
f590550e875740b2975a7c57124679df9ee282fb78042beabd12d615d16365ae,81433,animations/highest-quality/24427665/CAB-6adcbbac80a1fda0d99823bd6bd22c96/-4936901184626308490.npz
6924c3bc55e1875f05b1bb1931454daf7885c59d5218a3fd76574779c01352e7,124845,animations/highest-quality/24427665/CAB-6cc75649fbd2a348e6b9deaf520ecfb0/-9024846054327176239.npz
a5e1264db88b31b7298f6cf3492040066d24e2f0ffc3901324b5d0915802e2e5,87217,animations/highest-quality/24427665/CAB-6f4095b29b26e5771e6115f35b02adb7/2026252991653746316.npz
c9fc8488f88685ed2d7db7b1e18e177dea04160d36bbe7e811df6f565b373708,154584,animations/highest-quality/24427665/CAB-70591b070c367c4966cb7415f773dd09/1461950307909480746.npz
632d1b711c6d8d97ca0d889cb65cf52ab218c2641df2e40f1d25c67656c0dc81,36772,animations/highest-quality/24427665/CAB-70c0173c75bb3a38dd3530b65d44a09b/-2804394262860721260.npz
8524d10871ed9857d6aef05b18d8d1c0dc5dc35bfe312f74fb0b1f0aced58134,84666,animations/highest-quality/24427665/CAB-70c0173c75bb3a38dd3530b65d44a09b/-3416773218764856396.npz
744fe9ae283bd420d7b6aab222d84058a31f5ef317c7a5cb4d5253cad2037c11,52443,animations/highest-quality/24427665/CAB-73a08bd0a8b0cfc0ff517ae27cba4e4f/-6464914983828472718.npz
04b78175286665e2ce2ea20cc37d65102411ace89ae4cd9548f112757e277943,100244,animations/highest-quality/24427665/CAB-73a08bd0a8b0cfc0ff517ae27cba4e4f/-6558840696806598916.npz
0d4bbff0304631dca1149aacf71a209e0404e6f8dc65793627cc4de13b225918,80574,animations/highest-quality/24427665/CAB-748a34dca84327bc625dff092d29280c/5235142190664765940.npz
10b1301a02292d91bfb8d1debb24fe49eaa647679fcef994b7ab7c997b31e90f,189156,animations/highest-quality/24427665/CAB-7a060b11843c8865f1ec60614748d6de/-3299140258923407797.npz
d4a8506d72433b39ff59876cfd3a0f46a11c8fe0fbe602710077812c75fa20ae,76671,animations/highest-quality/24427665/CAB-7b8912ed168e93725571e463e95560ba/7366388199801043579.npz
cb4bfc659326ffd0dfd470a8822ad28fb6e37dd06e5da6b9765a7d6156dc5aa1,29785,animations/highest-quality/24427665/CAB-809407bd67df85975ce73f0327660f97/2604241952422896524.npz
6ba75ece54237f3602a71571510f39fe3b9bcc7b1b6e160b7f690a086be0e40b,112198,animations/highest-quality/24427665/CAB-8442043eec25932a90a631b649ac63e3/-6307593822715848178.npz
244261a129ea45597b3b9761081ee2f3f73bd6fe611d29d2570b0386e2111948,58635,animations/highest-quality/24427665/CAB-8442043eec25932a90a631b649ac63e3/1819793502282694026.npz
fa063ca1279dd8553d964581a78ac93eb5e929be5552d3d6cf80dfdf81745e0d,89459,animations/highest-quality/24427665/CAB-87b041ee67052d246c6db5312981185f/-6237851381448035536.npz
20f46f7d57a2c5e1cf91ace02deb150dfec59099005dcfcd531679f1619e8b05,173988,animations/highest-quality/24427665/CAB-88ec486042300a04ea40525a3857691f/2768668869121923397.npz
0bdce81841e74e8ab57733592a9d0778d04ea597d797e8b2f3ce8d2403a6933d,94687,animations/highest-quality/24427665/CAB-92d525fe3e1d7bf0885b78cb1859f18c/-693390970664260250.npz
32820776ccb3ece92d0482e93cd74cff4848eeb59af59565be901c8fb9d3cb38,102758,animations/highest-quality/24427665/CAB-92d525fe3e1d7bf0885b78cb1859f18c/1709896825840671857.npz
ec1d06a0a5c3524cff409476f25b173c8a90134ac36966a0ecd98a51d3c4c120,82759,animations/highest-quality/24427665/CAB-93554dfdbe0e25e5c05e77bc59396423/2708388234159328732.npz
8740b787aab83e4b6e1d68530b97968ff787ec21c8dc3b205d2ed500353305ff,77542,animations/highest-quality/24427665/CAB-98c2e60af5d14b44021facea3e3c69e2/8421864199480761923.npz
c325442b1d3f05a78faeae489504e65146f28bb8faed1762ae7e1312e0707466,109839,animations/highest-quality/24427665/CAB-9ec278c9d02524bb90528bd98e75a77a/1769091969533556823.npz
9f0de8324ec8bef85018280a76a367c736f006e6496adcedcf9f9ac3f8cf60dd,79965,animations/highest-quality/24427665/CAB-9ec278c9d02524bb90528bd98e75a77a/8501448411502086622.npz
c1cc7258e35867ac0b7c13f222b45df17c3e9ff82f4594301b56f1808a90e53e,102708,animations/highest-quality/24427665/CAB-a3dce42833c2cfcd39a8d1680a12dc89/-1584588516545153718.npz
acdb5967863a440da43da7da74deb2244a8d46c85b481cb4eb116452033e74a1,66567,animations/highest-quality/24427665/CAB-a534ffa5a02f6397a9abcd2153daf538/1193839452981986739.npz
77167432e3fab86302a518f7f1512626b16e35e97e6b7079f8fbe1c0b624e003,126996,animations/highest-quality/24427665/CAB-a534ffa5a02f6397a9abcd2153daf538/4807955689464163136.npz
9a527dccb8773031435e5647db30028bbc2c15868a4ab99935c241c46ff9e54d,74244,animations/highest-quality/24427665/CAB-a9935740a3d2fe08f7fef3f0e0382e27/4746245725814143902.npz
0703b8ffc3e9921f58e6bc5d2168968fef0ab8dbed6a59f9ed0a2c8e58d15ad0,58697,animations/highest-quality/24427665/CAB-a9935740a3d2fe08f7fef3f0e0382e27/817781976616742575.npz
3880d41382bd74538ce96dc18e40ec439b23c909bdbaf717df345a7a51b67aba,151541,animations/highest-quality/24427665/CAB-affeae28e2e6c40aad231c8be67c5625/5732312828342584619.npz
df619d9a24995b6495acd8e1986bf6e685b2a65fac362095298161af3805a936,130900,animations/highest-quality/24427665/CAB-b499448718588590c861c97055dacef4/2992345940807642564.npz
e0fae2225993656b2c646546007192bffa71c17d550cd9ceb4320d21f2585268,79710,animations/highest-quality/24427665/CAB-ba0d49dd75d1c23c9a2a72a894a53cd5/-397092869794286591.npz
8d48a3c6493520941f5de4fb12288340912885c8ec3bc9bffb902c3b3bb30a16,89305,animations/highest-quality/24427665/CAB-c0a1680e263c9e4932b78b9d22e22bf7/-6405235845011757593.npz
a01972712fad691f822a10f41101ccfcdcaeebde0a681c9254d1db2941445bb7,143216,animations/highest-quality/24427665/CAB-c2ac28c6a07734d9f7288025b4150b01/-6452968744330655602.npz
f27554bc0f941e4a0eead59fb57bf5242121f556e7abf75bb297cda3bf10d4aa,16090,animations/highest-quality/24427665/CAB-c32cb6c7f06c22d167415e895136f4aa/5511040316115674163.npz
c421eb71def9f9842907a8cff1fa0111bbb8121f9af648b3d0c786e6bb8cc038,116987,animations/highest-quality/24427665/CAB-c5d1785cb68effc50426daa7f17e1bcb/-6232401724414908619.npz
caaf551244e1f50424d0bd6fc043a647cd6aedaf5e2dd1396c8fce999bd7655d,69380,animations/highest-quality/24427665/CAB-c5f904086cc7b8f3ff9f9c1261870060/-8985257679741066179.npz
f798dc65b4a074ac3f3fb3e8a0991429bdaba6b74001fbdbd25372ea1d25c78c,96562,animations/highest-quality/24427665/CAB-c5f904086cc7b8f3ff9f9c1261870060/2151238523462777693.npz
c216df43486296a32a2e0997892046aa844edb95fb77931bf5b80dc40c077fbe,134136,animations/highest-quality/24427665/CAB-cac06cd0d3fa01865a77489d196122aa/8672095411886951607.npz
c2fad4517b36c5aa423b40ca0e3251af9374119178a4e08fceb69d63bc6920d4,25189,animations/highest-quality/24427665/CAB-cd00ee2eb20ab6c476559532d9dfca1c/9211638345613001166.npz
895d42ed2f924d15e2c09d53f1993ca8c187403a06602eff105778df8b60029c,124251,animations/highest-quality/24427665/CAB-ce3e76318273023b88625f0187b27f2c/-1937549996049901146.npz
f8822cbc60397f0f3d416920b0a34b185812a2673e3d709fe31eb568b3f8f498,107146,animations/highest-quality/24427665/CAB-ceee39edb4038a17aa06dd8eac541f58/-1825731554397375472.npz
4a3548bd9174ad1dcc5ee41e54411defaf34dd0208c4c922b381eebc2deec518,32742,animations/highest-quality/24427665/CAB-ceee39edb4038a17aa06dd8eac541f58/5066492146058701238.npz
b3d2a9d570202e6b73f724678d3282138ea2cd6519dfc746e3c731e002c38625,139768,animations/highest-quality/24427665/CAB-d2ff33d8cb9ca5cfe6b7510b762a2dd8/-3246923103700744534.npz
c56bc0ff72f94ed94fddfd7ea607caef22a8ff0a98ab69a386da8d698dfebf6b,117225,animations/highest-quality/24427665/CAB-d90fd2b98f9a235b6889b3c41f2728b8/-1461716527643530451.npz
c774e75877f40821b5a4246cc16c8f02a571da9a6699c9dbd7b5efba6de0d5ac,86866,animations/highest-quality/24427665/CAB-dd8b1556f55531aa402da8ef33bb3d48/-366731662513794036.npz
e164912665494922470edf0059d6bdbb957c2d1db02ca9d0ea51b34688cad0e6,82627,animations/highest-quality/24427665/CAB-e0cc836d9878c49b403656173d3ad4ac/3555054614603761825.npz
249b9fd915ca899f76e015df95560658c3076978de03e09b3e6b649e37c02b74,321464,animations/highest-quality/24427665/CAB-ea8c2bf3fa2a7e391ad9b0e58d6842b2/3911248316156301007.npz
7a3f6bf73992629eccf75ec542176e46edba6660764ca9caffade0dc6cb1cd12,87013,animations/highest-quality/24427665/CAB-eb2489e62b0b3b6cc7e5ab54afdd1be9/1689256175334503239.npz
db810ad24787b91970550496f36e3a6fc6303830d2dd06aa4e789c0b62185a47,140526,animations/highest-quality/24427665/CAB-ecc2815124ad0cff8e846018923b53f9/-2126184166931190816.npz
2c9b661e16e8b866b1c6847bf6375502d81ef68ba9dcdbf597de9b072370b85f,108326,animations/highest-quality/24427665/CAB-ed73103d008dd1ea360e7dbeab7781f5/-7572505005604289766.npz
cbdcacb51fa4065d240ba40d10bae73dc6669713b87dba753d1d1842c592fe87,44184,animations/highest-quality/24427665/CAB-ed73103d008dd1ea360e7dbeab7781f5/7522915938227069276.npz
96e2fea1a96d1d0d54af759f411cea340d3ef98d80758d6cbca484ad070db680,73284,animations/highest-quality/24427665/CAB-f32c73965c51c6a59dcb4df608bc3ee6/-3935912832828085167.npz
7f45d371f50f09a3b43dac1bb3f254e9fcd5fbffe718f6880889950b07f70842,143274,animations/highest-quality/24427665/CAB-fbb435fbef9eff693bbdce778c979fc8/-7683797732903750475.npz
306d1a5f9f4eddbb8ca51ccaf96106dd86659fbbdf882a21a951b5cf36cfe818,1642791,animations/highest-quality/2610841569/CAB-2f046a90429a94efe76223487d692d9c/-4050868662654625245.npz
6bf110e7f6ed314ecd7ac915819e036efcb837770200930ce3ff92ed4afac379,1653106,animations/highest-quality/2610841569/CAB-3d445de816acf18a0dc25198fea80a1f/4081652107956174172.npz
fc6e491450d8e1687dffa82b606707f385df658d8e5544e242600f1c022a684b,1713898,animations/highest-quality/2610841569/CAB-601e5a621ea301ca8efd7e2f6dd3422d/5586574592901943473.npz
38d72a244460a32ed3ae6066668af4fb7e9ba90116c92dd17cea6c72a15f5ac0,475363,animations/highest-quality/2610841569/CAB-6d11bce2e2ebe73d72053942f75ffea5/-4421204476606405950.npz
a63f630d83585d9d94cbac084efd065ffd60a77d356551635f63824144362245,1527734,animations/highest-quality/2610841569/CAB-6d11bce2e2ebe73d72053942f75ffea5/5032552157431355752.npz
8360bf9de001af2d32cdc86d27eace840fd2c142458845684d6c60a5ed8e5d38,1866298,animations/highest-quality/2610841569/CAB-7d698f00ce0637c53a95dd596c0a3040/-411820385411962245.npz
5e51cd358debaf347057f4f3e126ed1042fee504431320e5b5f0b49e2a1bc9f6,1660881,animations/highest-quality/2610841569/CAB-964265b72d94f57a0f60c5189c45839c/8651231539738646909.npz
7ae074e0d3de9f8ef2a65eb7364fc5cf8d968246d015d4421fd49bf44ac7f040,1707631,animations/highest-quality/2610841569/CAB-c33dfb09f70c9b9a6323cbc5cea54e33/-8255307485684559138.npz
f2816b49d4eaa03de57150a81cf2425b5e7a2442b325944ce24cc6ebad593569,1658237,animations/highest-quality/2610841569/CAB-dde6ea269dd6ca00ed59810c548dbcc9/-912985863855289716.npz
8177ecb65ef40e10f11041c0e254738b421e9e446c025356b1ef31d7843bf7a2,1976114,animations/highest-quality/2644159928/CAB-21ac22c6737426f9c39e444f6f0e50de/-7694202204963503413.npz
0efb0494ae92769a7297e5ec3450e0db14861796f2a45bd6a4702e29b343a70c,388396,animations/highest-quality/2644159928/CAB-21ac22c6737426f9c39e444f6f0e50de/8561267113550060042.npz
14d021b5fee58d85e61c166b2e7fd5b9a27b3b994719225136d86df110215695,585241,animations/highest-quality/2644159928/CAB-23dc2aff50dcc333b62e75a00b19f44e/-4075304502098626112.npz
1a35ebdafc75fbc49aad328d7a6ac3c8170d02d1e9db33ed425658ecaa65420e,1157544,animations/highest-quality/2644159928/CAB-23dc2aff50dcc333b62e75a00b19f44e/-4558440314496780126.npz
84762214a8ea4ed20b5bdb6e6c6c3df5c894215ae842956180743edaff45850b,209941,animations/highest-quality/2644159928/CAB-23dc2aff50dcc333b62e75a00b19f44e/-5692307621512276811.npz
e20cd21fdc62c0a7677d79c3e32cfdf7d94f026329d0d4eefbf830cd3c3fe6ff,97838,animations/highest-quality/2644159928/CAB-23dc2aff50dcc333b62e75a00b19f44e/7402350476341619544.npz
6c279d533dfc4ed175e48652e20c81e38d6c73159d7dec0d1ded4ae38ee4c1bc,80514,animations/highest-quality/2644159928/CAB-2f1484948498c25d28dc4cd394c07627/-2783953787026959017.npz
7b0e0e2ca1488b1a23c0ff15dce896e2f55afef99b12fe959fa9cef44a92346c,1327823,animations/highest-quality/2644159928/CAB-2f1484948498c25d28dc4cd394c07627/-5535912060542682862.npz
169a8e6e9b1c57d204d6d45db34b190042fedcf636c069b3308698c3c037f891,240304,animations/highest-quality/2644159928/CAB-2f1484948498c25d28dc4cd394c07627/125864610036234915.npz
0827165c00529d487741050a9043e4db7b03fbe2381be427474d8d8783f4238f,439096,animations/highest-quality/2644159928/CAB-2f1484948498c25d28dc4cd394c07627/9027952041783912923.npz
7baebb7a32c477e14afa1bd74e568e36f3d6a137f7a133d14a389f2aa9b43109,1263213,animations/highest-quality/2644159928/CAB-4acab430bbfe5bd8c384671b77382613/4185212377489378288.npz
e0c0cac68c5f41082dba50cfd15fd3b5082e409d366fb609ca45b58b5b529c53,231864,animations/highest-quality/2644159928/CAB-4acab430bbfe5bd8c384671b77382613/4371563076846693618.npz
27aff6c80a41d642eb687f98cf01e6a0340efc6066621e892545e3e5220789af,1220111,animations/highest-quality/2644159928/CAB-551d7d2611f6e6559c0554b8ea0550c2/-2268502237340574546.npz
bfc1d6b33d230950c7ed0db5ad107e4594043068a16314bee528d3aebd002a07,6404288,animations/highest-quality/2644159928/CAB-551d7d2611f6e6559c0554b8ea0550c2/4544877087024896898.npz
cee76c7721c60c845c1172c53ef29acf311532683e20e2895e89fe7ce0dc12a5,416670,animations/highest-quality/2644159928/CAB-c4f8350472212923ad4c63900277324e/-7770143892294656706.npz
a853d9bdbd11da07f589e58ef37c05453965d89f18df28a455c65d504a12a086,2228140,animations/highest-quality/2644159928/CAB-c4f8350472212923ad4c63900277324e/6127760193621929348.npz
7ca1ff098a1c37452450a11410de2c954041583b821825612634f0dfc002bc13,235548,animations/highest-quality/2748134067/CAB-330bd96e19b96949e0b97c05a2ed7bef/2376275663948915350.npz
17a82b1e5cb69f80627e0535e437a7b9c3a440f9985287bd1405fbc1b8236a94,1091486,animations/highest-quality/2748134067/CAB-330bd96e19b96949e0b97c05a2ed7bef/3470092491637655077.npz
8aeb89d364fb7ed4fe17217e65b053843b05a69ccc4421d6ad69984e79336da8,1000962,animations/highest-quality/2748134067/CAB-4294b85318c921ad883ebec57aab8813/-5303941321250447542.npz
6f55ebd1128ea189ea7aee99707ee6aeb8bea7430b404e857084d2302e5f35ed,252137,animations/highest-quality/2748134067/CAB-4294b85318c921ad883ebec57aab8813/9148289748416344275.npz
dd040a3ec22aa5df0c7efcce30b3cca88059acdcb8097e09b44d061b2b1f7413,219123,animations/highest-quality/2748134067/CAB-4c326020d1d3fe61acc918c5faf5dbfe/6375502065745835586.npz
3c3042ff88c4ddd3a0e09ab8ac1bb74ddb7c49b584c5a602e056c6f8f8690da2,1044332,animations/highest-quality/2748134067/CAB-4c326020d1d3fe61acc918c5faf5dbfe/8688461633297944011.npz
79d1ce77effa46802ca00edb5349eaaa186cc47d12e27712651d248bcfc14587,1084796,animations/highest-quality/2748134067/CAB-4f8b83f6a49b94175bb6d9a90a2080bd/-2199317863621238853.npz
8f53bd75249fcbc6376c42b9258affa5d9ca9850d5e0646fba3c230600a3bef5,222522,animations/highest-quality/2748134067/CAB-4f8b83f6a49b94175bb6d9a90a2080bd/5915069463550688119.npz
35549076848e04b1cb8b99b1753ae19ff6674c725a7cf33540c12d801469f8c7,998389,animations/highest-quality/2748134067/CAB-72ea75fbc9c7c8e99dfee30966e728cd/-3988673591889696710.npz
3e9be7bad3ea5ff53d0bf709c0aea6daf600024426e65664d9acbbb077e1d0e3,254259,animations/highest-quality/2748134067/CAB-72ea75fbc9c7c8e99dfee30966e728cd/3043360334043733254.npz
3cd47d599e5450a9a98862de42ca5ddc8f37ef164941b7749a623c3ec0528048,1490474,animations/highest-quality/2748134067/CAB-862044e831a368a0200f79bc21f0da2e/-335224074298200128.npz
0d87f1eed7e78cd36424874a6ae26d28b95e20272a34a495b31d332b07d8de56,283219,animations/highest-quality/2748134067/CAB-862044e831a368a0200f79bc21f0da2e/8347992638833308850.npz
aa74278fdfa1d72d634c13c06ff5d0e0809cf2d952d6f9ea9ce41b460c4658b7,989950,animations/highest-quality/2748134067/CAB-8f25f35c718bd3f8a95fa36f7b383ca6/-2903405303067937652.npz
cf8d46c39fc2eef043719ea72f0d8428fe31b12203c4fa51ec21a385539a6415,207734,animations/highest-quality/2748134067/CAB-8f25f35c718bd3f8a95fa36f7b383ca6/-8093300031105704675.npz
54daeb0be70c3a520c0bd7b6daceb7191f7a8a6e8ca740db4e9f77a7f25e4dac,298595,animations/highest-quality/2748134067/CAB-a4184ef1a7e5ec75129dfea901d4e282/-7723608569424909613.npz
a12919aec60aba3f620e0e3f42ae48a10d073d40a99b28c19456985569efc86e,1230473,animations/highest-quality/2748134067/CAB-a4184ef1a7e5ec75129dfea901d4e282/6758021922457709705.npz
cbfb9b2a8959bace805434b4fe1dbe5e18d03219c9413d6c2546cd272639c030,1195177,animations/highest-quality/2748134067/CAB-d77415a594af7c627f07c9786086ce9b/-5613997075032444129.npz
3c0f7a60de5ca3ac8700bd3607ef5121c20f861e4f4eb6f02632dda7b049c76c,294683,animations/highest-quality/2748134067/CAB-d77415a594af7c627f07c9786086ce9b/6861209878391516454.npz
5700252c30a430ed372c576e0c10ad86248dcf366b5b4bdf068d229f9a08a18b,243963,animations/highest-quality/2748134067/CAB-d7e8a5de1954691b39f6fabb014a5ff9/-8708365642548453787.npz
d3edccc5623b462516e007a44db84bf5c60e07d0ba3f17f2348df717c7769d28,996528,animations/highest-quality/2748134067/CAB-d7e8a5de1954691b39f6fabb014a5ff9/8724263261004016611.npz
13920a612f8975fa4bff4123ef74827522edcbff18eef793c6734fb81e2c1d01,210317,animations/highest-quality/2748134067/CAB-e41346e5c938a302fa0bc88d72422886/-8444402439724907689.npz
127d5defbc6f283523b9e9b83828cf17e49941ee54a7c700a665a995ef7d18e5,986400,animations/highest-quality/2748134067/CAB-e41346e5c938a302fa0bc88d72422886/3783783322442903623.npz
017af54abd88da5bb47f4c72a3306ac36695b0040c7f9bb00b707700b2460b11,31842,animations/highest-quality/276809377/CAB-4209dbd24594d51d0fef06627bfab17e/-332086741542394480.npz
e2ef8758a4a885642092417b87c34cad5fa8bde680dceb11985d28dc89b35741,1100641,animations/highest-quality/2807369310/CAB-0c3d9fa0c1570b1ea8cfa3d77f3d98da/1900861627129385279.npz
437845749f5242f47687538dcd494a1593f04218a426e95b598bb02c06c000a9,53328,animations/highest-quality/2807369310/CAB-0c3d9fa0c1570b1ea8cfa3d77f3d98da/3285505837938321565.npz
bbcb29a2495f184a5b77d63108efe8edb1e9c4ba089882e13525bc47042af092,1064725,animations/highest-quality/2807369310/CAB-1457f717633135624967a8f27090cb2c/-1625501374979292177.npz
fe74346b83daf284ba015da40725a166e60adaf866c7e3b424a9c7a68c50b608,184558,animations/highest-quality/2807369310/CAB-1457f717633135624967a8f27090cb2c/-4230994524757763857.npz
9b87fae63930f2a115f031f786ab42cf4cdaacbbba032e966111f66590052797,427283,animations/highest-quality/2807369310/CAB-6164a4315dcc4fbe46999f7275e621f5/-5965870032294423472.npz
fed96119b11a553191fa34966a81c62014edee9ad778654e1f52fd0bf15b37cf,2308479,animations/highest-quality/2807369310/CAB-6164a4315dcc4fbe46999f7275e621f5/5202439334842570661.npz
07abbb97fd3f6d816a1818ab2274567e44973df98c0fe27d8077b3c12a9f09cf,253023,animations/highest-quality/2807369310/CAB-6f9dab0b9eba9a6f9a37f015b82ea76d/-2133638675397463678.npz
b680572f731119bdcb19bcb714a8ecda31c188251981d72a607d4aba6a28b68a,1347393,animations/highest-quality/2807369310/CAB-6f9dab0b9eba9a6f9a37f015b82ea76d/-2991822547410715265.npz
2ae4d42bb72b7d6261978d867bcc0a195ce23625dc471d17b2dc007c45d73e8f,241742,animations/highest-quality/2807369310/CAB-9d341d5f113b1b9a0ae9a2f40d39de0f/-170374608244475741.npz
e4c9f61070475e448b7348b69f983bc47b5eae7532bbf38e8a6240ac67681000,1229213,animations/highest-quality/2807369310/CAB-9d341d5f113b1b9a0ae9a2f40d39de0f/1246260342542111871.npz
2727a82fa84631afeabc1dae8c1c6188ad9e35f283084087d2747417649ea1e9,311698,animations/highest-quality/2807369310/CAB-b4bacb1509800f0dff18da91d92b6bfc/-1388953945476561310.npz
1f88420d9e56342d179ca1e4ace8298e54eb69f6befec1cc7bf9879165e25856,1598544,animations/highest-quality/2807369310/CAB-b4bacb1509800f0dff18da91d92b6bfc/7794289617578359175.npz
a5a8ebfe3a4b9c89481efd6a116390c2b0e60a5d2962ba2a515c22fcf6bdc6e9,281798,animations/highest-quality/2807369310/CAB-c067dd7149b715a360f59abe904d4bb8/-5533697887755551621.npz
9edbb8906a280168f1a113c66fba47d588c15d9aa17f47ed7ef60023983895eb,124952,animations/highest-quality/2807369310/CAB-c067dd7149b715a360f59abe904d4bb8/-7632857373395281906.npz
0185fd2f9fae6a9d74eb17d4b761803de4e017575efb32cb1d4bc907a33c3e91,675586,animations/highest-quality/2807369310/CAB-c067dd7149b715a360f59abe904d4bb8/3822496042948580805.npz
e3ed67360797e1b14a15bdeef6d091efe86bdd62aa94ee41508d24a308e87cfc,1561497,animations/highest-quality/2807369310/CAB-c067dd7149b715a360f59abe904d4bb8/809512117277142328.npz
756779ba8528c7c22213933df459a79a7af482a4b16f678a5d05fb738222636d,861164,animations/highest-quality/2807369310/CAB-c86b68f260025e9ed1686b85e305ac55/-2636976124880508438.npz
7b4375631e836d504fdbcbe403c79554b1cc01a96787af7275d8975a49365880,151287,animations/highest-quality/2807369310/CAB-c86b68f260025e9ed1686b85e305ac55/608492243804315801.npz
6b23669155af81b39d8ad25d19164608ec1a2dcc81ffc922ef3ea69e539e0c68,509936,animations/highest-quality/2807369310/CAB-db435b080d88577d5eda3034f73da441/-5309517271134006713.npz
ea2708177777c5604b8ebd33437cf7fe99fca3e4288cd56d4e030df7368d7d72,65105,animations/highest-quality/2807369310/CAB-db435b080d88577d5eda3034f73da441/743527128666011645.npz
319f64e4712b56c45d98785cea8a66e1c4820d6dfc49c79adbfa66ea2ebb1a88,1233666,animations/highest-quality/2849370921/CAB-073241c3afb1cf09196537b9c86a4f73/-795180483755165137.npz
6df7f20b6f3c23c360b6d616a5ec37ae31a0de93a8cd3985f5187aad315d5630,269020,animations/highest-quality/2849370921/CAB-073241c3afb1cf09196537b9c86a4f73/4067532883802985578.npz
2cf23e5af2b19f0f3763415570518e5f29a75913099c888c4a9d050dc8d47258,1000434,animations/highest-quality/2849370921/CAB-0b0ed66386aafdfb0826e7680888c52b/-5431015789700717656.npz
2facee2fd1369b6ff36cf68c42b73ab8c07aedc28ef9500650c3cc221ac8c4cc,259633,animations/highest-quality/2849370921/CAB-0b0ed66386aafdfb0826e7680888c52b/1963851513910256248.npz
ccb47c7d0506b618f5df26900da2b79ec1c9a780d0c284f881242cdf86208d99,244190,animations/highest-quality/2849370921/CAB-33c8ecd840635007d9743bd6853ac9d3/4477968536301666669.npz
12fa65f3fd488b0564b55bba9f523ce1d3a6019c0bc68d40d72d7447dac47aee,996777,animations/highest-quality/2849370921/CAB-33c8ecd840635007d9743bd6853ac9d3/4895482447231859671.npz
9688d395a5e92a5d2db7d0e1f7f1d4e2b4514ec125e8e30b9208a475b660ea30,227844,animations/highest-quality/2849370921/CAB-3dd93f2ee0affa84eb20ea36d21e2bb6/4308733596837719041.npz
ce8728b4356052c5114961129f327ccbaac237796a8b27c01d331295160824bd,1000307,animations/highest-quality/2849370921/CAB-3dd93f2ee0affa84eb20ea36d21e2bb6/88525121001536157.npz
3850314a54df0fc7b3966e3a317fd944701add04c178deae86939c1c389443a6,1686150,animations/highest-quality/2849370921/CAB-54d477c26f2d631c8936071f27b05196/-1671619181323828258.npz
1e1452f4fa2bc7e41b3377bfe9bd1d10d9d3b05f87265109b9e16d727aaa4dfd,342534,animations/highest-quality/2849370921/CAB-54d477c26f2d631c8936071f27b05196/5027043820067269120.npz
40ff9e96486156b72f4e5296cc085cc99ef7886a44ab882ba2afe1c883699eb9,303485,animations/highest-quality/2849370921/CAB-8d82b594b6c64c553fb641f240cdc6e9/-364967470266437459.npz
065bc7c2c805dce48b65cb74b04628feef6325cae7bb3f5c7ee66abcab71e32b,1219340,animations/highest-quality/2849370921/CAB-8d82b594b6c64c553fb641f240cdc6e9/3813786785909743011.npz
8f12402d73c77075308b13253b87753107fc2db4562a547ba5120c47d072d56b,1437646,animations/highest-quality/2849370921/CAB-9bcb8d70234fad0f3d3156023394158e/4250699840072175340.npz
74891fbc3e5594fb97dc6521ab17cd789181fed77679b52c1489afbe942a2ae2,260313,animations/highest-quality/2849370921/CAB-9bcb8d70234fad0f3d3156023394158e/4369682720766703111.npz
d84c4a189a3648cdc436d9170a6829976da3e31ecc40064da1a7a488d54f2da3,295292,animations/highest-quality/2849370921/CAB-aa04e6bf54c664ddec74e62da1cc9335/1745629919788731114.npz
03ddc780725b020196d637777e9e0856b1b14e52fa50968ea7709b7f3cc1f5e4,1209881,animations/highest-quality/2849370921/CAB-aa04e6bf54c664ddec74e62da1cc9335/6120980313742102255.npz
0e24d51637227617d9d1c7d48effd1513a8378773be1dac2e5465444dac81945,302168,animations/highest-quality/2849370921/CAB-b9db7a23cc8431e9a04649a31b2ed25e/472807821780368075.npz
22de9dc4381b7c1f858552310d12febd6575acd728b8e515f9cbf817edd03a1f,1203841,animations/highest-quality/2849370921/CAB-b9db7a23cc8431e9a04649a31b2ed25e/5322396064761070247.npz
9f2df314ec3d29b776cebbbfe8d93189c45155d0c6461b41ec0a039ebb959cd2,1125990,animations/highest-quality/2849370921/CAB-ca9b602b05a936f674d362cda26b886d/-7955931358041218420.npz
c07e02809baad5741137d92ba2f83de7597c2c2f8ca62daf221dc738371f3184,202999,animations/highest-quality/2849370921/CAB-ca9b602b05a936f674d362cda26b886d/-8974846430637983629.npz
42d4694f8c661de8a58c898fec9847d87c3f7ac9528ca50356a432f3d8cb48b1,2598443,animations/highest-quality/2906705493/CAB-7a441f7265bb4e22d19419586538f431/-4754978034331838293.npz
88cdbf424d2ec65e78396f82f12c1daa38ea5a83afa3cc90f865eabf332e2346,480839,animations/highest-quality/2906705493/CAB-7a441f7265bb4e22d19419586538f431/1494416804221783200.npz
b688965bd8404465480b887d4cfe538c1b62ff19f78a50784ad4ad1f8b8459d7,295287,animations/highest-quality/2932222405/CAB-31c29d830b33476ec0810078df2c9521/5138399027024206790.npz
7c2d54b7a5637cafbb18284b4a8cd2edd5d66b03dec195efe617e040b3a52e69,1196886,animations/highest-quality/2932222405/CAB-31c29d830b33476ec0810078df2c9521/901133478427205527.npz
dc53f19fe53a49414557f689e10efe341f506824a03f6625cb8883d6de06a086,344809,animations/highest-quality/2932222405/CAB-62ed5c7d08282007932710f7846913f4/8137263264301253227.npz
fbc5fc21ec78ea7dda1e8279a946ea63d2398ec560be1307cb6ec465f00d3b8c,1794331,animations/highest-quality/2932222405/CAB-62ed5c7d08282007932710f7846913f4/8480681007055211976.npz
f48b792f8e72faf6b880dd7eff90cabbb009317843a8181038e07e39b0c7f002,34598,animations/highest-quality/2932222405/CAB-65d9419ccc0d31613dac91061d303e27/-1374513821429880468.npz
95b5edd4a91d9d6423d44159929c01ab3dfeab92791a71f6e8ad5f573da84864,34632,animations/highest-quality/2932222405/CAB-65d9419ccc0d31613dac91061d303e27/-6374454659230119440.npz
7796dc5f4344cd5129b986f87c11b8c89feebfffdf968115c150c38cda3d7a65,34624,animations/highest-quality/2932222405/CAB-65d9419ccc0d31613dac91061d303e27/-6818879988906006898.npz
446e64519afaa1a4ee340d4689770a80f91c722030ee5dc1d7c0704dcd95b832,34496,animations/highest-quality/2932222405/CAB-65d9419ccc0d31613dac91061d303e27/-9197699589873237095.npz
a03be293d65ff323fe48a94524eab1c5901e67a19c700f46c9576c51013942dd,32947,animations/highest-quality/2932222405/CAB-65d9419ccc0d31613dac91061d303e27/1936297470819949900.npz
a795b1ebf077dabce6007e0c8a890fdb2ba73ec97ee7ce1feef26efd11282ca8,32939,animations/highest-quality/2932222405/CAB-65d9419ccc0d31613dac91061d303e27/2471518088433369451.npz
b45fab1fb84c2e95abdf815ae43e20f29744ab5c0810c46085ba6c9ff4436715,34624,animations/highest-quality/2932222405/CAB-65d9419ccc0d31613dac91061d303e27/3120295780034535314.npz
448f6d66815ca6fd78eff8c5f059ac52394594a53d666f99b8681ff4f7c88ad5,228802,animations/highest-quality/2932222405/CAB-b707512f7cadd0d9c8040ed61ca33c12/-1693200937096398188.npz
07ea194653f5bcdd385768f1145eda27062eab642fe72ca8f963e0e9a8fec7c6,1012217,animations/highest-quality/2932222405/CAB-b707512f7cadd0d9c8040ed61ca33c12/-2888949661270690737.npz
25ba7d3fa4d395ba550be3a6de260a6f6509a3f6a5ea8d3fa563a67df288cd42,995410,animations/highest-quality/2932222405/CAB-ce3b218bc4a407efbc1d1610527eef6c/7219689378586941951.npz
e0584c3484d9ad32148a1873ee96263490821425e612a99f22cbc2c25b397c7c,230780,animations/highest-quality/2932222405/CAB-ce3b218bc4a407efbc1d1610527eef6c/8680045491875716565.npz
35cb65a236d70acd4c607b240e7d06388e2caa2386661c015603f2b843c2e1e6,26747,animations/highest-quality/2932222405/CAB-d0045144aeceb56c015de0c961ed7e7e/-208971569947503409.npz
d36fd88a69d1f6a5cec645ca34d117f784ba851e99b38d11e3c313b1b7ba1ddd,27050,animations/highest-quality/2932222405/CAB-d0045144aeceb56c015de0c961ed7e7e/-4543614493068614537.npz
08f84f4806cddfbfe61b52f47206bd0be9439cb3cf28ada7dd76e997ce84df6d,27033,animations/highest-quality/2932222405/CAB-d0045144aeceb56c015de0c961ed7e7e/2368698912911218358.npz
5c273e2932c819a5685736b8477ec8886ac94da79ab093dab00b0769b23b9976,26985,animations/highest-quality/2932222405/CAB-d0045144aeceb56c015de0c961ed7e7e/279899463430488555.npz
85f3366aa6419a3c56d57242ef704a7a1b10ce8ee1437605e3410490f95dfa47,27004,animations/highest-quality/2932222405/CAB-d0045144aeceb56c015de0c961ed7e7e/6975320934936999419.npz
16806419a404fe95a18edf2a7df318b987c559a9f7831c7e64e136aa6356dcef,27032,animations/highest-quality/2932222405/CAB-d0045144aeceb56c015de0c961ed7e7e/8237653307052463342.npz
20565adf45130ba9be98dafd100ba36fd8be46b682cd48db453b3d16d36f3d30,27022,animations/highest-quality/2932222405/CAB-d0045144aeceb56c015de0c961ed7e7e/8299010686423387859.npz
89026a50f3e2fe83d4002a5483be01629fe032ec57e97abcb07bc4cfacff088e,585822,animations/highest-quality/3278416766/CAB-054bc96f21c392775ad58eda0c3b56ce/-5622118941521754627.npz
ca3c56b3ddcc50abb2906a38bd3bfbfbe414d0688230c09636f85e9fc0859eae,582400,animations/highest-quality/3278416766/CAB-14f250a47959f0ba85045eff182fe317/921624685840654086.npz
6f1f8745a17b2328dbe5b1c66658c64b0d7e54cc38f816d3106b09bdf39e0b26,582971,animations/highest-quality/3278416766/CAB-18723669dc13e3e1b13f6e2e45fe935b/5583199559579285834.npz
61941ea44465ddc07b499a1097285f23f0b2857af448714f596e611630fb7cab,570510,animations/highest-quality/3278416766/CAB-37c3fc35259d79a6df49f0fdbbe1f51e/11149147896977611.npz
bf0acfa35e41aecaddd831fb5829424b18d103476ec95c0c769d92b923e94a67,699785,animations/highest-quality/3278416766/CAB-4b6b10cd3f8f3d26206e9524cc3e6278/-7316839223823332493.npz
5220b4f2a0c9a406deb4c3a2a41d5b26eee94fb6d30317186488d6651e04b475,575716,animations/highest-quality/3278416766/CAB-553907d726f7f5f8fe7fe0c44fb73f44/-3648252350136279357.npz
dce204de6a61457a8a1bf2c5a09c2ca98e8eab2efd4345f5bd77bef0b664d884,700538,animations/highest-quality/3278416766/CAB-718f96bc002296df11ecda783043005e/404332144766148870.npz
b177d80b0999ae2edaafb2dac26391e3ed7a54dbba791ca11da2ed23b4adcd05,661564,animations/highest-quality/3278416766/CAB-8825d67f0be4cb8e9efb02a983e64ab6/-3865773439225484418.npz
933fd41fecaaf6ca6cf574cb7baa04f29c77e1138ee4b21f881c06425cb57e0b,680790,animations/highest-quality/3278416766/CAB-8b28e3633d73843b3d11ce508ae58a5a/-2152356670641858221.npz
28d6b28f2c1149a8b490fb0299a09823050f0929a994e66f891a5e53b0ef4dbb,589959,animations/highest-quality/3278416766/CAB-8f1944b4606602d3a104866492443b54/-1615495386502112075.npz
1fdd9ae0bd6b5ad75dcc67f44ab82e74b9f3339ee8b483c172842b8f519ded5e,579188,animations/highest-quality/3278416766/CAB-bc534dc2da9d378a5a8ee7fa411353db/4611403284854729406.npz
786fa30864a473af49648da12c3f69da50e967a008389d7262667c61e560c83f,574502,animations/highest-quality/3278416766/CAB-d736ab159d79ecaa2ecc616ceb9f4a9b/-6899122251715677648.npz
8f779530739479287c8b6ee94757035657922a48b020cb3eabf9c825abbcf9c5,584353,animations/highest-quality/3278416766/CAB-e6d23dce06aa443a42104b70ab3ab488/2248653542039276037.npz
5c4ccb95ac6c2099462c8cdac4b271d172520fb1b83f9707c06e4cfabffe7034,576283,animations/highest-quality/3278416766/CAB-ec6bf1717f72b483b5bd0361e265a5f4/1288109669835231162.npz
18d2bf294dd39bf45dcc07d840f2f0a1c1d6e26c17bf77bf421d48f168cfaf70,572608,animations/highest-quality/3278416766/CAB-ee8bcbc745aa09cad2edcbf8dae6dd5d/3584744101156041026.npz
902ff846632dc6b7291e129d92fa86465ca4fba93b461cbae62eb958755af2c4,261188,animations/highest-quality/3521808087/CAB-1af0146cd75f9b13ce59a92f3bd82fba/-4222472574338624345.npz
325d595f50974989fae09e2c7b2fbbc94e3a866f439c47c715d9118984328446,1548463,animations/highest-quality/3521808087/CAB-1af0146cd75f9b13ce59a92f3bd82fba/3943810936548701524.npz
56df1a05ea684fd49afd500ff44d4c528f69e7d8c70fbf265d4b7a3f322d6421,887130,animations/highest-quality/3521808087/CAB-1af0146cd75f9b13ce59a92f3bd82fba/5861491352876732367.npz
25f47482f97b5c3ba3634d19b2d4479620af4d279a9c74584d5de18c480249bf,168538,animations/highest-quality/3521808087/CAB-1af0146cd75f9b13ce59a92f3bd82fba/8223261815517506065.npz
fac11b66d08824130dd85096b0dc354ff7b13dc92711e85ca08ec1ade5ffa703,1910182,animations/highest-quality/3521808087/CAB-270fbce06bdaf12b3e9e76c4cd6a257b/1799653042722582171.npz
02cf26a7d18985689155de4f3a72b5ac56855b2112eeabe45973d929bc66c9fd,347059,animations/highest-quality/3521808087/CAB-270fbce06bdaf12b3e9e76c4cd6a257b/7267785678366973030.npz
21c5333b1ed45f6a04828629ab304a037e18d595b079c9c8b4b42a66eefd3828,1098024,animations/highest-quality/3521808087/CAB-6aab398422cb12cbe802fb1c02420e49/-4729996155582485543.npz
630b183304ddcda4587d7a52a1ad35bdad33d1221901c56a08dd55a09c7298ba,52794,animations/highest-quality/3521808087/CAB-6aab398422cb12cbe802fb1c02420e49/6498660329717323132.npz
e22d745fc8766a9a2a2665b599537d8a6a64e1ff1327b2c020a64085274d76a9,207570,animations/highest-quality/3521808087/CAB-7fe39a86385a797855268a81a7992c85/-1679622971680602186.npz
01b99089addea8e8285432ac095c0be8617b11cf6656be4a930441e3fa29339c,1116539,animations/highest-quality/3521808087/CAB-7fe39a86385a797855268a81a7992c85/1831964020784875617.npz
a5114dafd562c2be8978545cdf396cc705ad8a4f3e7ff217d8aeae6c9d6e024f,198910,animations/highest-quality/3521808087/CAB-8e2d5bcc52165bda45bd205f2cb80332/-1139890803720081707.npz
39de3d92f4e47a9f654a728113fdd413a006a550b8a37de6bcd1db46d517e340,1131417,animations/highest-quality/3521808087/CAB-8e2d5bcc52165bda45bd205f2cb80332/-3494025788189807306.npz
ed06554adbc961173bbc586fe4886dd55df2b2897e0480d16ea252c3eb59a5db,1796249,animations/highest-quality/3521808087/CAB-d1b52e8e0b797809b9c8e41a0b487813/6060083161734243057.npz
20d26c53eb12f92577432faa2bcebb734541438a6c1792f3016b2c5dca3e25e7,318555,animations/highest-quality/3521808087/CAB-d1b52e8e0b797809b9c8e41a0b487813/8943849848332171599.npz
ec95862ed104a69c13407fd066caa64fde57a83310e4f9ca08c66ae1d7acaf1f,1491753,animations/highest-quality/3521808087/CAB-e35cafd1a72a36b7f16d1b784177f553/5730101738945828718.npz
f88dfc93c685ab36bf209a80f684e2803520fcb6fdd416904e4694bf0e830299,260554,animations/highest-quality/3521808087/CAB-e35cafd1a72a36b7f16d1b784177f553/6269544008957221034.npz
b2eefaf45969ffb41436f49263885cef7b9a684506acedfd7a9abb4cfc3f7afd,282954,animations/highest-quality/3521808087/CAB-ee2e548c5baaf184c07c906e30997663/-7040252628727283879.npz
47cb2093507134c1e34b048234a812adb8950920be96b555f019e5d4f719d335,1489970,animations/highest-quality/3521808087/CAB-ee2e548c5baaf184c07c906e30997663/3561100767826961103.npz
f9cb8efd907b83e8551e1f66201cbbee20e21292a712cfdc0bec16e178b4cd9d,265872,animations/highest-quality/3521808087/CAB-f7a7f8a4f87a50c83bacc29cbc8ad1d2/-8650145990099258091.npz
db10cca7ac237a2668b9cd47c8066d7aeed51c74f91a6a88973e989b9c88ad16,1482535,animations/highest-quality/3521808087/CAB-f7a7f8a4f87a50c83bacc29cbc8ad1d2/2849974368812954210.npz
95bf2b43b7074d6a3bd64df78ac0bfd1b1c82af29d48f2c30cec9a45717b4d20,271059,animations/highest-quality/3897234846/CAB-00bad65b825d69c2507581fac21c8a3f/-1123765274722474461.npz
a3fb745b48650bf7bea073ee427e211cafe0fb04095aa696a5e79231de2d409b,1339587,animations/highest-quality/3897234846/CAB-00bad65b825d69c2507581fac21c8a3f/-1424511823083596682.npz
052c0e0a195ffd6052b17e6874b24cb8be8628bac413d10bfc6b61a12b19612d,126975,animations/highest-quality/3897234846/CAB-014ed2210669c96321e970ccf568fdca/2636936515433909596.npz
d0521416ead1fbe657e8af4b93c11f7d1121ea307d6f018bcb3efc26b4948e57,593063,animations/highest-quality/3897234846/CAB-014ed2210669c96321e970ccf568fdca/5939319901927034172.npz
960306693ef744f1664ab0a060ad49da37d684b2c5c3d329500a551eb13ec0e9,279044,animations/highest-quality/3897234846/CAB-22cdc4f9381774c37ea51d89d49f9f6b/-4343067724661485341.npz
7f30711dae9a04cf0eefbd6d3cd53eac5c8f4ed4aafb4304f3ab31cf37f54f97,1344831,animations/highest-quality/3897234846/CAB-22cdc4f9381774c37ea51d89d49f9f6b/916858236484560991.npz
0f00cc55751fc44735a9166876d5b6fd41451cce1a8844b8f692a345e783e6b0,1469126,animations/highest-quality/3897234846/CAB-5a8713e36cf9403c7f563779ca7e4880/-808183829747996247.npz
370aec7b175b0d1922c99aa109b2627dc252d94cf777d3b071c65c3e6498c353,308929,animations/highest-quality/3897234846/CAB-5a8713e36cf9403c7f563779ca7e4880/8531185833849127186.npz
df4c82639bb66a7ad8e6ddb4182e9e6b0077e0747f739a39ee28745518f51f8f,270981,animations/highest-quality/3897234846/CAB-77cc6dc8396de31b951456b5a60ca2a5/-2147687977520797852.npz
5320919a43ed085e0c3feba4840cc59e763713e86f6f780c589ed78655786342,57471,animations/highest-quality/3897234846/CAB-77cc6dc8396de31b951456b5a60ca2a5/-7671936509857743815.npz
7350fd6c02d90cdb830e938d51fa721256d38ae94d4763842cd237d0374cc1f0,1303614,animations/highest-quality/3897234846/CAB-81d751f71c65d9c353b761796b0723e2/-932027842686652035.npz
d4f92e4d686d7809c15c33eabc3752b1c3ab59e63305b2e495840fe699d2b8a9,242477,animations/highest-quality/3897234846/CAB-81d751f71c65d9c353b761796b0723e2/6925485287618988718.npz
d87a87be3fe0aa29f45b59fa901bbdedb434d9cc5ea2421b94f4aaf93eb210a4,378430,animations/highest-quality/3897234846/CAB-83c6c76b27594a3a385257ac1c50925f/-7700514023790614926.npz
257ad32ef89a365e5ead0e374f02edc6dbc9fb0d17772e08fd5d2824ca8ba536,1749451,animations/highest-quality/3897234846/CAB-83c6c76b27594a3a385257ac1c50925f/-7718419266596640610.npz
7f9b6c396785e2b4c856b195b0148fa6e228d178efdf238f6e8d283173c4dcc4,935046,animations/highest-quality/3897234846/CAB-ddf3d681a79f9f93daff2e13fbf3a5b7/-7753903034760924689.npz
3067dcc8ffadd3952863df54fc5292dc4f4ec2a4c41f1e13d8179e14ad5fde00,206237,animations/highest-quality/3897234846/CAB-ddf3d681a79f9f93daff2e13fbf3a5b7/-9147951519380201305.npz
0ead373eefb5989ea66009df24b69142fbdd18ca695bf2b7d09efd3c163ee879,248469,animations/highest-quality/3897234846/CAB-e63610f3a888364f2c4b60b184b5c06b/203974070185607223.npz
ad89d94e40aa529d9730541ca7b86e9210e60f7872c419c1f8f5de66347daa1c,52873,animations/highest-quality/3897234846/CAB-e63610f3a888364f2c4b60b184b5c06b/6568286455611578770.npz
16c5ccb2d41a8f1f9d6b030c2292f3c5612b5132db8771117e1346de68e8920a,1598327,animations/highest-quality/3897234846/CAB-f34adaf7a4ec2ecc82c73e0b06846837/6475800026644941160.npz
5c900ed4e9db679b02473a7b858ba997e2fdc5a432078df798e1f24d64fced0e,331319,animations/highest-quality/3897234846/CAB-f34adaf7a4ec2ecc82c73e0b06846837/6486359966804659612.npz
bd148126fa5da904749349e0e18a24b5fa2edb7dc13a27ec9529d925c41959b9,46201,animations/highest-quality/3933241010/CAB-49d06079338c0071909bfb82a3189e3d/-7005642826011342594.npz
bb1db64f396a2a863cfd0a876a04dba7e0ec82d54cff26fc1ecec3ddddba4c0d,86779,animations/highest-quality/3933241010/CAB-5f8656098d9a9fd7761fada5cc310302/-2160103625833557243.npz
3230144d7b8b733b2d77ebf9fbff9a5928d785b58ee53c455cdbcf027669a6b5,465519,animations/highest-quality/3933241010/CAB-66df26f45d6f0756043bb5d21a77ae9a/-5027944999039239597.npz
81777c6c8b91ca3ef62d3ec60c7ff1bd63546460fa2ce704caa965f9176808e3,1519390,animations/highest-quality/3933241010/CAB-66df26f45d6f0756043bb5d21a77ae9a/665705454090562466.npz
174c396ad4213c4be4f5c1447613f7ecdadd3a6766fff6a59fceda51977d928a,1880172,animations/highest-quality/3933241010/CAB-770f5d8331a4bcd39fa2da4065bde1d5/-7027369149187383941.npz
2b47b4e59493c2e99594a31c8f3ae8d23d4e873b32d61a1017057d4ffd08c0e8,4199775,animations/highest-quality/3933241010/CAB-a18d26aa93624f44bf94ed4a1cd876f1/449196560178998561.npz
f190711e477cb8e1b546c8a9da35a6dab5faaaac119cd0d4bbca0b3e5ac00190,1881197,animations/highest-quality/3933241010/CAB-a21202a1d30a3052827b73dc11341a24/-6574345231194527919.npz
5a64e30f5b9c266f9b897d484daa5582c2c0c871878fb404d03bbd5ba86d2196,1656121,animations/highest-quality/3933241010/CAB-ac308c81e99b0b41e40b1c6836746a65/4238367545642899378.npz
3b84729eb2771462714ec73f9c17441c0efb058948d05aa174d74673b6cb3229,46159,animations/highest-quality/3933241010/CAB-c4ba8224cda1a570b87d8732501ca740/-558303721803508355.npz
06fe0761439dba84e543fbe2cd70d0ac1cb53db2f2db5babc7b575e1a22bdf80,4200404,animations/highest-quality/3933241010/CAB-d6bfb8d65913a86dcd01d4174dcd7ba5/7374790833252239698.npz
f689a60780a8320369d1a06a1749e40132c7477ecb22c6d09a911343006a4aa0,86989,animations/highest-quality/3933241010/CAB-d97d6d9d9c53e49101cf47f72188e83f/15796100208661372.npz
0e9396ac18dafce4e71e7bffde63b1b5f1c8a58aab0df4dbbb0f872388d84024,503456,animations/highest-quality/3933241010/CAB-fa83ba1502420e6fe6e9a83731281814/-8412784876667809433.npz
5804b5cc52b114f0d4e805b203cc1e55f2ba7e1a1a62ce22efcfd6e5060fcc77,2066598,animations/highest-quality/3933241010/CAB-fa83ba1502420e6fe6e9a83731281814/2831195224024944086.npz
e5c4ff8b05b4bcd756cee380aa3e17d7146e299be5456606a62f19f9cb5b3ad8,2341063,animations/highest-quality/3939520730/CAB-11bac5858f0750c9fc555308d7de4636/-5148514638459531173.npz
2691165dccf0c94d7ce6c32585e97171d4a7ea48a05ded8bda70715a5594a6fc,433595,animations/highest-quality/3939520730/CAB-11bac5858f0750c9fc555308d7de4636/7512003096561204612.npz
abfe5693be4341d303bd2e51b6cc3b88dfb43bfc23429cbc75cb95c9b5e5d855,33928,animations/highest-quality/3939520730/CAB-14487361ca6d026f007ae055437d8c62/-6075153213465150356.npz
28062fceb3d5052e58eeb0ef81ae90ad491db4b7d53ebd9a57627ec8c7686eaa,180568,animations/highest-quality/3939520730/CAB-14487361ca6d026f007ae055437d8c62/4740247050420525063.npz
214943c9c12ec0d7fbecdf94b8277f5ce3b77b8d58ff6407786f7093909ee371,1689442,animations/highest-quality/3939520730/CAB-5becc2924ae52b26780a7e1b716b7c51/-5003968194027421535.npz
abb4d5e80e6c67857173182d1d7dea8e36e272cf71d011c2e594836d393ce02a,308867,animations/highest-quality/3939520730/CAB-5becc2924ae52b26780a7e1b716b7c51/-988806869361687557.npz
f1afdd6062bded9c285e1f8cbcc1926ef3ae587616014a11eb824861c331365d,1099133,animations/highest-quality/3939520730/CAB-5becc2924ae52b26780a7e1b716b7c51/1651874841318095758.npz
e97c61d01e9d5213d2057a4c7cc666f58bd42ab4a3b3f62df08bfe0df488c76e,191543,animations/highest-quality/3939520730/CAB-5becc2924ae52b26780a7e1b716b7c51/3294078110782917591.npz
2f5f1f7101a126f9eb7e0337a7622919c69b5ef8980e325776e97478115847da,1125498,animations/highest-quality/3939520730/CAB-7220c2a47b6cff41a653cd6ada5f7845/5764822136149515564.npz
d55c6e81d1340c6b8746cad532c89e37acc3d4d4831644cd34b828041e025fdd,198968,animations/highest-quality/3939520730/CAB-7220c2a47b6cff41a653cd6ada5f7845/6377179083818052431.npz
5e6b731ca3a69c529c5ca461de8ddf9d59ced0487b4f04043d3294b76788a92f,1949190,animations/highest-quality/3939520730/CAB-b1b611c032529f61db30e5abd6f188d0/-8523207139652297125.npz
8b84d2a3f9fa50d5ed08a0573e9289c787dac0ef2a5a0fe90a76656a454576fc,340052,animations/highest-quality/3939520730/CAB-b1b611c032529f61db30e5abd6f188d0/8780922446963993946.npz
33841526a4a8f17f34e921f13a3d556a57ecab5df20ecdc30b9f29d931997232,234614,animations/highest-quality/3939520730/CAB-c720eff5f67f57471d62c00eb1e1ba49/1885126624327457025.npz
f4ac4439cd76df5b2745663fc3cdcd4df91d63c6ba0679dee259e1192f18a89b,1335644,animations/highest-quality/3939520730/CAB-c720eff5f67f57471d62c00eb1e1ba49/7376968608536389763.npz
f14187e99976be53f06872b6f450f86d7a8308ab386f0680d5ae6b75aeab7441,1346645,animations/highest-quality/3939520730/CAB-f0378a31b5534b9f9140ec561b61236e/-842668131940394539.npz
ae5ec08ac33782ab9e7e223c987523b1b3f290b3b581eff02edb7645c8d34e3e,252997,animations/highest-quality/3939520730/CAB-f0378a31b5534b9f9140ec561b61236e/-975091415518682756.npz
a7b1f6ab9351a50122682e7ee7909eeb3d64c3cb7d146563c4f5416df015e890,219083,animations/highest-quality/3939520730/CAB-fbd91208d3ced827585fbe8cdd407578/-1971826486191516812.npz
28198f26b6efcdd1f9df74cac6e0fab13626b1572b0dfe3e63a5df3edf2f26d5,1166839,animations/highest-quality/3939520730/CAB-fbd91208d3ced827585fbe8cdd407578/-8753138749665718629.npz
d6960cf980fe7a37ef6d2ebe72ba68d7776394bb1890aee8464643024b654014,216444,animations/highest-quality/3939520730/CAB-fbd91208d3ced827585fbe8cdd407578/6736200449780151098.npz
ad189a97b8e05fd538775adbc4792fe292a39579e8aa2ae631900aeda84e3a54,1063909,animations/highest-quality/3939520730/CAB-fbd91208d3ced827585fbe8cdd407578/7100607445617743312.npz
b9e32742bd6ed67bf32f7dcaf86d0ccee4e39ef48a4de45c2b001513cfc2e212,1674061,animations/highest-quality/4128630151/CAB-cf0c8082e76d375e97000b074ed6c798/-7426947853720207402.npz
7532dc4845b708baae5fe25b42e0919d2f6493a075904497e33417cfe4c17075,113367,animations/highest-quality/600607555/CAB-111b206fdbb9e733e5c53e10494c6b9e/-5860761050635392647.npz
8c4fee7b46cad2231a022e44f6999067c6357faaa04e8665686a7c5f48402589,109042,animations/highest-quality/600607555/CAB-42a2f07a24b4452867367b09347b2cdb/2810563926534214632.npz
df59801498e13e17d756cb9205d9f6ea544017eb8045e7380b302b2d27a7602b,56925,animations/highest-quality/600607555/CAB-42a2f07a24b4452867367b09347b2cdb/5010123028938033529.npz
e323ec02d8c707d26389187c9988475504cb312206d2225330b68d61c0432114,107785,animations/highest-quality/600607555/CAB-51098cd692c6a6a7354c28c86bf67b03/-1148570267233982173.npz
38b677b2eba4b188bdbd9edd36814f2d8a7b6a0936ebdd4becd64f506d453412,146346,animations/highest-quality/600607555/CAB-56dd56efd72a388f5374411a162e0f32/2436884201043006926.npz
95b30c530bb3d087e493e938cb256c674fdef5d6d3d5b52ddc6b09d5b5db5a61,13933,animations/highest-quality/600607555/CAB-6fe34f658f3e39a354fae82d2fd5969e/-7093354816293938243.npz
2a86215aeec266cefa0e7210c43b14e02eab842c83e3bfd7c377a8c6dd5cb64a,56875,animations/highest-quality/600607555/CAB-77238dcbfbc8d9c2e8db9d6d90acac67/2960707942100986674.npz
8e0f2d46084c50621d0f80b7440ff6415ef01eb218828a22dcf01be69ddc3f06,70067,animations/highest-quality/600607555/CAB-b9d573989ca42383ccf915380efa08c2/8157186775417845758.npz
ff1a023af00bee8bf06d11b8d4a4c5a76225b4de8258c33842dc9cbb7cc2d594,87683,animations/highest-quality/600607555/CAB-c833f0c42db82a0d081f2bc0efb275bc/4514995476636556440.npz
5d10b11167425aaf52394a92d6bc70e40f984560b1a739fcfda82efad21a1cf6,80160,animations/highest-quality/600607555/CAB-d5169750147f96ff44a9d1e3c742794a/-2578791015412501388.npz
51f745af8a1c0d8f4fefb6278afc169bc03fb40d67550113e65a18280863672f,76132,animations/highest-quality/600607555/CAB-df7bc76546e2854055b007783c6531bd/-2307136872908588732.npz
ce8dba1633788533126912165cc3188de8849170b7c09ede42de98e24f70ca90,30442,animations/highest-quality/600607555/CAB-eef74fd268416650bc6761f5bc400b90/7867767963925115843.npz
603b6800e5a0fff1c2ac87e312af7e84fc319adf994725f9ea68e3a254c55558,82321,animations/highest-quality/600607555/CAB-f4070d60bd0ad4e5318fdb3bc3d61aa0/872245757569127759.npz
51f8d8c616b851e166e9476cea4ea840205b99377e1e1093d2bec16c37a170d6,56253,animations/highest-quality/600607555/CAB-f4a3f83ab0cb0702bc035741fc6d2ff7/-1364113444982927454.npz
e895215d0de1596467e2c32496fd4a077dd56342535c88270146777a25465458,110938,animations/highest-quality/600607555/CAB-f5b48814f167ff0fc72acff4306a503e/-1865946034244102170.npz
b8c6808806fcfc9b5d04fecb82a511e574e82c88f39a6a2f29000059d880649f,2160,animations/highest-quality/666175487/CAB-a9241bab0980321f96f6426f12adb57b/-5826758644050304125.npz
ad20539b9472436602a04346201837a306ff3e9bc96faf66fabb15bc4dd7680b,22185,animations/highest-quality/666175487/CAB-a9241bab0980321f96f6426f12adb57b/-663445028083566834.npz
c7d040ed9d66ca15b722d7ff1d01f491b9972b1ee950280fb64e704524c65919,4963,animations/highest-quality/666175487/CAB-d165498d011e758b4b433f69e2c1e41b/5044068262566936292.npz
63bca126ff6f7e7a43d8331d6c855a71a553d3b5cf2a948a88b7a89bf1022783,24012,animations/highest-quality/666175487/CAB-d165498d011e758b4b433f69e2c1e41b/5538955482570295788.npz
5404f42081f8b56f0f105bbc655f9b4f90d05d14f7e6f0486c52f68ecf1119ad,21975,animations/highest-quality/666175487/CAB-e6f753bf1eb06603f5476f27b173c082/-8386307440703630106.npz
fac36a989af59ab7294665a881f4cff7ce8f61b5cdd008e6bbc05000a74717a7,2154,animations/highest-quality/666175487/CAB-e6f753bf1eb06603f5476f27b173c082/6883306053484340476.npz
c6f185d8b6e6134e0e1dee8f88d55680d39724eee0013055fed1e92b3763b4d6,1032398,animations/highest-quality/688857604/CAB-0420a2cf9421fc6637dbefcfd5e2f378/-749745014657950354.npz
dd9aebaf63db9190140697cbd35f63685d339356d6fd949e2593d704b780dcf7,188229,animations/highest-quality/688857604/CAB-0420a2cf9421fc6637dbefcfd5e2f378/8641581539995145310.npz
31298d487b7832679880ca5eca11d2530f7b3590bfcb1c32426b567b29baf78c,1007204,animations/highest-quality/688857604/CAB-196673d3a8261e8d6f3d40dd8671fe6d/1493186699832253526.npz
a7f7098064b6e88a9ff5c734859e2096fc7a12c30ba8f91ca64e604329520b3f,220216,animations/highest-quality/688857604/CAB-196673d3a8261e8d6f3d40dd8671fe6d/6583524813328223737.npz
0149c88665ef69e316b437351e1994c41c357d7c03585e3f57b3b299b346bbf4,394302,animations/highest-quality/688857604/CAB-28eb1bd05c8f08451827d774a9983ec7/-2854873065606486302.npz
dcafa9ed2d61862edafb7788fd9347a3012a73006b39ba2362288c4a882051cf,2067870,animations/highest-quality/688857604/CAB-28eb1bd05c8f08451827d774a9983ec7/6107497321571588808.npz
cba6a596e29824e5637953ada5f540a43147965e23514b62248b8f952a095e07,1079347,animations/highest-quality/688857604/CAB-2d6716ee44e0cc9c4e82f31d18471b5e/-2943091409813890838.npz
27439e8067fc7a8fecf2cdbab33109be397242fd953136a0815fc754d2669f39,220002,animations/highest-quality/688857604/CAB-2d6716ee44e0cc9c4e82f31d18471b5e/5398068560509781131.npz
386377c8ab49359b91e61287d563dd9ce532383e8d5b7d29a7593ffbf2969d96,2380610,animations/highest-quality/688857604/CAB-4d31a0cc18243e656b92b796e41a94c0/-5674996729635622394.npz
e49f6872ddc91a2d5dcd26ba927368a6fcd05f30d95f1955e03fde5c83714c7b,471072,animations/highest-quality/688857604/CAB-4d31a0cc18243e656b92b796e41a94c0/3060573428898120933.npz
ab3fe0b60114373dec9597732fe52ab30474a6702d11640e7f692e0c7563280a,150544,animations/highest-quality/688857604/CAB-5fa60fbae47069ddd965faecae89371f/-7726258737048939600.npz
cb844ffe26dc139d8fa1198566b4f6863c0c874750e1a5f2f019a6db4de5a764,711967,animations/highest-quality/688857604/CAB-5fa60fbae47069ddd965faecae89371f/7034018613371007621.npz
88721db3e4b2f80a0c2e79e0604c261648c808600b184f39d88f9a82f2b1d775,696179,animations/highest-quality/688857604/CAB-927cb61f019f86386f26de289b0c80d2/-8492613319132631384.npz
6d1e3f89a5a2fd481257502359feca12ba4ccf400d45646c148a4007ace2492c,3026428,animations/highest-quality/688857604/CAB-927cb61f019f86386f26de289b0c80d2/6370634618021253365.npz
2f896a8f068baf0875b1cb9c9c147675f53bce813fcd9377b0785825ec440e15,275301,animations/highest-quality/688857604/CAB-fe62c01e4f3d84db1f8da3988ac5bda9/-2033928463246329224.npz
0c956d7b08e3114291b9d6861f6251ee515d0d5f2997e7e9e7904ce6f049a27e,1454452,animations/highest-quality/688857604/CAB-fe62c01e4f3d84db1f8da3988ac5bda9/8065264095570095513.npz
99424131c22b8f891ba0ad7f6cbfacb2e867c8b9540d81b3f0c2a26d7983f9e6,1590381,animations/highest-quality/743950099/CAB-0307c26d10e901a6c57b4193e3c645f4/-3969743430469522361.npz
7c23adff372ebb8fa71bee87100e62ee538af09ee4232566ce8e22b171173590,1591459,animations/highest-quality/743950099/CAB-28cd8551a043aa1fec927e1c6a4fd764/-1831461666187654718.npz
7efe86f3a39eab4e5f665b0104be17010b466821526b780ad969ca198dc4304f,1918234,animations/highest-quality/743950099/CAB-900f8ec88976c3b104319c364aa90e19/1119873529688951936.npz
47e9ea23be0294cd15a48030386d27a4478a35f6b4c5c249137156b968f0c4a2,1707448,animations/highest-quality/743950099/CAB-b8afba1667e538ea1c728929cf16fca6/5893225612305477988.npz
584792e2978620bb393349aed708cece7fb25a3922184473480ce0f3136ea306,1706752,animations/highest-quality/743950099/CAB-c0e684251a2941fec6d5f78b550e42e6/8626172897604399891.npz
adb273a6ab2e73c20ba4bf886c6641c4e0396e272dd7a2cd6f9d0f5c26bc4a27,1979630,animations/highest-quality/743950099/CAB-ec8c49dc537a403fdaecdcd7224055ef/2575081414563872535.npz
f6c62c38a1b3180c3631e3f2f12791e44344b48f98fb0c87193f8985ce3ad8ad,460092,animations/highest-quality/743950099/CAB-f6e0f945ef7b548c7d383748abea5791/2851850261613305529.npz
87c0f7f96605948b2d343a06655d00349c04fa910d398632fa636b02da8cc61f,1712465,animations/highest-quality/743950099/CAB-f6e0f945ef7b548c7d383748abea5791/8172080903107082230.npz
25835e6a3313af1f376603347670c772b114d4d8279a50b44070b5667d2b221e,260876,animations/highest-quality/857420442/CAB-062d3958e034d94f1f34094c4ae9283a/7846804033022012985.npz
ff35c854152bc0a327317fe9fbb0a3eace281a53706da7adabaa8049b1ec4321,124395,animations/highest-quality/857420442/CAB-0dfc011dab19d6cf39f86d83d413afe2/-8184528657815807237.npz
aefa175ea17b1c72506ba21bd6e78d05f9dc32d868a783539600d863ac9ece39,1361820,animations/highest-quality/857420442/CAB-107ca62a6e889f9214141a7dfe440119/-6414773544322857082.npz
3c42ca7e3dc0b7cccbfbdb9beca6f0bab3c034e5696a31016dc75c4249366d6f,64468,animations/highest-quality/857420442/CAB-130f8a9d82584111933c3c0c89d71700/-3511414337619192718.npz
b72a11f4fb3f8cc85b50ceaf29a63288f55c51d2754e77fdc1f2db1d82d2fc21,1293156,animations/highest-quality/857420442/CAB-22dd1fe7556c788b53f1f4525e784d4c/-7911876158808846913.npz
d8dab21d1d528a2183dd79ffd1247d76b928a79d576fdd1bc33a86b8fc54323d,556645,animations/highest-quality/857420442/CAB-2f6ad309289fee0bf19cf7470de70267/-1245308895446290242.npz
38ed19886fd1d27d14b1547e8508a4a078992731ebf3bb7e2c125b7718b8f647,351974,animations/highest-quality/857420442/CAB-4422bcfbff5939759061ccba73d1f178/1590318240472557121.npz
8f2b2194ee97fe7a38e10c2d33aa47e6809c33b88e29db561e5d7af1d6f5fe21,99638,animations/highest-quality/857420442/CAB-4a93bfec7676bf4f11198a88b63e75ce/-4118330245921752828.npz
ee0f616f0d054b187fb21f65a9b6c08a82374c76006a56d0808e5fdc79e817a5,137431,animations/highest-quality/857420442/CAB-5054eac14fb4b7e8cea0e17a7adf2e95/6226003965403640995.npz
7a31119b8367a7c1aba703c11c5fdd8e1d0743dbc00f6d4c861a94b409dd0fc0,102821,animations/highest-quality/857420442/CAB-55bc6abaf0f2493313fc1d01b065d018/-795361855130684516.npz
0e33bddc541fa3933e6c22e66eb500d4e69c1ff7e2bac7a3353f13a023342725,110982,animations/highest-quality/857420442/CAB-64b379e94f627ee1cd92da39ae0f8d2a/-2720451829318592545.npz
e49500bb962ad83cb24a286729458d46c0d94ddd1a57abf7bd85fa51add6eede,110685,animations/highest-quality/857420442/CAB-6af40f9899f9009d4b9b5d1eaa772008/3390052436546175802.npz
7a7e69f3fb38b7fee7141b9258df04b502562cd82af88bffb9ca172952aed87d,100907,animations/highest-quality/857420442/CAB-75fb2ab09f87c3e515b4810012cb55f0/7086238358935337882.npz
5c0a09bca9b3eea447029520108dcbe2a08c46e3323e65abbea1719b4a3c871a,1758976,animations/highest-quality/857420442/CAB-810861b865dc79b607b71052d029169e/1335056934340752049.npz
8d692695932e23146a8b145388a818756247d43d692fd2cb30e718ae7439f5c2,49829,animations/highest-quality/857420442/CAB-85f8e4d28c62eb1ee7413c6545d1c5a7/-6962455290466281826.npz
b5a23c7638ed395bc3ee4b4e6641ac0f2950119cbd134e60d5cebaf03fa6a2e1,1181028,animations/highest-quality/857420442/CAB-8709b7794dbd614654c305c541b69b3d/-5167791503700290923.npz
bc80f0287cf69762850f9302223535cb33a29af7bde7267e697caf6fbc226ace,133068,animations/highest-quality/857420442/CAB-97c0803e604c6e7be971c63b158aa477/4717391796780699438.npz
19169904e7d746c24fa4cf271e976b00da5c8329f44cee8883ddb9ab7432245b,58297,animations/highest-quality/857420442/CAB-a050c500f5f6b5dd218809d36a6fb798/-35880293659132669.npz
e038b97bc4b4b730ebce7de831a1d576b043fe73ada90846ddccbb2387027e80,24399,animations/highest-quality/857420442/CAB-ae752e4c7e95bd00e940c11aa420b149/-4613625707551148887.npz
faaaa23e31640774b2b66dbc9e39a6b8b68c751ecaa883b9f5e2cccb95ff54f1,2329319,animations/highest-quality/857420442/CAB-b23704b2b951ca22293000e291177af4/-6051929730229281194.npz
e3c3238465022ea9f56ece4aa68ebaf64e14719cb6628e3270026cbff754fe50,77921,animations/highest-quality/857420442/CAB-bff6803d31846e6182294c2d1151d651/2892547470333788774.npz
4d67ad72a73cec25792631d7ccc6b7d88e3a32417e9b2eff6f12d74962beea10,123196,animations/highest-quality/857420442/CAB-c0000cb3083685f1bb8c5e30ead079ab/-7386739026381825732.npz
d2124994be954faf048b4cbb86e79ed65fb9de33bbacac373950c90a9aabcebb,298595,animations/highest-quality/857420442/CAB-d186fac75acbe6ed97161a0baa16f276/5324957557180481423.npz
65f9bd34e70c45cde668f2cece66c563db92c062377e8d7e61c75c5b60f2fd93,550006,animations/highest-quality/857420442/CAB-d386fad25d1ca40782545fa843a21a34/7787218017007325855.npz
abe55c7ae1e7b724ecca0b994c563642d744efde8f1d8e4cdfe1354ce2a41d88,22743,animations/highest-quality/857420442/CAB-da8fa781fdec243bb179e07194701108/-6165172696553186535.npz
80132592b25a40d7ea321828268abe1b20dca6b95c6bd11c4c73313a575cdd77,44357,animations/highest-quality/857420442/CAB-dcfaf06aa481c149f18e165e20c9da4b/696131882447222744.npz
bc9b1bf7de405fc1a10a3b867980a2e7b9ea884659cd181d242ee94d37b9b87c,86337,animations/highest-quality/857420442/CAB-f62dce109aa60e6cccca93b2f20a3c4c/-3139449507405813414.npz
a0fe2785ae0bd270145bbd5a73c14200a87e6f9511f63facffd12aa0a8d8d9df,43043,animations/highest-quality/925645607/CAB-28773d45e0524b958af0bcc1fb18863e/656742445551050623.npz
012274b23d205aca5d3fbb2fbc0be1ef4b53c3f7e65a6dc4769b47fc9f93dca8,1298639,animations/highest-quality/animation_recovery_report.json
e348421cbd40ce0ed43ef8574c4580b94d512fda64ee78f95e966c2c944ebc91,171846,animations/scalar-recovered/full-source/102847481/CAB-00e8dae3c8695a5fec36908196b88b5a/-8503893327316144235/Avatar_Female_Size02_Remielle_Origin_Default_Ani_SwitchOut_AirState_Back.json
f6d1e38445027a6cad3c549f0b90ea456747a944075a5f56a1cab72b27121232,8587,animations/scalar-recovered/full-source/102847481/CAB-00e8dae3c8695a5fec36908196b88b5a/-8503893327316144235/acl-database-bulk.bin
ab0afe885ccd0322eb21c8039285725e073c0668464433e9c801b339809bcb15,24444,animations/scalar-recovered/full-source/102847481/CAB-00e8dae3c8695a5fec36908196b88b5a/-8503893327316144235/native-object.raw
e6d730f6524103a98f716d9d8df305246807145026a30a83086e529fa2d025e6,334,animations/scalar-recovered/full-source/102847481/CAB-00e8dae3c8695a5fec36908196b88b5a/-8503893327316144235/streaming-info.json
22385f4dd8c1a1b4355f7db25a8c7fe6c365dae3428419510d1cfbe5177a7f75,887658,animations/scalar-recovered/full-source/102847481/CAB-00e8dae3c8695a5fec36908196b88b5a/-929057884553090256/Avatar_Female_Size02_Remielle_Origin_Ani_SwitchOut_AirState_Back.json
e4b6bcee892ca5c36f8a6a9ca336e6894a4ae54023dd1b0809006e7cd077b562,58780,animations/scalar-recovered/full-source/102847481/CAB-00e8dae3c8695a5fec36908196b88b5a/-929057884553090256/acl-database-bulk.bin
56b71934df08c8ae8ef341007578559e5c07af46078fd1fe18e794083bdb0310,104484,animations/scalar-recovered/full-source/102847481/CAB-00e8dae3c8695a5fec36908196b88b5a/-929057884553090256/native-object.raw
2f94c278aaaadb1fc94a400f7702d91726c6bf64bb2f3aceed950673fad87018,339,animations/scalar-recovered/full-source/102847481/CAB-00e8dae3c8695a5fec36908196b88b5a/-929057884553090256/streaming-info.json
10315e2caaef497a6c56da39a90647518508f52c3753583d5786eca0cbb5358d,1002590,animations/scalar-recovered/full-source/102847481/CAB-1c77d52a1225dc8eb72e210ec8ff54f5/-5487044827770026367/Avatar_Female_Size02_Remielle_Origin_Ani_Hit_L_Front.json
a1f8090239a1a52f69a6a607f2507ecf4b451bcfa927ef91f3995c68c3a00b70,197749,animations/scalar-recovered/full-source/102847481/CAB-1c77d52a1225dc8eb72e210ec8ff54f5/-5487044827770026367/acl-database-bulk.bin
b8a52500f40f03750dce977b17985afe179451fe327f6b6e8bd421a2dc05f260,183224,animations/scalar-recovered/full-source/102847481/CAB-1c77d52a1225dc8eb72e210ec8ff54f5/-5487044827770026367/native-object.raw
484da1243f635d32b0edeed66ee8c00e78ce10a6fe0f38d6d53e86b1b5f21413,337,animations/scalar-recovered/full-source/102847481/CAB-1c77d52a1225dc8eb72e210ec8ff54f5/-5487044827770026367/streaming-info.json
50b9c2f264901d079294687cc0fecac6258431fcd5978213af3eab1cdf587cb6,199315,animations/scalar-recovered/full-source/102847481/CAB-1c77d52a1225dc8eb72e210ec8ff54f5/4158058185425734256/Avatar_Female_Size02_Remielle_Origin_Default_Ani_Hit_L_Front.json
90fcdd34b7dbbb3c57911c1967b46adbae20aa839481c6dc7f33b68b5ec3d123,23886,animations/scalar-recovered/full-source/102847481/CAB-1c77d52a1225dc8eb72e210ec8ff54f5/4158058185425734256/acl-database-bulk.bin
ee8918a89e41515210c8780e32ac22e70cf26068e80d480d19a712d64ce2e6c2,44576,animations/scalar-recovered/full-source/102847481/CAB-1c77d52a1225dc8eb72e210ec8ff54f5/4158058185425734256/native-object.raw
a85eb3cc68c5b304bd0d4be1954e155eabdab4d283e18d518715346ef2e4e74e,340,animations/scalar-recovered/full-source/102847481/CAB-1c77d52a1225dc8eb72e210ec8ff54f5/4158058185425734256/streaming-info.json
52b386cbdda09991a8c57e9e55c772b9062826dbd15a5abbb44df6f3f1fe7d45,1121433,animations/scalar-recovered/full-source/102847481/CAB-5429044575e0ff50fab2b8b898ad357d/6889733307893748972/Avatar_Female_Size02_Remielle_Origin_Ani_Evade_Front.json
e412420dc845f1c11c780e6734ad37f2d9d237adfaaf68e352d61529bd42a6d3,364999,animations/scalar-recovered/full-source/102847481/CAB-5429044575e0ff50fab2b8b898ad357d/6889733307893748972/acl-database-bulk.bin
65a55c0fdf370f6d10f4b233413fb2a1f5086f71075f7e1a9cdc6db45613c4e8,272096,animations/scalar-recovered/full-source/102847481/CAB-5429044575e0ff50fab2b8b898ad357d/6889733307893748972/native-object.raw
c47cf164c346e1f49f9347666878cc70252c6ad5ed3ed821a1a09a2eb35a31f6,337,animations/scalar-recovered/full-source/102847481/CAB-5429044575e0ff50fab2b8b898ad357d/6889733307893748972/streaming-info.json
2392b65a536f7096186a3892ca8f3f6bd801dd972eff7b1774b338f267b40838,243448,animations/scalar-recovered/full-source/102847481/CAB-5429044575e0ff50fab2b8b898ad357d/7807589847472477599/Avatar_Female_Size02_Remielle_Origin_Default_Ani_Evade_Front.json
5316430725871fb062409b6b822fa08942463e8c88ace2bcf75b6c1654e6f8a7,43822,animations/scalar-recovered/full-source/102847481/CAB-5429044575e0ff50fab2b8b898ad357d/7807589847472477599/acl-database-bulk.bin
aad0efe6ca8ff33afce4a3b372fff3f7f5e5b60aa413ca1c863264dccff90697,77728,animations/scalar-recovered/full-source/102847481/CAB-5429044575e0ff50fab2b8b898ad357d/7807589847472477599/native-object.raw
b37d73d95dc1f4b15bfae3e4348a4a757e73206939feb4cb1f7e39b8734621d4,340,animations/scalar-recovered/full-source/102847481/CAB-5429044575e0ff50fab2b8b898ad357d/7807589847472477599/streaming-info.json
fcdfbb9fe57cdddd14fc60842a671b261f3fbaaf9a6f28ef47f3f06faf3d9bd4,973338,animations/scalar-recovered/full-source/102847481/CAB-8a2af431202af655544c1f6939a6e526/-5724022541439689088/Avatar_Female_Size02_Remielle_Origin_Ani_Attack_Burst_Ex_02.json
c17eac18240064d461054964006ced808fddbca0c2e12b1fe49ed47283fef832,219183,animations/scalar-recovered/full-source/102847481/CAB-8a2af431202af655544c1f6939a6e526/-5724022541439689088/acl-database-bulk.bin
d5d6711d6dd11dde35580f6ea0a016b0b8d72bf51f56621385fe9db037ca38f1,164672,animations/scalar-recovered/full-source/102847481/CAB-8a2af431202af655544c1f6939a6e526/-5724022541439689088/native-object.raw
79ca70d4c1468f3f12ed953d1758d081976021623f57810a330a0f4da5634aa6,341,animations/scalar-recovered/full-source/102847481/CAB-8a2af431202af655544c1f6939a6e526/-5724022541439689088/streaming-info.json
c26cbb4ed0fb37046d575b0af6597931bbab050c8991765114c1701fa1f4f2fc,192561,animations/scalar-recovered/full-source/102847481/CAB-8a2af431202af655544c1f6939a6e526/-6889905996062850525/Avatar_Female_Size02_Remielle_Origin_Default_Ani_Attack_Burst_Ex_02_End.json
2205afc99c4d6cd3d0d8fa6b00e8cb55aa229a67dec229016b4701ddd76d971f,18679,animations/scalar-recovered/full-source/102847481/CAB-8a2af431202af655544c1f6939a6e526/-6889905996062850525/acl-database-bulk.bin
09dbead5e5c4132ade8e7cd7f7129cdfd78e00ba0e38bda8df45af15845ee801,39868,animations/scalar-recovered/full-source/102847481/CAB-8a2af431202af655544c1f6939a6e526/-6889905996062850525/native-object.raw
af72f4734136bbfed55454b7aa674af5e657ef40a182cf573fc8c44607633c57,335,animations/scalar-recovered/full-source/102847481/CAB-8a2af431202af655544c1f6939a6e526/-6889905996062850525/streaming-info.json
468d3e8268779564cc4dec87cb9a3a719aa786cde0ffd1ae10b278d1382c42ca,958115,animations/scalar-recovered/full-source/102847481/CAB-8a2af431202af655544c1f6939a6e526/3246741233040945598/Avatar_Female_Size02_Remielle_Origin_Ani_Attack_Burst_Ex_02_End.json
2f0f3675c247f4e781e1603086b0509fea72fcf1c7fc1ce9f740314578f95c37,140606,animations/scalar-recovered/full-source/102847481/CAB-8a2af431202af655544c1f6939a6e526/3246741233040945598/acl-database-bulk.bin
57e1a296e16e40b3f0cd0b8d593154f1e478e6ff67eab99969213a9d3a85dce7,153812,animations/scalar-recovered/full-source/102847481/CAB-8a2af431202af655544c1f6939a6e526/3246741233040945598/native-object.raw
ba7874b908bf5025efff6eae5345ea32d129408fc01b6da88b92bc2c25c5e060,342,animations/scalar-recovered/full-source/102847481/CAB-8a2af431202af655544c1f6939a6e526/3246741233040945598/streaming-info.json
a5bc3e082f0e1688fa5bd11fd285deace7f808a550fc715cd0412d1496a6edb1,203797,animations/scalar-recovered/full-source/102847481/CAB-8a2af431202af655544c1f6939a6e526/7520176871862997284/Avatar_Female_Size02_Remielle_Origin_Default_Ani_Attack_Burst_Ex_02.json
c3df63283d020c70e9961bed59767559cf6353b15ed46747612b8c0f54ad5ab0,32790,animations/scalar-recovered/full-source/102847481/CAB-8a2af431202af655544c1f6939a6e526/7520176871862997284/acl-database-bulk.bin
e477ba950648da62a5643cdb52e3e80f881e58bedd1ef036e74a77f7eab39eea,48264,animations/scalar-recovered/full-source/102847481/CAB-8a2af431202af655544c1f6939a6e526/7520176871862997284/native-object.raw
ea9b6e1f043fe78df38b97e0bc8c943a9cce9f8a41a9fa6b6886f1ee36141c52,340,animations/scalar-recovered/full-source/102847481/CAB-8a2af431202af655544c1f6939a6e526/7520176871862997284/streaming-info.json
fb527e1ce2f71112ab22447016212190856593819d330fd58dac74644e0e710e,1038130,animations/scalar-recovered/full-source/102847481/CAB-9af1ea5d8a69568e15a5ea4b98240113/-1644446915680665024/Avatar_Female_Size02_Remielle_Origin_Ani_Attack_Counter_End.json
0f7bf75cd9b80200939de3a835052c6580b4c29556c6ad1aa37c86d57c5ece72,251817,animations/scalar-recovered/full-source/102847481/CAB-9af1ea5d8a69568e15a5ea4b98240113/-1644446915680665024/acl-database-bulk.bin
7a3608065da5632fc62a2f38d01e480b0ab0ef2151973a2de62589463bc4cfb9,210044,animations/scalar-recovered/full-source/102847481/CAB-9af1ea5d8a69568e15a5ea4b98240113/-1644446915680665024/native-object.raw
a88945742ba4eb153cded453a317bd4b60c13aa06b426ac493661bae776212e8,337,animations/scalar-recovered/full-source/102847481/CAB-9af1ea5d8a69568e15a5ea4b98240113/-1644446915680665024/streaming-info.json
7c3c249c277f0947514018fb6cb52d0f77c12ab1ad5197c5f689316efccb4dc6,177412,animations/scalar-recovered/full-source/102847481/CAB-9af1ea5d8a69568e15a5ea4b98240113/485121230454011730/Avatar_Female_Size02_Remielle_Origin_Default_Ani_Attack_Counter.json
cefd2767b21d785865b7077ed2a3b7f4517223fd116f2a94d5fd47506edd6f9a,12098,animations/scalar-recovered/full-source/102847481/CAB-9af1ea5d8a69568e15a5ea4b98240113/485121230454011730/acl-database-bulk.bin
f61ba8ece423ba6df411b40a79686a8ae11c4e64dea7fce1288cef60904ed089,28468,animations/scalar-recovered/full-source/102847481/CAB-9af1ea5d8a69568e15a5ea4b98240113/485121230454011730/native-object.raw
75d94e94c1f7ab6bbf6f015c384d25dd9eeb18d90c3c52896c41b9bc25d18e82,340,animations/scalar-recovered/full-source/102847481/CAB-9af1ea5d8a69568e15a5ea4b98240113/485121230454011730/streaming-info.json
fdb66adb7e0e093939e8629b69c0a6d2fa69e59a1c8692a66a5e704347f20190,212517,animations/scalar-recovered/full-source/102847481/CAB-9af1ea5d8a69568e15a5ea4b98240113/521717370930988612/Avatar_Female_Size02_Remielle_Origin_Default_Ani_Attack_Counter_End.json
373efc8fb749b55016fd90649f02f5bf675d00e88ccebba3bb13ee93af2df111,31821,animations/scalar-recovered/full-source/102847481/CAB-9af1ea5d8a69568e15a5ea4b98240113/521717370930988612/acl-database-bulk.bin
231fa97167a2213552e11be6dde492dbdb3de0c26d26b3ec9832fa7de96659ad,54712,animations/scalar-recovered/full-source/102847481/CAB-9af1ea5d8a69568e15a5ea4b98240113/521717370930988612/native-object.raw
d7f027765ec287f7dbb16f4e2a14ddf999c2e3e2dcfe7ab1be51e9511f92966a,340,animations/scalar-recovered/full-source/102847481/CAB-9af1ea5d8a69568e15a5ea4b98240113/521717370930988612/streaming-info.json
5d04c823e20cde576596c537ea10bc3a974de9e74002fb7dd8541fc7c47ba059,910417,animations/scalar-recovered/full-source/102847481/CAB-9af1ea5d8a69568e15a5ea4b98240113/5225909447599136991/Avatar_Female_Size02_Remielle_Origin_Ani_Attack_Counter.json
3b82c793523376f6a9db1bb1f7b4dba1d039593a0c7aab5d763fafc692cd3ceb,96142,animations/scalar-recovered/full-source/102847481/CAB-9af1ea5d8a69568e15a5ea4b98240113/5225909447599136991/acl-database-bulk.bin
b113c90319fa4c8dc404a041f51beca9874ac43c0658cc2a9c91f12b1f92c270,118292,animations/scalar-recovered/full-source/102847481/CAB-9af1ea5d8a69568e15a5ea4b98240113/5225909447599136991/native-object.raw
77924a290af183af7d3f208842f9effaf1d44bc46ccd52ab65d107b9fea17a27,341,animations/scalar-recovered/full-source/102847481/CAB-9af1ea5d8a69568e15a5ea4b98240113/5225909447599136991/streaming-info.json
55eb138079779b5098f595406cd7a4774b827a86b5890e3feb78d111154aa41c,958497,animations/scalar-recovered/full-source/102847481/CAB-a6983a3896095e5d0d0ca7300e520f51/-4405432581584559684/Avatar_Female_Size02_Remielle_Origin_Ani_Finish_Ex_AirState.json
ae81a447d101dd0e3d6bcf92de63156ad9c74a8594c37e9c57e5b3976365402b,174456,animations/scalar-recovered/full-source/102847481/CAB-a6983a3896095e5d0d0ca7300e520f51/-4405432581584559684/acl-database-bulk.bin
5b44234034302cf84419b62f25c637ba3bda5f08e159fb4b5ff0b1ac58b370f7,153532,animations/scalar-recovered/full-source/102847481/CAB-a6983a3896095e5d0d0ca7300e520f51/-4405432581584559684/native-object.raw
4e6ad1302ac1c15ba9ae3180f5b30de9ad4a5bc24436b318aa003ebcb54ce3b3,341,animations/scalar-recovered/full-source/102847481/CAB-a6983a3896095e5d0d0ca7300e520f51/-4405432581584559684/streaming-info.json
210a929f0185190825d90b5fa841a92df236e1b8890001c1192671098c5eeaa4,224429,animations/scalar-recovered/full-source/102847481/CAB-a6983a3896095e5d0d0ca7300e520f51/-8803156122219701776/Avatar_Female_Size02_Remielle_Origin_Default_Ani_Finish_Ex_AirState_End.json
decb46ae433d134c1a85d8d5cf9acf2c0fcee866ff1157ef2fd9ba79127a81ce,37026,animations/scalar-recovered/full-source/102847481/CAB-a6983a3896095e5d0d0ca7300e520f51/-8803156122219701776/acl-database-bulk.bin
69aaf9bb1fb025fb16d78281f9d2a22da101b3c6dfc6db6f15452982c4069cc0,63180,animations/scalar-recovered/full-source/102847481/CAB-a6983a3896095e5d0d0ca7300e520f51/-8803156122219701776/native-object.raw
e5344a13e8649e9b9b465490feb2a17f266f69e2f4414eb26db08c1c3c2695ca,335,animations/scalar-recovered/full-source/102847481/CAB-a6983a3896095e5d0d0ca7300e520f51/-8803156122219701776/streaming-info.json
7b370a615e9da917670bf5e14b75d6835e52dbbf93ea717688e53251e390c61b,194612,animations/scalar-recovered/full-source/102847481/CAB-a6983a3896095e5d0d0ca7300e520f51/4633368758962200941/Avatar_Female_Size02_Remielle_Origin_Default_Ani_Finish_Ex_AirState.json
fecec753e66c71a1b592b50aadaf4aca022e9953c37c5edb7dc70e186685d089,24227,animations/scalar-recovered/full-source/102847481/CAB-a6983a3896095e5d0d0ca7300e520f51/4633368758962200941/acl-database-bulk.bin
ee4fcfa44a544a167e0fdd4fe75ccc8faf6956c8d39240358325989d52fa1d2f,41368,animations/scalar-recovered/full-source/102847481/CAB-a6983a3896095e5d0d0ca7300e520f51/4633368758962200941/native-object.raw
9bc7c0d43a8558b09aba114275fe8672c587f42ec8ae4f57978fc4f5eaec35d3,340,animations/scalar-recovered/full-source/102847481/CAB-a6983a3896095e5d0d0ca7300e520f51/4633368758962200941/streaming-info.json
7eb5d7df9b3d5177f9f89fb3380f4c21bcb4b1dbc24c15fabf439912e209c2d8,1068985,animations/scalar-recovered/full-source/102847481/CAB-a6983a3896095e5d0d0ca7300e520f51/8462630438214950599/Avatar_Female_Size02_Remielle_Origin_Ani_Finish_Ex_AirState_End.json
95284d0944ca13d203d6041db6e42bbf1e347ae8d34caa386989f54acb69ea1b,300518,animations/scalar-recovered/full-source/102847481/CAB-a6983a3896095e5d0d0ca7300e520f51/8462630438214950599/acl-database-bulk.bin
d005fef1344d08f6aeb88e18688a8b792ba852ad5220947b501d56319521efbd,234592,animations/scalar-recovered/full-source/102847481/CAB-a6983a3896095e5d0d0ca7300e520f51/8462630438214950599/native-object.raw
8f3d39cbcf2811fc68dcc7bb6170951ee157043f6efa1b825443cb24198049a2,342,animations/scalar-recovered/full-source/102847481/CAB-a6983a3896095e5d0d0ca7300e520f51/8462630438214950599/streaming-info.json
63f6d3b5c1ff24b6fd21af08956dc15b9128ccb2c7a5efdca9d53bb39a22c7e7,193124,animations/scalar-recovered/full-source/102847481/CAB-b618c17e0ed2d6f851f86ae5aef2ecd2/-8290319353614040747/Avatar_Female_Size02_Remielle_Origin_Default_Ani_Move_F_AirBack_Loop.json
d372633795ccec243850fc0478639e306d614ae18bd85753d0bbb00d9f768444,25235,animations/scalar-recovered/full-source/102847481/CAB-b618c17e0ed2d6f851f86ae5aef2ecd2/-8290319353614040747/acl-database-bulk.bin
c21476c86816dd2b19877ecdc970a2dea3b337ce48df4ad84b8af2e2b3be9843,40536,animations/scalar-recovered/full-source/102847481/CAB-b618c17e0ed2d6f851f86ae5aef2ecd2/-8290319353614040747/native-object.raw
c1d89c4982ed23161033282c4260cbe16777e608944a78f26ca50a34b4e395c1,335,animations/scalar-recovered/full-source/102847481/CAB-b618c17e0ed2d6f851f86ae5aef2ecd2/-8290319353614040747/streaming-info.json
a88f83e382949160bb5207421920b960ded31e60adfdb771745fa027b27ad1cd,938592,animations/scalar-recovered/full-source/102847481/CAB-b618c17e0ed2d6f851f86ae5aef2ecd2/2420885211496853281/Avatar_Female_Size02_Remielle_Origin_Ani_Move_F_AirBack_Loop.json
62b48611bf87d25778e72d4a2644572392848804958826b852839d03ebaa61c2,161311,animations/scalar-recovered/full-source/102847481/CAB-b618c17e0ed2d6f851f86ae5aef2ecd2/2420885211496853281/acl-database-bulk.bin
a1d4d818a837c3133924bb2581c200625c52d4de5c2aa93d48867ff1f4d4101d,144700,animations/scalar-recovered/full-source/102847481/CAB-b618c17e0ed2d6f851f86ae5aef2ecd2/2420885211496853281/native-object.raw
d8f43417c4365665c240364187fbcd33a4910a822c3d680bb21ede7c26c23b68,341,animations/scalar-recovered/full-source/102847481/CAB-b618c17e0ed2d6f851f86ae5aef2ecd2/2420885211496853281/streaming-info.json
37915b5baf5ac9d13d9ca616d80ef321b53d238e14a41b5a0e495960891f71ed,222603,animations/scalar-recovered/full-source/102847481/CAB-cbb7d42202fed0705a9c77c2ef34be2a/-5433537715502596119/Avatar_Female_Size02_Remielle_Origin_Default_Ani_Walk_End.json
6cd115fbd036928aa1b35be3036c152faae0c5a0314550e13b2372126773d1ea,34228,animations/scalar-recovered/full-source/102847481/CAB-cbb7d42202fed0705a9c77c2ef34be2a/-5433537715502596119/acl-database-bulk.bin
aef4d1e556600640fcd5f973020e34e2e28c97a5439c09d838eac38fd975bf77,62064,animations/scalar-recovered/full-source/102847481/CAB-cbb7d42202fed0705a9c77c2ef34be2a/-5433537715502596119/native-object.raw
570b9265846c3c1f936ac408b1ea538609e7a26d968fbd18da0403cbcb2c3bde,335,animations/scalar-recovered/full-source/102847481/CAB-cbb7d42202fed0705a9c77c2ef34be2a/-5433537715502596119/streaming-info.json
4c3e0af7d126d367e005fbe4c907c7ad71bebfd4b9219660900a446f43f36c9b,1081959,animations/scalar-recovered/full-source/102847481/CAB-cbb7d42202fed0705a9c77c2ef34be2a/8521723471483421154/Avatar_Female_Size02_Remielle_Origin_Ani_Walk_End.json
b5d0493268d588bb28779e8d81740ea14e56dc103776f2d72997a1ed90d7a9ee,323733,animations/scalar-recovered/full-source/102847481/CAB-cbb7d42202fed0705a9c77c2ef34be2a/8521723471483421154/acl-database-bulk.bin
98b22df25b9b76a27cd7b3af0e74b62fbf97980d8d45b79ef465b8f22ec6ac9b,243080,animations/scalar-recovered/full-source/102847481/CAB-cbb7d42202fed0705a9c77c2ef34be2a/8521723471483421154/native-object.raw
f82aa15e9821022c2fb9fde8a24dbd968897f8c98620ba7ca581f9dc9918de68,341,animations/scalar-recovered/full-source/102847481/CAB-cbb7d42202fed0705a9c77c2ef34be2a/8521723471483421154/streaming-info.json
5994b07d261c47600722cffa4fbba76e59949269908505a14543b352fbc1a3cf,345962,animations/scalar-recovered/full-source/1142011360/CAB-0d2764bbd9198836d4bfd1899f3dd52f/6603020687848131403/Eff_RemielleOrigin_Skill_01_01_Feather.json
a3661cabe165e09b5635aa8d24cc959203785844a0b529461fb45ebbfa7d4398,32648,animations/scalar-recovered/full-source/1142011360/CAB-0d2764bbd9198836d4bfd1899f3dd52f/6603020687848131403/native-object.raw
b6d154d3f6fae1ddaf0718a94cba3a1e3ca4fd4b5aebcddc6d9e3d9265acd829,466214,animations/scalar-recovered/full-source/1142011360/CAB-1ce135978d09e031bb8aa60c1d3da48a/1497543314043906404/Eff_RemielleOrigin_DtoS1_01_Feather.json
6d6b3552a3d960fbbeec3e61f624ed7ccb8250a3777b137c5ac216b64f57fa3b,43952,animations/scalar-recovered/full-source/1142011360/CAB-1ce135978d09e031bb8aa60c1d3da48a/1497543314043906404/native-object.raw
4b307ccdf7d208c5e27974e8522e7a3076ed4941143c0483599d4f425b2835ba,263185,animations/scalar-recovered/full-source/1142011360/CAB-1eda398b5d574f1e3e15e88f8255c9b7/-7460524143110126118/Eff_RemielleOrigin_S1toE_01_Feather.json
b6c2800ae54957ce35738315fddcf728ecb38555eada7e30b4331111c08a48ce,25124,animations/scalar-recovered/full-source/1142011360/CAB-1eda398b5d574f1e3e15e88f8255c9b7/-7460524143110126118/native-object.raw
c30b3e3eb926684389e75267868d97bc68ba6fcb08c32fcce1aa1c03eb273ae4,466210,animations/scalar-recovered/full-source/1142011360/CAB-2633c12e9540af229a2e0eb4707af800/6396369758570030598/Eff_RemielleOrigin_DtoS1_02_Flare.json
a1e0852254b746e555fcc3267a9e3d1a0ad3e70e79012aed7076944975deac28,43952,animations/scalar-recovered/full-source/1142011360/CAB-2633c12e9540af229a2e0eb4707af800/6396369758570030598/native-object.raw
0324623a2a32f032df22c35312cd2de8724eaa92fdb6506106d61e8168823679,35105,animations/scalar-recovered/full-source/1142011360/CAB-40360f67660cfd7bcfdb87cd6b6d5d77/-3115126872824803177/Avatar_Female_Size02_Remielle_Ani_UI_S1toD.json
e21788696c34f4be3057fe52a8aa6b19f869d4ab0be326f280a991d1d2419d44,9728,animations/scalar-recovered/full-source/1142011360/CAB-40360f67660cfd7bcfdb87cd6b6d5d77/-3115126872824803177/native-object.raw
0f83863a51eb3cf43120b7795f2640588917cba795b0b7b10f9db598d26ff215,589596,animations/scalar-recovered/full-source/1142011360/CAB-573fab6f699cbfa99ae0b18eb39499ce/-3149595177410234352/Eff_RemielleOrigin_S1toD_01_Feather.json
67d86d7409ca1b74f2d7c6cfd9bfa84647005cbfb88fd6a931e02307643aeb52,55148,animations/scalar-recovered/full-source/1142011360/CAB-573fab6f699cbfa99ae0b18eb39499ce/-3149595177410234352/native-object.raw
d0bf10eaf9c7d99e624db624e7f5a8a3c41bfc0d864d1f4c13af217fbf8d19c9,450844,animations/scalar-recovered/full-source/1142011360/CAB-8c5c571c9f4c668d726dab90381d46a1/-628611688075327520/Eff_RemielleOrigin_Skill_01_02_Flare.json
6ee1879c4f0e89134b19cf330383f7ea23a6334bd9cdd8c4b23ff87d5310def0,42420,animations/scalar-recovered/full-source/1142011360/CAB-8c5c571c9f4c668d726dab90381d46a1/-628611688075327520/native-object.raw
337da4e487b4b1eecaef69c457812d4e1ec4efe64a1846720fdcd2e765dd30cc,176523,animations/scalar-recovered/full-source/1142011360/CAB-91de6474ea1d7f1621b96d3a4c8fc41b/-8680715957317207103/Eff_RemielleOrigin_S1toD_02_Flare.json
4d56ed9a03fbdd28d5512251ca1c969a2e0fbb3c31e6d903d51f7bccb63c2b59,16044,animations/scalar-recovered/full-source/1142011360/CAB-91de6474ea1d7f1621b96d3a4c8fc41b/-8680715957317207103/native-object.raw
31bbb4791b8e12abc6563f2a27450b9883b299530cfeea8f9ca70286bd96f798,96616,animations/scalar-recovered/full-source/1142011360/CAB-aa60e94a0ac45618ac218bd885410a8f/9081749898512092679/Eff_RemielleOrigin_S1toE_02_Flare.json
8c02b0e9a986bfe5bd167aaf88c17d5a729f9daae45c8a43410df9f8a06a681d,9268,animations/scalar-recovered/full-source/1142011360/CAB-aa60e94a0ac45618ac218bd885410a8f/9081749898512092679/native-object.raw
a7675b1875399f51da3fd56f776e806afe046787de437a59296e5b9aeddede81,30752,animations/scalar-recovered/full-source/1142011360/CAB-e3882721d7998c399ffbd2175c4d4b00/-655282020600436675/Avatar_Female_Size02_Remielle_Ani_UI_DtoS1.json
46e0985c4d0c966dd2c5bbe08ca64490e835feb110485624be91b9ba3be4e7ca,7896,animations/scalar-recovered/full-source/1142011360/CAB-e3882721d7998c399ffbd2175c4d4b00/-655282020600436675/native-object.raw
4f70a68c2f9a923a4e3d7c2184b68c6716251599f5d459e21ddd15bfc7fa337a,192432,animations/scalar-recovered/full-source/1186972585/CAB-025ec63081710535a751715600ae5afc/1539313848409567955/Avatar_Female_Size02_Remielle_Origin_Default_Ani_UI_Equipment.json
86d1beb4b763f75bb6d6929741d5b49d7b655a33f6f147d30c84fefdf2087a88,24895,animations/scalar-recovered/full-source/1186972585/CAB-025ec63081710535a751715600ae5afc/1539313848409567955/acl-database-bulk.bin
4b102e6fb944d4a9cc28916de27435461a2ea20b1ab82041755e5acdf8ee058a,39988,animations/scalar-recovered/full-source/1186972585/CAB-025ec63081710535a751715600ae5afc/1539313848409567955/native-object.raw
d5b6ce5e71b2ee069bf8580c6e066daf0a459c5bcd179fd1f9e425b5464d7407,335,animations/scalar-recovered/full-source/1186972585/CAB-025ec63081710535a751715600ae5afc/1539313848409567955/streaming-info.json
a68bb95422a90ddfa7813a9835db0efb4f127a4008e0e9de10d7a397d844bf2f,946748,animations/scalar-recovered/full-source/1186972585/CAB-025ec63081710535a751715600ae5afc/6811696467375545514/Avatar_Female_Size02_Remielle_Origin_Ani_UI_Equipment.json
ef468bfa9b54c98875cd198ac9344ef9357a3380ab5a2e4f6f0b371ad6787901,195859,animations/scalar-recovered/full-source/1186972585/CAB-025ec63081710535a751715600ae5afc/6811696467375545514/acl-database-bulk.bin
df7bdfbc01766742217862bcb1ea27ae4d6bd6babe7ce584e8b9a4df9e5a2ead,148800,animations/scalar-recovered/full-source/1186972585/CAB-025ec63081710535a751715600ae5afc/6811696467375545514/native-object.raw
2141ef0a140611f574f7be672034d029c3d7ad2d72d3d12442ed0b3f10ce22ee,341,animations/scalar-recovered/full-source/1186972585/CAB-025ec63081710535a751715600ae5afc/6811696467375545514/streaming-info.json
41a53f9229d0f6648201324789367fd54b7f1a21dda7656182be5220ba9286f2,204719,animations/scalar-recovered/full-source/1186972585/CAB-611b1b8a6d2293f56d406ad34f154181/-4642342276331182895/Avatar_Female_Size02_Remielle_Origin_Default_Ani_Gal_Think_Loop.json
5d8d2c1087a47b58e8aa93ea5416545b00540130af2bd775197bd3de6467d64d,34096,animations/scalar-recovered/full-source/1186972585/CAB-611b1b8a6d2293f56d406ad34f154181/-4642342276331182895/acl-database-bulk.bin
8d000bc39b9e4dff8c5bf5beedc8e8dea25ce33995e1fb45824300d59d6d4ea1,48948,animations/scalar-recovered/full-source/1186972585/CAB-611b1b8a6d2293f56d406ad34f154181/-4642342276331182895/native-object.raw
fa461854d3963159557e247358c36f83a1e1b0a712434f60e6ba04be42781eec,340,animations/scalar-recovered/full-source/1186972585/CAB-611b1b8a6d2293f56d406ad34f154181/-4642342276331182895/streaming-info.json
f1e07c73b62cb69529c4f503c38aa9409dbe113b9bcdcffb24a91925068ab1c8,946388,animations/scalar-recovered/full-source/1186972585/CAB-611b1b8a6d2293f56d406ad34f154181/-5130596990700648998/Avatar_Female_Size02_Remielle_Origin_Ani_Gal_Think_Loop.json
8a6a5467f0a6b9edea8248336a6c5872d94cd0c8f9940eb185fed06b3043a481,190098,animations/scalar-recovered/full-source/1186972585/CAB-611b1b8a6d2293f56d406ad34f154181/-5130596990700648998/acl-database-bulk.bin
e050886d174c1bb0dfe1109dca7b6f97315621d4e962866c939b8791fe7b8dac,147936,animations/scalar-recovered/full-source/1186972585/CAB-611b1b8a6d2293f56d406ad34f154181/-5130596990700648998/native-object.raw
072105f358da111768dd6a5d9b4b842890ddc2498b72fb471e8255e772a93bfc,337,animations/scalar-recovered/full-source/1186972585/CAB-611b1b8a6d2293f56d406ad34f154181/-5130596990700648998/streaming-info.json
c8b66107bb55990ba00f0ab085eb124cd93784fa8690240aa6abdc19aee35393,938170,animations/scalar-recovered/full-source/1186972585/CAB-69f28d52a67ea219a2c69ad5a7ac4d06/-4170381540393360754/Avatar_Female_Size02_Remielle_Origin_Ani_Gal_Happy_End.json
784e989985164f010e1c111cb8aef7216932ffb281ee88e0a112d23a2960ecec,180030,animations/scalar-recovered/full-source/1186972585/CAB-69f28d52a67ea219a2c69ad5a7ac4d06/-4170381540393360754/acl-database-bulk.bin
92d4cab51b7c8c13489529774c1989d7088cbdc2a76493ac3add3b803047cd36,143160,animations/scalar-recovered/full-source/1186972585/CAB-69f28d52a67ea219a2c69ad5a7ac4d06/-4170381540393360754/native-object.raw
adbb90c0cf922106cccf62bf4f76ff603a9e77dd43264bc30acfce4951f918f2,341,animations/scalar-recovered/full-source/1186972585/CAB-69f28d52a67ea219a2c69ad5a7ac4d06/-4170381540393360754/streaming-info.json
553ad67b6c231105808b99491f05efdb82e895cc68e08590e1d1f91bafe68551,206756,animations/scalar-recovered/full-source/1186972585/CAB-69f28d52a67ea219a2c69ad5a7ac4d06/-4412330399154329950/Avatar_Female_Size02_Remielle_Origin_Default_Ani_Gal_Happy_End.json
617a0c3b45efcf4a2fed6a14f1e7161419c3fb8f2f33be36af7706451b4ecb20,33460,animations/scalar-recovered/full-source/1186972585/CAB-69f28d52a67ea219a2c69ad5a7ac4d06/-4412330399154329950/acl-database-bulk.bin
3aac453ff2ff951b6949a37875dc92fe2eb540876c8389290702c34554e34f33,50292,animations/scalar-recovered/full-source/1186972585/CAB-69f28d52a67ea219a2c69ad5a7ac4d06/-4412330399154329950/native-object.raw
e93c15b9d1d621debb36d81ee1bbea605c08a90ac0897a4da0fb9881400ef2ab,335,animations/scalar-recovered/full-source/1186972585/CAB-69f28d52a67ea219a2c69ad5a7ac4d06/-4412330399154329950/streaming-info.json
964cfda3ec5f5d19ab1cacb4d419f85f5817cb8138fe1123b4cf61cd46dc148c,946479,animations/scalar-recovered/full-source/1186972585/CAB-6db348098761db4032082455b032f42f/1253384568466234109/Avatar_Female_Size02_Remielle_Origin_Ani_Gal_Idle.json
d6acadf57543fd4e0a5ff9b873d1ad753d6ca9c04ced374969252c9bd0d7e060,200744,animations/scalar-recovered/full-source/1186972585/CAB-6db348098761db4032082455b032f42f/1253384568466234109/acl-database-bulk.bin
8a36f8263f9b65d18013a007f20495791a0100ca6429860852db0b831b033cf4,150668,animations/scalar-recovered/full-source/1186972585/CAB-6db348098761db4032082455b032f42f/1253384568466234109/native-object.raw
346e9800b229dc05fbf353f1dd86a385dd646d6ebd51529f91d2759df56e5454,337,animations/scalar-recovered/full-source/1186972585/CAB-6db348098761db4032082455b032f42f/1253384568466234109/streaming-info.json
dbcaf0c43ac6b524a78a547347bce6780d1219991fba005de4a72fd3c452a757,206426,animations/scalar-recovered/full-source/1186972585/CAB-6db348098761db4032082455b032f42f/2555431876738953443/Avatar_Female_Size02_Remielle_Origin_Default_Ani_Gal_Idle.json
edb925587d12d61d3fe217c9e71458c85b210b9f018fb50c341e3565b649dcca,35820,animations/scalar-recovered/full-source/1186972585/CAB-6db348098761db4032082455b032f42f/2555431876738953443/acl-database-bulk.bin
49836bf762d6f5673212d71c1d66a1ac34ad9f9752cf4a65d179be1947947b9a,50288,animations/scalar-recovered/full-source/1186972585/CAB-6db348098761db4032082455b032f42f/2555431876738953443/native-object.raw
cd19336a0cd32b6b67958cd123db1117aa10bb50818b231c7905b49fba3d2f88,340,animations/scalar-recovered/full-source/1186972585/CAB-6db348098761db4032082455b032f42f/2555431876738953443/streaming-info.json
9dca1e023b1621ef1c4469b740ddad95e7e7eb7785cb296aad847ef65254f569,199247,animations/scalar-recovered/full-source/1186972585/CAB-977e42edf66c0e48afb9bbc0b7490d91/2045774491675328414/Avatar_Female_Size02_Remielle_Origin_Default_Ani_Gal_Sad_End.json
bc5b6d53b81b4431bd20b6b37b4b0737df1c3f30daaf982cd4a9946043bfcb83,27775,animations/scalar-recovered/full-source/1186972585/CAB-977e42edf66c0e48afb9bbc0b7490d91/2045774491675328414/acl-database-bulk.bin
3918f96e4cd479279a2be7f4bb3aa3700c339f4656557c8fb59c24cf4cccce99,44704,animations/scalar-recovered/full-source/1186972585/CAB-977e42edf66c0e48afb9bbc0b7490d91/2045774491675328414/native-object.raw
3f00bfde66ea5f9788b433d3d5d19c31d864d67f61a4d72a656bfd7713886cf0,335,animations/scalar-recovered/full-source/1186972585/CAB-977e42edf66c0e48afb9bbc0b7490d91/2045774491675328414/streaming-info.json
6142a430615bf97b09b6d8e4db757b1141db0cc10475f9c0895cc07db1b04676,947039,animations/scalar-recovered/full-source/1186972585/CAB-977e42edf66c0e48afb9bbc0b7490d91/5878337502696187076/Avatar_Female_Size02_Remielle_Origin_Ani_Gal_Sad_End.json
dae94b3960cb438b770ce7aa5bb95090387f16b3c1d1066db1583197bdd67a3d,176687,animations/scalar-recovered/full-source/1186972585/CAB-977e42edf66c0e48afb9bbc0b7490d91/5878337502696187076/acl-database-bulk.bin
8d8ea9a7c837335787f361c7a271901b28e3ec9072d6043356545d51a58964b0,144992,animations/scalar-recovered/full-source/1186972585/CAB-977e42edf66c0e48afb9bbc0b7490d91/5878337502696187076/native-object.raw
e08f1cdce10fb6fd275dbf504e1069ea678c91c67ddeb4c72a80596847a2a5e2,341,animations/scalar-recovered/full-source/1186972585/CAB-977e42edf66c0e48afb9bbc0b7490d91/5878337502696187076/streaming-info.json
348183904ae2146874fca49088e1b4407561b90e344cfd334799789b67b0c124,969347,animations/scalar-recovered/full-source/1186972585/CAB-b239bb2c6995b6391056baf7e0580bba/-2912069511717118028/Avatar_Female_Size02_Remielle_Origin_Ani_UI_S1toE.json
b3c545518776d2003995f14291188583eece3ff4fb61efa3c97fe3cd7e6ba9bf,203489,animations/scalar-recovered/full-source/1186972585/CAB-b239bb2c6995b6391056baf7e0580bba/-2912069511717118028/acl-database-bulk.bin
b54b3bd6ab468669c2e3f47a7337482d7065db65ae58bd04c2fa3841d4b415cf,159736,animations/scalar-recovered/full-source/1186972585/CAB-b239bb2c6995b6391056baf7e0580bba/-2912069511717118028/native-object.raw
17cf1dc6e3855dc768fcad5bcbf8c2b8590368e9cd6556740bc58558ebdc4cd2,337,animations/scalar-recovered/full-source/1186972585/CAB-b239bb2c6995b6391056baf7e0580bba/-2912069511717118028/streaming-info.json
23988f3ca40f494706411eb9c40d1eeafb32c6fc8aa4cf4c19f7cfabd6eb995e,202516,animations/scalar-recovered/full-source/1186972585/CAB-b239bb2c6995b6391056baf7e0580bba/1465532539227399683/Avatar_Female_Size02_Remielle_Origin_Default_Ani_UI_S1toE.json
a4f1a19d64610d6c92fbb75b108163dd63c652abc8e21179c0ec9e6a50234fe7,29260,animations/scalar-recovered/full-source/1186972585/CAB-b239bb2c6995b6391056baf7e0580bba/1465532539227399683/acl-database-bulk.bin
34aa3b05afe3d5676c9a96a6b47ae75ecbc9c38b7759b269e9d18591334a99eb,47184,animations/scalar-recovered/full-source/1186972585/CAB-b239bb2c6995b6391056baf7e0580bba/1465532539227399683/native-object.raw
9ab56a25866862d73d687ad80e496d97cde42325a28eb7d1f0b6f84bf9e990ed,340,animations/scalar-recovered/full-source/1186972585/CAB-b239bb2c6995b6391056baf7e0580bba/1465532539227399683/streaming-info.json
219033e3ea6da3c0f4d12e92d202c07af0346cc2986b84643a37cc631ab877b4,954033,animations/scalar-recovered/full-source/1186972585/CAB-bdb8d9e84a389a38d42a00e37b98ca22/-8200816506748520153/Avatar_Female_Size02_Remielle_Origin_Ani_Gal_Special_Start.json
8ca09e9714eff593b5b3013bf8cfe1e2c5cb0d1777a4fc0ea33220152f35baf4,179535,animations/scalar-recovered/full-source/1186972585/CAB-bdb8d9e84a389a38d42a00e37b98ca22/-8200816506748520153/acl-database-bulk.bin
0d3679cd866a07fa00e4faa975d352a04b48facfd8ee93a962f39c443e0db4c9,149832,animations/scalar-recovered/full-source/1186972585/CAB-bdb8d9e84a389a38d42a00e37b98ca22/-8200816506748520153/native-object.raw
37a54343d311c1bfa3359565a997c9ce8a30deca6a0dfb097b8b25450828a854,337,animations/scalar-recovered/full-source/1186972585/CAB-bdb8d9e84a389a38d42a00e37b98ca22/-8200816506748520153/streaming-info.json
2296e87537156e69f92021e3970de0c841e2ab3c23c8c4c86027502182bf11a3,203263,animations/scalar-recovered/full-source/1186972585/CAB-bdb8d9e84a389a38d42a00e37b98ca22/472486514639819991/Avatar_Female_Size02_Remielle_Origin_Default_Ani_Gal_Special_Start.json
798eec4a916c255b0e0b055e101ff6e8b36086b896df8d67bfa933a117911db6,31335,animations/scalar-recovered/full-source/1186972585/CAB-bdb8d9e84a389a38d42a00e37b98ca22/472486514639819991/acl-database-bulk.bin
74a48be6cc0cdace483da01329ba8a193487363eb5556ce29ba0662fe43fab98,47736,animations/scalar-recovered/full-source/1186972585/CAB-bdb8d9e84a389a38d42a00e37b98ca22/472486514639819991/native-object.raw
81ce12815ed9f22dc9658f871817ff49301c2aebf6d96c30e399c5a5e904b672,340,animations/scalar-recovered/full-source/1186972585/CAB-bdb8d9e84a389a38d42a00e37b98ca22/472486514639819991/streaming-info.json
e6abefacd6dd423d2c24cd51f2c13b5d5d9ef0d5c5b61b4079924debb84a33b1,965955,animations/scalar-recovered/full-source/1186972585/CAB-bf111adf0be9e1a866f4509d03f887f2/-4696264967594137980/Avatar_Female_Size02_Remielle_Origin_Ani_UI_Detail.json
6e616fc71cc4ccb8c2a9704cac6bf8ee1be9449a94795f530eefe68c595d0edb,238425,animations/scalar-recovered/full-source/1186972585/CAB-bf111adf0be9e1a866f4509d03f887f2/-4696264967594137980/acl-database-bulk.bin
65aacb01b30825264e111805587c4f050831713e97bf59e81cb52bacaf2a8392,160120,animations/scalar-recovered/full-source/1186972585/CAB-bf111adf0be9e1a866f4509d03f887f2/-4696264967594137980/native-object.raw
09a7c2707c5f96c9a93dfee7af2d03380eaddf13fcf781accd5f615f77438864,341,animations/scalar-recovered/full-source/1186972585/CAB-bf111adf0be9e1a866f4509d03f887f2/-4696264967594137980/streaming-info.json
1f703dae66910e7e4f5ed1bcf670658705d05c2575ac9e3d35809829a7269b85,192265,animations/scalar-recovered/full-source/1186972585/CAB-bf111adf0be9e1a866f4509d03f887f2/-5813938829306315185/Avatar_Female_Size02_Remielle_Origin_Default_Ani_UI_Detail.json
96db012d8bc5e14c9a90e4bdf392cfd59469b07fe0cd611277fb0548f59223b8,24381,animations/scalar-recovered/full-source/1186972585/CAB-bf111adf0be9e1a866f4509d03f887f2/-5813938829306315185/acl-database-bulk.bin
53f06d0419fe315e794e52a975f1e0d90e63daebf32eba313c85491a955b8bf0,39728,animations/scalar-recovered/full-source/1186972585/CAB-bf111adf0be9e1a866f4509d03f887f2/-5813938829306315185/native-object.raw
6d3ab0617837750729be87e2f17b2336533bc759648c02d406ccf184d820f749,335,animations/scalar-recovered/full-source/1186972585/CAB-bf111adf0be9e1a866f4509d03f887f2/-5813938829306315185/streaming-info.json
241b51ee6dfcf913da3837491f1d49b6176c864dc7f9747038a893241ea0c97a,200683,animations/scalar-recovered/full-source/1186972585/CAB-d006774c3d8ee56af752784bb4bb810b/-1507456339828849665/Avatar_Female_Size02_Remielle_Origin_Default_Ani_Gal_Shy_End.json
21098965fc06097d44b9c0a4c1457ff9472d122d927b49f489032ab4ec60bb02,29320,animations/scalar-recovered/full-source/1186972585/CAB-d006774c3d8ee56af752784bb4bb810b/-1507456339828849665/acl-database-bulk.bin
ec96dce0ea91460e67da2d03939f89ef790f16eda1c2123f250e4b5d7e30b463,45888,animations/scalar-recovered/full-source/1186972585/CAB-d006774c3d8ee56af752784bb4bb810b/-1507456339828849665/native-object.raw
6a529ee2b1a26bade94baffaf510971cf6fffbbc99019f8f4469161abecd2741,340,animations/scalar-recovered/full-source/1186972585/CAB-d006774c3d8ee56af752784bb4bb810b/-1507456339828849665/streaming-info.json
91adfbc3c73484a584978cc8ffed18ecb9baa3e755b4961f148943020ef96327,940050,animations/scalar-recovered/full-source/1186972585/CAB-d006774c3d8ee56af752784bb4bb810b/-3244033172409104278/Avatar_Female_Size02_Remielle_Origin_Ani_Gal_Shy_End.json
8b02926b8c003a390e79caafb70e3a3b63b106e58c6c65a4cbc413d476d324a4,175289,animations/scalar-recovered/full-source/1186972585/CAB-d006774c3d8ee56af752784bb4bb810b/-3244033172409104278/acl-database-bulk.bin
e43ae9cc4e9dd28f580fdc3dba8cbabfafc847cb0e2e451cc04c3e966520abba,143972,animations/scalar-recovered/full-source/1186972585/CAB-d006774c3d8ee56af752784bb4bb810b/-3244033172409104278/native-object.raw
b7f7fa98e4c3ed98270c93141be6b67d00421bbe48469780b7bb50a16ba99643,337,animations/scalar-recovered/full-source/1186972585/CAB-d006774c3d8ee56af752784bb4bb810b/-3244033172409104278/streaming-info.json
9abe8e29f580bb09652fe1182feb86b349e0a548fb1d19d75acffba4caba0544,201890,animations/scalar-recovered/full-source/1186972585/CAB-e89fce5b362afe40ee71e40798b09205/-992807101245387548/Avatar_Female_Size02_Remielle_Origin_Default_Ani_Gal_Surprise_End.json
e5de82b053f83231ee6483dcf22f478f5c14d9de708cc01b9c08355341f68aca,29980,animations/scalar-recovered/full-source/1186972585/CAB-e89fce5b362afe40ee71e40798b09205/-992807101245387548/acl-database-bulk.bin
a162e7beee5696bcb56257820485be57f013734cb25378acc8abe70845830cac,46792,animations/scalar-recovered/full-source/1186972585/CAB-e89fce5b362afe40ee71e40798b09205/-992807101245387548/native-object.raw
8f5edc5f7367013f50c66676bb0099e81572d0e6e4d3001894546cc95dfcd485,335,animations/scalar-recovered/full-source/1186972585/CAB-e89fce5b362afe40ee71e40798b09205/-992807101245387548/streaming-info.json
bd70937f70823912d916092a39dc07cf9cf49cdc5f82794dccc070e28d6c5c02,936830,animations/scalar-recovered/full-source/1186972585/CAB-e89fce5b362afe40ee71e40798b09205/2788974981811062752/Avatar_Female_Size02_Remielle_Origin_Ani_Gal_Surprise_End.json
958a65564c27f0968431e1d3e2a1e2c1648297c3e377ef857dcc7df65468a7b4,174883,animations/scalar-recovered/full-source/1186972585/CAB-e89fce5b362afe40ee71e40798b09205/2788974981811062752/acl-database-bulk.bin
e2d20db5e98d39b7ce1a9829e69bc9be58c2c66f650e8a3eaebce56f146140a3,141952,animations/scalar-recovered/full-source/1186972585/CAB-e89fce5b362afe40ee71e40798b09205/2788974981811062752/native-object.raw
f8792665eeb75ad90b0fbcc21e750ba80dd5c81c94c35d86c4c26052ec98596c,341,animations/scalar-recovered/full-source/1186972585/CAB-e89fce5b362afe40ee71e40798b09205/2788974981811062752/streaming-info.json
881d9c6f79556c4b1b4a9b99b55fc197836a6c7f5f09819b3265d9b348ad90c0,985901,animations/scalar-recovered/full-source/1186972585/CAB-f9e136273b9f4bdce72935ed724fcb43/-5491137950491540181/Avatar_Female_Size02_Remielle_Origin_Ani_UI_S2toD.json
115573bfe285223f44dca59532b1ea8ae2480c1362b3e85bcb42b1f3b0dfd49c,252278,animations/scalar-recovered/full-source/1186972585/CAB-f9e136273b9f4bdce72935ed724fcb43/-5491137950491540181/acl-database-bulk.bin
5d9b4c1bdb19cdf63815212b46cd39a0e6e01d9fe372ff00ecf8ee8741435f5b,171244,animations/scalar-recovered/full-source/1186972585/CAB-f9e136273b9f4bdce72935ed724fcb43/-5491137950491540181/native-object.raw
58054542cf61dc07c5ff14824ddd6e8eee30591c5a3924df3bbf8699e3292c19,337,animations/scalar-recovered/full-source/1186972585/CAB-f9e136273b9f4bdce72935ed724fcb43/-5491137950491540181/streaming-info.json
0cefc70aa39fc0f0e864b04b7735eebdbb642d4bcb1b29304f5c345cae5bf387,211057,animations/scalar-recovered/full-source/1186972585/CAB-f9e136273b9f4bdce72935ed724fcb43/3905988045497503854/Avatar_Female_Size02_Remielle_Origin_Default_Ani_UI_S2toD.json
4450adf1b1c87a20bf19ec994b226d0b5ee022170eafdbc3a572d8e478dcca63,41280,animations/scalar-recovered/full-source/1186972585/CAB-f9e136273b9f4bdce72935ed724fcb43/3905988045497503854/acl-database-bulk.bin
5f5840a3cd2ff8667ca77d78209d740611d8b6ee8121e11c198be74dd9730b20,53344,animations/scalar-recovered/full-source/1186972585/CAB-f9e136273b9f4bdce72935ed724fcb43/3905988045497503854/native-object.raw
5a6692521ad2e061fc176b597c37956992a8f011d6ace1e0cecc29de2c798116,340,animations/scalar-recovered/full-source/1186972585/CAB-f9e136273b9f4bdce72935ed724fcb43/3905988045497503854/streaming-info.json
dfc34cad713d7b2d6fdbc0a6c3873761a29dd6dbfb9cf6ee866b51d77b397f13,60541,animations/scalar-recovered/full-source/1270699580/CAB-29d80b2f8837038ba1f7373645104440/-9168892364773005084/Avatar_Female_Size02_Remielle_Origin_Ani_Gal_Facial_Blink_Happy.json
4ba2c2af2d53a95c3893b46cf61ab8b44fc9b823871db0b341175ce2163826ce,8104,animations/scalar-recovered/full-source/1270699580/CAB-29d80b2f8837038ba1f7373645104440/-9168892364773005084/native-object.raw
c298f0a30c6d86e412156ba1c70993d83b67111575a97e766637360c92a4f0a3,90407,animations/scalar-recovered/full-source/1270699580/CAB-2c46ed1522cb8f784d34f4e4f9623e6c/868555754624779955/Avatar_Female_Size02_Remielle_Origin_Ani_Gal_Facial_Blink_Angry.json
67c56b76fe2bc1ae3dac9370ac573dc14cfaa286d539d3260e8794dd6d30cd3f,13756,animations/scalar-recovered/full-source/1270699580/CAB-2c46ed1522cb8f784d34f4e4f9623e6c/868555754624779955/native-object.raw
fd07f39588aa8af69e5db467f9a212bb19638ac0f5458c7c6d25efd024980bc6,41572,animations/scalar-recovered/full-source/1270699580/CAB-557c9bde4053ddc382c3ac395efa662e/-768953278522618456/Avatar_Female_Size02_Remielle_Origin_Ani_Gal_Facial_Angry.json
f0e23def58312cd3935e4219cdbfd7cc89fc81a5ddfce3dc31c5944fc4b786ad,4088,animations/scalar-recovered/full-source/1270699580/CAB-557c9bde4053ddc382c3ac395efa662e/-768953278522618456/native-object.raw
d63d4dfd8c14e63f22d979aeff87e29121ab7bee19778e5db5db235c75fdb42f,94662,animations/scalar-recovered/full-source/1270699580/CAB-6bb6a9e527a3467ff48ac0b25ce58b5a/4884361227967387302/Avatar_Female_Size02_Remielle_Origin_Ani_Gal_Facial_Blink_Idle.json
d73a5d1a9b2d3a34e9cd8a749c32e358571b4862e65750f9216a4c236eccb2d1,14976,animations/scalar-recovered/full-source/1270699580/CAB-6bb6a9e527a3467ff48ac0b25ce58b5a/4884361227967387302/native-object.raw
74f01a2843239a89aaee95710d5846e74434be94d79a1c971aa1437105ae8e35,41614,animations/scalar-recovered/full-source/1270699580/CAB-6fa42bb47d0b24c6e64b4def6a51676a/-1789725427887556319/Avatar_Female_Size02_Remielle_Origin_Ani_Gal_Facial_Happy.json
c74594a4617536262960a361037888b8fc65ae149bcc847d025ceb979c0bb13c,4088,animations/scalar-recovered/full-source/1270699580/CAB-6fa42bb47d0b24c6e64b4def6a51676a/-1789725427887556319/native-object.raw
e4d77ad9f39f49e71696edd7c2d8f89f3bb5760ad243c4a853b239975cd19d4b,41605,animations/scalar-recovered/full-source/1270699580/CAB-86a0467579f1681954a048d233d57d1a/3457396463508420036/Avatar_Female_Size02_Remielle_Origin_Ani_Gal_Facial_Think.json
0a529e1bd17d85da454d1ee437c1b572e8b86d7dab6cddf685e03e471b2f35d8,4088,animations/scalar-recovered/full-source/1270699580/CAB-86a0467579f1681954a048d233d57d1a/3457396463508420036/native-object.raw
3ec4f8ac8bb697abe5475da26e9e8b3ef4712616975bdcc5f6232f394b78bf0d,41559,animations/scalar-recovered/full-source/1270699580/CAB-8891550b325567db97d20043b55e21d0/-1974677938893398952/Avatar_Female_Size02_Remielle_Origin_Ani_Gal_Facial_Shy.json
d23c80484aacc78f2e41fb597093a2f4a9fa5af75c7d8fb1ffdfaffa05525c98,4084,animations/scalar-recovered/full-source/1270699580/CAB-8891550b325567db97d20043b55e21d0/-1974677938893398952/native-object.raw
9c8abe7804758615ed484c674a98dfa16ef4f886b001ae3a9771fc82881e9bbd,41641,animations/scalar-recovered/full-source/1270699580/CAB-8ef15d0d44881a06e6374f346640a5ff/3896393776017035275/Avatar_Female_Size02_Remielle_Origin_Ani_Gal_Facial_Surprise.json
10d2de62a6a0eb6e6319cc55cab13ce1faf5be252344aa55d6fc06c582880c54,4088,animations/scalar-recovered/full-source/1270699580/CAB-8ef15d0d44881a06e6374f346640a5ff/3896393776017035275/native-object.raw
2d43b1575b70979925770d3d0dd9b4d04f6b23b8f843f1f1c69cc8ad44133651,41523,animations/scalar-recovered/full-source/1270699580/CAB-947296a7eff1965711d57b496baa67da/2335980500097434953/Avatar_Female_Size02_Remielle_Origin_Ani_Gal_Facial_Sad.json
f1f13852ee2d7bc50c7340e6525d787d721e0b0039e50536bcfcfd1ec38a6b4b,4084,animations/scalar-recovered/full-source/1270699580/CAB-947296a7eff1965711d57b496baa67da/2335980500097434953/native-object.raw
05ff3a9ff94b34b646b1cf9500522491984c43cf9ec45d72f4c3df2b4de9c9b9,94558,animations/scalar-recovered/full-source/1270699580/CAB-bf1457c507ac1bfac0236d5f02ee3e7c/1485936507652923373/Avatar_Female_Size02_Remielle_Origin_Ani_Gal_Facial_Blink_Sad.json
96c198f55bf2ca6711d7409c6cda762f8bd783cd6191b2bbd51b9b1f8d9e4b9e,14564,animations/scalar-recovered/full-source/1270699580/CAB-bf1457c507ac1bfac0236d5f02ee3e7c/1485936507652923373/native-object.raw
cc802d39981e72d0053e7743c43a6f49e031aa76352afc2e4bcf5c0bfe7b5403,41354,animations/scalar-recovered/full-source/1270699580/CAB-ce2559781a1bfba3fabcae7513c187d4/9000381212370747100/Avatar_Female_Size02_Remielle_Origin_Ani_Gal_Facial_Idle.json
83dd643fa083e8025a508102e1ffba33b7c46989510db6f54d09665dad7d2e64,4084,animations/scalar-recovered/full-source/1270699580/CAB-ce2559781a1bfba3fabcae7513c187d4/9000381212370747100/native-object.raw
dbffac4a5613400560a74c1a44fe83fdd61a2231d31286d8b90a2427d6c11ef1,94833,animations/scalar-recovered/full-source/1270699580/CAB-d8cf9b330261fb9b635df064b652b55f/1510344946112537169/Avatar_Female_Size02_Remielle_Origin_Ani_Gal_Facial_Blink_Think.json
8184c4a3786d98edd3e78766f8952c9fe8280faca6bc0524d6bba36ebbda5d89,14624,animations/scalar-recovered/full-source/1270699580/CAB-d8cf9b330261fb9b635df064b652b55f/1510344946112537169/native-object.raw
3a083290bbd773327091c30cbffa0b51a346170bc99fc76a7d3d3e4b3111b6ba,59301,animations/scalar-recovered/full-source/1270699580/CAB-ea98614ef7888e06bcce9c516ba87c48/5611367713400840268/Avatar_Female_Size02_Remielle_Origin_Ani_Gal_Facial_Blink_Shy.json
dda30014006c1796d0cbc16875f6efff50b3290601b05bf86ee75a19031d4f60,7904,animations/scalar-recovered/full-source/1270699580/CAB-ea98614ef7888e06bcce9c516ba87c48/5611367713400840268/native-object.raw
5e9b00500045aea22f3e02ea9c62e77c35631dabb9ae885f3499d1af4b240e8f,93999,animations/scalar-recovered/full-source/1270699580/CAB-f4996bec1f1f5c1ef8d51fda4b7af2af/-5291742862441213808/Avatar_Female_Size02_Remielle_Origin_Ani_Gal_Facial_Blink_Surprise.json
fb56c00866065f2e327db6844303c5ab7d19f11e3e0998d628e14b16ecced84d,14440,animations/scalar-recovered/full-source/1270699580/CAB-f4996bec1f1f5c1ef8d51fda4b7af2af/-5291742862441213808/native-object.raw
1008d7cd1a1a979bc745a7980ffe653ed93697f0f96eb7c154eac994340928f0,1421714,animations/scalar-recovered/full-source/1436584839/CAB-1d1372ae2df0ba5732f6f1523467e0fb/-1227961894300652073/TL_C30_ZiplineChasing_05_SC010_Avatar_MaxRemielleOriginCS.json
84648319173a343dda54723b2cbf9507f6196558b2944b1ccb12be8a2349bc55,430392,animations/scalar-recovered/full-source/1436584839/CAB-1d1372ae2df0ba5732f6f1523467e0fb/-1227961894300652073/native-object.raw
297caf9577f627d2fd97791efd6196ee7d9be49d98d56a1c1bb00d237805270f,79977,animations/scalar-recovered/full-source/1475924805/CAB-69ac775c5e438746585e16627ceb520c/-1116204725081044891/Eff_RemielleOrigin_Skill05_AirState_Back_27_Trail.json
74e3e8d3205247f6e0108b69d55cbe24637dfe0b2a6510ffffef43f6b2802323,8248,animations/scalar-recovered/full-source/1475924805/CAB-69ac775c5e438746585e16627ceb520c/-1116204725081044891/native-object.raw
43f0d8a01bddfdeaaa54024d09f1afece4dc4a8d2ba5aa5b423ebc236d32b103,111819,animations/scalar-recovered/full-source/1523850217/CAB-04e4af7419c482a635f72fa1ca258d42/8989496986587551793/Avatar_Female_Size02_Remielle_PasSeul_Ani_Idle_Loop.json
85a4e081f61563f6033c79d348d7df2e1a3752a0ef8cc5f84287cc4ac653457e,6481,animations/scalar-recovered/full-source/1523850217/CAB-04e4af7419c482a635f72fa1ca258d42/8989496986587551793/acl-database-bulk.bin
b282ccfa52e9f737e7b59b54f2b7080ebd65af397490bfc5ce2352b75e7d8b66,19268,animations/scalar-recovered/full-source/1523850217/CAB-04e4af7419c482a635f72fa1ca258d42/8989496986587551793/native-object.raw
fd75b60489b1e79c4b3514e954d113d9b7374dc27e77e638d13491cb62993fa8,334,animations/scalar-recovered/full-source/1523850217/CAB-04e4af7419c482a635f72fa1ca258d42/8989496986587551793/streaming-info.json
7fa3f4af723200f5f9e61ebd34048a35cd24547db074f16b6e0538d817ab984e,116245,animations/scalar-recovered/full-source/1523850217/CAB-07ef025a1ca730fc6b7cdab602cfae19/-7859734431836772985/Avatar_Female_Size02_Remielle_PasSeul_Ani_Evade_to_Run_01.json
9384ac3e86e1f627e24aa8ffae11684ff42c052da346a571e80bc9df3da89884,10734,animations/scalar-recovered/full-source/1523850217/CAB-07ef025a1ca730fc6b7cdab602cfae19/-7859734431836772985/acl-database-bulk.bin
664bfaa01cd5d663adc94a2350662a31afddc290923cdb423edf09166cc3fef0,22604,animations/scalar-recovered/full-source/1523850217/CAB-07ef025a1ca730fc6b7cdab602cfae19/-7859734431836772985/native-object.raw
f6b7f6dd689c9bab4246a82ed652aec46e32780742b5de0897f9a2223141cf39,335,animations/scalar-recovered/full-source/1523850217/CAB-07ef025a1ca730fc6b7cdab602cfae19/-7859734431836772985/streaming-info.json
d0dc63b2a7cffde0b9fa48b23af1c8b80b9ae6913561465359822405254fd849,126424,animations/scalar-recovered/full-source/1523850217/CAB-0b10eb5048484095af52372785bdf153/-4130641420515559846/Avatar_Female_Size02_Remielle_PasSeul_Ani_HitFly_Back.json
dde593186d4515bd34bff4dd427d62da186b7f276fe0cc8784957e7fb53a567b,17640,animations/scalar-recovered/full-source/1523850217/CAB-0b10eb5048484095af52372785bdf153/-4130641420515559846/acl-database-bulk.bin
2c01afe6115802224e49b986781b7ed3acd424d834be062f6c637a755ecfcd24,30216,animations/scalar-recovered/full-source/1523850217/CAB-0b10eb5048484095af52372785bdf153/-4130641420515559846/native-object.raw
54736ee6019cd0403f3bec64b2c8102a0f428fac87d9fd34f1889da063581cf2,335,animations/scalar-recovered/full-source/1523850217/CAB-0b10eb5048484095af52372785bdf153/-4130641420515559846/streaming-info.json
4510eabd442fd1ff5d31d8fe451916cd87ed772842b50e22ff2031cc1302e170,117456,animations/scalar-recovered/full-source/1523850217/CAB-0f97bf0a30419cdd53aebf87bc85f7f0/6580722672136368370/Avatar_Female_Size02_Remielle_PasSeul_Ani_Start_AirState_Back.json
0e2442043e8eb9bcf50eba378843fcd73cbfa455717b1504369fb9e9d84fb14c,12354,animations/scalar-recovered/full-source/1523850217/CAB-0f97bf0a30419cdd53aebf87bc85f7f0/6580722672136368370/acl-database-bulk.bin
50fbe72d794c85204c413c15e1b2532428c93efd4f5b16ffdecac291f73a5c98,23568,animations/scalar-recovered/full-source/1523850217/CAB-0f97bf0a30419cdd53aebf87bc85f7f0/6580722672136368370/native-object.raw
5aca03b0f10c1b4c4e7ae729b8761d7240ac4fb8254ff25e76e65d2ee2e0bd7b,335,animations/scalar-recovered/full-source/1523850217/CAB-0f97bf0a30419cdd53aebf87bc85f7f0/6580722672136368370/streaming-info.json
ab1268388fada19fe22d1a2e008a0ff16ece3286dcbc7bfce4ce25cc8603eedc,113083,animations/scalar-recovered/full-source/1523850217/CAB-10968be86815c2104d00211f7fbdda88/-6759752939614417531/Avatar_Female_Size02_Remielle_PasSeul_Ani_Attack_Normal_02_End.json
331c7ed3b1c4c2d237f493f401d8bda3512d17672d10e9b3ca872008684e9c28,7657,animations/scalar-recovered/full-source/1523850217/CAB-10968be86815c2104d00211f7fbdda88/-6759752939614417531/acl-database-bulk.bin
ec08d932c3c93938582ffa0f471e064081c6103351a5ea721ce955d470fff5b4,20208,animations/scalar-recovered/full-source/1523850217/CAB-10968be86815c2104d00211f7fbdda88/-6759752939614417531/native-object.raw
7b95b52aab3ba5022ddc437e963ddbe3ae51feae252052c4f99800ff5f79aa1f,334,animations/scalar-recovered/full-source/1523850217/CAB-10968be86815c2104d00211f7fbdda88/-6759752939614417531/streaming-info.json
1ac55a8f92614adbd47b4999303d2ba2ded8be39a4a40710738d9923974a42fd,115745,animations/scalar-recovered/full-source/1523850217/CAB-10968be86815c2104d00211f7fbdda88/3936000032070737572/Avatar_Female_Size02_Remielle_PasSeul_Ani_Attack_Normal_02.json
315af1932543bfb50325cd0ff7bee86d435e9be76f16e6f014e9a159a60f2a81,12248,animations/scalar-recovered/full-source/1523850217/CAB-10968be86815c2104d00211f7fbdda88/3936000032070737572/acl-database-bulk.bin
7a500d7e2b4eb1c8225fde5c77ed054cb9c32283c6d9c33b1693e42b7120e74d,22220,animations/scalar-recovered/full-source/1523850217/CAB-10968be86815c2104d00211f7fbdda88/3936000032070737572/native-object.raw
ab866523e243af5d19eab72b865a17ba02543c235bc2f44afde2c714ba9d2980,338,animations/scalar-recovered/full-source/1523850217/CAB-10968be86815c2104d00211f7fbdda88/3936000032070737572/streaming-info.json
a95f03b5db9306cf3e9fb2aedfdfce14a852ddedc17399b9845ab36c750c14a1,113544,animations/scalar-recovered/full-source/1523850217/CAB-1849fe39cfa60809ce0f387f0526a2d3/1972841566982944910/Avatar_Female_Size02_Remielle_PasSeul_Ani_Death.json
c61ab7672d6226a703350226922efee2300815be24c6d2f0dd9be68de9be52f3,8513,animations/scalar-recovered/full-source/1523850217/CAB-1849fe39cfa60809ce0f387f0526a2d3/1972841566982944910/acl-database-bulk.bin
f88a0af63000383d36ba366ad940833ecbfc8944f3fd20de52e4ad71adfd37f4,20576,animations/scalar-recovered/full-source/1523850217/CAB-1849fe39cfa60809ce0f387f0526a2d3/1972841566982944910/native-object.raw
f6322608f31caebca6a539e244aa891716db136b916592a797f4d888bda0804f,338,animations/scalar-recovered/full-source/1523850217/CAB-1849fe39cfa60809ce0f387f0526a2d3/1972841566982944910/streaming-info.json
0eac3f2d61f12ac5fe8498bffbe4607f328463b4169dfb11113021fb39cabbbe,114786,animations/scalar-recovered/full-source/1523850217/CAB-1f466002e215f70f8858419255e63b62/-6435327900545201723/Avatar_Female_Size02_Remielle_PasSeul_Ani_Run_Transform_01.json
d0ed6537a00c390dee4cf13d3f925632ac9cd70a6abcf7331d8ff5763de48cd0,10172,animations/scalar-recovered/full-source/1523850217/CAB-1f466002e215f70f8858419255e63b62/-6435327900545201723/acl-database-bulk.bin
bf9f63f7ca51df1201975e71c2eff7ce6bdaf2a95f8b07fca1a2814b3518571f,21484,animations/scalar-recovered/full-source/1523850217/CAB-1f466002e215f70f8858419255e63b62/-6435327900545201723/native-object.raw
ba4a2540b670336f43b969c53a4eb20d8184c72de5794c99ebe323d53ab36e93,335,animations/scalar-recovered/full-source/1523850217/CAB-1f466002e215f70f8858419255e63b62/-6435327900545201723/streaming-info.json
6b02d8f31cd2062803ed629799e363c9cbac972dce48cc646a15ebca8247524e,105971,animations/scalar-recovered/full-source/1523850217/CAB-2cfe73fe8ecf9607ce69e288da13c32d/-4087193232744972234/Avatar_Female_Size02_Remielle_PasSeul_Ani_Attack_ParryAid_H.json
b5461283c40ab6e916a02e69d33e50f822038ee26e6eaa6a66d761b891f96321,5077,animations/scalar-recovered/full-source/1523850217/CAB-2cfe73fe8ecf9607ce69e288da13c32d/-4087193232744972234/acl-database-bulk.bin
3636d12f72dd6891fc794512afac9d8e6fbbb5fac3bed42603545b2fa9bbeb6a,14892,animations/scalar-recovered/full-source/1523850217/CAB-2cfe73fe8ecf9607ce69e288da13c32d/-4087193232744972234/native-object.raw
db453236eddfa9c17133a182a74953eda8d266084e1a50a003296ba35511f7b1,334,animations/scalar-recovered/full-source/1523850217/CAB-2cfe73fe8ecf9607ce69e288da13c32d/-4087193232744972234/streaming-info.json
fd49cb07b88ef6a061cb0f41f8f932a4477599edfbad891394d16331f34d4aca,114552,animations/scalar-recovered/full-source/1523850217/CAB-2cfe73fe8ecf9607ce69e288da13c32d/5273620667827153111/Avatar_Female_Size02_Remielle_PasSeul_Ani_Attack_ParryAid_H_End.json
31237219466f1410e53e6d6778e1cfc76927a369f748a889c6de6d57667928c6,8780,animations/scalar-recovered/full-source/1523850217/CAB-2cfe73fe8ecf9607ce69e288da13c32d/5273620667827153111/acl-database-bulk.bin
6a36477b74cff780af7b3eb84ed0c902025bc9c363a26464076b64d6dcd9b510,21328,animations/scalar-recovered/full-source/1523850217/CAB-2cfe73fe8ecf9607ce69e288da13c32d/5273620667827153111/native-object.raw
d53320ba2eb2b75246665174075645b7f2a4e38405b2c0eb2d8a5ef0e9fb49bf,337,animations/scalar-recovered/full-source/1523850217/CAB-2cfe73fe8ecf9607ce69e288da13c32d/5273620667827153111/streaming-info.json
53d28e2be4702c1e941f3b1abb2738fd82fa486062e262079e9a728e3b946210,116652,animations/scalar-recovered/full-source/1523850217/CAB-304aa4d4e8a47c27396e4c78677d402d/6375438528676596695/Avatar_Female_Size02_Remielle_PasSeul_Ani_Dash_Start.json
beff4499a4bb2b3d4219669fb76904052ec66c00ffb131525b238f6e912cb79b,9666,animations/scalar-recovered/full-source/1523850217/CAB-304aa4d4e8a47c27396e4c78677d402d/6375438528676596695/acl-database-bulk.bin
976e102bbad682763eb701e1387c37e7062c711fe268188da469f2ff87f7a856,22900,animations/scalar-recovered/full-source/1523850217/CAB-304aa4d4e8a47c27396e4c78677d402d/6375438528676596695/native-object.raw
ca67f226434657938f0cfd6829cc4e0e07e7f16285b2f9244a9341ff97e748b9,334,animations/scalar-recovered/full-source/1523850217/CAB-304aa4d4e8a47c27396e4c78677d402d/6375438528676596695/streaming-info.json
994208410638a5a06b536b28f566021f2dcd539cf25c49c393250c602befdbee,127625,animations/scalar-recovered/full-source/1523850217/CAB-3359d7b33b146f286fd537a55785c74c/-2881933274264665742/Avatar_Female_Size02_Remielle_PasSeul_Ani_Walk_End.json
a65b54a82f53dfed7207d73acdcea863de5778197d3abdefea5d1a30b1cdbcf8,16714,animations/scalar-recovered/full-source/1523850217/CAB-3359d7b33b146f286fd537a55785c74c/-2881933274264665742/acl-database-bulk.bin
00ca2fd2553097180b0e8a7741fce5c74b910a9e27e93d8a401174f132ad9594,31140,animations/scalar-recovered/full-source/1523850217/CAB-3359d7b33b146f286fd537a55785c74c/-2881933274264665742/native-object.raw
0dcb56412632832627d63fd6819ba35848ca8ec7fc44ba064cb2884b0d255a6b,335,animations/scalar-recovered/full-source/1523850217/CAB-3359d7b33b146f286fd537a55785c74c/-2881933274264665742/streaming-info.json
02b918077c75f5d69f39d007ef31d2e008d7c3f42c4e78a2677299311174bfe4,126431,animations/scalar-recovered/full-source/1523850217/CAB-40a5d15767c840d457ad299d7197d261/-7875433444000694659/Avatar_Female_Size02_Remielle_PasSeul_Ani_HitFly_Front.json
4bb208b56e64c0042062076f800f74675aab093a8787cad8e1312e8bdb10d0be,17516,animations/scalar-recovered/full-source/1523850217/CAB-40a5d15767c840d457ad299d7197d261/-7875433444000694659/acl-database-bulk.bin
0ff046dc7175c26bda589d1c8a9ad226e3e0b1a8a15096f5fcfe2d306f7be081,30264,animations/scalar-recovered/full-source/1523850217/CAB-40a5d15767c840d457ad299d7197d261/-7875433444000694659/native-object.raw
4c8ef8081df557434fe7e8fd842fcdc2aad0561e25517366ccb44a09eff0e65b,335,animations/scalar-recovered/full-source/1523850217/CAB-40a5d15767c840d457ad299d7197d261/-7875433444000694659/streaming-info.json
7bf069be42fb31da5ef6ca74a8df7926ea135fd4dad212ed5a38be81bb81fcfe,126412,animations/scalar-recovered/full-source/1523850217/CAB-4232d49fc14b028880a20705f18b2a75/2644980667515921557/Avatar_Female_Size02_Remielle_PasSeul_Ani_Skill02_AirState_Back.json
d9215d2a40d1f528a124d3f5e90ba17a814e4791348f07140e5af42d655f46b2,17328,animations/scalar-recovered/full-source/1523850217/CAB-4232d49fc14b028880a20705f18b2a75/2644980667515921557/acl-database-bulk.bin
55b7d90abde8d6c0e276b642643eec6ddd9aa736b12c0d79719f644554bcd7db,30192,animations/scalar-recovered/full-source/1523850217/CAB-4232d49fc14b028880a20705f18b2a75/2644980667515921557/native-object.raw
c8ca0d8136aca12dfbdc8b91e71dff49e2e2603504bb1dd813eee1ca186cbfba,335,animations/scalar-recovered/full-source/1523850217/CAB-4232d49fc14b028880a20705f18b2a75/2644980667515921557/streaming-info.json
0dd8a470dcb7e3dff356cdd00cd223d1127d36fa9d8614591cf7af04ad69a238,113777,animations/scalar-recovered/full-source/1523850217/CAB-498338bc4096fd65ffd81badba402202/-3555870113992379841/Avatar_Female_Size02_Remielle_PasSeul_Ani_Attack_Normal_01_End.json
43f9aa00d1cd1573e329de3172c6aa18e2e0fa013f10d517bbe2402912f7abc7,7860,animations/scalar-recovered/full-source/1523850217/CAB-498338bc4096fd65ffd81badba402202/-3555870113992379841/acl-database-bulk.bin
67c8316508a5dfce9053c8c0750aae2f713ae7bcaf9fbad10d8e71c65fc5a07b,20704,animations/scalar-recovered/full-source/1523850217/CAB-498338bc4096fd65ffd81badba402202/-3555870113992379841/native-object.raw
e57054e94719fb1dc9e2bd31f5593c0c15aba1cbb33702b305ccbd2f1cd1338a,338,animations/scalar-recovered/full-source/1523850217/CAB-498338bc4096fd65ffd81badba402202/-3555870113992379841/streaming-info.json
1d9f4b1644b4b595c81031f92d0d2de14a7fb52915e9ac4d7e2de7bbeec314e1,115164,animations/scalar-recovered/full-source/1523850217/CAB-498338bc4096fd65ffd81badba402202/-6903300994333483617/Avatar_Female_Size02_Remielle_PasSeul_Ani_Attack_Normal_01.json
2dc22d9373043176e3fd12be9428ecdba56729098de8e4e7f46a372977440bda,11818,animations/scalar-recovered/full-source/1523850217/CAB-498338bc4096fd65ffd81badba402202/-6903300994333483617/acl-database-bulk.bin
363f40b839dd2280a0c0f6eb58658b83bd21b1523d4cea09f45aec188666a81d,21756,animations/scalar-recovered/full-source/1523850217/CAB-498338bc4096fd65ffd81badba402202/-6903300994333483617/native-object.raw
2f10f2c3169c3bd4bc3714a5b5c5c2315a08f42cec2ff936209a2ee7e90b7586,335,animations/scalar-recovered/full-source/1523850217/CAB-498338bc4096fd65ffd81badba402202/-6903300994333483617/streaming-info.json
b68c3f95f05a0a38b9082433ff0e819b4357d34cc72126d929d00225ac407fdb,125867,animations/scalar-recovered/full-source/1523850217/CAB-4ffcb0bc7eda79df0267fa31a619b457/-1969486077493927947/Avatar_Female_Size02_Remielle_PasSeul_Ani_Walk_Start_End.json
1d0c7443f780d34f1598ea2e432e0745125a62cd5731352f07ab8949305401e3,15680,animations/scalar-recovered/full-source/1523850217/CAB-4ffcb0bc7eda79df0267fa31a619b457/-1969486077493927947/acl-database-bulk.bin
0ad2bc7d652d6d2a70344da0ce89031a594302ed2fa826984b6e5eeec2fa3d3e,29832,animations/scalar-recovered/full-source/1523850217/CAB-4ffcb0bc7eda79df0267fa31a619b457/-1969486077493927947/native-object.raw
aca8092503bdf80e0f7632099204b81be0c472fbcd92d7a053b49a78e0a22b5f,335,animations/scalar-recovered/full-source/1523850217/CAB-4ffcb0bc7eda79df0267fa31a619b457/-1969486077493927947/streaming-info.json
5852ca651ede162c6cbc1c1f7c1d72fd3f5366b8dac421833d2e2277f2b316b6,128141,animations/scalar-recovered/full-source/1523850217/CAB-50af935651124c0eb7a837399527305f/-2086817660766517078/Avatar_Female_Size02_Remielle_PasSeul_Ani_Run_End.json
eabebafa630f695cff938a46c2e56f1ea66db741e801c308377b88301d3ea983,16776,animations/scalar-recovered/full-source/1523850217/CAB-50af935651124c0eb7a837399527305f/-2086817660766517078/acl-database-bulk.bin
075f45eb134e5342a9fd39532208fc72bd288257077f2b44230311cf3cc7e88a,31476,animations/scalar-recovered/full-source/1523850217/CAB-50af935651124c0eb7a837399527305f/-2086817660766517078/native-object.raw
8527509e18ce083c6631f05c5386c739a1c71a88a1a2cd32452180afae625d3a,335,animations/scalar-recovered/full-source/1523850217/CAB-50af935651124c0eb7a837399527305f/-2086817660766517078/streaming-info.json
1d8387618fda850d95c032e1b829656d48fa59836f649b535743d7c5d3550d13,138002,animations/scalar-recovered/full-source/1523850217/CAB-55e785702e8ecf60e9a29e785c3eb71c/-6953991387548681326/Avatar_Female_Size02_Remielle_PasSeul_Ani_SwitchIn_Attack_Ex.json
b838985324a789572a4ec402c6992b9de4aa63908cf93cbb4010f206276976b1,23287,animations/scalar-recovered/full-source/1523850217/CAB-55e785702e8ecf60e9a29e785c3eb71c/-6953991387548681326/acl-database-bulk.bin
9a0bdaa0673afe80ae1a3dcb5d0376cc23436b5dce928b98aa9f003273e32016,38924,animations/scalar-recovered/full-source/1523850217/CAB-55e785702e8ecf60e9a29e785c3eb71c/-6953991387548681326/native-object.raw
b4acf6433f8e238332e1c10e7b6a7ecab2b62e2825e8ae6a5db32fa476eccf95,335,animations/scalar-recovered/full-source/1523850217/CAB-55e785702e8ecf60e9a29e785c3eb71c/-6953991387548681326/streaming-info.json
b28de7503afb27388c59cbf38bd5f643dec8b812e976528125fa8049c4d27061,112161,animations/scalar-recovered/full-source/1523850217/CAB-5be24841a9a1f3c910be40c665b39b10/121531804778053132/Avatar_Female_Size02_Remielle_PasSeul_Ani_Move_F_AirBack_Loop.json
6c7625db089975b6fa834a66412287132480cb53bdc1b9fbd8e6fec3b8579325,8446,animations/scalar-recovered/full-source/1523850217/CAB-5be24841a9a1f3c910be40c665b39b10/121531804778053132/acl-database-bulk.bin
715b967ea3b8aa68c52eada6e250843bf6819b06cfd96b76d88d098d0bee4c55,19504,animations/scalar-recovered/full-source/1523850217/CAB-5be24841a9a1f3c910be40c665b39b10/121531804778053132/native-object.raw
d05413c5a7a94b974a780a72f0348607cc39feb58d649ee5a03799ef54629639,334,animations/scalar-recovered/full-source/1523850217/CAB-5be24841a9a1f3c910be40c665b39b10/121531804778053132/streaming-info.json
c827ca89d32d6be19d8da4d63dfc7f4596e9548abc32a57962c9a69ed7ff9e92,125923,animations/scalar-recovered/full-source/1523850217/CAB-5eff061f8808ad30b53e5b5612181069/-5088587143379627752/Avatar_Female_Size02_Remielle_PasSeul_Ani_Evade_Back.json
1e4ebdb1a77424bfc7f005323f78894942e5ce9647ce323b92c2612025221db9,14922,animations/scalar-recovered/full-source/1523850217/CAB-5eff061f8808ad30b53e5b5612181069/-5088587143379627752/acl-database-bulk.bin
d3121ed29c6f1012943e5c85ece580360b155d297966f180332ba3bac046cb07,29860,animations/scalar-recovered/full-source/1523850217/CAB-5eff061f8808ad30b53e5b5612181069/-5088587143379627752/native-object.raw
2deee33c9dbe636f138717fa0b5567eda8685b972ce2fa86e5cd7ede4d04859c,335,animations/scalar-recovered/full-source/1523850217/CAB-5eff061f8808ad30b53e5b5612181069/-5088587143379627752/streaming-info.json
0effb6396b3556631700ec33a25d1e3090453359537ab5ed99e1e354eb26a1a2,112497,animations/scalar-recovered/full-source/1523850217/CAB-619f79d32da64d91304c1a531672738b/-1656722489883847159/Avatar_Female_Size02_Remielle_PasSeul_Ani_Dash_Loop.json
24c0aaac195a8ae73e3dc25e24d4afae9a8fc63df3c548720d885f969a58e5b7,6685,animations/scalar-recovered/full-source/1523850217/CAB-619f79d32da64d91304c1a531672738b/-1656722489883847159/acl-database-bulk.bin
acdf7fb6af13e5edaa3c8abb391cbf412c124b769669c9c9401c7d922182d5c2,19796,animations/scalar-recovered/full-source/1523850217/CAB-619f79d32da64d91304c1a531672738b/-1656722489883847159/native-object.raw
5bb9494c0a4d87f8cb2f046bbc8d3434bc5ff46779cb77eb57c7b9370bd5e4c6,334,animations/scalar-recovered/full-source/1523850217/CAB-619f79d32da64d91304c1a531672738b/-1656722489883847159/streaming-info.json
79b6abed63c80d696fe046f005e15223112a77e24234f2990bca03c63327c21a,111353,animations/scalar-recovered/full-source/1523850217/CAB-698201f549400e18fa7caa17f35017c1/7307114470387854560/Avatar_Female_Size02_Remielle_PasSeul_Ani_Idle_AirState_Back_Loop.json
a21955dc67001c2f27b43bc4ca806a6c4411333bbef94256699387f1d16e783f,7654,animations/scalar-recovered/full-source/1523850217/CAB-698201f549400e18fa7caa17f35017c1/7307114470387854560/acl-database-bulk.bin
9993cb908605b2ab59ceeec5273fdfe5614170c4f1e36a4b244db964ed90e784,18932,animations/scalar-recovered/full-source/1523850217/CAB-698201f549400e18fa7caa17f35017c1/7307114470387854560/native-object.raw
0bda760b71341ec3dded8d53193d15f7109d02e8d171b709aa8f4cc3c9038523,334,animations/scalar-recovered/full-source/1523850217/CAB-698201f549400e18fa7caa17f35017c1/7307114470387854560/streaming-info.json
bb482b958b72ebba29464a953c37e324e182a0e02b88f2b71626de3041911736,103795,animations/scalar-recovered/full-source/1523850217/CAB-6a8b1b01b4cb715de99576d25cd6c2dc/-7504940210168695040/Avatar_Female_Size02_Remielle_PasSeul_Ani_Walk_Loop.json
46ff85781e9cd1d0bdd6faa26a0f179be476e097c179242a60136b71417e9173,3046,animations/scalar-recovered/full-source/1523850217/CAB-6a8b1b01b4cb715de99576d25cd6c2dc/-7504940210168695040/acl-database-bulk.bin
416248c1b6a6caeacb0c14466017b9bda5b67f0af5a7e0ce9f41f0736034714b,13284,animations/scalar-recovered/full-source/1523850217/CAB-6a8b1b01b4cb715de99576d25cd6c2dc/-7504940210168695040/native-object.raw
9077264a9990bb70624ee4205eee7aef58f9a10f1c2854dea27a5396b2bea861,334,animations/scalar-recovered/full-source/1523850217/CAB-6a8b1b01b4cb715de99576d25cd6c2dc/-7504940210168695040/streaming-info.json
35d0c5255cc47271da1a57a6b7fb3826b7549ff2cd0148c4216a30beb511b79c,128790,animations/scalar-recovered/full-source/1523850217/CAB-6af25c81887fbcb6d1cf858538d27a63/-3628994143320135176/Avatar_Female_Size02_Remielle_PasSeul_Ani_Attack_ParryAid_Start.json
bccb3301cf8c7817fe936a0919946e68a712eeeb60d145a87eab494ad0e4b088,15256,animations/scalar-recovered/full-source/1523850217/CAB-6af25c81887fbcb6d1cf858538d27a63/-3628994143320135176/acl-database-bulk.bin
2829f40a926de0f4830073af0eb27b1f77d813e6297c07c5a970ef2448b40ba8,32032,animations/scalar-recovered/full-source/1523850217/CAB-6af25c81887fbcb6d1cf858538d27a63/-3628994143320135176/native-object.raw
9b21f9f6c4f6a311dc6c03e9d4f43e0ea410e8a5d72fb8b41ccc65fe179cac7b,335,animations/scalar-recovered/full-source/1523850217/CAB-6af25c81887fbcb6d1cf858538d27a63/-3628994143320135176/streaming-info.json
8cadbc8ce362696d9f2e67d82e6cd6e12d184e104fcbb564690d7ae458cd5a33,112466,animations/scalar-recovered/full-source/1523850217/CAB-6f27068b8859422ecd62e5b5be0885f1/1017477211783881926/Avatar_Female_Size02_Remielle_PasSeul_Ani_Dash_Evade.json
2bbdca4d2d015f2c6e9c5738e5efb35c228b06a279a5ba04e8abf250868cf673,7499,animations/scalar-recovered/full-source/1523850217/CAB-6f27068b8859422ecd62e5b5be0885f1/1017477211783881926/acl-database-bulk.bin
7636f6ed0b4de8017ccaf31ccc64e3a32c6767afc984b49a787543d702e71640,19780,animations/scalar-recovered/full-source/1523850217/CAB-6f27068b8859422ecd62e5b5be0885f1/1017477211783881926/native-object.raw
d96d5f07f73fc51d0d19eb33be63776305df2ddea55e1792ba578a53e02de716,334,animations/scalar-recovered/full-source/1523850217/CAB-6f27068b8859422ecd62e5b5be0885f1/1017477211783881926/streaming-info.json
5d3407af39ce183642bfa7f299ba9037b9ee9417a5a3a8ac5a02e583c466fb33,115393,animations/scalar-recovered/full-source/1523850217/CAB-7472799b6ce60302c9766a2462e2528d/5560887246414865443/Avatar_Female_Size02_Remielle_PasSeul_Ani_Attack_Burst_Ex_Max01.json
d9d2b489136b4dd511331b8d119cf9b0d249fc5e8c8428c9ca7f1cff5be49c92,11945,animations/scalar-recovered/full-source/1523850217/CAB-7472799b6ce60302c9766a2462e2528d/5560887246414865443/acl-database-bulk.bin
87559f73c69badfbc99f95fb2adc30715fd62cd3875596a7df865686c32f64e6,21952,animations/scalar-recovered/full-source/1523850217/CAB-7472799b6ce60302c9766a2462e2528d/5560887246414865443/native-object.raw
005c6b38b3b4648662cef8dc1a60285666ebe49b5a5d03f2979ae90773146de2,335,animations/scalar-recovered/full-source/1523850217/CAB-7472799b6ce60302c9766a2462e2528d/5560887246414865443/streaming-info.json
0b7f2980daff8283463a5eb4307d347c06c354aad02c8a3ce317b2c0a4b2deba,117697,animations/scalar-recovered/full-source/1523850217/CAB-752e8fe0e3fcd85b7adff385a0f97874/-8315336653619334883/Avatar_Female_Size02_Remielle_PasSeul_Ani_Attack_ExSpecial_End.json
689a37381e2c445a9cd3a7c5749093eaf94a9906b6c96c33a20d4cfa7f235f0f,11004,animations/scalar-recovered/full-source/1523850217/CAB-752e8fe0e3fcd85b7adff385a0f97874/-8315336653619334883/acl-database-bulk.bin
297ce4e5bf5850822adcf749ffd1b196dba642d232e5bd530c0de4575170c77f,23712,animations/scalar-recovered/full-source/1523850217/CAB-752e8fe0e3fcd85b7adff385a0f97874/-8315336653619334883/native-object.raw
44f139b9e44293777019f024db7d8076ba00dd89a739de942f368d3f25927526,335,animations/scalar-recovered/full-source/1523850217/CAB-752e8fe0e3fcd85b7adff385a0f97874/-8315336653619334883/streaming-info.json
337fbf4f4fba004f268ba40579dbc2481caa866fa511695fef0636365298a83a,117914,animations/scalar-recovered/full-source/1523850217/CAB-752e8fe0e3fcd85b7adff385a0f97874/678368150928868819/Avatar_Female_Size02_Remielle_PasSeul_Ani_Attack_ExSpecial.json
a75016fd8f49e835e1b5501efef33c220abf75a45105174bdadacb9a2e546554,13545,animations/scalar-recovered/full-source/1523850217/CAB-752e8fe0e3fcd85b7adff385a0f97874/678368150928868819/acl-database-bulk.bin
d04e0167a27230c44025a53c3eb1cb85c65b7528684bba46c6c5e2f10ad1be02,23868,animations/scalar-recovered/full-source/1523850217/CAB-752e8fe0e3fcd85b7adff385a0f97874/678368150928868819/native-object.raw
3a260af405b9e16f14c8198876dca38e7c0481e5837428fcea91671f32077079,339,animations/scalar-recovered/full-source/1523850217/CAB-752e8fe0e3fcd85b7adff385a0f97874/678368150928868819/streaming-info.json
2f94e565ac89fe29c88464e63eeb8a5386b5cbfb7327e2eba4a31f03cac3d8a3,125435,animations/scalar-recovered/full-source/1523850217/CAB-79319d67b852d405749d025d53240717/-2121907366908414223/Avatar_Female_Size02_Remielle_PasSeul_Ani_Skill05_AirState_Back.json
1d60f71818a333eee95d985f70bb536a0b4073fcb561cefb646e9adc058e8029,16597,animations/scalar-recovered/full-source/1523850217/CAB-79319d67b852d405749d025d53240717/-2121907366908414223/acl-database-bulk.bin
b23337f29b24ae5bc1b15b7a820c59d63c853403eb18136b6a648a49c3a6c53e,29488,animations/scalar-recovered/full-source/1523850217/CAB-79319d67b852d405749d025d53240717/-2121907366908414223/native-object.raw
8f6c229ceef9703dfefef4a6cb8fba626bdbe7bcf39f2ed70b4cdd40ae39132e,335,animations/scalar-recovered/full-source/1523850217/CAB-79319d67b852d405749d025d53240717/-2121907366908414223/streaming-info.json
f978e27481a65585f0af65955849c64073b9eea85a9dfb75f6352d800f1580be,119479,animations/scalar-recovered/full-source/1523850217/CAB-796e34792e81342116e3887980f79e44/-8776362409554944054/Avatar_Female_Size02_Remielle_PasSeul_Ani_Finish_Ex_AirState_Start.json
4ac03e31c6a98d539350e362b3dec0d663885f19775d2e71042b94fd1b413bbb,12230,animations/scalar-recovered/full-source/1523850217/CAB-796e34792e81342116e3887980f79e44/-8776362409554944054/acl-database-bulk.bin
1e5fee121707ddcc29bb195c43f91c0ebc3d15b923b118b4be651c6c065a3f33,25044,animations/scalar-recovered/full-source/1523850217/CAB-796e34792e81342116e3887980f79e44/-8776362409554944054/native-object.raw
d9cf199252ec31c0f0c363cc3f306ef6aa5169d060a6a7776f2dd82b2e9b82be,335,animations/scalar-recovered/full-source/1523850217/CAB-796e34792e81342116e3887980f79e44/-8776362409554944054/streaming-info.json
7bed7e5c91ded9d06b8ed142cad610a7b11ef843e7b60954a08c1db70d0323fc,114953,animations/scalar-recovered/full-source/1523850217/CAB-7baa6ca91b004c57563a1199551753d5/2134020514806175719/Avatar_Female_Size02_Remielle_PasSeul_Ani_Attack_Normal_04_End.json
7228d7d7481be83a49c83668aef8563966f79a82623399d90032a46c7274faf3,8519,animations/scalar-recovered/full-source/1523850217/CAB-7baa6ca91b004c57563a1199551753d5/2134020514806175719/acl-database-bulk.bin
710ffeec27b22dcfe991edfcbcfcacfeda7264d154ca0132b7a902b1a2c86449,21568,animations/scalar-recovered/full-source/1523850217/CAB-7baa6ca91b004c57563a1199551753d5/2134020514806175719/native-object.raw
5a9e2d9a930412104dcd90c5035c3396c17f71c62db9ffbd900472caf7961578,334,animations/scalar-recovered/full-source/1523850217/CAB-7baa6ca91b004c57563a1199551753d5/2134020514806175719/streaming-info.json
27e9bf471ba0d556cdf808140c97b100cd8912af2d6fedaef378e88cca01509c,115746,animations/scalar-recovered/full-source/1523850217/CAB-7baa6ca91b004c57563a1199551753d5/2926518983236155192/Avatar_Female_Size02_Remielle_PasSeul_Ani_Attack_Normal_04.json
647d4bd37a7f823b646a95b8801ed04f40cdbc4bfd7375bcf8255425c454d8e0,12506,animations/scalar-recovered/full-source/1523850217/CAB-7baa6ca91b004c57563a1199551753d5/2926518983236155192/acl-database-bulk.bin
747d91c8a97a25c3aca24cb841f0f2664e94620535b354da610696acda512ace,22220,animations/scalar-recovered/full-source/1523850217/CAB-7baa6ca91b004c57563a1199551753d5/2926518983236155192/native-object.raw
67a71175656e33e7894a371a8136582c347d9c20bf661e393540d5c07e73b643,338,animations/scalar-recovered/full-source/1523850217/CAB-7baa6ca91b004c57563a1199551753d5/2926518983236155192/streaming-info.json
0a168dec825a5640a9efba43f94dc91b0d2d1f1ae5fca4c9c3e43dde415cb2ae,129190,animations/scalar-recovered/full-source/1523850217/CAB-7c38049e2ff51e4d0e0c68d194fc253a/-6518441698820575275/Avatar_Female_Size02_Remielle_PasSeul_Ani_SwitchIn_Normal.json
942ea0b567e63e234d1e622ffad70989965d8ff456061ed78113b5a05bdb6ec5,17760,animations/scalar-recovered/full-source/1523850217/CAB-7c38049e2ff51e4d0e0c68d194fc253a/-6518441698820575275/acl-database-bulk.bin
4bf5f5c84e97b9590318d92142f45d213ff1befd17833f12ab0f1d7ba3928e1f,32316,animations/scalar-recovered/full-source/1523850217/CAB-7c38049e2ff51e4d0e0c68d194fc253a/-6518441698820575275/native-object.raw
2ae628330770fbdb3cad2a4941008e791362d89dbbd73d80e294e7b42fbe604f,335,animations/scalar-recovered/full-source/1523850217/CAB-7c38049e2ff51e4d0e0c68d194fc253a/-6518441698820575275/streaming-info.json
92bc1ac2c72a8ea7d491a0ace6617631430720a32247079b32d60115fc2a8c8a,123850,animations/scalar-recovered/full-source/1523850217/CAB-7cd551e162f6ed06c4b71106da96f4dc/8504739905493641752/Avatar_Female_Size02_Remielle_PasSeul_Ani_Hit_H_Front.json
d0c08c59046f2d1223392b0c213b09e23d531e2106e3f6737e3f5186ec5db0f0,15874,animations/scalar-recovered/full-source/1523850217/CAB-7cd551e162f6ed06c4b71106da96f4dc/8504739905493641752/acl-database-bulk.bin
50cb4799160714c78facb02417daac49c9b1fa2ba51e9584170811565dadcfe4,28296,animations/scalar-recovered/full-source/1523850217/CAB-7cd551e162f6ed06c4b71106da96f4dc/8504739905493641752/native-object.raw
b8d4461fcf9f982c31ee50fa4af947a8016e9c8d3df393bc7977643c1ece360a,335,animations/scalar-recovered/full-source/1523850217/CAB-7cd551e162f6ed06c4b71106da96f4dc/8504739905493641752/streaming-info.json
eb3fd4fbd510f4b633ca20924a8f45636b56e33749ef511b0cf1ceac32ebf0dc,121106,animations/scalar-recovered/full-source/1523850217/CAB-884e7e65a65ab40173f5345b37b0f517/-2352093389254818161/Avatar_Female_Size02_Remielle_PasSeul_Ani_Attack_Burst_Ex_Max02_End.json
d14c679a5d9af74ef1b41a8131f7b3feba52c79b2624fc79fb6c4e4e191ed8ac,11773,animations/scalar-recovered/full-source/1523850217/CAB-884e7e65a65ab40173f5345b37b0f517/-2352093389254818161/acl-database-bulk.bin
5eeb82d2dc982f8cdd97ef7771a75cccd841cfe0d2f1c70843ae3cefd5c9894e,26260,animations/scalar-recovered/full-source/1523850217/CAB-884e7e65a65ab40173f5345b37b0f517/-2352093389254818161/native-object.raw
a0a6af71f0ec610b8577408629d319512e0055b36dd80f2971b44ce52e4a379e,335,animations/scalar-recovered/full-source/1523850217/CAB-884e7e65a65ab40173f5345b37b0f517/-2352093389254818161/streaming-info.json
ffb2132a793bf853e66bc2213ec98e328d1293099c2d3bbf06f8f5c260f68e09,105415,animations/scalar-recovered/full-source/1523850217/CAB-884e7e65a65ab40173f5345b37b0f517/8156505608347191738/Avatar_Female_Size02_Remielle_PasSeul_Ani_Attack_Burst_Ex_Max02.json
5cd6c5ecfc68c550158414b631b8bd5de00bba4be83045d40737a016c0b7319a,4774,animations/scalar-recovered/full-source/1523850217/CAB-884e7e65a65ab40173f5345b37b0f517/8156505608347191738/acl-database-bulk.bin
9f01a0250a5f2035f46a209362a7f4908a287c0ef9d405be34e830c48a46cf5e,14512,animations/scalar-recovered/full-source/1523850217/CAB-884e7e65a65ab40173f5345b37b0f517/8156505608347191738/native-object.raw
f99ec407b13d20d0bbbcc37cdd975ea5fec4c05af7381936225c702faa96e478,338,animations/scalar-recovered/full-source/1523850217/CAB-884e7e65a65ab40173f5345b37b0f517/8156505608347191738/streaming-info.json
70d23705c0cd894e9f2599dea783b9ff7a82411e93f50498d95b5ff70dd29afb,122656,animations/scalar-recovered/full-source/1523850217/CAB-8a08e9882a14fc838abf0113eba1b7f3/-2645361912310965306/Avatar_Female_Size02_Remielle_PasSeul_Ani_MC_Walk_End_R.json
0e4c8c62683af78d629070d52dbedc9bc1248ff851ba5c9593507985a6dd9d0c,15725,animations/scalar-recovered/full-source/1523850217/CAB-8a08e9882a14fc838abf0113eba1b7f3/-2645361912310965306/acl-database-bulk.bin
0754ef4b63ae4456ec0f32ba2fb7927ee37489bfdf6c9b62040fc7e818a759e0,27384,animations/scalar-recovered/full-source/1523850217/CAB-8a08e9882a14fc838abf0113eba1b7f3/-2645361912310965306/native-object.raw
382cfe0512d4be8a5c5804021ee09712a50d8c81d26545d72333510d94a85959,335,animations/scalar-recovered/full-source/1523850217/CAB-8a08e9882a14fc838abf0113eba1b7f3/-2645361912310965306/streaming-info.json
6c2c0c0998451b84a81c8f09b48f4e88af3007445d281a29190fb3d1ba08786a,128427,animations/scalar-recovered/full-source/1523850217/CAB-8c540054562db7edbd601ad9f9312fd0/4734551596987841323/Avatar_Female_Size02_Remielle_PasSeul_Ani_Dash_End.json
c6bc641a52fea0c4be1b05264fb3f8e06efb73a0166b824d4fcf1d23b90ab348,16375,animations/scalar-recovered/full-source/1523850217/CAB-8c540054562db7edbd601ad9f9312fd0/4734551596987841323/acl-database-bulk.bin
62ae88fda6f653c6797f0bd020a2cd909f3145dd8e723d1fae7698b21b4746b4,31732,animations/scalar-recovered/full-source/1523850217/CAB-8c540054562db7edbd601ad9f9312fd0/4734551596987841323/native-object.raw
0e0ea6d74b63a5d550fff6f044c72111c39d58b70c88ea3f421d33feea84eb29,335,animations/scalar-recovered/full-source/1523850217/CAB-8c540054562db7edbd601ad9f9312fd0/4734551596987841323/streaming-info.json
9b2ab9f7fe97f7bc1f13a12762d91d58e9c6692d7eeda77cc00eedb140080721,107638,animations/scalar-recovered/full-source/1523850217/CAB-98d9079cd109170d572afb8511b86a0b/-5412887485860329321/Avatar_Female_Size02_Remielle_PasSeul_Ani_Attack_Special_End.json
992897bef346c9f38118173b32ffb5ac6747ea4f3deccac852c09b2be8c7021f,4539,animations/scalar-recovered/full-source/1523850217/CAB-98d9079cd109170d572afb8511b86a0b/-5412887485860329321/acl-database-bulk.bin
4baa6b1894656c94890067f1245d27b77cb20ba9cfcc0800541e3e082f755535,16092,animations/scalar-recovered/full-source/1523850217/CAB-98d9079cd109170d572afb8511b86a0b/-5412887485860329321/native-object.raw
9903763cc121553f3407c95802b19b71155cbae268bce6c7ade328304155d4f7,334,animations/scalar-recovered/full-source/1523850217/CAB-98d9079cd109170d572afb8511b86a0b/-5412887485860329321/streaming-info.json
169a631e7dfbe6305dc2abbf71eb5880317f02936b081fbd1c9b200d4e1a8053,105721,animations/scalar-recovered/full-source/1523850217/CAB-98d9079cd109170d572afb8511b86a0b/2990538837624449409/Avatar_Female_Size02_Remielle_PasSeul_Ani_Attack_Special.json
7f0b9936e8cab1322850e4fa9036fe834246af376c13b4360f59556d730b38c7,5139,animations/scalar-recovered/full-source/1523850217/CAB-98d9079cd109170d572afb8511b86a0b/2990538837624449409/acl-database-bulk.bin
473ead2c7336a68ddd0d9d9b6b2047989e5bf5ceb19a4bc7a2073cd97cebd03e,14680,animations/scalar-recovered/full-source/1523850217/CAB-98d9079cd109170d572afb8511b86a0b/2990538837624449409/native-object.raw
a130ff9700a740ca0e81c2d7e16efe15f0a8ebe542e7ee53391c6fbfbd5c5c80,337,animations/scalar-recovered/full-source/1523850217/CAB-98d9079cd109170d572afb8511b86a0b/2990538837624449409/streaming-info.json
a7b1f46acc1f9e3ed1e0084d35ff99ad794754bdc379475c4ce1e72d03b19856,131605,animations/scalar-recovered/full-source/1523850217/CAB-9c533c0979b3e022f349fa506946b745/-3265296203472712284/Avatar_Female_Size02_Remielle_PasSeul_Ani_Evade_Front.json
f46dc5371d43da6d5b2581901a0fe376815023ed3ab0dd75bd142caad9bc1d41,18611,animations/scalar-recovered/full-source/1523850217/CAB-9c533c0979b3e022f349fa506946b745/-3265296203472712284/acl-database-bulk.bin
fc128803553a60d2959acff59e5f48e11c861e1d736ed734bd3bdb6269c21a02,34088,animations/scalar-recovered/full-source/1523850217/CAB-9c533c0979b3e022f349fa506946b745/-3265296203472712284/native-object.raw
79b31e7ffcaf9076c15e9444b7f1b6e8da205d0d7d66c37cab32c99e5b77e4d0,335,animations/scalar-recovered/full-source/1523850217/CAB-9c533c0979b3e022f349fa506946b745/-3265296203472712284/streaming-info.json
b5630d785a02cb612c8da94968192c6e58e512e66096c638724948620063b766,104488,animations/scalar-recovered/full-source/1523850217/CAB-9d563c46975db1bfdab301bf8614f312/-3447199759255882351/Avatar_Female_Size02_Remielle_PasSeul_Ani_SwitchOut_AirState_Back.json
48f772fc60ebe43f3168dad7dd43090c74aaf3008ab8996e071564a59b5438c0,3577,animations/scalar-recovered/full-source/1523850217/CAB-9d563c46975db1bfdab301bf8614f312/-3447199759255882351/acl-database-bulk.bin
54083c2982580c8f214543747837ee2ac56bc49b3c45fdaaf5a2332d24ef7531,13812,animations/scalar-recovered/full-source/1523850217/CAB-9d563c46975db1bfdab301bf8614f312/-3447199759255882351/native-object.raw
7b1d7de35642931a67b52b7358c669c936292c3bf8341f1e12df63241042406e,334,animations/scalar-recovered/full-source/1523850217/CAB-9d563c46975db1bfdab301bf8614f312/-3447199759255882351/streaming-info.json
8b9524e2c4e24b53fefb345230d179f79fb24b677af77fb4a39c9359c61524e6,114410,animations/scalar-recovered/full-source/1523850217/CAB-a0aa630adf112db6491b4ce613c65951/148087719974129614/Avatar_Female_Size02_Remielle_PasSeul_Ani_Attack_Burst_Ex_01.json
9a179668cf9fe9050f168a2db3ed5642b0c0df7d5a01109612ac2069676af4b1,9912,animations/scalar-recovered/full-source/1523850217/CAB-a0aa630adf112db6491b4ce613c65951/148087719974129614/acl-database-bulk.bin
5d442144bafa2c10aed8321d6c65823ae7648e65fdca25b0813d4c08a3169ccd,21212,animations/scalar-recovered/full-source/1523850217/CAB-a0aa630adf112db6491b4ce613c65951/148087719974129614/native-object.raw
cc99216acd66b794b4d1c96e1bc0fc497a38af0b9a9fd87fff05293e5b9c2926,334,animations/scalar-recovered/full-source/1523850217/CAB-a0aa630adf112db6491b4ce613c65951/148087719974129614/streaming-info.json
b7a7b6d376f9504d784fee7f6ae58c1e4985a57d5c07899868ca4eb4e427fccc,108849,animations/scalar-recovered/full-source/1523850217/CAB-a0aa630adf112db6491b4ce613c65951/6622967762030173133/Avatar_Female_Size02_Remielle_PasSeul_Ani_Attack_Burst_Ex_01_End.json
e1d2f0ffb2316aaad4762d83ef50ab6e7685bee04a5efc37a9ac2884dad0fb65,5637,animations/scalar-recovered/full-source/1523850217/CAB-a0aa630adf112db6491b4ce613c65951/6622967762030173133/acl-database-bulk.bin
acbb8502118cd9aaf3e973526e23df670534aac1a68a7cf22de5473fb2aa62e4,17024,animations/scalar-recovered/full-source/1523850217/CAB-a0aa630adf112db6491b4ce613c65951/6622967762030173133/native-object.raw
d2f223a143b3c8ab3d867fd4a49fb226286d972342f7b851e729829b7c79a71e,337,animations/scalar-recovered/full-source/1523850217/CAB-a0aa630adf112db6491b4ce613c65951/6622967762030173133/streaming-info.json
6a1bc73ee90a524a266f49f48af9f925012f0074af2355ddfd13d487d98bb2fa,121265,animations/scalar-recovered/full-source/1523850217/CAB-a6527aa5d84bf5e232a827d9240574ce/-1155290675334462679/Avatar_Female_Size02_Remielle_PasSeul_Ani_Attack_Counter_End.json
dbb85d45f8b7b47edb26644c6c894d470abe2778e1e3faa6251f11aee8002d58,12680,animations/scalar-recovered/full-source/1523850217/CAB-a6527aa5d84bf5e232a827d9240574ce/-1155290675334462679/acl-database-bulk.bin
c3d048c51d1aae51a3c3788858f90da4893f095acf7222a5794569ad6ab7b155,26300,animations/scalar-recovered/full-source/1523850217/CAB-a6527aa5d84bf5e232a827d9240574ce/-1155290675334462679/native-object.raw
0ae70f2305131fcdeab2c78b60be8500631a45f08bee85bd28e23fb2b6b911a4,335,animations/scalar-recovered/full-source/1523850217/CAB-a6527aa5d84bf5e232a827d9240574ce/-1155290675334462679/streaming-info.json
9e5e07e1e395303a1f43e8f3f6c3d38ee51ce98bf0cceed09c03c94a8b9e6b37,106899,animations/scalar-recovered/full-source/1523850217/CAB-a6527aa5d84bf5e232a827d9240574ce/5799038561787546060/Avatar_Female_Size02_Remielle_PasSeul_Ani_Attack_Counter.json
bcbe95611dc0c5fa92c811cf6c6113d65257b0bcd8c9204bb2ce6fde5f3b23e3,5067,animations/scalar-recovered/full-source/1523850217/CAB-a6527aa5d84bf5e232a827d9240574ce/5799038561787546060/acl-database-bulk.bin
9cdd13d4b97241eaa6a07db6829e3c7f2a0ed31f0933264193e8358c5d132c6e,15576,animations/scalar-recovered/full-source/1523850217/CAB-a6527aa5d84bf5e232a827d9240574ce/5799038561787546060/native-object.raw
629428cc27093e5c0da7b25d0231716416125b48c271c57f9cd3ace1ce8768ce,338,animations/scalar-recovered/full-source/1523850217/CAB-a6527aa5d84bf5e232a827d9240574ce/5799038561787546060/streaming-info.json
1fe7f46e2a7382604eb8d7282dd0a0d87f634e755a38d0c67a5003125308f0a7,121880,animations/scalar-recovered/full-source/1523850217/CAB-a823d6263a2a9559f85464c3370ed6a2/8867792996369793557/Avatar_Female_Size02_Remielle_PasSeul_Ani_MC_Walk_End_L.json
d2f08b91f43e4bbad728a8e7f46fa783437a019b3ab9dc4aaf6062d9a8016f7f,15028,animations/scalar-recovered/full-source/1523850217/CAB-a823d6263a2a9559f85464c3370ed6a2/8867792996369793557/acl-database-bulk.bin
4abf01c21a7ee85538ac12fe37cd2d99aa33c553e334a9c70d4ca0fd45e795f0,26840,animations/scalar-recovered/full-source/1523850217/CAB-a823d6263a2a9559f85464c3370ed6a2/8867792996369793557/native-object.raw
a2134ae7ee9d2495ce14a74c295a5c56f9400d00d9e42ee4188184ec767c3de7,335,animations/scalar-recovered/full-source/1523850217/CAB-a823d6263a2a9559f85464c3370ed6a2/8867792996369793557/streaming-info.json
e369d8227069c1c8f001ab683241766e818d6e84e0cf3d6151e1f2f3b6e9eb89,124643,animations/scalar-recovered/full-source/1523850217/CAB-a8a6b7f923fb70988e94cdd37346489b/-634271642169061373/Avatar_Female_Size02_Remielle_PasSeul_Ani_Finish_Ex_AirState_End.json
5f0940ba3127115b756df84fbaefc5f5816417757cd0101d712a40e13fb2d36a,15881,animations/scalar-recovered/full-source/1523850217/CAB-a8a6b7f923fb70988e94cdd37346489b/-634271642169061373/acl-database-bulk.bin
129542d42b9a8ec091b24484693911cbba26406a91347889c9db430fe4ee69c3,28928,animations/scalar-recovered/full-source/1523850217/CAB-a8a6b7f923fb70988e94cdd37346489b/-634271642169061373/native-object.raw
a79162141f4b21f32cb3f6713c0fc1873df4f4ff338773196506edea39665cb0,335,animations/scalar-recovered/full-source/1523850217/CAB-a8a6b7f923fb70988e94cdd37346489b/-634271642169061373/streaming-info.json
b893868b7d16777d31d63f8e38b60d8413c9b1a08cfac3787cee1e78919345eb,113837,animations/scalar-recovered/full-source/1523850217/CAB-a8a6b7f923fb70988e94cdd37346489b/4421834620260399912/Avatar_Female_Size02_Remielle_PasSeul_Ani_Finish_Ex_AirState.json
a2324fc8348167f46712f051afe5d17badc8624beb69b1c667782a4f21cdf304,7845,animations/scalar-recovered/full-source/1523850217/CAB-a8a6b7f923fb70988e94cdd37346489b/4421834620260399912/acl-database-bulk.bin
ff5d571cad1f2a2c234e816e6a318a04ee3de98c1326877525317349c5e5d72d,20780,animations/scalar-recovered/full-source/1523850217/CAB-a8a6b7f923fb70988e94cdd37346489b/4421834620260399912/native-object.raw
e15cf3a10799cabf4fd45719aa9eb85ac534d2febcfd1fcc5d74f391d89644e2,338,animations/scalar-recovered/full-source/1523850217/CAB-a8a6b7f923fb70988e94cdd37346489b/4421834620260399912/streaming-info.json
70be110a23b9f9cd959ab07611d2ba1f874fbc294a02c14df139a6feb7f66e6a,161572,animations/scalar-recovered/full-source/1523850217/CAB-ab1757a88896e229d07184875853c58c/2778352940527704367/Avatar_Female_Size02_Remielle_PasSeul_Ani_Idle_AFK.json
329da898a5ea60ca465190aa157b6c79f8a9eac9d953079cce85d7283e397d78,36990,animations/scalar-recovered/full-source/1523850217/CAB-ab1757a88896e229d07184875853c58c/2778352940527704367/acl-database-bulk.bin
e87c803c34baa637fb94a28950b91d0663af43b7609072379572c5785bb95b9f,56548,animations/scalar-recovered/full-source/1523850217/CAB-ab1757a88896e229d07184875853c58c/2778352940527704367/native-object.raw
a87a8b87cc1a13b125e98a90267e999effd25db5b86ec4581ef1fd451d77d22e,335,animations/scalar-recovered/full-source/1523850217/CAB-ab1757a88896e229d07184875853c58c/2778352940527704367/streaming-info.json
523bb79d4b6a9dc49ce01544e96847e1953e751221d31e3cdb3b5d30816a97d8,113723,animations/scalar-recovered/full-source/1523850217/CAB-ab8aa7f478d9b1c5d296e46679442409/2086426869383369578/Avatar_Female_Size02_Remielle_PasSeul_Ani_Run_Loop_02.json
255048eec3edb4053559eccdc0b6c150e5e4a98f04688c398f18d2f8b74747c5,8980,animations/scalar-recovered/full-source/1523850217/CAB-ab8aa7f478d9b1c5d296e46679442409/2086426869383369578/acl-database-bulk.bin
7c389f86ee2fed4c8b16071c1cb41e83e573b157dc14e3a7b224b695a69306b3,20696,animations/scalar-recovered/full-source/1523850217/CAB-ab8aa7f478d9b1c5d296e46679442409/2086426869383369578/native-object.raw
81eefbe34e4a838e98464924a300f0f9481c8ae41b2ef2a7108f4d6da4828af0,334,animations/scalar-recovered/full-source/1523850217/CAB-ab8aa7f478d9b1c5d296e46679442409/2086426869383369578/streaming-info.json
56d75d08137f78552d47a683f5402c8906ccd498c1af5123ec1f75fd769aa159,126415,animations/scalar-recovered/full-source/1523850217/CAB-ae6112767b4de944948ff3d9db0ef901/7162119520429048974/Avatar_Female_Size02_Remielle_PasSeul_Ani_Finish_AirState_Front.json
77de4123f749e8df2eef7b6d05627e9767a97cda48767d65b7a9179b1f2b6a27,15796,animations/scalar-recovered/full-source/1523850217/CAB-ae6112767b4de944948ff3d9db0ef901/7162119520429048974/acl-database-bulk.bin
c4e9881afb10d301956085f36590eed6cf22906ba2de8673697ffd236a98dae5,30192,animations/scalar-recovered/full-source/1523850217/CAB-ae6112767b4de944948ff3d9db0ef901/7162119520429048974/native-object.raw
64fe6e3af91db857e9534d9ae71fc9417039769dbc4bf64ddd96f0fdf5c57a8b,335,animations/scalar-recovered/full-source/1523850217/CAB-ae6112767b4de944948ff3d9db0ef901/7162119520429048974/streaming-info.json
10e4b8713eb8a5b14dacc99a75693b1b0d0d44f9c854c1449d68dce812bcf9f5,116616,animations/scalar-recovered/full-source/1523850217/CAB-b9d8018d23e2cb9d73ca084a0f2a20a3/-786566853111875148/Avatar_Female_Size02_Remielle_PasSeul_Ani_Skill01_AirState_Back.json
ff0a768974e1fb12e6295b86031f245e5c753543668369603ad72e5908fc1ac7,10154,animations/scalar-recovered/full-source/1523850217/CAB-b9d8018d23e2cb9d73ca084a0f2a20a3/-786566853111875148/acl-database-bulk.bin
463ffcb3738d5c375a7c78d547d6eca251a254769664c8a4e2a15b038e688342,22896,animations/scalar-recovered/full-source/1523850217/CAB-b9d8018d23e2cb9d73ca084a0f2a20a3/-786566853111875148/native-object.raw
741c198b19556464d28935fe6811ab8b38f74c178a7fe10365fe7503d220784f,335,animations/scalar-recovered/full-source/1523850217/CAB-b9d8018d23e2cb9d73ca084a0f2a20a3/-786566853111875148/streaming-info.json
f6280514741d06b6492fc8b62ce32a1db33c85f4754861c26178d1817e997274,112509,animations/scalar-recovered/full-source/1523850217/CAB-c79d6e50611fc9c8053126a906b2e78a/3892386236045217096/Avatar_Female_Size02_Remielle_PasSeul_Ani_Dash_Loop_02.json
290d5c37ad564fd08f4d3a2176a9b9d080af44c5ad38b3267339e18cc758a63e,6689,animations/scalar-recovered/full-source/1523850217/CAB-c79d6e50611fc9c8053126a906b2e78a/3892386236045217096/acl-database-bulk.bin
507786fcc84749c6ae4133aa16e3c9929305d5dfc0ff376fdc3c0989ac004d2b,19800,animations/scalar-recovered/full-source/1523850217/CAB-c79d6e50611fc9c8053126a906b2e78a/3892386236045217096/native-object.raw
3248c43f5787a470132131769d2645bb83375d6aa8bd29d5febde668cb9ee4dd,334,animations/scalar-recovered/full-source/1523850217/CAB-c79d6e50611fc9c8053126a906b2e78a/3892386236045217096/streaming-info.json
4c30ccf78b7d7e791813ab45c0cc372e44c38a5a4389047c5240b879f0990054,120080,animations/scalar-recovered/full-source/1523850217/CAB-cdd962c9f0fb76fd3077ee7f50825dd1/-453599638320599670/Avatar_Female_Size02_Remielle_PasSeul_Ani_Attack_Burst_01_End.json
b92428d40e9bd24ad9e971d396c54526408d034d3ffc4bccb5e1c9faad005181,12472,animations/scalar-recovered/full-source/1523850217/CAB-cdd962c9f0fb76fd3077ee7f50825dd1/-453599638320599670/acl-database-bulk.bin
9d36fcbeb56a3b9093cde6191cf8c664a5d538b23510c954a4a5bbcc8f15b792,25472,animations/scalar-recovered/full-source/1523850217/CAB-cdd962c9f0fb76fd3077ee7f50825dd1/-453599638320599670/native-object.raw
30b7520f0b2f3bf4759577147e9f4b159c4ead647f5339679d78cd19d1876d5a,339,animations/scalar-recovered/full-source/1523850217/CAB-cdd962c9f0fb76fd3077ee7f50825dd1/-453599638320599670/streaming-info.json
5e2364afc85fb9b5cc81bc3c56ad72a7d3e0f2aeac9c3bcb1ad5aee10f2ddca9,116255,animations/scalar-recovered/full-source/1523850217/CAB-cdd962c9f0fb76fd3077ee7f50825dd1/-5515147803904659855/Avatar_Female_Size02_Remielle_PasSeul_Ani_Attack_Burst_01.json
4747296ac1bed923e75fb3134b6ec143575ca5c39805bd6cbb5017284c20f9f0,11256,animations/scalar-recovered/full-source/1523850217/CAB-cdd962c9f0fb76fd3077ee7f50825dd1/-5515147803904659855/acl-database-bulk.bin
a2643a775ee2d87593cc51aa7f036e52b40e05f25ef295047df1646ae04059e5,22620,animations/scalar-recovered/full-source/1523850217/CAB-cdd962c9f0fb76fd3077ee7f50825dd1/-5515147803904659855/native-object.raw
48abd7ebe7734a47f2146a9be9a340de148bdec934279e9b9b37fafc6da2ddad,335,animations/scalar-recovered/full-source/1523850217/CAB-cdd962c9f0fb76fd3077ee7f50825dd1/-5515147803904659855/streaming-info.json
e1ebdbae34a60a53cf316ef393c495081f866b67d9ebcf0dd48bc8a63db266a3,137071,animations/scalar-recovered/full-source/1523850217/CAB-ce2c632735300d19082d603243d62c2e/-6628969260325167827/Avatar_Female_Size02_Remielle_PasSeul_Ani_QuestStart.json
00c1470da6c5d16d87eecb959d602fcbe124ee88749f8ab0df38aa0d2395eea5,24399,animations/scalar-recovered/full-source/1523850217/CAB-ce2c632735300d19082d603243d62c2e/-6628969260325167827/acl-database-bulk.bin
0b46153c22ba2ab879ce34185d0ab578d6ebdeadc3d84cc41fcb179aac36bb64,38164,animations/scalar-recovered/full-source/1523850217/CAB-ce2c632735300d19082d603243d62c2e/-6628969260325167827/native-object.raw
045369ff941f95661697da43277c7bd35df3f464f530c91a368b42eb07134e23,335,animations/scalar-recovered/full-source/1523850217/CAB-ce2c632735300d19082d603243d62c2e/-6628969260325167827/streaming-info.json
56ed58cd5860555822ea452de616136a35b5fb85a2c960f2c6f12ae4e2e5b26a,118234,animations/scalar-recovered/full-source/1523850217/CAB-dfca78e19214b67ae1b0e8e1beb37a63/-2371397975648665643/Avatar_Female_Size02_Remielle_PasSeul_Ani_Attack_Normal_03_End.json
edafdf3b1b36718c31cee6f47a1597cb282613cb8cf2eeb96d8b46e7dabe078c,12461,animations/scalar-recovered/full-source/1523850217/CAB-dfca78e19214b67ae1b0e8e1beb37a63/-2371397975648665643/acl-database-bulk.bin
9c52d5478f92c1829446f78826fbba5e2cc9012d905324b1e8919c96407de5e0,24096,animations/scalar-recovered/full-source/1523850217/CAB-dfca78e19214b67ae1b0e8e1beb37a63/-2371397975648665643/native-object.raw
e5814cae1ea28e5e85e53d07255796df3f26cd79891d08de264011e11349a049,338,animations/scalar-recovered/full-source/1523850217/CAB-dfca78e19214b67ae1b0e8e1beb37a63/-2371397975648665643/streaming-info.json
f5d804b88a63bd2ce74ab72d1b9c3fd93f2ec0b13889ecf4408ad930cd1d735f,112608,animations/scalar-recovered/full-source/1523850217/CAB-dfca78e19214b67ae1b0e8e1beb37a63/-5836051886755954451/Avatar_Female_Size02_Remielle_PasSeul_Ani_Attack_Normal_03.json
83b5f19c7f5328a808908fa7b4b17fe76ea4cd35179e90bce486bd554868e6c9,9648,animations/scalar-recovered/full-source/1523850217/CAB-dfca78e19214b67ae1b0e8e1beb37a63/-5836051886755954451/acl-database-bulk.bin
70409a8acc2a732d2085a37b1797323aa4b7f8c547659d40999aac76d275deb5,19868,animations/scalar-recovered/full-source/1523850217/CAB-dfca78e19214b67ae1b0e8e1beb37a63/-5836051886755954451/native-object.raw
462d87d5fdd7671825475e888a7b0eb7db2b99f34780118ff6ff12cb8b76a74a,334,animations/scalar-recovered/full-source/1523850217/CAB-dfca78e19214b67ae1b0e8e1beb37a63/-5836051886755954451/streaming-info.json
7cd6edae7c4adc2ddf3b87bd949a5e8117ff4191291d7743a3f28fd46013aef2,122786,animations/scalar-recovered/full-source/1523850217/CAB-e05267109b0d875623c52c4e76df2941/2457671196260810409/Avatar_Female_Size02_Remielle_PasSeul_Ani_Hit_H_Back.json
fd88ff410a7e1d0314dad4580018f05544238fb50734d9b2117d96c63058ef33,14663,animations/scalar-recovered/full-source/1523850217/CAB-e05267109b0d875623c52c4e76df2941/2457671196260810409/acl-database-bulk.bin
cf29c677c715c379f76063377f6e07f5731954d38b4d9d99c8e5f43c2b6edf80,27460,animations/scalar-recovered/full-source/1523850217/CAB-e05267109b0d875623c52c4e76df2941/2457671196260810409/native-object.raw
0073e9c35765ba4a318d51e3333c90776ae61b04de9cf6c95dc19ec50cea3d92,335,animations/scalar-recovered/full-source/1523850217/CAB-e05267109b0d875623c52c4e76df2941/2457671196260810409/streaming-info.json
a8ddf58afbc285e271aede1b3f6cb85e56489ee80678ad8ec6b198f87f2cb06c,112623,animations/scalar-recovered/full-source/1523850217/CAB-e381a6dd36416c169752fb518b38e000/-869303386291863426/Avatar_Female_Size02_Remielle_PasSeul_Ani_Attack_Rush_End.json
70995f0d73845efd152fa36ae566d7d1f089456cbc0317e46badfef444cfd31c,7121,animations/scalar-recovered/full-source/1523850217/CAB-e381a6dd36416c169752fb518b38e000/-869303386291863426/acl-database-bulk.bin
3316fff0fefb8c9a57ce2feab0c07a10af7551b5fda050c4b9471676fb247844,19852,animations/scalar-recovered/full-source/1523850217/CAB-e381a6dd36416c169752fb518b38e000/-869303386291863426/native-object.raw
a525729f0101b1b9b9cac84a5abb53161ad81d5d36ce17e2250fccfaa98dd1ca,334,animations/scalar-recovered/full-source/1523850217/CAB-e381a6dd36416c169752fb518b38e000/-869303386291863426/streaming-info.json
084adc1a6bf2cdf338419eac45fe116058ae656cdadd090d30b553f76b12de97,108560,animations/scalar-recovered/full-source/1523850217/CAB-e381a6dd36416c169752fb518b38e000/282829697858500702/Avatar_Female_Size02_Remielle_PasSeul_Ani_Attack_Rush.json
742699750f7e5c5d62eef358273a93655208c3392ac7a145b47cd4689072695b,6426,animations/scalar-recovered/full-source/1523850217/CAB-e381a6dd36416c169752fb518b38e000/282829697858500702/acl-database-bulk.bin
6900550c92926e4f12128aa6e1658be941b9856e3fd7b40ed1c2f2ce3dc7cc78,16840,animations/scalar-recovered/full-source/1523850217/CAB-e381a6dd36416c169752fb518b38e000/282829697858500702/native-object.raw
be3e704e3c0561b57425ca65aa09d1cf5740b5ef46de9c4b7a4daccfbd60ecf7,337,animations/scalar-recovered/full-source/1523850217/CAB-e381a6dd36416c169752fb518b38e000/282829697858500702/streaming-info.json
bac210f998e1335109a473aba038acf346eea2a121de7bd57fd7274822a0d553,103138,animations/scalar-recovered/full-source/1523850217/CAB-e5e86e8272aecca0023a3de0cf7adf3d/-1865633390978939768/Avatar_Female_Size02_Remielle_PasSeul_Ani_Attack_ParryAid_L.json
edc022a0d5058ee79aea420c4d59a7f001e016ba1f3b5f05925e6811e80847b2,2572,animations/scalar-recovered/full-source/1523850217/CAB-e5e86e8272aecca0023a3de0cf7adf3d/-1865633390978939768/acl-database-bulk.bin
7801ee287d13cbee59244293dc9afb233dd01b3e39e7a7740197bcc968a815bf,12732,animations/scalar-recovered/full-source/1523850217/CAB-e5e86e8272aecca0023a3de0cf7adf3d/-1865633390978939768/native-object.raw
7aa6a6c6c5d809af076d06f832aa7f101605370a9d864cdb31cce030b745059b,334,animations/scalar-recovered/full-source/1523850217/CAB-e5e86e8272aecca0023a3de0cf7adf3d/-1865633390978939768/streaming-info.json
c755af9b2306af56b1a0746e054becd161807ed002c512aca38503d37687af8c,122830,animations/scalar-recovered/full-source/1523850217/CAB-e5e86e8272aecca0023a3de0cf7adf3d/7019626000825424181/Avatar_Female_Size02_Remielle_PasSeul_Ani_Attack_ParryAid_L_End.json
1df89295b53b2d4a02452ecbaf9e0df890c7fca9131793e5e52f1f92aa0cdb3e,11937,animations/scalar-recovered/full-source/1523850217/CAB-e5e86e8272aecca0023a3de0cf7adf3d/7019626000825424181/acl-database-bulk.bin
148422d23134c7df471c1af9539f70ca5b04d72122d48afdf032e28adbed32f3,27536,animations/scalar-recovered/full-source/1523850217/CAB-e5e86e8272aecca0023a3de0cf7adf3d/7019626000825424181/native-object.raw
c8764a460d5b8070ba9900196f3a3a63b8799457da7fd4e55c9426e0737b9182,338,animations/scalar-recovered/full-source/1523850217/CAB-e5e86e8272aecca0023a3de0cf7adf3d/7019626000825424181/streaming-info.json
c46cc754e1a3302210fdd3ebe7e6968a87be958d56df3de0e11ddb54262eff17,130303,animations/scalar-recovered/full-source/1523850217/CAB-e668327a20856d36e417d27c83a1a024/1212575651489049186/Avatar_Female_Size02_Remielle_PasSeul_Ani_Evade_Front_02.json
18b4c99347cc3f93ecfb35d7228f63f525a7a98d9ad1d3ec6868932e515e5085,17186,animations/scalar-recovered/full-source/1523850217/CAB-e668327a20856d36e417d27c83a1a024/1212575651489049186/acl-database-bulk.bin
0798a8c01e941f21dae473d6e0d7eba5c9e88139636e68c4c7be90857daa66e7,33144,animations/scalar-recovered/full-source/1523850217/CAB-e668327a20856d36e417d27c83a1a024/1212575651489049186/native-object.raw
f0b9ecced57965648a72fdc266709a67f1d035a4df72c3c901de7652018397b2,335,animations/scalar-recovered/full-source/1523850217/CAB-e668327a20856d36e417d27c83a1a024/1212575651489049186/streaming-info.json
be0c15be140f75326c024bc1cadc77d01a06744a096db1ca6ca9d29aac454217,113272,animations/scalar-recovered/full-source/1523850217/CAB-fc25c3b03dc852e5b4d2ef81bdb29c83/-8882356081313299500/Avatar_Female_Size02_Remielle_PasSeul_Ani_Run_Loop_01.json
6c6e61fe766d50f106623fb614fe6b3efe1646badaeec3b9b76d3505ed0ec335,8630,animations/scalar-recovered/full-source/1523850217/CAB-fc25c3b03dc852e5b4d2ef81bdb29c83/-8882356081313299500/acl-database-bulk.bin
f80239265871f2a5d0fd2bc71b488a86ee10fc060e7c75d03372ccc4261d91b9,20376,animations/scalar-recovered/full-source/1523850217/CAB-fc25c3b03dc852e5b4d2ef81bdb29c83/-8882356081313299500/native-object.raw
2fb8aaa324669d25e7a83a45b5818cef1725b03005edc2cef4f2183faf52c940,334,animations/scalar-recovered/full-source/1523850217/CAB-fc25c3b03dc852e5b4d2ef81bdb29c83/-8882356081313299500/streaming-info.json
a404b2843fa457c7917c74df8e6aba0d408373330536a9a6aeb5bc3f3dc6843c,109764,animations/scalar-recovered/full-source/1523850217/CAB-fc33e3c3f318a0f1826dde90d1a4e1b3/-2234826315727283405/Avatar_Female_Size02_Remielle_PasSeul_Ani_Attack_AssaultAid.json
69e6cbb6707e72d78fb23c671aa72508711f5acb79f3585c19dc66fd5cd02904,7085,animations/scalar-recovered/full-source/1523850217/CAB-fc33e3c3f318a0f1826dde90d1a4e1b3/-2234826315727283405/acl-database-bulk.bin
0ab975d5df24524f4e1cc97259bb1fd38674fc836008fd57c1b78b35cfe862b0,17724,animations/scalar-recovered/full-source/1523850217/CAB-fc33e3c3f318a0f1826dde90d1a4e1b3/-2234826315727283405/native-object.raw
ed87fcb8904987ffb0353202b1e81987898b934f70f34609a2610743ecdfe96f,334,animations/scalar-recovered/full-source/1523850217/CAB-fc33e3c3f318a0f1826dde90d1a4e1b3/-2234826315727283405/streaming-info.json
6880efc11e284ce01fcff02e8144258bfa491b38304d60ca9e313366c23a957e,119236,animations/scalar-recovered/full-source/1523850217/CAB-fc33e3c3f318a0f1826dde90d1a4e1b3/4962035264147276382/Avatar_Female_Size02_Remielle_PasSeul_Ani_Attack_AssaultAid_End.json
4fbeb864a278c3b4db3e14ea83ae7884c5d33d675be4bffb3ff3ada0b4638451,11448,animations/scalar-recovered/full-source/1523850217/CAB-fc33e3c3f318a0f1826dde90d1a4e1b3/4962035264147276382/acl-database-bulk.bin
6ac3b87e069d23a52c253c8cbed2771c70840a0b55c376bfb6f38543795b2687,24816,animations/scalar-recovered/full-source/1523850217/CAB-fc33e3c3f318a0f1826dde90d1a4e1b3/4962035264147276382/native-object.raw
79e741cb3f8a05398800431d6429903e2daecd13a5540c17df2725e96423ba04,338,animations/scalar-recovered/full-source/1523850217/CAB-fc33e3c3f318a0f1826dde90d1a4e1b3/4962035264147276382/streaming-info.json
dd560ae2b4769af6b3cad934308607e858a48588c2a04ae70db927b076c0215f,1019757,animations/scalar-recovered/full-source/166455023/CAB-ecd553c66a81e5a42fb13f88e9688494/-8967589269667655798/Avatar_Female_Size02_Remielle_Origin_Ani_MC_Stand_Weak_Loop.json
5470db505a68796406981dc4a933807527cf83e8a66023d0cbdd8e9f83453402,344648,animations/scalar-recovered/full-source/166455023/CAB-ecd553c66a81e5a42fb13f88e9688494/-8967589269667655798/acl-database-bulk.bin
40a39e0bef7e11eeba9794ba3c704484538118962e4eda93f01294fca657efdf,201508,animations/scalar-recovered/full-source/166455023/CAB-ecd553c66a81e5a42fb13f88e9688494/-8967589269667655798/native-object.raw
247d860e3dafb982787281eafca3a033100dda8555d8588f8c7ca1a8b1f7e3c6,337,animations/scalar-recovered/full-source/166455023/CAB-ecd553c66a81e5a42fb13f88e9688494/-8967589269667655798/streaming-info.json
8ac3ce9d1d3bd23fb6e25e693f92d33c13a5d5cc2ff5480eac90ed827390fad2,226179,animations/scalar-recovered/full-source/166455023/CAB-ecd553c66a81e5a42fb13f88e9688494/749183524389434420/Avatar_Female_Size02_Remielle_Origin_Default_Ani_MC_Stand_Weak_Loop.json
030a99c263fed4d1042d47d9008fb8674ea193cfc9e28d0d20fee8420ffd96b1,47765,animations/scalar-recovered/full-source/166455023/CAB-ecd553c66a81e5a42fb13f88e9688494/749183524389434420/acl-database-bulk.bin
f3feae7d19114db6744e2772e487de017d1f31b6c613de37ef85128f43628ea2,65288,animations/scalar-recovered/full-source/166455023/CAB-ecd553c66a81e5a42fb13f88e9688494/749183524389434420/native-object.raw
148f21fcb177a7f5b571529cc98ce927453cf7e91f6a7187c38939e38f76b139,340,animations/scalar-recovered/full-source/166455023/CAB-ecd553c66a81e5a42fb13f88e9688494/749183524389434420/streaming-info.json
0330021bed69a0fad5bb21da914b5450b596cadfbc2f2cfcdef3978325dd690a,1044516,animations/scalar-recovered/full-source/1704382549/CAB-032223020f5c723eefc3368416cbd5e1/515039831682801160/Avatar_Female_Size02_Remielle_Ramiel_Ani_Gal_Angry_End.json
c045c309d2f515ee04a5cf433015e41ab67a1a8ad188a98e087c89c0b9043f60,97004,animations/scalar-recovered/full-source/1704382549/CAB-032223020f5c723eefc3368416cbd5e1/515039831682801160/acl-database-bulk.bin
bf46b1c3a5a963bb5e389f357fe242bd50a88500c245131a440f64ad5f54f7a6,125616,animations/scalar-recovered/full-source/1704382549/CAB-032223020f5c723eefc3368416cbd5e1/515039831682801160/native-object.raw
f8c30f0d3eb3f22d92be070997dc96d6d58d0618b4495114b084823b27007e77,336,animations/scalar-recovered/full-source/1704382549/CAB-032223020f5c723eefc3368416cbd5e1/515039831682801160/streaming-info.json
481cd9c0edc8bbb1afa128d8edfce731fecb9d694dcf982690f022813f44eb4d,249896,animations/scalar-recovered/full-source/1704382549/CAB-0c8dba6ca843205d50751c0ff9b6a011/-5036785912351465611/Avatar_Female_Size02_Remielle_Ramiel_Ani_UI_Detail.json
fd72b7da40453b0d52fa3206815f5f7b522c98e4278f3bd4647c7a48cb17c1cb,10592,animations/scalar-recovered/full-source/1704382549/CAB-0c8dba6ca843205d50751c0ff9b6a011/-5036785912351465611/acl-database-bulk.bin
b76c0a72f85146b0a1a56e6157dd8dc015f4cf3a50e55b586455b07595173916,33544,animations/scalar-recovered/full-source/1704382549/CAB-0c8dba6ca843205d50751c0ff9b6a011/-5036785912351465611/native-object.raw
f556d6ad8910e19a46ad88be406abdc7acb29c32bca1d81a21929de621c11e66,335,animations/scalar-recovered/full-source/1704382549/CAB-0c8dba6ca843205d50751c0ff9b6a011/-5036785912351465611/streaming-info.json
532b2058be11f0e345ceb5ba4c6d21bb9a1bae31d44f8d2debdf65eb340e6a64,241834,animations/scalar-recovered/full-source/1704382549/CAB-0fdb155c3dac8c9377342e63b566dbeb/1384830706564237703/Avatar_Female_Size02_Remielle_Ramiel_Ani_Attack_Rush.json
40eac44c8c62ea88c5b9f8e4c7b42ad0ac0d3efea16ac45b80fe7dbee36bd8b6,4585,animations/scalar-recovered/full-source/1704382549/CAB-0fdb155c3dac8c9377342e63b566dbeb/1384830706564237703/acl-database-bulk.bin
ea9f3918d898e73f5328a489f28b45ad7bd0db8622104066c222ba300c90b58f,27448,animations/scalar-recovered/full-source/1704382549/CAB-0fdb155c3dac8c9377342e63b566dbeb/1384830706564237703/native-object.raw
f547c4ac38b213f3621cbcc1626839c539a2edafcd74d8475586468973a5ad4c,334,animations/scalar-recovered/full-source/1704382549/CAB-0fdb155c3dac8c9377342e63b566dbeb/1384830706564237703/streaming-info.json
07ad536a34c0c752d7eb6ed3e2f9238f32246ceaced2ed0bb3895313e02f7278,245144,animations/scalar-recovered/full-source/1704382549/CAB-0fdb155c3dac8c9377342e63b566dbeb/5310189695225751449/Avatar_Female_Size02_Remielle_Ramiel_Ani_Attack_Rush_End.json
5661f474c2a67ff6e464ecc7f305e8882d80af2e9265f4478e5d0470ca052143,5025,animations/scalar-recovered/full-source/1704382549/CAB-0fdb155c3dac8c9377342e63b566dbeb/5310189695225751449/acl-database-bulk.bin
6b6f12ba39787f847570c83caf4a8d5fcc90b3f59291b749c216b38e1a7a4808,30172,animations/scalar-recovered/full-source/1704382549/CAB-0fdb155c3dac8c9377342e63b566dbeb/5310189695225751449/native-object.raw
e9b56282f23b06275e62733ea5dad883526f16d438d90a7279bf7f911516fe23,337,animations/scalar-recovered/full-source/1704382549/CAB-0fdb155c3dac8c9377342e63b566dbeb/5310189695225751449/streaming-info.json
cf8241e8aa41018081f44c4d12a7b6c5bd2015d345c0c3f5dcf17b2f9563a8d6,251027,animations/scalar-recovered/full-source/1704382549/CAB-1110fe4280f6d46960a76fac015c7a88/-6787169860043975556/Avatar_Female_Size02_Remielle_Ramiel_Ani_UI_S1toE.json
fad939bb50151684fddbbd97ae75c9649640c1180469d99e2c4e7057219c29cb,11410,animations/scalar-recovered/full-source/1704382549/CAB-1110fe4280f6d46960a76fac015c7a88/-6787169860043975556/acl-database-bulk.bin
b01cacaa2f5b0b0af5e756b1a1142839f6e5e2be34418aca389c896cdc0cac64,34408,animations/scalar-recovered/full-source/1704382549/CAB-1110fe4280f6d46960a76fac015c7a88/-6787169860043975556/native-object.raw
88b8559d4019e0eb004bb57a9261f3dfaa7d778d285721d070ad145c7325b537,335,animations/scalar-recovered/full-source/1704382549/CAB-1110fe4280f6d46960a76fac015c7a88/-6787169860043975556/streaming-info.json
bc00c7e6361590ffe5f461fab58444ec0acefbf5fd671628cfa8553864f9caf8,257888,animations/scalar-recovered/full-source/1704382549/CAB-1495f565ffb654275ce64a952b2df75f/5579212848912087808/Avatar_Female_Size02_Remielle_Ramiel_Ani_MC_Walk_End_02_L.json
e535c0db104443687d6be58e94081c2f43a2fa9f41375a10fde585399a77e7bd,15305,animations/scalar-recovered/full-source/1704382549/CAB-1495f565ffb654275ce64a952b2df75f/5579212848912087808/acl-database-bulk.bin
4146105c9596027b38f52bba634863a210b2b3cd78da5471d64df98015aa393d,39536,animations/scalar-recovered/full-source/1704382549/CAB-1495f565ffb654275ce64a952b2df75f/5579212848912087808/native-object.raw
5530c636ce505efd2676c00db0945313c167714ac15d7b0260e6ae5bb009ebd3,335,animations/scalar-recovered/full-source/1704382549/CAB-1495f565ffb654275ce64a952b2df75f/5579212848912087808/streaming-info.json
d4774f1905a2bbde46d55a487db8a89db789b2fc6e706de4ea5020b7179f9319,249890,animations/scalar-recovered/full-source/1704382549/CAB-154858aa4c50c4f2451005d9c5dea10e/2002140185024447925/Avatar_Female_Size02_Remielle_Ramiel_Ani_UI_CharSel_Loop.json
ec68e00d3ea5bc9b535b59fd29bb02b1a4eb74c45564d2a3fa9eb862331a8dd6,10749,animations/scalar-recovered/full-source/1704382549/CAB-154858aa4c50c4f2451005d9c5dea10e/2002140185024447925/acl-database-bulk.bin
32665d48cfe33600bef12f7c101a04185bebdb03beb2aea1692e31e96e42d25a,33516,animations/scalar-recovered/full-source/1704382549/CAB-154858aa4c50c4f2451005d9c5dea10e/2002140185024447925/native-object.raw
29183f0603ceb21eeee2bca2053b0abca9c357591ba02ea2dbe76d939b8c7719,335,animations/scalar-recovered/full-source/1704382549/CAB-154858aa4c50c4f2451005d9c5dea10e/2002140185024447925/streaming-info.json
571399729fcba74f6a730324402ff59b3d2286cd45bf80483f6d517feefc67a4,335815,animations/scalar-recovered/full-source/1704382549/CAB-1d42c3fa80fef6ccf27a3f523864b743/8617459412162619682/Avatar_Female_Size02_Remielle_Ramiel_Ani_MC_Stand_Photo.json
f12e3943ea253268d4386627d2359b4307b7752869476f4ceebf3c8300797616,63815,animations/scalar-recovered/full-source/1704382549/CAB-1d42c3fa80fef6ccf27a3f523864b743/8617459412162619682/acl-database-bulk.bin
576a4f35aa1cc4bcae953380e8b7290911ffef71fcf46134d7bf6817ade5a620,97932,animations/scalar-recovered/full-source/1704382549/CAB-1d42c3fa80fef6ccf27a3f523864b743/8617459412162619682/native-object.raw
88994baa3a262ed0045fccd353b0245c182d7e9710b8546c5fa7f125c9b1d5fc,335,animations/scalar-recovered/full-source/1704382549/CAB-1d42c3fa80fef6ccf27a3f523864b743/8617459412162619682/streaming-info.json
45f6838db065c6ff77a5dbfc80c00a1ba529e04c42cf9f9b0eb1bad782077f71,239913,animations/scalar-recovered/full-source/1704382549/CAB-223b072e96a33570f5b5f721a11623e9/7375287920953694611/Avatar_Female_Size02_Remielle_Ramiel_Ani_MC_Run_Loop.json
3fc0f0768dcbac47904a816509fb8202d9e204c977cc9b42e249d3aace1a7a30,3904,animations/scalar-recovered/full-source/1704382549/CAB-223b072e96a33570f5b5f721a11623e9/7375287920953694611/acl-database-bulk.bin
a71a9de81814de0101ce2389a2f831e5beeafcf4e69f4be59a059032435ee069,25976,animations/scalar-recovered/full-source/1704382549/CAB-223b072e96a33570f5b5f721a11623e9/7375287920953694611/native-object.raw
21c079b94e4c3dca886e669d4d0dcf7f2c98197678b53e2c690b7ae8b299c8a9,334,animations/scalar-recovered/full-source/1704382549/CAB-223b072e96a33570f5b5f721a11623e9/7375287920953694611/streaming-info.json
7f41cf0aecc953e57427e3d5215544dcc972e9d4494bb4672b5705698143c5e1,255810,animations/scalar-recovered/full-source/1704382549/CAB-23f2c4f148dded48267120de5530f67d/568624441380478596/Avatar_Female_Size02_Remielle_Ramiel_Ani_MC_Walk_End_02_R.json
ea136e25c5ae0b2937bafc2c2542119ddae35901560834f845371648c73693c9,14034,animations/scalar-recovered/full-source/1704382549/CAB-23f2c4f148dded48267120de5530f67d/568624441380478596/acl-database-bulk.bin
995e51e253a4c17d84a3b2e5ed3d8439a4f0b46597df0adc5818f070565d5edc,37984,animations/scalar-recovered/full-source/1704382549/CAB-23f2c4f148dded48267120de5530f67d/568624441380478596/native-object.raw
b839a2a0cb7be40ba8a804c63c7b7adfced60b5812cfbf46ed6a93db0dec229d,335,animations/scalar-recovered/full-source/1704382549/CAB-23f2c4f148dded48267120de5530f67d/568624441380478596/streaming-info.json
443686fb80d1b376a8c733af788157ed78375d9614a0024c70c1e662bcf20382,1046792,animations/scalar-recovered/full-source/1704382549/CAB-312fe475e3415d379846d064fcaf8957/-6389968001128065014/Avatar_Female_Size02_Remielle_Ramiel_Ani_Gal_Sad_Loop.json
e6646cf374ef335fdfd24fb72517e2be3bcde4eeeaa2c8e43300afc8153c0d84,99325,animations/scalar-recovered/full-source/1704382549/CAB-312fe475e3415d379846d064fcaf8957/-6389968001128065014/acl-database-bulk.bin
e46d5a8232d7d13fba5a59eb3265bd65c56f360a501bf278d68dad4ba6a9d683,127488,animations/scalar-recovered/full-source/1704382549/CAB-312fe475e3415d379846d064fcaf8957/-6389968001128065014/native-object.raw
44e831f6e75c08ab7ad4ca4e35d0a2c8a28a7674232334e4b0d42e211fa14183,336,animations/scalar-recovered/full-source/1704382549/CAB-312fe475e3415d379846d064fcaf8957/-6389968001128065014/streaming-info.json
3dce3c0683aec54f5619700e542c2f0973aab53228fbeaef6e54f1f1a95d3546,249443,animations/scalar-recovered/full-source/1704382549/CAB-3391fd3ab2e2b669a798e97e5267c232/-6260324507213880840/Avatar_Female_Size02_Remielle_Ramiel_Ani_UI_Skill_01.json
382a8d847694a2dfcc1cb8f9798dfb3f62efb91d4c76ff451a522744e0444fa6,10198,animations/scalar-recovered/full-source/1704382549/CAB-3391fd3ab2e2b669a798e97e5267c232/-6260324507213880840/acl-database-bulk.bin
42620f0a32e2a80a4f8ab9406235870d20e696066507f725fb65926898264216,33144,animations/scalar-recovered/full-source/1704382549/CAB-3391fd3ab2e2b669a798e97e5267c232/-6260324507213880840/native-object.raw
2868f81d16ed9a27ab130d075595b4594be4e71ad953beb47bb54fd4560ebc42,335,animations/scalar-recovered/full-source/1704382549/CAB-3391fd3ab2e2b669a798e97e5267c232/-6260324507213880840/streaming-info.json
f278b74e34084d98e0014905c1985a8b1805e444265eb174227e04ffab78a9d7,252613,animations/scalar-recovered/full-source/1704382549/CAB-347a0d15bc1f1c0d4896dcb2f199cfe1/377070469331215385/Avatar_Female_Size02_Remielle_Ramiel_Ani_MC_Walk_End_L.json
6334beab8f05372133a9b027fccabee1737e91a339c14d5af9507a31d3d0e77c,11268,animations/scalar-recovered/full-source/1704382549/CAB-347a0d15bc1f1c0d4896dcb2f199cfe1/377070469331215385/acl-database-bulk.bin
43c5b25e9dd745e194a3d4fd548fe57e1e23cf7ab871182cd0ae11ce46ba35c7,35500,animations/scalar-recovered/full-source/1704382549/CAB-347a0d15bc1f1c0d4896dcb2f199cfe1/377070469331215385/native-object.raw
04bce545230c1bb9d384b6c58bf4c27bdd99d215ff58c4420cb794baf253339e,335,animations/scalar-recovered/full-source/1704382549/CAB-347a0d15bc1f1c0d4896dcb2f199cfe1/377070469331215385/streaming-info.json
a7368071f9cdeaee49222328589a9022204ee73d643b117e1b597b29ce21e328,249640,animations/scalar-recovered/full-source/1704382549/CAB-3e9fe04d4932ad03a2b4da5d13fc1f2b/-5377426071181693287/Avatar_Female_Size02_Remielle_Ramiel_Ani_UI_DtoS1.json
ca23d56fc9e8b3423456e014de1ec734911ffb6a5063bbe890a09869d1a1a18c,10390,animations/scalar-recovered/full-source/1704382549/CAB-3e9fe04d4932ad03a2b4da5d13fc1f2b/-5377426071181693287/acl-database-bulk.bin
28b4ea2d9d60f0c147c7683ac55c67e455b322d81832004a40be4516b404b09e,33352,animations/scalar-recovered/full-source/1704382549/CAB-3e9fe04d4932ad03a2b4da5d13fc1f2b/-5377426071181693287/native-object.raw
6a81271f073be8046f73adaafec81843c13085ea5ec674abcfc9bca500955d91,335,animations/scalar-recovered/full-source/1704382549/CAB-3e9fe04d4932ad03a2b4da5d13fc1f2b/-5377426071181693287/streaming-info.json
be63fb5719f7c6470224fc0426b4a537ef5ee4dfc3dba4833bbfaad4b9ee76cf,250463,animations/scalar-recovered/full-source/1704382549/CAB-3fc2c0af41ac3b44254823ea9e48e284/6650659754387199229/Avatar_Female_Size02_Remielle_Ramiel_Ani_UI_S2toE.json
c5671fb951bac7f1a360ca6d36540100d024df507d4d0b84f7f7b1e7716ad457,10579,animations/scalar-recovered/full-source/1704382549/CAB-3fc2c0af41ac3b44254823ea9e48e284/6650659754387199229/acl-database-bulk.bin
6a12eaf8c4c98ef32d426a792706fc7f5317e9dc75f8cd27899c980d62f8e590,33992,animations/scalar-recovered/full-source/1704382549/CAB-3fc2c0af41ac3b44254823ea9e48e284/6650659754387199229/native-object.raw
abe2aa103d2a684649720153f70b36df2bfcfccaf953579201191a3723774cfd,335,animations/scalar-recovered/full-source/1704382549/CAB-3fc2c0af41ac3b44254823ea9e48e284/6650659754387199229/streaming-info.json
8066f15ee279a6254e7d56d0eda7ece9215b08591e5edc38bce5245c61062297,1043200,animations/scalar-recovered/full-source/1704382549/CAB-46f5c52613b243a526e08069a4af4b96/-2178446478776927915/Avatar_Female_Size02_Remielle_Ramiel_Ani_Gal_Surprise_End.json
5cc6e563a0b737ac64956b6f64387bd309578707d1a6e101044332a44a2b746b,96050,animations/scalar-recovered/full-source/1704382549/CAB-46f5c52613b243a526e08069a4af4b96/-2178446478776927915/acl-database-bulk.bin
88b015dc014298af402c086b53eb287291b94f88ca8055829dd025146d332a30,124628,animations/scalar-recovered/full-source/1704382549/CAB-46f5c52613b243a526e08069a4af4b96/-2178446478776927915/native-object.raw
fff39817940287e351c2bab2a1c59de4199545c28e7b881508598ff956698a2a,336,animations/scalar-recovered/full-source/1704382549/CAB-46f5c52613b243a526e08069a4af4b96/-2178446478776927915/streaming-info.json
c37bc09e61f4d03db3fccf2c54126a04dc38f101d8cc71d3ad82e44b0b334908,248370,animations/scalar-recovered/full-source/1704382549/CAB-6c136a6d1a38193b7e9d6f87f99d068d/-5177117304079189082/Avatar_Female_Size02_Remielle_Ramiel_Ani_UI_Skill_02.json
c31cae188e53e212360284a4767424cb4eb6efa866a206f7b42100d207ff5aeb,9430,animations/scalar-recovered/full-source/1704382549/CAB-6c136a6d1a38193b7e9d6f87f99d068d/-5177117304079189082/acl-database-bulk.bin
a27a600a75f680a184639142f9ce9fbbb12b00d8baae2c213ce193aea25b233e,32360,animations/scalar-recovered/full-source/1704382549/CAB-6c136a6d1a38193b7e9d6f87f99d068d/-5177117304079189082/native-object.raw
ca471a7efc37ac9072a21ef401a9c2c2509c5348d97fd5582a2883a5c43edbc4,334,animations/scalar-recovered/full-source/1704382549/CAB-6c136a6d1a38193b7e9d6f87f99d068d/-5177117304079189082/streaming-info.json
9fb749e671874a27613f69f20ae49006f69f7dd262b443ef1c36b33fd68c573c,251830,animations/scalar-recovered/full-source/1704382549/CAB-6e5d453e780c35fe61c652d54d7c0b19/8242360160143665182/Avatar_Female_Size02_Remielle_Ramiel_Ani_UI_S2toD.json
04ea364ff0cf33ae2e6c1484ac12a8836be3e0a8ae48296456abe96bfee873d9,11837,animations/scalar-recovered/full-source/1704382549/CAB-6e5d453e780c35fe61c652d54d7c0b19/8242360160143665182/acl-database-bulk.bin
7b10be2c678545cfd535b2df1993e943c89d49807a262453abbeb345f9791ae6,34984,animations/scalar-recovered/full-source/1704382549/CAB-6e5d453e780c35fe61c652d54d7c0b19/8242360160143665182/native-object.raw
b7750c984c8c64a1f2bc23a353dfbf8c1080963036e471e9d563d6efa2858257,335,animations/scalar-recovered/full-source/1704382549/CAB-6e5d453e780c35fe61c652d54d7c0b19/8242360160143665182/streaming-info.json
90b1d41e8f56f629c38881d437405dc05f2c619993224cdaf6278de905e054b5,255299,animations/scalar-recovered/full-source/1704382549/CAB-747bbac80ad77b06c011f492b9d3801e/-3040720397802887349/Avatar_Female_Size02_Remielle_Ramiel_Ani_MC_Stand_Idle01_Loop.json
53ee8d42505c30de247b33720483ee2dc774782ee7e43a060cf6b0ebaf7d50af,15060,animations/scalar-recovered/full-source/1704382549/CAB-747bbac80ad77b06c011f492b9d3801e/-3040720397802887349/acl-database-bulk.bin
9f2e95ee19eef14a69024b2406c9d7ce577335810c095cdeb6ef543ccde01703,37588,animations/scalar-recovered/full-source/1704382549/CAB-747bbac80ad77b06c011f492b9d3801e/-3040720397802887349/native-object.raw
625ff726b0d1460fb269eb7b96f9458fb2d9e4d9befdc2d70029a3e9eb0c77b2,335,animations/scalar-recovered/full-source/1704382549/CAB-747bbac80ad77b06c011f492b9d3801e/-3040720397802887349/streaming-info.json
52207d784a833187cd272fb72e8a5a90c9f8d415e03cb946951a475868736d35,254690,animations/scalar-recovered/full-source/1704382549/CAB-81243191e7fe4a55ce27ee0ca65b512e/-5793928149087727708/Avatar_Female_Size02_Remielle_Ramiel_Ani_MC_Run_End_R.json
9e2649ee8bc5cb7f3f313bf48014ca59bd467c60dd8c532f082f64ed9dd906a2,12315,animations/scalar-recovered/full-source/1704382549/CAB-81243191e7fe4a55ce27ee0ca65b512e/-5793928149087727708/acl-database-bulk.bin
6f642e6000a76b4ae744960172ffd007d2c601972ce6eb222c5eaf7d267972bc,37132,animations/scalar-recovered/full-source/1704382549/CAB-81243191e7fe4a55ce27ee0ca65b512e/-5793928149087727708/native-object.raw
4ba84ffff8b48cce35a4a0c40c1ab52bbb0a013713af2d7a70ec81b6d6a7c2e6,335,animations/scalar-recovered/full-source/1704382549/CAB-81243191e7fe4a55ce27ee0ca65b512e/-5793928149087727708/streaming-info.json
d8615ec31ee13b2b1d0610975ed52b57daeeaa6756a5a65cca1cbe16a7c7f977,252138,animations/scalar-recovered/full-source/1704382549/CAB-8584ed69033619671fb538adba1e55d0/-4057830702806959602/Avatar_Female_Size02_Remielle_Ramiel_Ani_MC_TurnAround_L.json
8aa067550439123700bfb6805e6133de093fa44bb0773f50e647b71b5ab422b4,11184,animations/scalar-recovered/full-source/1704382549/CAB-8584ed69033619671fb538adba1e55d0/-4057830702806959602/acl-database-bulk.bin
c43bc6076abcd6d7caf773453eb10c50179b7a0976b4f22faaddf1e3454350d5,35132,animations/scalar-recovered/full-source/1704382549/CAB-8584ed69033619671fb538adba1e55d0/-4057830702806959602/native-object.raw
9736e4740079f68baa337c92754c2ee20bb97142e0a874f1498c99f8163cf0c3,335,animations/scalar-recovered/full-source/1704382549/CAB-8584ed69033619671fb538adba1e55d0/-4057830702806959602/streaming-info.json
ba085b0ebcad043fdc18cf77ece2f81a24ed8ed992bbf2a37ae00496ebe79cf9,1041257,animations/scalar-recovered/full-source/1704382549/CAB-875afd9fb592fdc8e124cb89fc0d8b27/8179446946906836718/Avatar_Female_Size02_Remielle_Ramiel_Ani_Gal_Sad_Start.json
5e5967da1071e5bc8545b889ececdfa58962deae81029d2713ecdf9427479bee,88399,animations/scalar-recovered/full-source/1704382549/CAB-875afd9fb592fdc8e124cb89fc0d8b27/8179446946906836718/acl-database-bulk.bin
c5b7f12b104fa83fa71a3865d2f32fa9155c8d39b6fccc3601a4a7fbd2b9f05e,123376,animations/scalar-recovered/full-source/1704382549/CAB-875afd9fb592fdc8e124cb89fc0d8b27/8179446946906836718/native-object.raw
8981029e9aaf444531aa32926efe618d8fee3968f61abccb84ddc64279cb73c5,336,animations/scalar-recovered/full-source/1704382549/CAB-875afd9fb592fdc8e124cb89fc0d8b27/8179446946906836718/streaming-info.json
e2087298ed5fd658a5692be0b65113836c94deaef991cb256c8699c01f93b750,249888,animations/scalar-recovered/full-source/1704382549/CAB-89a08a1d23703691101e3b43b2ef2d7d/2520456379740600705/Avatar_Female_Size02_Remielle_Ramiel_Ani_UI_Equipment.json
0034cd1206eb4baad58c6e79fb5b0b4198803ede556da276f7e2bca032ac840b,11306,animations/scalar-recovered/full-source/1704382549/CAB-89a08a1d23703691101e3b43b2ef2d7d/2520456379740600705/acl-database-bulk.bin
34e0b08ab889654c97648b3464aed168a569ca4ecb85c53392787b578a44e81b,33484,animations/scalar-recovered/full-source/1704382549/CAB-89a08a1d23703691101e3b43b2ef2d7d/2520456379740600705/native-object.raw
ca262ae65bb07bd8359c11ced49a4915a6e8009558852028f6c0278c018a91cf,335,animations/scalar-recovered/full-source/1704382549/CAB-89a08a1d23703691101e3b43b2ef2d7d/2520456379740600705/streaming-info.json
354049d5463256173cba931298d63ec6a0de5ba0ee38f86724e2c5081bb72861,248108,animations/scalar-recovered/full-source/1704382549/CAB-8d05f7fcae2a2d05323c546ce4901fff/2654218092699803568/Avatar_Female_Size02_Remielle_Ramiel_Ani_MC_Walk_Start.json
a74ecc4b0f770ae8b2efae54430e3bd50de11d4497dbd97872a601ae43f1b8a4,9984,animations/scalar-recovered/full-source/1704382549/CAB-8d05f7fcae2a2d05323c546ce4901fff/2654218092699803568/acl-database-bulk.bin
ed0af9f5a919517c30d7fea2b84c575f15d45f1d395a09abba8481a77f117893,32236,animations/scalar-recovered/full-source/1704382549/CAB-8d05f7fcae2a2d05323c546ce4901fff/2654218092699803568/native-object.raw
acfee0a5a0d62de06fb17bffc98cf8b78d956d2c28b9f9880c21612bf3d71471,334,animations/scalar-recovered/full-source/1704382549/CAB-8d05f7fcae2a2d05323c546ce4901fff/2654218092699803568/streaming-info.json
0595cc77179007ba96a48dcf623bdbaba1f1cb9246f009f52992a38df1f0326e,246707,animations/scalar-recovered/full-source/1704382549/CAB-8e5bae6ec39bb7ca3c5ac48f74e8fcca/8423170002218103669/Avatar_Female_Size02_Remielle_Ramiel_Ani_MC_Run_Start.json
baa82ec1da8c02ad9dd78ecfaf6ee6e37d202990e61957e9cef57cb2a4169fb1,9318,animations/scalar-recovered/full-source/1704382549/CAB-8e5bae6ec39bb7ca3c5ac48f74e8fcca/8423170002218103669/acl-database-bulk.bin
a7388c34d3bfa925909cc77d76f07da499099340ae03e8a8bcb1834e3c3f1949,31116,animations/scalar-recovered/full-source/1704382549/CAB-8e5bae6ec39bb7ca3c5ac48f74e8fcca/8423170002218103669/native-object.raw
abb605d0a64e9218c8eef79d34d06bc27ebfd31588d26a10a5268d0be2d05fb4,334,animations/scalar-recovered/full-source/1704382549/CAB-8e5bae6ec39bb7ca3c5ac48f74e8fcca/8423170002218103669/streaming-info.json
13dfbb2e4d310ebf7dad3e0c5ed53298740213d3e329dab2faff79bac738257b,257459,animations/scalar-recovered/full-source/1704382549/CAB-956077505a74bb6a3e8d7f47d4c8d019/8844670144911292491/Avatar_Female_Size02_Remielle_Ramiel_Ani_UI_CharSel_Start.json
a36155e15a5591d61e0f176bbfbfdbe941a4c175b7570feb6fb8eb30322eca44,15501,animations/scalar-recovered/full-source/1704382549/CAB-956077505a74bb6a3e8d7f47d4c8d019/8844670144911292491/acl-database-bulk.bin
ea160aa77d590642942048c21bb3cc8b623eb01250ba05917f92055ee8b00e46,39248,animations/scalar-recovered/full-source/1704382549/CAB-956077505a74bb6a3e8d7f47d4c8d019/8844670144911292491/native-object.raw
68337ab0014118298a743bd7aa458d610d606d8196befb8d3f9d5feff4ef15e8,335,animations/scalar-recovered/full-source/1704382549/CAB-956077505a74bb6a3e8d7f47d4c8d019/8844670144911292491/streaming-info.json
3ddd5803369cd290fa9f0837283b6e2994878fa0499f491a2e3ba4719e3943d4,252327,animations/scalar-recovered/full-source/1704382549/CAB-a229ee41794d14d0307f521afbcf77ad/3417920780662954083/Avatar_Female_Size02_Remielle_Ramiel_Ani_MC_TurnAround_R.json
5814629ed8cca639c001e87b7f99a86252550fc5ad7e20ebecda0dda3a7cee1d,10606,animations/scalar-recovered/full-source/1704382549/CAB-a229ee41794d14d0307f521afbcf77ad/3417920780662954083/acl-database-bulk.bin
b28978dea2cd5c5090ec847a13abe90c333a2088671a95cf2751d242d4013a6c,35292,animations/scalar-recovered/full-source/1704382549/CAB-a229ee41794d14d0307f521afbcf77ad/3417920780662954083/native-object.raw
9bea9cefdfedeb1ddaa2d00dc8394730edb41d76f04db409de7a65dcb990037e,335,animations/scalar-recovered/full-source/1704382549/CAB-a229ee41794d14d0307f521afbcf77ad/3417920780662954083/streaming-info.json
1cad7239b39096788042fba2b36e89cbafdd6e153790b985ddccad0117425035,1048172,animations/scalar-recovered/full-source/1704382549/CAB-ad419a240b335cde1da75370aaf5a0f8/-4532001091464511097/Avatar_Female_Size02_Remielle_Ramiel_Ani_Gal_Angry_Loop.json
cadc25620fbfe991a0aae096a9fa68b2f20d46515acf2f2ae73cdbae7e2a61b0,105243,animations/scalar-recovered/full-source/1704382549/CAB-ad419a240b335cde1da75370aaf5a0f8/-4532001091464511097/acl-database-bulk.bin
38303ffe7d060179642bc2e41eade63253c2695e019f4e4d8b5c1ea6b8281abf,128640,animations/scalar-recovered/full-source/1704382549/CAB-ad419a240b335cde1da75370aaf5a0f8/-4532001091464511097/native-object.raw
cf1a03613b6d836ce55c15abbea17b15a249c9eb1e13ab9e8150108d51e61aa0,337,animations/scalar-recovered/full-source/1704382549/CAB-ad419a240b335cde1da75370aaf5a0f8/-4532001091464511097/streaming-info.json
c3aba5ca90e7b3b7fca0829a2443cad2fc3cccabbf605426eec9dd199cbf1452,247445,animations/scalar-recovered/full-source/1704382549/CAB-aee289f39d1d860eb7dede8fc576ce24/3411542325075466861/Avatar_Female_Size02_Remielle_Ramiel_Ani_MC_Idle_Loop.json
ecfd05de352f56ddc08f0a57033e4ff7acbae01da49fe09e6b2e9728d29ac71e,9268,animations/scalar-recovered/full-source/1704382549/CAB-aee289f39d1d860eb7dede8fc576ce24/3411542325075466861/acl-database-bulk.bin
5c1e08a4ddc302fa894fec7fa4026ac5c46c5f1d7abaac28e29655e206bc4e68,31628,animations/scalar-recovered/full-source/1704382549/CAB-aee289f39d1d860eb7dede8fc576ce24/3411542325075466861/native-object.raw
20124564b02f37e518f69f49a331c5046fb6fa4917a07ec99fd194a3c1e49129,334,animations/scalar-recovered/full-source/1704382549/CAB-aee289f39d1d860eb7dede8fc576ce24/3411542325075466861/streaming-info.json
0478a18b64a45fbdcbef763a95f5823640326d4cf3329924c0622e15bceeaa7b,268225,animations/scalar-recovered/full-source/1704382549/CAB-b646ea4c5ff9cfbe0dc2a4f0ff63fcfa/7378223686047169184/Avatar_Female_Size02_Remielle_Ramiel_Ani_UI_MainPage_01.json
d0ddae0bb72479243b92d823b90096662450458c7a3e54611eb7ce9f49617a1b,26294,animations/scalar-recovered/full-source/1704382549/CAB-b646ea4c5ff9cfbe0dc2a4f0ff63fcfa/7378223686047169184/acl-database-bulk.bin
b74899499786ad3c8fbcca226ad2d639cc56dc018989854810c22537fcc9fc18,47644,animations/scalar-recovered/full-source/1704382549/CAB-b646ea4c5ff9cfbe0dc2a4f0ff63fcfa/7378223686047169184/native-object.raw
77d626aedfeb182dddeca1bcf89905767405a6a0884a897343770bc0ccc6f6f9,335,animations/scalar-recovered/full-source/1704382549/CAB-b646ea4c5ff9cfbe0dc2a4f0ff63fcfa/7378223686047169184/streaming-info.json
081452f76a990e885ce462d828919cf1207aed3602f55a6fe4251dc882f0e819,242454,animations/scalar-recovered/full-source/1704382549/CAB-bf3c5b2d738ee46d28327e9b5f865151/8518318409222403670/Avatar_Female_Size02_Remielle_Ramiel_Ani_MC_Walk_Loop.json
067e2fc710b02f5648c9e2751073403a554d83f47bf58a16723594dec3a1cc6b,5670,animations/scalar-recovered/full-source/1704382549/CAB-bf3c5b2d738ee46d28327e9b5f865151/8518318409222403670/acl-database-bulk.bin
c577ddf91c66c56d7a850c2b79512daa25220574d19fe522e59d7a16cfae641f,27964,animations/scalar-recovered/full-source/1704382549/CAB-bf3c5b2d738ee46d28327e9b5f865151/8518318409222403670/native-object.raw
f74a0717b2d063958ef7732cef53f1b6a047c8383f1600f6190a2c33deb1b63f,334,animations/scalar-recovered/full-source/1704382549/CAB-bf3c5b2d738ee46d28327e9b5f865151/8518318409222403670/streaming-info.json
470e354985d1e30973ea3dd556f1e9c47a40d2161287fc229512cea9e66c4a6d,245461,animations/scalar-recovered/full-source/1704382549/CAB-bfa650b7c5fc079aa38957c16e00ae34/6525180720145526982/Avatar_Female_Size02_Remielle_Ramiel_Ani_MC_Run_TurnBack.json
31c6685be960b915ab99afbd26e4c89ba3a2d7b3ed51a67970271806e609ea9b,8552,animations/scalar-recovered/full-source/1704382549/CAB-bfa650b7c5fc079aa38957c16e00ae34/6525180720145526982/acl-database-bulk.bin
a77dfe4e9a7d445b6856f8897eb25e9f4bfa973979cdea0f95d52afb8df55eb8,30172,animations/scalar-recovered/full-source/1704382549/CAB-bfa650b7c5fc079aa38957c16e00ae34/6525180720145526982/native-object.raw
b0e8352bbcbf264a1c282a709c239ae5643d29bd41e82d66db345a1c39096833,334,animations/scalar-recovered/full-source/1704382549/CAB-bfa650b7c5fc079aa38957c16e00ae34/6525180720145526982/streaming-info.json
f46ae8889659ad528b90bff43b0028a65644f6d1190a4f8754154284ee2cb955,255335,animations/scalar-recovered/full-source/1704382549/CAB-c0ffb9db6bd37a58cc850dd04a4cf12d/-8661473285749684346/Avatar_Female_Size02_Remielle_Ramiel_Ani_MC_Run_End_L.json
cc274dd80e8faacaf650acae9907946408b76e76114599772d11299ea58d144c,13259,animations/scalar-recovered/full-source/1704382549/CAB-c0ffb9db6bd37a58cc850dd04a4cf12d/-8661473285749684346/acl-database-bulk.bin
121f235bb5804be9e040710ddcedfcc43613a15f45696f34e869059163429a94,37564,animations/scalar-recovered/full-source/1704382549/CAB-c0ffb9db6bd37a58cc850dd04a4cf12d/-8661473285749684346/native-object.raw
7fb6acb76c7a05a45b8bdb88bff15af661a8e0137aea142a334f741b1e3f6849,335,animations/scalar-recovered/full-source/1704382549/CAB-c0ffb9db6bd37a58cc850dd04a4cf12d/-8661473285749684346/streaming-info.json
e5d8dc39c5774f8575d2d1f9da26ed2618fa5493612175a74872e63f3f83ea88,250285,animations/scalar-recovered/full-source/1704382549/CAB-c1dae052a8f374388be01e0600a0af66/-3970582303084377354/Avatar_Female_Size02_Remielle_Ramiel_Ani_UI_DtoE.json
25a773988c038df2b3e211d29e1e68e7dbac38060c4da6c2c4be2dce6f6abfcd,10822,animations/scalar-recovered/full-source/1704382549/CAB-c1dae052a8f374388be01e0600a0af66/-3970582303084377354/acl-database-bulk.bin
f4d50ff78295b6bb604a8ecdb7458979446f68f04ea0725a417fd6dbdc0ed6fb,33812,animations/scalar-recovered/full-source/1704382549/CAB-c1dae052a8f374388be01e0600a0af66/-3970582303084377354/native-object.raw
354e620b3afdcd292208d2a4ecbc1f8bcdbd38988f7751641f7da6529ecf27a4,335,animations/scalar-recovered/full-source/1704382549/CAB-c1dae052a8f374388be01e0600a0af66/-3970582303084377354/streaming-info.json
9f1db4398d8b3547c8d9b65e1aaba88f72ca7061589b2e94baf0b6ba70450572,251472,animations/scalar-recovered/full-source/1704382549/CAB-cd0b1b67c11695bcaf24298ee443c0ff/-6588496166271787003/Avatar_Female_Size02_Remielle_Ramiel_Ani_UI_EtoD.json
4056b6bc32c01d1239c5fdb87f225021ce9952d03e02399938cb56a91a2bb1d7,11395,animations/scalar-recovered/full-source/1704382549/CAB-cd0b1b67c11695bcaf24298ee443c0ff/-6588496166271787003/acl-database-bulk.bin
d4afc00e443864d1ce332829d36b862582a91b577ce225521d467999a32fa61f,34612,animations/scalar-recovered/full-source/1704382549/CAB-cd0b1b67c11695bcaf24298ee443c0ff/-6588496166271787003/native-object.raw
e734e4918ee5af9d0904ea3c99591df9a99c898f7aa8deda34c293263499c5e3,335,animations/scalar-recovered/full-source/1704382549/CAB-cd0b1b67c11695bcaf24298ee443c0ff/-6588496166271787003/streaming-info.json
0b21f4535caa0340198acd7128f1e79eb625be4a59c34842327883537da7089e,246048,animations/scalar-recovered/full-source/1704382549/CAB-cd472cf3154f89ba14ed7c986a9f7f3c/-1665942086419258198/Avatar_Female_Size02_Remielle_Ramiel_Ani_MC_RunToWalk.json
973e070c7253dedb330588b2ab7ef15d7dfc41774cd500c9349fbb7df6d2a616,8511,animations/scalar-recovered/full-source/1704382549/CAB-cd472cf3154f89ba14ed7c986a9f7f3c/-1665942086419258198/acl-database-bulk.bin
d402de1b83f47058ed189167c7b9ea0427fe2a07e1abaf37d975d49af4b84a66,30604,animations/scalar-recovered/full-source/1704382549/CAB-cd472cf3154f89ba14ed7c986a9f7f3c/-1665942086419258198/native-object.raw
a2d056e5fd7bc6a352201f4e52bbae5eed2fe3c44b030c64d13412273ccc38e0,334,animations/scalar-recovered/full-source/1704382549/CAB-cd472cf3154f89ba14ed7c986a9f7f3c/-1665942086419258198/streaming-info.json
69f7c7ce7b45495b397dca2f6501b9da0a715b71ea186da331492e86159df491,252821,animations/scalar-recovered/full-source/1704382549/CAB-cf6705734aee5321f2bf49d950486ec9/4950076632996511775/Avatar_Female_Size02_Remielle_Ramiel_Ani_MC_Stand_Think_Loop.json
cbe4faab887d872e84ebfea061d2bc8c75fe1d845515a9d064f752c5028acc42,11584,animations/scalar-recovered/full-source/1704382549/CAB-cf6705734aee5321f2bf49d950486ec9/4950076632996511775/acl-database-bulk.bin
789b3f3e53e4c2d1e1718356c5174c6f1a99a091813dc9372cc4672d5343416e,35680,animations/scalar-recovered/full-source/1704382549/CAB-cf6705734aee5321f2bf49d950486ec9/4950076632996511775/native-object.raw
9b7e5d151e7d99229fb5608e676549a122877be27dfa74d8ebce23ab1c94e5af,335,animations/scalar-recovered/full-source/1704382549/CAB-cf6705734aee5321f2bf49d950486ec9/4950076632996511775/streaming-info.json
c0ad16146d735717e85a9b6fc67bc7228303f7f2040dc67494f317a12ddf7131,252203,animations/scalar-recovered/full-source/1704382549/CAB-d5ee7d3e2168afada47c5f5b55623756/516731653013529872/Avatar_Female_Size02_Remielle_Ramiel_Ani_UI_S1toD.json
a7010b1476da7de3aa852fc1d760d5fca8b6d374faa471c29d256b918e7e2f9f,12301,animations/scalar-recovered/full-source/1704382549/CAB-d5ee7d3e2168afada47c5f5b55623756/516731653013529872/acl-database-bulk.bin
80a9bc463aeaeaf333299c0dbe0a836ca403e044e52588c921870a993dd26ab6,35192,animations/scalar-recovered/full-source/1704382549/CAB-d5ee7d3e2168afada47c5f5b55623756/516731653013529872/native-object.raw
471bc9ea9a7cf7deadcc477b1496f6f9f1121ae61ed74dc9287b98a6253fba24,335,animations/scalar-recovered/full-source/1704382549/CAB-d5ee7d3e2168afada47c5f5b55623756/516731653013529872/streaming-info.json
3939d6af8b55e2e5d35dd8044898825b2f058b2cd77a0d737d008fbefb290ccc,239335,animations/scalar-recovered/full-source/1704382549/CAB-e66353c6bbab78732070c3cefad05291/6280393617582618/Avatar_Female_Size02_Remielle_Ramiel_Ani_MC_Sprint_Loop.json
316891a3dbaab249e47b0f5fe019a510e13a8a78176e5d6df485cf9663de65ea,3629,animations/scalar-recovered/full-source/1704382549/CAB-e66353c6bbab78732070c3cefad05291/6280393617582618/acl-database-bulk.bin
1f92ba5516579ea57a45fceff531537a9e9cb736f7c560dd2b147a6d4c997441,25612,animations/scalar-recovered/full-source/1704382549/CAB-e66353c6bbab78732070c3cefad05291/6280393617582618/native-object.raw
12acf713c9af580e0ca94c42e28b75bca55baa76689fb828ba6b6519850e1b65,334,animations/scalar-recovered/full-source/1704382549/CAB-e66353c6bbab78732070c3cefad05291/6280393617582618/streaming-info.json
56078f518d00198a5c5acf314707ea05f499664feebda59b2bc588c06acce5d5,1046669,animations/scalar-recovered/full-source/1704382549/CAB-e7d532f162f21b569d1ae4099b93d072/-2343199801225763205/Avatar_Female_Size02_Remielle_Ramiel_Ani_Gal_Think_Loop.json
069ee7d92ec4c485bfe17ccc656aa677b7f3f5a481a0f1e7d9064caf25d3bdd2,98089,animations/scalar-recovered/full-source/1704382549/CAB-e7d532f162f21b569d1ae4099b93d072/-2343199801225763205/acl-database-bulk.bin
765763ae3ac861f377b4c5af4527b7416582d000c51773f16569a40c19c5fbb9,127328,animations/scalar-recovered/full-source/1704382549/CAB-e7d532f162f21b569d1ae4099b93d072/-2343199801225763205/native-object.raw
c95645538e9ca4b87e81b1ef52ebdc55a02f61cb4d37ad0952feb734c4b15324,336,animations/scalar-recovered/full-source/1704382549/CAB-e7d532f162f21b569d1ae4099b93d072/-2343199801225763205/streaming-info.json
5dc571d210625eb1e2b449f7940b8a76731895af4616249ff214d7e1080a3052,253286,animations/scalar-recovered/full-source/1704382549/CAB-ede75bd22ecb567f37e86820b89f1ab9/-2431180140212211413/Avatar_Female_Size02_Remielle_Ramiel_Ani_MC_Walk_End_R.json
09af5699a2078ca14c60423fe002e147ee32483196abdb7b06049c9b329e011f,12050,animations/scalar-recovered/full-source/1704382549/CAB-ede75bd22ecb567f37e86820b89f1ab9/-2431180140212211413/acl-database-bulk.bin
dfc02209282535171e7843f92214a473bfbf84f5ee039064f91c14cd824e83c3,36028,animations/scalar-recovered/full-source/1704382549/CAB-ede75bd22ecb567f37e86820b89f1ab9/-2431180140212211413/native-object.raw
ee7742a33b491d4e723494f0b3c07b259e2f7e0ddbeccb13395dcdc601b1a51a,335,animations/scalar-recovered/full-source/1704382549/CAB-ede75bd22ecb567f37e86820b89f1ab9/-2431180140212211413/streaming-info.json
f575578f04fe392af19d9532233f8d2de52fd26afe915bff9ec992a9caa9fc5b,250470,animations/scalar-recovered/full-source/1704382549/CAB-f28126959cada55ea7d40bcf36921109/-8815137970800821067/Avatar_Female_Size02_Remielle_Ramiel_Ani_MC_Run_Start_End.json
b832cdd333a7dd0fadb71a916fb490c95e5998364c7c85e0e6eb2fead3817cc9,10100,animations/scalar-recovered/full-source/1704382549/CAB-f28126959cada55ea7d40bcf36921109/-8815137970800821067/acl-database-bulk.bin
911b77077e62a4dae8de365774b1886ca6d294b16fdbe7080eb27295c5db827a,33952,animations/scalar-recovered/full-source/1704382549/CAB-f28126959cada55ea7d40bcf36921109/-8815137970800821067/native-object.raw
e0af11ca770481fcf2db3cc3164662fa0743f38a165e45774063e146530efb0d,335,animations/scalar-recovered/full-source/1704382549/CAB-f28126959cada55ea7d40bcf36921109/-8815137970800821067/streaming-info.json
b0acd72e37dbe6d93b205671ee973205d997bae816dbce5c5c648a9bfe9fa4e4,249140,animations/scalar-recovered/full-source/1704382549/CAB-f3646afb0dafe55fbc287d95b2e53063/-6458055481287383449/Avatar_Female_Size02_Remielle_Ramiel_Ani_UI_EtoS2.json
5277454293728e1ce2ff82a8c9c98fef5a0a0280b8cc8fdcdc7eb2d46bd07b60,9443,animations/scalar-recovered/full-source/1704382549/CAB-f3646afb0dafe55fbc287d95b2e53063/-6458055481287383449/acl-database-bulk.bin
7d9fb63903ba6786766a534267c9c7d6af498a6fd7d526ea993fba66f4207f4d,32936,animations/scalar-recovered/full-source/1704382549/CAB-f3646afb0dafe55fbc287d95b2e53063/-6458055481287383449/native-object.raw
75354352a1f50a94e35542cbd39e3a6c2c7f97afc501e3e02e62d6805c73c21c,334,animations/scalar-recovered/full-source/1704382549/CAB-f3646afb0dafe55fbc287d95b2e53063/-6458055481287383449/streaming-info.json
e3fc8f41fc6ef9818320ca07f757afec6d1bd6cce384d2aa3a4a3313f5db128c,1047558,animations/scalar-recovered/full-source/1704382549/CAB-fba945e6756a0e2cf7d145c968291b84/1367766434552027700/Avatar_Female_Size02_Remielle_Ramiel_Ani_Gal_Shy_Loop.json
88231d4ceea3394ba2d4979560e158d473968e1b8ce3acd9cf34fb3aa91586ea,100185,animations/scalar-recovered/full-source/1704382549/CAB-fba945e6756a0e2cf7d145c968291b84/1367766434552027700/acl-database-bulk.bin
91b0758513f046bba011aa4253c45c8613bb33f81cc50696d194f21330ce3b6c,127952,animations/scalar-recovered/full-source/1704382549/CAB-fba945e6756a0e2cf7d145c968291b84/1367766434552027700/native-object.raw
640da7b8bb73502b3d6af7a59e83e6be3675c083abbadd6f5d637cfffd0ea94b,337,animations/scalar-recovered/full-source/1704382549/CAB-fba945e6756a0e2cf7d145c968291b84/1367766434552027700/streaming-info.json
9dc592a46862efbdbdd88542d7be507aa90b271d78badd4b07ce71ce5c3f85d7,195099,animations/scalar-recovered/full-source/1715600529/CAB-0733cdaad7735f0d021d846ab41f7f37/-1021160638770416884/Avatar_Female_Size02_Remielle_Origin_Default_Ani_Dash_Loop.json
4fdd8cb1653ea4812b5e74c84e3424e739f6d447025a4dc96869e1c81849bfc4,25468,animations/scalar-recovered/full-source/1715600529/CAB-0733cdaad7735f0d021d846ab41f7f37/-1021160638770416884/acl-database-bulk.bin
2bff99bfaf7502871f6a39dbb83cdb6aaa2d75ccac3fb8296e5f3645011c8b6e,41888,animations/scalar-recovered/full-source/1715600529/CAB-0733cdaad7735f0d021d846ab41f7f37/-1021160638770416884/native-object.raw
27174392cc781f842b59fd04731269fd18a45626935fe8b430da7fcbbec18c8d,335,animations/scalar-recovered/full-source/1715600529/CAB-0733cdaad7735f0d021d846ab41f7f37/-1021160638770416884/streaming-info.json
c00bfef7281f7603c157182d98a73cf58275312b8a22cdaf15a5e30d2e45cebb,955977,animations/scalar-recovered/full-source/1715600529/CAB-0733cdaad7735f0d021d846ab41f7f37/1440121578779192547/Avatar_Female_Size02_Remielle_Origin_Ani_Dash_Loop.json
d5fba5d32d73f57f170c3879a05f0445d55f6c82653f175af949ff037d23ad1f,169636,animations/scalar-recovered/full-source/1715600529/CAB-0733cdaad7735f0d021d846ab41f7f37/1440121578779192547/acl-database-bulk.bin
eb181f1aa2d8d222087f1fd6c13953409b8eed06772b8037c8935c9a9e9548ce,154460,animations/scalar-recovered/full-source/1715600529/CAB-0733cdaad7735f0d021d846ab41f7f37/1440121578779192547/native-object.raw
686f585a71b992e6a7c9b29cb1a4df19ab2e2647b10b2f8b1b8c97c7c59a7ef5,341,animations/scalar-recovered/full-source/1715600529/CAB-0733cdaad7735f0d021d846ab41f7f37/1440121578779192547/streaming-info.json
f94e3b852a4a9f04e7da050238a556f9ecd83deb3eee8b957a45c240171fa510,170235,animations/scalar-recovered/full-source/1715600529/CAB-37a2e82010a74c1af5e91ce696540eff/-213536611033901722/Avatar_Female_Size02_Remielle_Origin_Default_Ani_Walk_Loop.json
76f89bc83326f0ac33ed0401c24a9dbc698231977d0c791abb8e8a1512b1d976,7171,animations/scalar-recovered/full-source/1715600529/CAB-37a2e82010a74c1af5e91ce696540eff/-213536611033901722/acl-database-bulk.bin
e6e5fa327db84a0b2a40143ae8424e3d808cf7daef37304dbb4c6a5f1844beac,23184,animations/scalar-recovered/full-source/1715600529/CAB-37a2e82010a74c1af5e91ce696540eff/-213536611033901722/native-object.raw
0b43637280cde8aeaf50c46824bea8c4492eea4b04c7f681c5da9ec982c59d0e,338,animations/scalar-recovered/full-source/1715600529/CAB-37a2e82010a74c1af5e91ce696540eff/-213536611033901722/streaming-info.json
c4c85940333c5e3431d7f72cb24ce27f1e78c4ca338c796f4279b708f2e467df,883908,animations/scalar-recovered/full-source/1715600529/CAB-37a2e82010a74c1af5e91ce696540eff/-2893577299971434832/Avatar_Female_Size02_Remielle_Origin_Ani_Walk_Loop.json
b06f4c06fa57fd18efd98ff832818912d9c9ef4da43b796068fa2fb8369aaf2b,49639,animations/scalar-recovered/full-source/1715600529/CAB-37a2e82010a74c1af5e91ce696540eff/-2893577299971434832/acl-database-bulk.bin
c9622e02fc8af76700069d6bf151d97f133f3d616afe6bd16772c221a6542b71,98960,animations/scalar-recovered/full-source/1715600529/CAB-37a2e82010a74c1af5e91ce696540eff/-2893577299971434832/native-object.raw
a62d3eab8a2fd94eeb7ba0d5bb374e49dc1af6ce2cb0037a3a265d3f4631a104,335,animations/scalar-recovered/full-source/1715600529/CAB-37a2e82010a74c1af5e91ce696540eff/-2893577299971434832/streaming-info.json
271c068e80718e566c0faf989c00df427b454e2ba58fd67cd8ef1af128082466,210998,animations/scalar-recovered/full-source/1715600529/CAB-7087c1c761ef8a84da8d07b67a642115/43752608032791348/Avatar_Female_Size02_Remielle_Origin_Default_Ani_Skill03_AirState_Back.json
cd76482f114c2528cecb654ffc4f0956730f277ac92c5c05edfcb9a5c52d00f3,34088,animations/scalar-recovered/full-source/1715600529/CAB-7087c1c761ef8a84da8d07b67a642115/43752608032791348/acl-database-bulk.bin
b57086ac4a36cd912b70912b5e1ac59bf36b5784a969d65f8da851ca8298e8fd,53644,animations/scalar-recovered/full-source/1715600529/CAB-7087c1c761ef8a84da8d07b67a642115/43752608032791348/native-object.raw
61fd9611b4e9ac88b2b6545a5d2d56f3f9bb80819dada49a5168dfb6c6954132,335,animations/scalar-recovered/full-source/1715600529/CAB-7087c1c761ef8a84da8d07b67a642115/43752608032791348/streaming-info.json
4f96afd9594b46ca0d0eaa5ba5c7439cd1085c1aab55bc7c290234a8a2b14c56,1000165,animations/scalar-recovered/full-source/1715600529/CAB-7087c1c761ef8a84da8d07b67a642115/8307318319186089469/Avatar_Female_Size02_Remielle_Origin_Ani_Skill03_AirState_Back.json
d5da9c18d6c18769851c6841b949bd0c32f78733c68f60fe34b17deb323a9411,253700,animations/scalar-recovered/full-source/1715600529/CAB-7087c1c761ef8a84da8d07b67a642115/8307318319186089469/acl-database-bulk.bin
b45bbe603bfdaa08696d85c684f8773a931b30d2474e85247f52c1766a836de9,186908,animations/scalar-recovered/full-source/1715600529/CAB-7087c1c761ef8a84da8d07b67a642115/8307318319186089469/native-object.raw
175b5ad958d0d556e9dd574732f835e731b74ccefa8aa3b4f8616c05294a8b8e,341,animations/scalar-recovered/full-source/1715600529/CAB-7087c1c761ef8a84da8d07b67a642115/8307318319186089469/streaming-info.json
9ef0fcbe92f450b33dedb868324ce4f7354817e854cf65c51fb541d70923f508,1097209,animations/scalar-recovered/full-source/1715600529/CAB-7895f618aaad46091d0eabaa8838f0c9/-4712315809483842211/Avatar_Female_Size02_Remielle_Origin_Ani_Run_End.json
0dd810354932089e0e3e810271e7217e48081031891fea3e07dde76afdb6a526,330633,animations/scalar-recovered/full-source/1715600529/CAB-7895f618aaad46091d0eabaa8838f0c9/-4712315809483842211/acl-database-bulk.bin
11d8f1d373c3553854bb2c09e0ff6fe550089caead12c1c7155db151d9e96681,253916,animations/scalar-recovered/full-source/1715600529/CAB-7895f618aaad46091d0eabaa8838f0c9/-4712315809483842211/native-object.raw
9691c8e36a344ab6a2ad4e15c21b515ef8a22c63bc33717e5ae99b8b3d86dd47,337,animations/scalar-recovered/full-source/1715600529/CAB-7895f618aaad46091d0eabaa8838f0c9/-4712315809483842211/streaming-info.json
41b14237dc79da9119903f57913c3d02df8c2251d1f8b280f538f4978fd63c48,234875,animations/scalar-recovered/full-source/1715600529/CAB-7895f618aaad46091d0eabaa8838f0c9/1544813674513079468/Avatar_Female_Size02_Remielle_Origin_Default_Ani_Run_End.json
350f21c4309183d14d5fd43fa6fa178e82b31dfe646eb72fa56e6b815b1c95ad,40951,animations/scalar-recovered/full-source/1715600529/CAB-7895f618aaad46091d0eabaa8838f0c9/1544813674513079468/acl-database-bulk.bin
979915dc5e3691f4a8b5464764c8d12f9dcbcbe00a861763a0180f04ff6d499b,71500,animations/scalar-recovered/full-source/1715600529/CAB-7895f618aaad46091d0eabaa8838f0c9/1544813674513079468/native-object.raw
2bc68744faaed9d5b822d22490be6bebf7f21c63fe21adeb74fcc40268904718,340,animations/scalar-recovered/full-source/1715600529/CAB-7895f618aaad46091d0eabaa8838f0c9/1544813674513079468/streaming-info.json
6a64bf1dd54a7aa6a9273ecdbfe44c8320f444f03370517abd63caa0e1aaafa5,195105,animations/scalar-recovered/full-source/1715600529/CAB-ad03df6b944ebc6d94acf235fb58356b/-2834775492895240316/Avatar_Female_Size02_Remielle_Origin_Default_Ani_Run_Loop_02.json
e95916d09c83eaa805ff94458bd539dd947422afd35f2c5aa5b7f4628edcf08d,25684,animations/scalar-recovered/full-source/1715600529/CAB-ad03df6b944ebc6d94acf235fb58356b/-2834775492895240316/acl-database-bulk.bin
6229772424534a23e77f88b4d0a5e0aa11cac47e51dd606789dca9b352565518,41920,animations/scalar-recovered/full-source/1715600529/CAB-ad03df6b944ebc6d94acf235fb58356b/-2834775492895240316/native-object.raw
2f741d919ab9a0f8692b39d363674aac68f7c79f8d2c0c86f35f4f9307ed1604,340,animations/scalar-recovered/full-source/1715600529/CAB-ad03df6b944ebc6d94acf235fb58356b/-2834775492895240316/streaming-info.json
1c16fb0e6e51c7d41889ed1d4b0bbd9371f251650023902f398e4bc1385d95ec,963379,animations/scalar-recovered/full-source/1715600529/CAB-ad03df6b944ebc6d94acf235fb58356b/-3374308206746047625/Avatar_Female_Size02_Remielle_Origin_Ani_Run_Loop_02.json
d9fb7aa1966815744c14bb20c0a84cb3c417f46eee1f7fda7f59dfce461d3e45,190535,animations/scalar-recovered/full-source/1715600529/CAB-ad03df6b944ebc6d94acf235fb58356b/-3374308206746047625/acl-database-bulk.bin
d3452e0b9a4a65e159ffd93f517ee3fb302e0061c9514542bd7534f48c13a6b1,158284,animations/scalar-recovered/full-source/1715600529/CAB-ad03df6b944ebc6d94acf235fb58356b/-3374308206746047625/native-object.raw
b93c9155dc22d5713a43881b80d3fdd45515641bc0c2f9dcb5cfca2ee359a5a3,337,animations/scalar-recovered/full-source/1715600529/CAB-ad03df6b944ebc6d94acf235fb58356b/-3374308206746047625/streaming-info.json
7f09e8f83617f13871ec697fa6bd72b03f6d071295fc9744b1de91991949be16,295824,animations/scalar-recovered/full-source/1715600529/CAB-e309f311f32845499196484ef821cb3f/-2077618035229796624/Avatar_Female_Size02_Remielle_Origin_Default_Ani_QuestStart.json
7ed807af386b5fd3f16d15f7bc949204041618db8c6b5d7df08aa1736bd93277,100218,animations/scalar-recovered/full-source/1715600529/CAB-e309f311f32845499196484ef821cb3f/-2077618035229796624/acl-database-bulk.bin
ea304a6385dd1272347e2f806d299de77b58c5497cb5ca0347d27e53e216bcd5,117216,animations/scalar-recovered/full-source/1715600529/CAB-e309f311f32845499196484ef821cb3f/-2077618035229796624/native-object.raw
0b40e911c73151f2c09dae0289413018c7a4963114e5f6ad33c3c1d234e3b469,337,animations/scalar-recovered/full-source/1715600529/CAB-e309f311f32845499196484ef821cb3f/-2077618035229796624/streaming-info.json
48765ac72519ff3798f1b3345f30532ca30e4bfa683725fde24f4943a5a459ef,1252983,animations/scalar-recovered/full-source/1715600529/CAB-e309f311f32845499196484ef821cb3f/3904083204131904281/Avatar_Female_Size02_Remielle_Origin_Ani_QuestStart.json
f2bff05b654a63e33c4750afca64b0dd294e1e8a30bde97c99c4b8df6d8b6fb4,812546,animations/scalar-recovered/full-source/1715600529/CAB-e309f311f32845499196484ef821cb3f/3904083204131904281/acl-database-bulk.bin
9599e54e93109648e36931d6149b2f95035ab5aea9c9bf45dc58967955116e10,373984,animations/scalar-recovered/full-source/1715600529/CAB-e309f311f32845499196484ef821cb3f/3904083204131904281/native-object.raw
802d32979f70a75e28d81d2969b7d5936aeae55b336d1295a76c22c62d808787,342,animations/scalar-recovered/full-source/1715600529/CAB-e309f311f32845499196484ef821cb3f/3904083204131904281/streaming-info.json
1749c7a4db00ef57f3676d6e0828d51898d64e3d8ff033a35b1de15c76e118a3,973462,animations/scalar-recovered/full-source/1715600529/CAB-e3904b61fb0c015c0af3e7eb785ce1ae/-402973070275490428/Avatar_Female_Size02_Remielle_Origin_Ani_Dash_Start.json
63103f1a082bdded10e5405604eb6817600a351ea582e28ea33bd0ed7e46216b,199627,animations/scalar-recovered/full-source/1715600529/CAB-e3904b61fb0c015c0af3e7eb785ce1ae/-402973070275490428/acl-database-bulk.bin
29f32b413818d52150abb488fd79e261a27dfefc723986b95c8b672a6abe2583,165360,animations/scalar-recovered/full-source/1715600529/CAB-e3904b61fb0c015c0af3e7eb785ce1ae/-402973070275490428/native-object.raw
eefc42d5937fcc05dc660839666192d6b251fce0014556b723bd5393d52e3919,337,animations/scalar-recovered/full-source/1715600529/CAB-e3904b61fb0c015c0af3e7eb785ce1ae/-402973070275490428/streaming-info.json
90f5110361e1e439a94b5812e86b98bdbb2fbcada9db0d32eead7045409a601a,198293,animations/scalar-recovered/full-source/1715600529/CAB-e3904b61fb0c015c0af3e7eb785ce1ae/6951737216419734359/Avatar_Female_Size02_Remielle_Origin_Default_Ani_Dash_Start.json
1daaf43b298719a7936997ff14e9ac9163864daab1a8045f47e3cb58d9845086,27654,animations/scalar-recovered/full-source/1715600529/CAB-e3904b61fb0c015c0af3e7eb785ce1ae/6951737216419734359/acl-database-bulk.bin
2ed00f1eff36281b3d145e99ac29907e280f85e820f5f2a94679d3e45d77e144,44272,animations/scalar-recovered/full-source/1715600529/CAB-e3904b61fb0c015c0af3e7eb785ce1ae/6951737216419734359/native-object.raw
9f80fe44b87d5680b7182ab588b4a88d5ae825122b3e4f9785b6889ef666dc70,340,animations/scalar-recovered/full-source/1715600529/CAB-e3904b61fb0c015c0af3e7eb785ce1ae/6951737216419734359/streaming-info.json
7ff19c17a2bdf7b5a6a8c18a52d961b59ca6657eeee0d58905bb9c252a2895d1,197480,animations/scalar-recovered/full-source/1715600529/CAB-e60b1813519d286ca38b9838f44b4630/-4898536414085021582/Avatar_Female_Size02_Remielle_Origin_Default_Ani_Attack_Normal_02.json
3497c005629202ae83c2e637cace7a50db99f6ba250d734ebeff1d91ed158a0f,27817,animations/scalar-recovered/full-source/1715600529/CAB-e60b1813519d286ca38b9838f44b4630/-4898536414085021582/acl-database-bulk.bin
a848e51ef30a81f162a87424cd5245f7162c15010fd8187539bfbed5fe0ba4b0,43464,animations/scalar-recovered/full-source/1715600529/CAB-e60b1813519d286ca38b9838f44b4630/-4898536414085021582/native-object.raw
2de18186babdc5abd9ad5dd6bd69686dfcd09f32e1b9dfac46a793715fdc6cc0,340,animations/scalar-recovered/full-source/1715600529/CAB-e60b1813519d286ca38b9838f44b4630/-4898536414085021582/streaming-info.json
be749095b9130e3effaa7aa1347eb4f619df2891da34c6a33b513fa9e3b0b3c0,963512,animations/scalar-recovered/full-source/1715600529/CAB-e60b1813519d286ca38b9838f44b4630/-9199533477340216773/Avatar_Female_Size02_Remielle_Origin_Ani_Attack_Normal_02.json
7e80ba91533cb4ba24f46a9308174ee9d0f8cd3ee1aef195a563c9b7a3bea897,201897,animations/scalar-recovered/full-source/1715600529/CAB-e60b1813519d286ca38b9838f44b4630/-9199533477340216773/acl-database-bulk.bin
42a8ad70d550c23d8d98cf423f4a1b4801b6819454e4508d4c0ceb9c39ba99d4,157508,animations/scalar-recovered/full-source/1715600529/CAB-e60b1813519d286ca38b9838f44b4630/-9199533477340216773/native-object.raw
46f8cc05171de961aac6a198bae3acd727ba976079b941394d133aae1a2e5a7d,337,animations/scalar-recovered/full-source/1715600529/CAB-e60b1813519d286ca38b9838f44b4630/-9199533477340216773/streaming-info.json
dc66173166ec6badaeb6c82b649637afc0f187f0e2bb5023f73a099fec116437,967880,animations/scalar-recovered/full-source/1715600529/CAB-e60b1813519d286ca38b9838f44b4630/1562909486031391805/Avatar_Female_Size02_Remielle_Origin_Ani_Attack_Normal_02_End.json
8ac62d9b32fa20c1de1efd8336a4483ddfa7859eb1d5932ef5cdd15a613a1f3b,163821,animations/scalar-recovered/full-source/1715600529/CAB-e60b1813519d286ca38b9838f44b4630/1562909486031391805/acl-database-bulk.bin
bb342d146d7c60cc29129bcae7174a0bff057e498a9efa678f1240c9cd0c1cc1,159424,animations/scalar-recovered/full-source/1715600529/CAB-e60b1813519d286ca38b9838f44b4630/1562909486031391805/native-object.raw
35a205eaa8ef34b8a3c91d3ed4844e1eacefab59ea40e68d04b9dcb9df0961d8,342,animations/scalar-recovered/full-source/1715600529/CAB-e60b1813519d286ca38b9838f44b4630/1562909486031391805/streaming-info.json
795900cc158db7db6c752384a267ee8af8cd537d5d06c27a3f745dd40adc2746,194902,animations/scalar-recovered/full-source/1715600529/CAB-e60b1813519d286ca38b9838f44b4630/4995497788641215052/Avatar_Female_Size02_Remielle_Origin_Default_Ani_Attack_Normal_02_End.json
fad4d8e0caed42622bd56f18b3ecdc197a605afea71d76fdbf315bdbceb74d67,21217,animations/scalar-recovered/full-source/1715600529/CAB-e60b1813519d286ca38b9838f44b4630/4995497788641215052/acl-database-bulk.bin
299a609dfe51b79391e76735eb7e81956ac7e2e3ac09e455be543d7d14900088,41596,animations/scalar-recovered/full-source/1715600529/CAB-e60b1813519d286ca38b9838f44b4630/4995497788641215052/native-object.raw
2361327935b330238b640eb78fac93380cc999af4553584e02946a5faa32de7d,340,animations/scalar-recovered/full-source/1715600529/CAB-e60b1813519d286ca38b9838f44b4630/4995497788641215052/streaming-info.json
e3c0f5f18b86429e620628aea927c391ad8d00f92948aac5839a6ef4f6b623f7,1293217,animations/scalar-recovered/full-source/1846016037/CAB-5cec44d12ff090f787ea26556dbb387f/-8336856029810138531/TL_C30_ZiplineChasing_04_SC010_Avatar_MaxRemielleOriginCS.json
db86b0cdb08d479dcdcc8b2e33fb8601ac58d22c5bab6ace76c1b6a2a1130fbb,523616,animations/scalar-recovered/full-source/1846016037/CAB-5cec44d12ff090f787ea26556dbb387f/-8336856029810138531/native-object.raw
e668ef104655c7d3d1d3ecb936669530d412ceca3fb9b3c409f072e0d557510b,1447555,animations/scalar-recovered/full-source/1846016037/CAB-86701be3b444797d6298bb85399b74bd/-3484664679815086756/TL_C30_ZiplineChasing_03_SC010_Avatar_MaxRemielleOriginCS.json
fba8195038f6c5d5446a151cbd3ad2cdad4da769ed182404ff4cc0c2a067cac1,448496,animations/scalar-recovered/full-source/1846016037/CAB-86701be3b444797d6298bb85399b74bd/-3484664679815086756/native-object.raw
4cfa2bbb12c8237d58d9b56ea98676f681287fd37198077e7f44545133ebf74a,220156,animations/scalar-recovered/full-source/1860708741/CAB-2306941d57f7544f7d5a39105e114edf/-6086909508455192655/Avatar_Female_Size02_Remielle_Origin_Default_Ani_MC_Run_End_R.json
d955456dbcb2d3eef5eddbe96ceb08cd914e518e3ec49e4e448e027df921f854,40067,animations/scalar-recovered/full-source/1860708741/CAB-2306941d57f7544f7d5a39105e114edf/-6086909508455192655/acl-database-bulk.bin
024cef0476629c51be761127af5a75efdbb875d4aeb96df3b16b40b9230e7011,60260,animations/scalar-recovered/full-source/1860708741/CAB-2306941d57f7544f7d5a39105e114edf/-6086909508455192655/native-object.raw
87d0e123e650712e343ac2f5e77aecfb0ca2ec7f8d6793052e7dc1a77bbfd745,335,animations/scalar-recovered/full-source/1860708741/CAB-2306941d57f7544f7d5a39105e114edf/-6086909508455192655/streaming-info.json
21fb8315c76652fed261daa8a35625b2ffa2b00a91e25affc0de037713f7fb37,983587,animations/scalar-recovered/full-source/1860708741/CAB-2306941d57f7544f7d5a39105e114edf/321527116734104337/Avatar_Female_Size02_Remielle_Origin_Ani_MC_Run_End_R.json
55b68270c5772819fd0cb686c13947c990664c656dd3a0a9f431056c4ef0d34c,294726,animations/scalar-recovered/full-source/1860708741/CAB-2306941d57f7544f7d5a39105e114edf/321527116734104337/acl-database-bulk.bin
a7c9828ab265f80636532fc6930147bf9bacc247c6df438d90949ffdf5399bed,174112,animations/scalar-recovered/full-source/1860708741/CAB-2306941d57f7544f7d5a39105e114edf/321527116734104337/native-object.raw
2cda56f53f3d1c94e78cf4ec7041d34eb8ad6b597d34b462def02e2b05e498bb,341,animations/scalar-recovered/full-source/1860708741/CAB-2306941d57f7544f7d5a39105e114edf/321527116734104337/streaming-info.json
fd0f2aae037c13e3b47cda792d3620b5a622065e0c02644c909c9c566bf94e69,931719,animations/scalar-recovered/full-source/1860708741/CAB-494bd5c08978d90b9e429e89eefd3afe/-3648239661755005706/Avatar_Female_Size02_Remielle_Origin_Ani_MC_RunToWalk.json
25b5164522039c639fdd557ced08215dfc025502552e15692896b48a0f52018a,172235,animations/scalar-recovered/full-source/1860708741/CAB-494bd5c08978d90b9e429e89eefd3afe/-3648239661755005706/acl-database-bulk.bin
8fac614400c490762ec5610c5e6398ef5b2fbfcfd6284e263b4f8576fe86c94b,135008,animations/scalar-recovered/full-source/1860708741/CAB-494bd5c08978d90b9e429e89eefd3afe/-3648239661755005706/native-object.raw
f19f7dc056af5306371e438ac4de3fcfc54dd2aaa8ebf251f7d218a053968609,341,animations/scalar-recovered/full-source/1860708741/CAB-494bd5c08978d90b9e429e89eefd3afe/-3648239661755005706/streaming-info.json
1291656f52bc1e74a4452ec10e048c2f6aafe9a270f88311f44e3b0d34908e2a,194510,animations/scalar-recovered/full-source/1860708741/CAB-494bd5c08978d90b9e429e89eefd3afe/-6451535175577738020/Avatar_Female_Size02_Remielle_Origin_Default_Ani_MC_RunToWalk.json
3f41bc089feedf04d5c7205abfe742fedb17490fdc5133f5e79f3683fbd1da05,25877,animations/scalar-recovered/full-source/1860708741/CAB-494bd5c08978d90b9e429e89eefd3afe/-6451535175577738020/acl-database-bulk.bin
8811871f982ad19ff5a1a7f2a95969627edf61ac1392ea3f7b52e2d832d1bbbe,41044,animations/scalar-recovered/full-source/1860708741/CAB-494bd5c08978d90b9e429e89eefd3afe/-6451535175577738020/native-object.raw
01c249f4a0d081c6733f8ec36ee4fb78ffad03cdf96c8a4d24f4ca8a04ac5df6,335,animations/scalar-recovered/full-source/1860708741/CAB-494bd5c08978d90b9e429e89eefd3afe/-6451535175577738020/streaming-info.json
f0c81b18ab9e1e651b2b849205e9380b03f5a74f57b794182f2627d6d63b4e7a,211520,animations/scalar-recovered/full-source/1860708741/CAB-65578e3cddc52b0bd391b580c5885c28/-6414009409087881918/Avatar_Female_Size02_Remielle_Origin_Default_Ani_MC_Walk_End_R.json
ec5bc5b2a01a8949bae0c4ad10d3026b573568cbbf2b94e3f68907636e53b7e3,37789,animations/scalar-recovered/full-source/1860708741/CAB-65578e3cddc52b0bd391b580c5885c28/-6414009409087881918/acl-database-bulk.bin
0e88d8791e2185cad3cfb95b231cb3e11197017d71c00ac3ca794820060b0c39,54052,animations/scalar-recovered/full-source/1860708741/CAB-65578e3cddc52b0bd391b580c5885c28/-6414009409087881918/native-object.raw
91bec0758e0e1c482845090db69cd67176bb67026d29d1a8a0c58bafdfec63ac,340,animations/scalar-recovered/full-source/1860708741/CAB-65578e3cddc52b0bd391b580c5885c28/-6414009409087881918/streaming-info.json
bef966ac9cfc21d318cd006a31d5c5d65d3c54dbbdf3a606f97334270bea3070,965415,animations/scalar-recovered/full-source/1860708741/CAB-65578e3cddc52b0bd391b580c5885c28/-7957749517175371076/Avatar_Female_Size02_Remielle_Origin_Ani_MC_Walk_End_R.json
6bee994aba348d2edca9737d05c4529823b7851f5bbbfbc98be56850be14221f,250682,animations/scalar-recovered/full-source/1860708741/CAB-65578e3cddc52b0bd391b580c5885c28/-7957749517175371076/acl-database-bulk.bin
364eae6e538a98542f074d8eeddc8314ab794d39f8251f3d595daee9c18d6642,161160,animations/scalar-recovered/full-source/1860708741/CAB-65578e3cddc52b0bd391b580c5885c28/-7957749517175371076/native-object.raw
f1794e66650635fe3bba09d52d0299eaaa784476cef9c5c07dbee0822f62e83d,337,animations/scalar-recovered/full-source/1860708741/CAB-65578e3cddc52b0bd391b580c5885c28/-7957749517175371076/streaming-info.json
b849b10541bbd91fbc30a158b3443db2cd33ded306d8348feec364a7257d8d50,1510531,animations/scalar-recovered/full-source/1860708741/CAB-b7c0e0ef400c5932687047f20f402217/-7520317271572137748/Avatar_Female_Size02_Remielle_Origin_Ani_MC_Stand_Photo.json
86961767aea1c0a37c11d1b3cb127db77e8e0f0285b9612a46de84e160d5ae1c,1352194,animations/scalar-recovered/full-source/1860708741/CAB-b7c0e0ef400c5932687047f20f402217/-7520317271572137748/acl-database-bulk.bin
cc6d0f35c2a9eaba0bca6227661937106a30b48545ce67b48da699bda57686a3,569620,animations/scalar-recovered/full-source/1860708741/CAB-b7c0e0ef400c5932687047f20f402217/-7520317271572137748/native-object.raw
8fa212179aecb51b602a37d43b188c550bca1e9803c5424e02ee03a0dc1600e6,338,animations/scalar-recovered/full-source/1860708741/CAB-b7c0e0ef400c5932687047f20f402217/-7520317271572137748/streaming-info.json
7bbe21372e4f861c4d0d6e2fc12cc50c003e77716d25c010519125b10d1bf1b9,360599,animations/scalar-recovered/full-source/1860708741/CAB-b7c0e0ef400c5932687047f20f402217/8637045531324463456/Avatar_Female_Size02_Remielle_Origin_Default_Ani_MC_Stand_Photo.json
e1f48c85eea6b215d7f6c6707f232d0313b4b82157c4c54f9ffc3ef107fff134,142511,animations/scalar-recovered/full-source/1860708741/CAB-b7c0e0ef400c5932687047f20f402217/8637045531324463456/acl-database-bulk.bin
b0df577398243743e62509072a2191e652f655d491a38a14d000d5a3161b82cc,166004,animations/scalar-recovered/full-source/1860708741/CAB-b7c0e0ef400c5932687047f20f402217/8637045531324463456/native-object.raw
bd8664b7876a4b92ff9aaf4be2d4d04dcc61bc8e1c4b25fb40c8a6e77003079c,343,animations/scalar-recovered/full-source/1860708741/CAB-b7c0e0ef400c5932687047f20f402217/8637045531324463456/streaming-info.json
2b7168121bb85cff677266574fa8f68432bac5b9200608459ea316a955ee2ff6,180042,animations/scalar-recovered/full-source/1860708741/CAB-bbf4c01a537179d93199e7204bb4f544/-5036748116070463981/Avatar_Female_Size02_Remielle_Origin_Default_Ani_MC_Walk_Loop.json
c4096afe1ddf6c77d26fc41d2335b7c88ad4504ec39e56da6c5ba208659244fc,16037,animations/scalar-recovered/full-source/1860708741/CAB-bbf4c01a537179d93199e7204bb4f544/-5036748116070463981/acl-database-bulk.bin
c8140628f077d8e56b66ac3a86048b9e2204ab7bfb296d95dba7725ae756d3d6,30564,animations/scalar-recovered/full-source/1860708741/CAB-bbf4c01a537179d93199e7204bb4f544/-5036748116070463981/native-object.raw
ab31424d5d140c57a5683fc4ffe5dc041a88592f3e7aff00b324e40481e95ffe,335,animations/scalar-recovered/full-source/1860708741/CAB-bbf4c01a537179d93199e7204bb4f544/-5036748116070463981/streaming-info.json
10cd79fe644a1a7ffdee63135be96f592a25c577c3a3298d785ac7497c4d3e1a,895416,animations/scalar-recovered/full-source/1860708741/CAB-bbf4c01a537179d93199e7204bb4f544/6549233636137054704/Avatar_Female_Size02_Remielle_Origin_Ani_MC_Walk_Loop.json
f7c70e69b3855c5fe9b0e746039f16d0c3c4168359866af6596a14443f1ac068,108209,animations/scalar-recovered/full-source/1860708741/CAB-bbf4c01a537179d93199e7204bb4f544/6549233636137054704/acl-database-bulk.bin
3401800da0e755156d4bba9a9ebdee66c50ffe2667fd5ef4b569543d75e4bdb3,109872,animations/scalar-recovered/full-source/1860708741/CAB-bbf4c01a537179d93199e7204bb4f544/6549233636137054704/native-object.raw
961e1bb70a0f7287d34d62edb53d1dd433013561d0fedc6dfe610d68ff285de9,341,animations/scalar-recovered/full-source/1860708741/CAB-bbf4c01a537179d93199e7204bb4f544/6549233636137054704/streaming-info.json
f5816301c472f382bb3e1edfd0b179442dc3f3c4be7a5d3c64fd403962062ef9,974175,animations/scalar-recovered/full-source/1860708741/CAB-cd1a70e4cc6d0ca6529ca9f313fe5d89/-2198007012778656735/Avatar_Female_Size02_Remielle_Origin_Ani_MC_TurnAround_L.json
6269bcb886b1d67d03c5bcab5ce150158fe294c7a75096f2b5f6411bf4fbc2da,249769,animations/scalar-recovered/full-source/1860708741/CAB-cd1a70e4cc6d0ca6529ca9f313fe5d89/-2198007012778656735/acl-database-bulk.bin
3499be75c952d7d327eab2b79d8da7d33eae81f54151f937562129b0159a69de,167068,animations/scalar-recovered/full-source/1860708741/CAB-cd1a70e4cc6d0ca6529ca9f313fe5d89/-2198007012778656735/native-object.raw
9bc499335c4a803bc2b5026ec0a176f9bd69d592acaedb62e882c7eff74b6bcc,341,animations/scalar-recovered/full-source/1860708741/CAB-cd1a70e4cc6d0ca6529ca9f313fe5d89/-2198007012778656735/streaming-info.json
15f7513382e6c7dd267bd4f30d84aea548ff0032e4033f6b1779f373b7655099,212375,animations/scalar-recovered/full-source/1860708741/CAB-cd1a70e4cc6d0ca6529ca9f313fe5d89/-2943291743233252209/Avatar_Female_Size02_Remielle_Origin_Default_Ani_MC_TurnAround_L.json
10d8872de6accacacc3b496a8ea78018fbfe02871b09e7100156766e4e5ac172,37440,animations/scalar-recovered/full-source/1860708741/CAB-cd1a70e4cc6d0ca6529ca9f313fe5d89/-2943291743233252209/acl-database-bulk.bin
e677a5b43ea2870fc37c3f577c82ef9976f12c57afddf97238235c9b53ca8d76,54340,animations/scalar-recovered/full-source/1860708741/CAB-cd1a70e4cc6d0ca6529ca9f313fe5d89/-2943291743233252209/native-object.raw
5afc5dd9c005131f6d5664116f3d56c042658fb5cb2a1aa8e82de938d78a74b4,335,animations/scalar-recovered/full-source/1860708741/CAB-cd1a70e4cc6d0ca6529ca9f313fe5d89/-2943291743233252209/streaming-info.json
ba890a0b7acdd9b0adba710ebdd44a2e625f193a67ae368cc6759d3432faa1ef,29638,animations/scalar-recovered/full-source/1873273914/CAB-11cf926a8d80ffc49fc1f3074d2f0b78/925105147977907129/Eff_RemielleOrigin_Common_68_Light.json
e60a6243482b9f8b341484d6392ca8d106a891fb693bfee8b329df3fc0f5a54b,3560,animations/scalar-recovered/full-source/1873273914/CAB-11cf926a8d80ffc49fc1f3074d2f0b78/925105147977907129/native-object.raw
c83eb14c29226ddc5dfd9943505b564296499657702c4c5ab399296270104eea,16678,animations/scalar-recovered/full-source/1873273914/CAB-252a4c5251f62ba43a000847a100fe11/-515826022834909475/Eff_RemielleOrigin_Finish_Ex_AirState_Back_Start_07_Glow.json
ef70b090628c8562d39986097fbfaac56c9a384ef39f86567b3da959f76b473e,2156,animations/scalar-recovered/full-source/1873273914/CAB-252a4c5251f62ba43a000847a100fe11/-515826022834909475/native-object.raw
8ad3fcb1b944b0ed524e7e96183a5122884f32fda4e5f1628fa2a3bc6266c793,89344,animations/scalar-recovered/full-source/1873273914/CAB-2ba1e7fb6f4e823ca52d7d3a6d5954d5/8041209585093529604/Eff_RemielleOrigin_Finish_Ex_AirState_Back_Start_13_Glow.json
bd116c103ebfd495cd8bbb338e4b7d84c86cfa308f829aabff7c2277db2e9269,9176,animations/scalar-recovered/full-source/1873273914/CAB-2ba1e7fb6f4e823ca52d7d3a6d5954d5/8041209585093529604/native-object.raw
dd186ac6e8accf2c639b93705c0d3a2e55dd2d53f220fe28c4fe1270f5979135,13473,animations/scalar-recovered/full-source/1873273914/CAB-4072e7ddfba69c1565f3b793e3adfcc8/-8988421056191507797/Eff_RemielleOrigin_Skill02_AirState_Front_07_Trail.json
c17122347d15835b8ae39895d533ceb55f8dd45c67a8b10a0f2d9a3276412c21,1904,animations/scalar-recovered/full-source/1873273914/CAB-4072e7ddfba69c1565f3b793e3adfcc8/-8988421056191507797/native-object.raw
ed73af3bf1a2f420ddd41349b2876a0db43c7394e8b07d376e15576db13df8c0,96267,animations/scalar-recovered/full-source/1873273914/CAB-439db914cf2b0aae64d48bc0061689ee/-7713167277379953582/Eff_RemielleOrigin_Finish_Ex_AirState_Back_Start_12_Glow.json
ac354328e534d3e101ed6135287b542af4774f822005c12f4dec19a22a91c7a2,9856,animations/scalar-recovered/full-source/1873273914/CAB-439db914cf2b0aae64d48bc0061689ee/-7713167277379953582/native-object.raw
ecd151f02d6d0194a6199ffed1ae9ecd222f8227ac30f41ed3198a049f29ae07,811224,animations/scalar-recovered/full-source/1873273914/CAB-491b5a9b8b0d833b79c7e45bbfc3c0e3/-5300483605768689626/Eff_RemielleOrigin_Finish_Ex_AirState_Back_Start_23_Glow.json
6fb4ad7d04eed2bda22b7f9be93579baf6d377a0eb4dc66f0784d7d7de87c092,87696,animations/scalar-recovered/full-source/1873273914/CAB-491b5a9b8b0d833b79c7e45bbfc3c0e3/-5300483605768689626/native-object.raw
7b7e2d4dc3ad45cb8493c249ce245d34eb569402639cef8b57ebae1819033a8c,843063,animations/scalar-recovered/full-source/1873273914/CAB-60df6300b1c549e348d7f057963167e1/7181514370539157732/Eff_RemielleOrigin_Finish_Ex_AirState_Back_03_Trail.json
8a849bfd40a9fa1bfee245b422adac8a94358296d8cf66d78c85c2650b27636b,77324,animations/scalar-recovered/full-source/1873273914/CAB-60df6300b1c549e348d7f057963167e1/7181514370539157732/native-object.raw
af6310c183140d3ba05c052db2b5fed8782ac167f4874865c92cccf6f4ec0777,17444,animations/scalar-recovered/full-source/1873273914/CAB-61c494f52021ee29f9ddeda944114fae/-7547288877936511865/Eff_RemielleOrigin_Common_11_Distor.json
675f4d584ec7093684efdffd930e8e2ce785e5955deba32655a688b990409d1e,2368,animations/scalar-recovered/full-source/1873273914/CAB-61c494f52021ee29f9ddeda944114fae/-7547288877936511865/native-object.raw
f5ae70d214d97a70ce423676fc65228d2b8b48178b08617ff0cfd0abe44b381f,27058,animations/scalar-recovered/full-source/1873273914/CAB-7b5007e95c860d2681d7b1786a0a3101/1016658305673763190/Eff_RemielleOrigin_Finish_Ex_AirState_Back_Start_09_Glow.json
0d7f753db2fc84743cbe9f7ba9593abb89538aa5ad8ca5312c9f7ed8aa2cdd73,3012,animations/scalar-recovered/full-source/1873273914/CAB-7b5007e95c860d2681d7b1786a0a3101/1016658305673763190/native-object.raw
1068b779ec85837ede305d6fd03610291a46b5f304148fae9d4d9b18c7c9b07a,13471,animations/scalar-recovered/full-source/1873273914/CAB-7ba6dd6b8936cd5c89733099ab884e0b/-423206523203858237/Eff_RemielleOrigin_Finish_AirState_Front_05_Trail.json
2aebd7724ad087006b6c720e707b208ce4641c9c8ceb9fa83044db94cb1a21e6,1904,animations/scalar-recovered/full-source/1873273914/CAB-7ba6dd6b8936cd5c89733099ab884e0b/-423206523203858237/native-object.raw
6895367558b9f7ae0f1dee461d48424281a00b445120163981bd5bbbfa9422a7,15823,animations/scalar-recovered/full-source/1873273914/CAB-863a1aae771079685a7ccdde4b9e5390/-6166064662974156864/Eff_RemielleOrigin_Finish_Ex_AirState_Back_Start_10_Glow.json
d153adf2a2a7a1cd7a001cf6d65460a4416264d36c9dbdab2a027b0889142e0e,2136,animations/scalar-recovered/full-source/1873273914/CAB-863a1aae771079685a7ccdde4b9e5390/-6166064662974156864/native-object.raw
11848bc28eb48c288dca31bdc97bc360ad33a1267e8086118d0b7548efa668c2,20257,animations/scalar-recovered/full-source/1873273914/CAB-a3773fd7b1983205dbe40f34d34bc6b8/8246008260516947076/Eff_RemielleOrigin_Finish_AirState_Front_09_Trail.json
67e48f639ae7a29bd81f74fcb8f012d4762a1771731ed0cc036e1fbd0fc5130b,2564,animations/scalar-recovered/full-source/1873273914/CAB-a3773fd7b1983205dbe40f34d34bc6b8/8246008260516947076/native-object.raw
a4cd11b34837cb9134621956f0ec684bc612d0ac74674f312bffcb4a2a6574f3,276702,animations/scalar-recovered/full-source/1873273914/CAB-b1f8384c4e0ff3f9032b431331a864e3/-8819830023198649675/Eff_RemielleOrigin_Finish_Ex_AirState_Back_04_Trail.json
b666b62d1e2af27131bd35159d2df12abcff011826a5697b42273a142bfbec3f,28896,animations/scalar-recovered/full-source/1873273914/CAB-b1f8384c4e0ff3f9032b431331a864e3/-8819830023198649675/native-object.raw
49879ebfda0a3e4d48e74f1cfb9f848dd36059282b7a29d9c80da28a6b469610,366009,animations/scalar-recovered/full-source/1873273914/CAB-ba3286a194f9243458070e7b1c9c7339/-3297334246295216203/Eff_RemielleOrigin_Finish_Ex_AirState_Back_Start_11_Glow.json
3d7604686ebefe7b496a3cf17c6c50357bbfb3583a719dc8f8dcbb4feba3bc66,35604,animations/scalar-recovered/full-source/1873273914/CAB-ba3286a194f9243458070e7b1c9c7339/-3297334246295216203/native-object.raw
b5ddb892f510276f9c94de136636603539f735b3082f705b9a407a154ea2ac85,17342,animations/scalar-recovered/full-source/1873273914/CAB-c3f60eeaac87ba031203af3354be7df7/-7003204707026630252/Eff_RemielleOrigin_Finish_AirState_Front_04_Trail.json
6cc2f7366a96f4aeca865b6b3d2607b7b9a15d861638b4dec90b6f8d5c9cadeb,2292,animations/scalar-recovered/full-source/1873273914/CAB-c3f60eeaac87ba031203af3354be7df7/-7003204707026630252/native-object.raw
e19ee74c75bf99a0eab5678cfa461fb9c54d0bcb42055eca9d48d5f46c3a028f,29877,animations/scalar-recovered/full-source/1873273914/CAB-e73d93d73455b24a169b690791675f46/5077256676362176258/Eff_RemielleOrigin_Finish_Ex_AirState_Back_13_Trail.json
1346618742f7e231bcbd9b6c819822f02560a0223b71ae7c10d238d90223bcfd,3232,animations/scalar-recovered/full-source/1873273914/CAB-e73d93d73455b24a169b690791675f46/5077256676362176258/native-object.raw
abf22ba2d8df7e922d6445ab193f9c858b911031a0d1f366438aa9a276d54698,919243,animations/scalar-recovered/full-source/1876963883/CAB-0959ef4accf36578df1c91884f1734f1/-8534133473829246735/Avatar_Female_Size02_Remielle_Origin_Ani_Move_R_AirFront_Loop.json
fac1161fedbef36001ba39ea4bfa9fbd6db516cf393b75eaafe204bc3843697c,123229,animations/scalar-recovered/full-source/1876963883/CAB-0959ef4accf36578df1c91884f1734f1/-8534133473829246735/acl-database-bulk.bin
71724c0b4b0ad4d6e8708218b0acc740ee7ab3016dc9829295c268e2d45aaf95,137740,animations/scalar-recovered/full-source/1876963883/CAB-0959ef4accf36578df1c91884f1734f1/-8534133473829246735/native-object.raw
891b796bd58acf01dcb54e9912fe2f9de0ccaca1b0bba444be7a9f63d7217ada,340,animations/scalar-recovered/full-source/1876963883/CAB-0959ef4accf36578df1c91884f1734f1/-8534133473829246735/streaming-info.json
f152343b8e55320dee35b16cd9c894f17614bc276f1c7349bc79fde104a65896,132373,animations/scalar-recovered/full-source/1876963883/CAB-0959ef4accf36578df1c91884f1734f1/-8674294909014153322/Avatar_Female_Size02_Remielle_Origin_Default_Ani_Move_R_AirFront_Loop.json
8b70e267af7e7d2a0ed08af9cb12d345ec73b142b2eeaef03368b80349bdac39,3638,animations/scalar-recovered/full-source/1876963883/CAB-0959ef4accf36578df1c91884f1734f1/-8674294909014153322/acl-database-bulk.bin
4a4a051661c227887aca9a7036e5e0641dfc75d05d8762a4e43a8b55832bf59e,17356,animations/scalar-recovered/full-source/1876963883/CAB-0959ef4accf36578df1c91884f1734f1/-8674294909014153322/native-object.raw
c0fb1f87481be0b2a29170a14bb9efa61579efb8553ec9486dae0e73e5eb67c9,334,animations/scalar-recovered/full-source/1876963883/CAB-0959ef4accf36578df1c91884f1734f1/-8674294909014153322/streaming-info.json
9c511a7002ca7f05a9aebfad2b5c9a12f56d5a1de562ef01aaf523bcb62da98c,225827,animations/scalar-recovered/full-source/1876963883/CAB-241fbaf4fd60b205539b13de2a17245b/-1160565790859856226/Avatar_Female_Size02_Remielle_Origin_Default_Ani_Evade_Back.json
d53efb31344f74c8867cfc9c391459b9005950f6989e4addead39989b0a4b574,35381,animations/scalar-recovered/full-source/1876963883/CAB-241fbaf4fd60b205539b13de2a17245b/-1160565790859856226/acl-database-bulk.bin
1663ca34e986a958223c2ce5f3ef706615169f61577091b8df12b0aa56cccdb7,64448,animations/scalar-recovered/full-source/1876963883/CAB-241fbaf4fd60b205539b13de2a17245b/-1160565790859856226/native-object.raw
552a547b2cedbae0c53bc14d5546a733b6d022a7eff30c6b0d6a6601810ee3a7,340,animations/scalar-recovered/full-source/1876963883/CAB-241fbaf4fd60b205539b13de2a17245b/-1160565790859856226/streaming-info.json
b730553cda655dd519203457bbf32c2228cae8e2e8f9791d10f1ec8defbb821c,1054862,animations/scalar-recovered/full-source/1876963883/CAB-241fbaf4fd60b205539b13de2a17245b/-2784842692007170474/Avatar_Female_Size02_Remielle_Origin_Ani_Evade_Back.json
29ac1cbf5a7c1fe212afc612fb3291e2cf1ae0cfcd9e36267259ac7364e6161a,299737,animations/scalar-recovered/full-source/1876963883/CAB-241fbaf4fd60b205539b13de2a17245b/-2784842692007170474/acl-database-bulk.bin
daff755311ff66e5e0948f2b2a113fbaed7897d52b269852b3fd00064b4401cc,223116,animations/scalar-recovered/full-source/1876963883/CAB-241fbaf4fd60b205539b13de2a17245b/-2784842692007170474/native-object.raw
8b7145b3a291dd1707501151514b6b48b7ea9c36cf24f9dd00ce0140cd451707,337,animations/scalar-recovered/full-source/1876963883/CAB-241fbaf4fd60b205539b13de2a17245b/-2784842692007170474/streaming-info.json
4454b7534109a919ecb720a90868dc9f6563d09a1f71b4e6003cda5a8a5430a2,193876,animations/scalar-recovered/full-source/1876963883/CAB-4fa0b31c2ead4193c24efccdab012a68/-7917930783476894538/Avatar_Female_Size02_Remielle_Origin_Default_Ani_Move_R_AirBack_Loop.json
1e61fb7fbc1cf2dab0e2f5b7d3bb0a620a4f4b41be2e20ffdb328187ace9b433,25935,animations/scalar-recovered/full-source/1876963883/CAB-4fa0b31c2ead4193c24efccdab012a68/-7917930783476894538/acl-database-bulk.bin
d404436661b55aeb0db09928b32c2753d6cfcabb2a775498a49fc7bc30c0b782,40984,animations/scalar-recovered/full-source/1876963883/CAB-4fa0b31c2ead4193c24efccdab012a68/-7917930783476894538/native-object.raw
41ae3a656439d04f5eabcf44aea1cf3b1d820b8eea8d5a6c77463e33f11c0dcc,335,animations/scalar-recovered/full-source/1876963883/CAB-4fa0b31c2ead4193c24efccdab012a68/-7917930783476894538/streaming-info.json
319705d8eeb7527e48aa7a74bff7ab72e68e1793c10f4fb1941f64cb6939763d,942361,animations/scalar-recovered/full-source/1876963883/CAB-4fa0b31c2ead4193c24efccdab012a68/5751198730476278853/Avatar_Female_Size02_Remielle_Origin_Ani_Move_R_AirBack_Loop.json
2ff2c6280e18472cf5e8320d26477ddf7912532dbcea196bc314575757e4cd02,157780,animations/scalar-recovered/full-source/1876963883/CAB-4fa0b31c2ead4193c24efccdab012a68/5751198730476278853/acl-database-bulk.bin
1dd5aa68fb0052c5622bc083aed14414298186e2c6cb5c2f6ff70e22495f0f1d,144628,animations/scalar-recovered/full-source/1876963883/CAB-4fa0b31c2ead4193c24efccdab012a68/5751198730476278853/native-object.raw
f6769352d9d71471b27542ca0b2fec7e4eae5202995592ddd3d02634e1b03d50,341,animations/scalar-recovered/full-source/1876963883/CAB-4fa0b31c2ead4193c24efccdab012a68/5751198730476278853/streaming-info.json
5eb5baa448532e80a4ac958925ab59c41a06bcba356260b63f83b96384c2c0fa,1236790,animations/scalar-recovered/full-source/1876963883/CAB-82074f88a886fcfc9b7d870cc09bd340/201129590458849080/Avatar_Female_Size02_Remielle_Ani_Skill04_AirState_Back.json
7100f595301cfb114dd031bbb20847198a637a13193b20a1be52b2425e414677,437610,animations/scalar-recovered/full-source/1876963883/CAB-82074f88a886fcfc9b7d870cc09bd340/201129590458849080/acl-database-bulk.bin
8d2867506d579fc5d0710282e629678ede9d732744925956843f52270ddb3ce3,269432,animations/scalar-recovered/full-source/1876963883/CAB-82074f88a886fcfc9b7d870cc09bd340/201129590458849080/native-object.raw
461b5a643978a1d4b0f1a46130d8565a437300d1fc9b91e3e9dbaae54be6ef15,337,animations/scalar-recovered/full-source/1876963883/CAB-82074f88a886fcfc9b7d870cc09bd340/201129590458849080/streaming-info.json
0fdf49ee0a3a4d657d4abc797890dee2b7b1369a0ff1f1436467195e9a022961,201574,animations/scalar-recovered/full-source/1876963883/CAB-c22c2d1c569babc26368ba110771de3c/7322397595745092629/Avatar_Female_Size02_Remielle_Origin_Default_Ani_Evade_to_Run_01.json
ce7ea4662595f58c665157ce0cd05161be94b90edfebab5a3c9817cb49e3e457,29314,animations/scalar-recovered/full-source/1876963883/CAB-c22c2d1c569babc26368ba110771de3c/7322397595745092629/acl-database-bulk.bin
0c760e9b2eb4faf2a1c1a2987a1305bb1895dfc608d7fbea5b64ba8307dfad84,46516,animations/scalar-recovered/full-source/1876963883/CAB-c22c2d1c569babc26368ba110771de3c/7322397595745092629/native-object.raw
fdbc4ea250488cf679ff812805cc155f6320f9da198234cae296b3b1e060da3c,335,animations/scalar-recovered/full-source/1876963883/CAB-c22c2d1c569babc26368ba110771de3c/7322397595745092629/streaming-info.json
eb2e2b18c548facb7a1929f896267edf9a24db7b663eb5cda172acae77eac66d,981556,animations/scalar-recovered/full-source/1876963883/CAB-c22c2d1c569babc26368ba110771de3c/9167602165747736858/Avatar_Female_Size02_Remielle_Origin_Ani_Evade_to_Run_01.json
07bc48f6346e34eaec76e233026ee4b258653596db8f4d5b2a91e44c9aaacc26,223736,animations/scalar-recovered/full-source/1876963883/CAB-c22c2d1c569babc26368ba110771de3c/9167602165747736858/acl-database-bulk.bin
bef7bbec16a14163c88c058ba91e743468d094b31fa77d6e7f9a7befa859408f,171472,animations/scalar-recovered/full-source/1876963883/CAB-c22c2d1c569babc26368ba110771de3c/9167602165747736858/native-object.raw
0aeac8bcbb8109d657f56a967d6f9ad674717baee97bc3668f4775317ca451d1,341,animations/scalar-recovered/full-source/1876963883/CAB-c22c2d1c569babc26368ba110771de3c/9167602165747736858/streaming-info.json
ae77d5292bfd17a396a25b95fcbbfaa403e7e813ca26aecb30f01ed9157afd78,951248,animations/scalar-recovered/full-source/1876963883/CAB-d8fbebcff3461c85f6e8e3d656faadcf/-2053451558984455083/Avatar_Female_Size02_Remielle_Origin_Ani_SwitchIn_Attack.json
8c1107c6aa9c75fbd66f1f495b450fe8035929046762743b94f3c2ab93506be8,155970,animations/scalar-recovered/full-source/1876963883/CAB-d8fbebcff3461c85f6e8e3d656faadcf/-2053451558984455083/acl-database-bulk.bin
0c4bebce4e1b7d09a878f44b46c9abe800890e154ae00c32b087d28a4bb0def2,146096,animations/scalar-recovered/full-source/1876963883/CAB-d8fbebcff3461c85f6e8e3d656faadcf/-2053451558984455083/native-object.raw
bdcb3199175ec5d5a8cfc68158a6e8cbb7daf6c10e41b9fa7cb0dcd38d5d011f,341,animations/scalar-recovered/full-source/1876963883/CAB-d8fbebcff3461c85f6e8e3d656faadcf/-2053451558984455083/streaming-info.json
89dd4c489a6d673487d08a7184c31f36ada2d330dec8d3edcf276adb3b0f9399,190147,animations/scalar-recovered/full-source/1876963883/CAB-d8fbebcff3461c85f6e8e3d656faadcf/-5596166863796330384/Avatar_Female_Size02_Remielle_Origin_Default_Ani_SwitchIn_Attack.json
f15bbdc35418c17e41c641bad61afaa49b0554f5ccbdc5199bbd2b67a27e2acf,22495,animations/scalar-recovered/full-source/1876963883/CAB-d8fbebcff3461c85f6e8e3d656faadcf/-5596166863796330384/acl-database-bulk.bin
af5e76afa062162dbb6c629c6138977d18b73e214038b6f7004bf5fc642e9a7e,38116,animations/scalar-recovered/full-source/1876963883/CAB-d8fbebcff3461c85f6e8e3d656faadcf/-5596166863796330384/native-object.raw
b5a4862ba26eb301ddc66a89da45434400d665da125aaab795d640a7322d7883,335,animations/scalar-recovered/full-source/1876963883/CAB-d8fbebcff3461c85f6e8e3d656faadcf/-5596166863796330384/streaming-info.json
1e8f5a69ad2cc62981f94486ef8505888e1cc973de981ee19d69ec2a519bb300,1038839,animations/scalar-recovered/full-source/1876963883/CAB-d8fbebcff3461c85f6e8e3d656faadcf/5634588132277865150/Avatar_Female_Size02_Remielle_Origin_Ani_SwitchIn_Attack_End.json
91725532b12263c97d68b4f9269455975b1e747a20f7843c0941b03cdf712513,270724,animations/scalar-recovered/full-source/1876963883/CAB-d8fbebcff3461c85f6e8e3d656faadcf/5634588132277865150/acl-database-bulk.bin
15963b8c7befc6c650dbc86503825fa7d809794b8cc27fbed730344ddb2cb8e8,211768,animations/scalar-recovered/full-source/1876963883/CAB-d8fbebcff3461c85f6e8e3d656faadcf/5634588132277865150/native-object.raw
8f63dd820006c9a5c370e971a5c911a5a5dc5d5dcf9e50891896f865770be74d,342,animations/scalar-recovered/full-source/1876963883/CAB-d8fbebcff3461c85f6e8e3d656faadcf/5634588132277865150/streaming-info.json
96cf69c09d16ef57662cd7b2c52770ee2bf9310f224499bdccbcda77ba960a1a,213760,animations/scalar-recovered/full-source/1876963883/CAB-d8fbebcff3461c85f6e8e3d656faadcf/7813796038876496448/Avatar_Female_Size02_Remielle_Origin_Default_Ani_SwitchIn_Attack_End.json
4f416a8c4ce6e10f3a351fc41dd7c61722968c31e61aa878da1a546fc0db836a,34176,animations/scalar-recovered/full-source/1876963883/CAB-d8fbebcff3461c85f6e8e3d656faadcf/7813796038876496448/acl-database-bulk.bin
f26e9268f5097592c0fa260849bce1427ae5469b05fe44e65aa28358bb32edae,55576,animations/scalar-recovered/full-source/1876963883/CAB-d8fbebcff3461c85f6e8e3d656faadcf/7813796038876496448/native-object.raw
5eb679176ec6eb309135f0cf731c215537974d03afebb8d5928dff6714c4ea77,340,animations/scalar-recovered/full-source/1876963883/CAB-d8fbebcff3461c85f6e8e3d656faadcf/7813796038876496448/streaming-info.json
49b06da4af0c22eee878b13b53cb6c38406a6bb21ff3c5df6a4923021a58252b,263427,animations/scalar-recovered/full-source/1916835551/CAB-72af46e231ac1c92c740e6efa20a3946/-6481802436214235179/Avatar_Female_Size02_Remielle_Origin_Default_Ani_MC_TL_TurnAround.json
8a2b3753aa279e2fe5b97d950e96f0da70da13a08d703f76579df97fb6c9b42e,66453,animations/scalar-recovered/full-source/1916835551/CAB-72af46e231ac1c92c740e6efa20a3946/-6481802436214235179/acl-database-bulk.bin
6937a96fcb50b808cf4be3a60537e8d048b211a69f2416e6f7c6a58caf851da0,92840,animations/scalar-recovered/full-source/1916835551/CAB-72af46e231ac1c92c740e6efa20a3946/-6481802436214235179/native-object.raw
a51a431325de055ca1e798356a172439584b14c08f47025c52df74006e40d441,340,animations/scalar-recovered/full-source/1916835551/CAB-72af46e231ac1c92c740e6efa20a3946/-6481802436214235179/streaming-info.json
74163d97d30c527b7ced08a2782bac6d5cc17ad0ef04151f459ebcbc642ac07f,1213980,animations/scalar-recovered/full-source/1916835551/CAB-72af46e231ac1c92c740e6efa20a3946/-9218743410937264583/Avatar_Female_Size02_Remielle_Origin_Ani_MC_TL_TurnAround.json
d310c170c4f5c807deb61984baa17c16900f9cc01486fcd7d56df25d94e55bf1,672408,animations/scalar-recovered/full-source/1916835551/CAB-72af46e231ac1c92c740e6efa20a3946/-9218743410937264583/acl-database-bulk.bin
26a666a04e6e5dd157951b0b52cf556a629ef6ea7cfdb36a1d114f17cfb44bb3,344304,animations/scalar-recovered/full-source/1916835551/CAB-72af46e231ac1c92c740e6efa20a3946/-9218743410937264583/native-object.raw
7e2275bf7650a0def4b77dc9e32586ef807f3a5fbeddda77a8e365b97d8d8b76,337,animations/scalar-recovered/full-source/1916835551/CAB-72af46e231ac1c92c740e6efa20a3946/-9218743410937264583/streaming-info.json
3b472940f5f1e168c40852b0c47fa187164eca01bf3c181b2eab7720da0fd8d4,215685,animations/scalar-recovered/full-source/2006710238/CAB-00a0aeebf8545327f25f5674b93c05d4/-4526792344613562278/Avatar_Female_Size02_Remielle_Origin_Default_Ani_Attack_ParryAid_L_End.json
aa986671aadf35330c5c35b60176f5a9345beee7fc333747b82a4df3f39925c4,28680,animations/scalar-recovered/full-source/2006710238/CAB-00a0aeebf8545327f25f5674b93c05d4/-4526792344613562278/acl-database-bulk.bin
d9d65c248c61fe13e53168e349df92b6c8639e93f5a456d252d12ad040414171,57116,animations/scalar-recovered/full-source/2006710238/CAB-00a0aeebf8545327f25f5674b93c05d4/-4526792344613562278/native-object.raw
bc89040c8699ae36d23b9486e0b5f17bc1b7a2154a54f34de5d6880e04925f00,338,animations/scalar-recovered/full-source/2006710238/CAB-00a0aeebf8545327f25f5674b93c05d4/-4526792344613562278/streaming-info.json
3b0a254fd322b526af54da9ce44a7a4abfb9d3fb9cd92f31f5bc4135468989d7,168768,animations/scalar-recovered/full-source/2006710238/CAB-00a0aeebf8545327f25f5674b93c05d4/-6396914387315774793/Avatar_Female_Size02_Remielle_Origin_Default_Ani_Attack_ParryAid_L.json
e476648c374e32e43d43a8ad72e9e7da937acb59821196915acd843b35f30c52,6580,animations/scalar-recovered/full-source/2006710238/CAB-00a0aeebf8545327f25f5674b93c05d4/-6396914387315774793/acl-database-bulk.bin
be6d770727c7a7ab5be308d3b0eed9655004699f7e64bbddcf2738ada5ca392b,22120,animations/scalar-recovered/full-source/2006710238/CAB-00a0aeebf8545327f25f5674b93c05d4/-6396914387315774793/native-object.raw
53f738ce2be1c12bd259c8960b8aeb83a6e47a32fdf23da02e194cd53b770a77,334,animations/scalar-recovered/full-source/2006710238/CAB-00a0aeebf8545327f25f5674b93c05d4/-6396914387315774793/streaming-info.json
d6d7fe68ab6fdf6a063a6c5904c7b9ebf345360859389143791eadc943b071f5,1047253,animations/scalar-recovered/full-source/2006710238/CAB-00a0aeebf8545327f25f5674b93c05d4/3571753758861711803/Avatar_Female_Size02_Remielle_Origin_Ani_Attack_ParryAid_L_End.json
7d76491e6856cc4349018a695ceb42b74a7d09d0d0d3c7ef929211d889dd6e1f,251499,animations/scalar-recovered/full-source/2006710238/CAB-00a0aeebf8545327f25f5674b93c05d4/3571753758861711803/acl-database-bulk.bin
a26e32a38e8bfcd43c6f8ddb040ff0697007afa8bc78bb61e175b03a05cd76cb,217748,animations/scalar-recovered/full-source/2006710238/CAB-00a0aeebf8545327f25f5674b93c05d4/3571753758861711803/native-object.raw
e242c78e40547d71218ab84a8fce3dfe38d4fd04f8b0e48d10d41ea1c77dcb59,341,animations/scalar-recovered/full-source/2006710238/CAB-00a0aeebf8545327f25f5674b93c05d4/3571753758861711803/streaming-info.json
55b492a7b1e962cab9a2dd288f50632181a2eba3ca5f89bca4446ef7b6dca65d,885710,animations/scalar-recovered/full-source/2006710238/CAB-00a0aeebf8545327f25f5674b93c05d4/955851873304441410/Avatar_Female_Size02_Remielle_Origin_Ani_Attack_ParryAid_L.json
fd3331a43d25390cdd3b164379cd2d646b9165bd349b768417e06316452abc60,46573,animations/scalar-recovered/full-source/2006710238/CAB-00a0aeebf8545327f25f5674b93c05d4/955851873304441410/acl-database-bulk.bin
1b6aad20bc26ea9c26b8bb8c4a7280f8edc202303c85623ffac74fd6c315c454,97684,animations/scalar-recovered/full-source/2006710238/CAB-00a0aeebf8545327f25f5674b93c05d4/955851873304441410/native-object.raw
749fcfe52ba152607c1e8e8ba4827d8d625c97627c5280ecad8f3973e75f7364,339,animations/scalar-recovered/full-source/2006710238/CAB-00a0aeebf8545327f25f5674b93c05d4/955851873304441410/streaming-info.json
833db09622ce9dc02b583f7775db717a6dcd2f195f4e1fa2a9b8ac6ed6ec74c6,988866,animations/scalar-recovered/full-source/2006710238/CAB-0353b71bd01a780f3970689d4b8aa030/-409771880834856509/Avatar_Female_Size02_Remielle_Origin_Ani_Attack_Normal_04_End.json
3ef93e913b897d2dbcc967c8e25d901404335051d2d0daefb9c1761a212fd033,185853,animations/scalar-recovered/full-source/2006710238/CAB-0353b71bd01a780f3970689d4b8aa030/-409771880834856509/acl-database-bulk.bin
f89258f445b5af150ff7a43c5f5210ffd033110c69742a0a30412f08f0a11c82,174800,animations/scalar-recovered/full-source/2006710238/CAB-0353b71bd01a780f3970689d4b8aa030/-409771880834856509/native-object.raw
fc72fdb733624d532cea3bc6e04c94ab5b867d1bd12483bfafd77e4b7577d67f,337,animations/scalar-recovered/full-source/2006710238/CAB-0353b71bd01a780f3970689d4b8aa030/-409771880834856509/streaming-info.json
6cc03769572fb35f4b19e96c8c1337835077981cc5454f70dcbb3cb6cf0cfdfd,961460,animations/scalar-recovered/full-source/2006710238/CAB-0353b71bd01a780f3970689d4b8aa030/2897952514858722300/Avatar_Female_Size02_Remielle_Origin_Ani_Attack_Normal_04.json
7b51dd1d4be700d2dc75b13e49305a1e978e18ab8a2d46dd958e9043b1aa4fe1,198244,animations/scalar-recovered/full-source/2006710238/CAB-0353b71bd01a780f3970689d4b8aa030/2897952514858722300/acl-database-bulk.bin
f5048b0c65634da3a38f2db8a270bd594d5adf5885a25e29ab1aca1f961e4d4b,155904,animations/scalar-recovered/full-source/2006710238/CAB-0353b71bd01a780f3970689d4b8aa030/2897952514858722300/native-object.raw
90ae9591e9261a03ed14ed0b5ed232965f7abdae2a8d172db87d5800494af48e,342,animations/scalar-recovered/full-source/2006710238/CAB-0353b71bd01a780f3970689d4b8aa030/2897952514858722300/streaming-info.json
f93da165f5569d059d0d1d2f879833792a7e43faf9cba34cada6d10871f1623f,195131,animations/scalar-recovered/full-source/2006710238/CAB-0353b71bd01a780f3970689d4b8aa030/4344555018720723428/Avatar_Female_Size02_Remielle_Origin_Default_Ani_Attack_Normal_04.json
2608310e55d6e2711be5d668c71a6198f3e0fc2243b55463d966d101597c9c39,26121,animations/scalar-recovered/full-source/2006710238/CAB-0353b71bd01a780f3970689d4b8aa030/4344555018720723428/acl-database-bulk.bin
4f19d5f9511876492ecbac16e17b7f3d7ed66c19d1f272bf42150911024803a7,41736,animations/scalar-recovered/full-source/2006710238/CAB-0353b71bd01a780f3970689d4b8aa030/4344555018720723428/native-object.raw
4da956140f50a26af133665fbe5df3bce597606d0213ee37659e1396403dd66d,340,animations/scalar-recovered/full-source/2006710238/CAB-0353b71bd01a780f3970689d4b8aa030/4344555018720723428/streaming-info.json
020ee46db327b1cef011c083cf51ea467e0e1a364db36bfbea87b14074e831f9,196801,animations/scalar-recovered/full-source/2006710238/CAB-0353b71bd01a780f3970689d4b8aa030/4941240938121583892/Avatar_Female_Size02_Remielle_Origin_Default_Ani_Attack_Normal_04_End.json
21265abd12895fc3af91321c00809d5642b30d8c98f0850b3fe92ea2bf15e2f2,20669,animations/scalar-recovered/full-source/2006710238/CAB-0353b71bd01a780f3970689d4b8aa030/4941240938121583892/acl-database-bulk.bin
d1b75dd27743f5f45d7e0ae9fdabb71041feb7c42bcc11b266a0f83d9adb1a44,42972,animations/scalar-recovered/full-source/2006710238/CAB-0353b71bd01a780f3970689d4b8aa030/4941240938121583892/native-object.raw
a746131e2a3bd97e891f6a0fc3aab566d2e8523adc1bef3db45d6d8679da150a,340,animations/scalar-recovered/full-source/2006710238/CAB-0353b71bd01a780f3970689d4b8aa030/4941240938121583892/streaming-info.json
ad80e26127d3103b6b019c75aaa2807baa87318b316351848a129ab4553f5d82,886110,animations/scalar-recovered/full-source/2006710238/CAB-29459d6b716e366147e997e02faf1fa1/-6844243640780810553/Avatar_Female_Size02_Remielle_Origin_Ani_SwitchOut_Normal.json
f8c010e4715aeee797ed0e9c98f2bfba46fb1a423049e841aac19968d4573089,77674,animations/scalar-recovered/full-source/2006710238/CAB-29459d6b716e366147e997e02faf1fa1/-6844243640780810553/acl-database-bulk.bin
4d90b740fdc0a42064ddbf8f779a9bb1b8e02ad263b4a5edbb17996e9f6b7add,104488,animations/scalar-recovered/full-source/2006710238/CAB-29459d6b716e366147e997e02faf1fa1/-6844243640780810553/native-object.raw
60231d07bc99439589cc1ea6aeb919aad9f90474f42e15b98b98011f696e9edf,336,animations/scalar-recovered/full-source/2006710238/CAB-29459d6b716e366147e997e02faf1fa1/-6844243640780810553/streaming-info.json
e830bf4daac79c22930c6c9b3662398a6a87dd647c2bfbc276c00eb252beb9cb,174094,animations/scalar-recovered/full-source/2006710238/CAB-29459d6b716e366147e997e02faf1fa1/2038985433102997564/Avatar_Female_Size02_Remielle_Origin_Default_Ani_SwitchOut_Normal.json
4ce0c05f96f9742adce5bc714f32d35da18c53a3abe25e97c81247da27b70546,11370,animations/scalar-recovered/full-source/2006710238/CAB-29459d6b716e366147e997e02faf1fa1/2038985433102997564/acl-database-bulk.bin
8ccb7a0dafd9d71a52aa28ffabaf4a5b4d43768c7ba438a65683ab6a9915bc68,26136,animations/scalar-recovered/full-source/2006710238/CAB-29459d6b716e366147e997e02faf1fa1/2038985433102997564/native-object.raw
493c5344289f0314993267e6f267a96d25cd077d5c7b87dc4236e16f037dbef3,339,animations/scalar-recovered/full-source/2006710238/CAB-29459d6b716e366147e997e02faf1fa1/2038985433102997564/streaming-info.json
3be33354339360cbd3b3f3228222e12f58a2550ca94eb6af395cfbdf73184ef3,213033,animations/scalar-recovered/full-source/2006710238/CAB-3f4c4dd48e40fbf7bf6cbb23796960bc/-4095588600957599538/Avatar_Female_Size02_Remielle_Origin_Default_Ani_Evade_Back_02.json
b464f9a0e1ae57a141439f15f8e775bb94dd847505fada27cef67c432a37372e,32475,animations/scalar-recovered/full-source/2006710238/CAB-3f4c4dd48e40fbf7bf6cbb23796960bc/-4095588600957599538/acl-database-bulk.bin
2d3fc3592d9e89f175b36544ab9806fd09d43ffe6600c5879416f1b6363f5262,55188,animations/scalar-recovered/full-source/2006710238/CAB-3f4c4dd48e40fbf7bf6cbb23796960bc/-4095588600957599538/native-object.raw
25b3a0749d94b4b53acd765d322ed3696cb69db28e5c4e1802eb9635847d4324,335,animations/scalar-recovered/full-source/2006710238/CAB-3f4c4dd48e40fbf7bf6cbb23796960bc/-4095588600957599538/streaming-info.json
bb88177fc1a71e7645aa9f19b4cf63cbb6c35d6f9d50a028da73460eb149fc96,1047614,animations/scalar-recovered/full-source/2006710238/CAB-3f4c4dd48e40fbf7bf6cbb23796960bc/-929815099799922380/Avatar_Female_Size02_Remielle_Origin_Ani_Evade_Back_02.json
3e9d535f287d39edbaf489d546d83040e38370c0ceecb9cee5495007b722f45a,285931,animations/scalar-recovered/full-source/2006710238/CAB-3f4c4dd48e40fbf7bf6cbb23796960bc/-929815099799922380/acl-database-bulk.bin
211304b1bf9ed0df84e0466ff83e9575fc4129f9eed5c42f300a05dff3e97518,217532,animations/scalar-recovered/full-source/2006710238/CAB-3f4c4dd48e40fbf7bf6cbb23796960bc/-929815099799922380/native-object.raw
081873567387394fd656d198993cd08466040685520f585883eae462b76f45f1,341,animations/scalar-recovered/full-source/2006710238/CAB-3f4c4dd48e40fbf7bf6cbb23796960bc/-929815099799922380/streaming-info.json
30512d2b8da3b5c96b63e77c172535a302bb45aacd4a2aadaf3a88343d041771,217376,animations/scalar-recovered/full-source/2006710238/CAB-833fd3d22127ff7228b525d40f997aa0/6245713423748851663/Avatar_Female_Size02_Remielle_Origin_Default_Ani_Hit_H_Front.json
a5808d336c0de8a8f5f59c4b7f68884c20d2e30b00880dc54acb553c0c4ecc48,35173,animations/scalar-recovered/full-source/2006710238/CAB-833fd3d22127ff7228b525d40f997aa0/6245713423748851663/acl-database-bulk.bin
3d250c58dc820e4ef19fa38f079aa8cbf63b65f1291abe09047a7ed390cd328a,58000,animations/scalar-recovered/full-source/2006710238/CAB-833fd3d22127ff7228b525d40f997aa0/6245713423748851663/native-object.raw
15daed7742ede594b639027107230ba86440abd0ff0f592e8e0dfda70d071979,335,animations/scalar-recovered/full-source/2006710238/CAB-833fd3d22127ff7228b525d40f997aa0/6245713423748851663/streaming-info.json
e71a7338bc9c6f560b4556b0befb376f8b29d7f6b5d6a6d2f31eefdd6f7e3510,1042988,animations/scalar-recovered/full-source/2006710238/CAB-833fd3d22127ff7228b525d40f997aa0/7065537084702335652/Avatar_Female_Size02_Remielle_Origin_Ani_Hit_H_Front.json
7b1115d52655e8c509bb2f36128a43d5c1da96863cee33659e08038366ba67ae,287136,animations/scalar-recovered/full-source/2006710238/CAB-833fd3d22127ff7228b525d40f997aa0/7065537084702335652/acl-database-bulk.bin
b22ac7c29abaf1c3a38393cab8c53005f7f7eead4d3beb28d4d7d4b1de70475c,214352,animations/scalar-recovered/full-source/2006710238/CAB-833fd3d22127ff7228b525d40f997aa0/7065537084702335652/native-object.raw
f997a912a1ba1a0ad6efd294c492045e78746a71e6210d64bac5c0ec6bb805ed,341,animations/scalar-recovered/full-source/2006710238/CAB-833fd3d22127ff7228b525d40f997aa0/7065537084702335652/streaming-info.json
93d9112d308c561fdd4c655e8f20587c9e285cd17238e43805f2e14975e7d237,174837,animations/scalar-recovered/full-source/2006710238/CAB-8e1edcaf001ec3c019aef205d32f0b80/-8089345243544448965/Avatar_Female_Size02_Remielle_Origin_Default_Ani_Attack_Special.json
fa998818b3184fb8148229a95ef5d7ee991e823f414780c7db3099253127d084,11392,animations/scalar-recovered/full-source/2006710238/CAB-8e1edcaf001ec3c019aef205d32f0b80/-8089345243544448965/acl-database-bulk.bin
fc6741220fcc8291e926838036c86ae12569b8257f771eb78ca790a17f8baa4f,26500,animations/scalar-recovered/full-source/2006710238/CAB-8e1edcaf001ec3c019aef205d32f0b80/-8089345243544448965/native-object.raw
c3f4a180065963297e156a6d8410b4c2e7a726ff2b5b7bdd64e438919748ba8d,335,animations/scalar-recovered/full-source/2006710238/CAB-8e1edcaf001ec3c019aef205d32f0b80/-8089345243544448965/streaming-info.json
138b69243e556593b42a5f0be9cc3cb56f5f3afa0a2c2ddcfad816d70e7da9e8,909275,animations/scalar-recovered/full-source/2006710238/CAB-8e1edcaf001ec3c019aef205d32f0b80/2133478860367677187/Avatar_Female_Size02_Remielle_Origin_Ani_Attack_Special.json
42fee8af6ce2c2e38dc13d98b1c3fb7d91a67f973a5cd4f375414ee25ee60f3f,91029,animations/scalar-recovered/full-source/2006710238/CAB-8e1edcaf001ec3c019aef205d32f0b80/2133478860367677187/acl-database-bulk.bin
cc8a6f6bee16c214d5797fb884a6128b63179b4b3bede0118d8d226969eb3fb2,114088,animations/scalar-recovered/full-source/2006710238/CAB-8e1edcaf001ec3c019aef205d32f0b80/2133478860367677187/native-object.raw
3d77810ad20e66c43c09604aa54f6fad2ce9be667255b1d8d63631778da9a73f,340,animations/scalar-recovered/full-source/2006710238/CAB-8e1edcaf001ec3c019aef205d32f0b80/2133478860367677187/streaming-info.json
063c15b762d79f0e9c9dcb565f69f6c0c5ccb14e15353b7654e239db2c51be0a,934861,animations/scalar-recovered/full-source/2006710238/CAB-8e1edcaf001ec3c019aef205d32f0b80/3343346788711538502/Avatar_Female_Size02_Remielle_Origin_Ani_Attack_Special_End.json
b11d39e97a48acd3b3c95da600e711d555e243cd7dfcc102c930899f9f210b3a,96711,animations/scalar-recovered/full-source/2006710238/CAB-8e1edcaf001ec3c019aef205d32f0b80/3343346788711538502/acl-database-bulk.bin
f3533580c64423eb43c1e900e499b90ffddaef2acd35fa248c14e3b9a3102e7c,132356,animations/scalar-recovered/full-source/2006710238/CAB-8e1edcaf001ec3c019aef205d32f0b80/3343346788711538502/native-object.raw
b76a2674d76fa0f589204ebf2ba90390e1442048247a678d31b5e92ab17510c1,341,animations/scalar-recovered/full-source/2006710238/CAB-8e1edcaf001ec3c019aef205d32f0b80/3343346788711538502/streaming-info.json
9c4ee03bb6710fc8f1862db633d627e66bc2b474f0adca75d0546bcacc79e2bd,180421,animations/scalar-recovered/full-source/2006710238/CAB-8e1edcaf001ec3c019aef205d32f0b80/7342936708937862502/Avatar_Female_Size02_Remielle_Origin_Default_Ani_Attack_Special_End.json
65de891bdc11b89009d7f8e0d26a3903a1d7a92668a5a30ccd1a321b6cf76dbe,11666,animations/scalar-recovered/full-source/2006710238/CAB-8e1edcaf001ec3c019aef205d32f0b80/7342936708937862502/acl-database-bulk.bin
0be9835fc08730b2d338ebd18ab0a2136be05426265b480901e19212c2b49611,30680,animations/scalar-recovered/full-source/2006710238/CAB-8e1edcaf001ec3c019aef205d32f0b80/7342936708937862502/native-object.raw
87d3a49c5d9a632e0bd5c9c0713d382e4d38a8a46ba933834fcb55e1de83c49a,340,animations/scalar-recovered/full-source/2006710238/CAB-8e1edcaf001ec3c019aef205d32f0b80/7342936708937862502/streaming-info.json
20254aa495e4f935255f0667cb98ebacf2d2bf40630e8fe4f3de225ba930b9fb,132330,animations/scalar-recovered/full-source/2006710238/CAB-c101e9fdd690dfbeca81c304d8d70e96/-1426568102937424029/Avatar_Female_Size02_Remielle_Origin_Default_Ani_Move_L_AirFront_Loop.json
8056f961ff6ae315154d4a3147ca63a3b1f78a31b58ea41b43bbeac4ab371c01,3638,animations/scalar-recovered/full-source/2006710238/CAB-c101e9fdd690dfbeca81c304d8d70e96/-1426568102937424029/acl-database-bulk.bin
9e464caf0d4d4c5d477f4c79573074a954e82261d88c642d899e618eed83e2fc,17356,animations/scalar-recovered/full-source/2006710238/CAB-c101e9fdd690dfbeca81c304d8d70e96/-1426568102937424029/native-object.raw
a21cefa327a995af14db0df24a8e9612d876edd9bdab64b75f4e4350167be9f0,334,animations/scalar-recovered/full-source/2006710238/CAB-c101e9fdd690dfbeca81c304d8d70e96/-1426568102937424029/streaming-info.json
09bad816cc9f09c35e6dcce7e476feb940b7023ed9ee8fa5072221e888a57ce6,919395,animations/scalar-recovered/full-source/2006710238/CAB-c101e9fdd690dfbeca81c304d8d70e96/3805677695536517420/Avatar_Female_Size02_Remielle_Origin_Ani_Move_L_AirFront_Loop.json
802169721f2c783836a259aea0934a28cc11f797ef0d7afc3e53c6667893be00,124003,animations/scalar-recovered/full-source/2006710238/CAB-c101e9fdd690dfbeca81c304d8d70e96/3805677695536517420/acl-database-bulk.bin
93a12f4218219f6471fac16b5d7a641ab6cd9edfe6c616f0d3e64864872b69bf,137848,animations/scalar-recovered/full-source/2006710238/CAB-c101e9fdd690dfbeca81c304d8d70e96/3805677695536517420/native-object.raw
e84e12356bf50ace5c11dceac17b5b1c3408cb584473c166cbb9f7391227dde4,340,animations/scalar-recovered/full-source/2006710238/CAB-c101e9fdd690dfbeca81c304d8d70e96/3805677695536517420/streaming-info.json
a02a79d0c90bd503ebb5321d7b0bd8665b70d7c123a5f2df04336389f2f499bf,202332,animations/scalar-recovered/full-source/2006710238/CAB-eb0cbd48e218dc6b8616a93d22822362/-5561527666033287597/Avatar_Female_Size02_Remielle_Origin_Default_Ani_Attack_ExSpecial.json
ff8a78ace64bad271e379d58ee35e7883cf4076860cfe2f8b9caf3c5645a71d5,29663,animations/scalar-recovered/full-source/2006710238/CAB-eb0cbd48e218dc6b8616a93d22822362/-5561527666033287597/acl-database-bulk.bin
243a283a180126f2791241b10bb95b0e3f525552ced5b8a181c271fa6b4fae4c,46984,animations/scalar-recovered/full-source/2006710238/CAB-eb0cbd48e218dc6b8616a93d22822362/-5561527666033287597/native-object.raw
a41ea6cdce641a8c53b0bc494f3a8aa6d3e07e73445654ed9a7accf430afeaf4,335,animations/scalar-recovered/full-source/2006710238/CAB-eb0cbd48e218dc6b8616a93d22822362/-5561527666033287597/streaming-info.json
a36b4de9dc9c1e318f347e0e341fdaa7bc393a0945a7a0824ad4e16bdf9f951e,988765,animations/scalar-recovered/full-source/2006710238/CAB-eb0cbd48e218dc6b8616a93d22822362/3724978590284937653/Avatar_Female_Size02_Remielle_Origin_Ani_Attack_ExSpecial.json
55153bb66d2053e89c2f330d7dc7414bf264c84cdf09bcd20a45d3ce4e653d80,225846,animations/scalar-recovered/full-source/2006710238/CAB-eb0cbd48e218dc6b8616a93d22822362/3724978590284937653/acl-database-bulk.bin
eefcb5bcaf7fae08a2bc15c58d2f10500b0d63478b98325b6fcbdb815ce36547,173512,animations/scalar-recovered/full-source/2006710238/CAB-eb0cbd48e218dc6b8616a93d22822362/3724978590284937653/native-object.raw
a4ab9d3651dc58232c44e324dcebf1d602b08f476b862d552541e75e7f8ff401,341,animations/scalar-recovered/full-source/2006710238/CAB-eb0cbd48e218dc6b8616a93d22822362/3724978590284937653/streaming-info.json
4cec33c14b2b7c284b968dd35f13445e3a7d05b345a248b2627ee31dc4204044,1012815,animations/scalar-recovered/full-source/2006710238/CAB-eb0cbd48e218dc6b8616a93d22822362/7852443070286253166/Avatar_Female_Size02_Remielle_Origin_Ani_Attack_ExSpecial_End.json
485b7f08527824befc884c81518f1add48ab457d91a3bc2859aaf3a1a22f0962,219665,animations/scalar-recovered/full-source/2006710238/CAB-eb0cbd48e218dc6b8616a93d22822362/7852443070286253166/acl-database-bulk.bin
c447c9402233b0a8b82aa13f935921de4b9cd1bbaac3fa8191c2cb4d9e3858ae,191580,animations/scalar-recovered/full-source/2006710238/CAB-eb0cbd48e218dc6b8616a93d22822362/7852443070286253166/native-object.raw
489e39892e57228e49e0b576ac09fae5b5fcdfdff2ada88f4e59f0616203388f,342,animations/scalar-recovered/full-source/2006710238/CAB-eb0cbd48e218dc6b8616a93d22822362/7852443070286253166/streaming-info.json
f40b9572ae784580aa51a048ce727437949f32ebe7b1b156fbae848cb38b6a3e,206648,animations/scalar-recovered/full-source/2006710238/CAB-eb0cbd48e218dc6b8616a93d22822362/8022910211048519476/Avatar_Female_Size02_Remielle_Origin_Default_Ani_Attack_ExSpecial_End.json
d19378e33bec56a8f93d4ac93435d2ef34f2a4cd1d8d7ba64d5da3b3b678b197,26694,animations/scalar-recovered/full-source/2006710238/CAB-eb0cbd48e218dc6b8616a93d22822362/8022910211048519476/acl-database-bulk.bin
759e1a5d8a1f38fba755914b42b40b1e204e01f8940552c46b202dd1d0bf0b7e,50172,animations/scalar-recovered/full-source/2006710238/CAB-eb0cbd48e218dc6b8616a93d22822362/8022910211048519476/native-object.raw
017ee0113a4c6a9762f58beb30b6c6f0592b216d3b5116c4ae8704eb9b60ef7b,340,animations/scalar-recovered/full-source/2006710238/CAB-eb0cbd48e218dc6b8616a93d22822362/8022910211048519476/streaming-info.json
dad84e2ba5fef6d11e45c97452366b3816c7e4e2361583a56dd213a36733488d,104553938,animations/scalar-recovered/full-source/2104872804/CAB-65e465f547e81e3551250368c361cc70/6807886800973678470/Avatar_Female_Size02_Remielle_Origin_Ani_Attack_Burst_Ex_02.json
81ef863fde9e669072da3cbd5032c6bcd68672191f527c86995826ea96416e42,344378,animations/scalar-recovered/full-source/2104872804/CAB-65e465f547e81e3551250368c361cc70/6807886800973678470/acl-database-bulk.bin
aa94e47314ea1012562079b40b86b7f77357cfd93007c0877b8eaada3d2921eb,9465076,animations/scalar-recovered/full-source/2104872804/CAB-65e465f547e81e3551250368c361cc70/6807886800973678470/native-object.raw
a69119df94064d77f93baea26d6f33d764a569251f653f869106ad00162f228b,338,animations/scalar-recovered/full-source/2104872804/CAB-65e465f547e81e3551250368c361cc70/6807886800973678470/streaming-info.json
5efdc534faf38aba724736384ce7a4ada96e52ebf600a025add880e775abb6a6,23999,animations/scalar-recovered/full-source/2104872804/CAB-eb26aa027a063c0df36a140698155d38/-7578572697436120055/Eff_RemielleOrigin_AirCombat_Parry_F_Start_01_Trail.json
7785e3b4532ae8489f8e8f2892665784ee7b528f0748fc6b54c8bd3950b26142,3020,animations/scalar-recovered/full-source/2104872804/CAB-eb26aa027a063c0df36a140698155d38/-7578572697436120055/native-object.raw
4ea9089b4d12bb6471b61bf06834cb3e496b899abeb3c812cda6d7570243b206,217172,animations/scalar-recovered/full-source/2132654338/CAB-066993d8a5ff8d0ccef4a25cb579569a/-7129616130449428738/Avatar_Female_Size02_Remielle_Origin_Default_Ani_Finish_Ex_AirState_Start.json
c9e579a7b81b05dd27257bd80345a97b4e04bc18900fff60e4028636791853cc,40480,animations/scalar-recovered/full-source/2132654338/CAB-066993d8a5ff8d0ccef4a25cb579569a/-7129616130449428738/acl-database-bulk.bin
83f1543b27341e34a9f2fc7813f6c0bb836be56832ec759cfe3988ffefa288ab,58368,animations/scalar-recovered/full-source/2132654338/CAB-066993d8a5ff8d0ccef4a25cb579569a/-7129616130449428738/native-object.raw
a2963934e2c94bb7cfa7b713c1c0f62e5b605fb90434eebb87dea1d564a453e0,335,animations/scalar-recovered/full-source/2132654338/CAB-066993d8a5ff8d0ccef4a25cb579569a/-7129616130449428738/streaming-info.json
a03da3a8c7a4e93dc3ee59bce3fe89bac811bbcd3b368e9c50dbd7f7c4388b12,1011554,animations/scalar-recovered/full-source/2132654338/CAB-066993d8a5ff8d0ccef4a25cb579569a/2355478525442785719/Avatar_Female_Size02_Remielle_Origin_Ani_Finish_Ex_AirState_Start.json
8946b99a7de013acb1b9275fbe6459e8fd7efabce24fe281a7ea785167d54478,328706,animations/scalar-recovered/full-source/2132654338/CAB-066993d8a5ff8d0ccef4a25cb579569a/2355478525442785719/acl-database-bulk.bin
316f40dfee00d2a3ffa7279a13787ae9c449ab021d566c5db60cebc879a66ad7,192948,animations/scalar-recovered/full-source/2132654338/CAB-066993d8a5ff8d0ccef4a25cb579569a/2355478525442785719/native-object.raw
3b0dee8f0a0584664ec2f77c9096e471c62b8d1f60c308794177e375b820e13f,341,animations/scalar-recovered/full-source/2132654338/CAB-066993d8a5ff8d0ccef4a25cb579569a/2355478525442785719/streaming-info.json
acc4b7efc46606209b03077f5c655ff2ff8604a7c112f7975d8b1b401aa4def2,1095698,animations/scalar-recovered/full-source/2132654338/CAB-15a4232294e11c716d031bbb083d7624/-4084114386154507887/Avatar_Female_Size02_Remielle_Origin_Ani_Attack_ParryAid_Start.json
58bbf81a3aa284afe532f52d28b118a439aca6c1138f7aec4b6e5632c4a6a03b,302335,animations/scalar-recovered/full-source/2132654338/CAB-15a4232294e11c716d031bbb083d7624/-4084114386154507887/acl-database-bulk.bin
c39248b7465080de07b1719aa765593efb5843807a62d80bcc385c17a018e396,253688,animations/scalar-recovered/full-source/2132654338/CAB-15a4232294e11c716d031bbb083d7624/-4084114386154507887/native-object.raw
0ab558493a50ef2a06e44d94b8f756b21354ea8657fe91b8ebf8e93338073de7,341,animations/scalar-recovered/full-source/2132654338/CAB-15a4232294e11c716d031bbb083d7624/-4084114386154507887/streaming-info.json
ad0883e2f054cbec98b064d4d2c38d2da4c1ad162cb9be0bc27967a48847db81,229385,animations/scalar-recovered/full-source/2132654338/CAB-15a4232294e11c716d031bbb083d7624/-4541582683945369037/Avatar_Female_Size02_Remielle_Origin_Default_Ani_Attack_ParryAid_Start.json
ff010351f41171d2d1807dae05fe6781e1ba8beff731a6fd277479627b7f4364,36337,animations/scalar-recovered/full-source/2132654338/CAB-15a4232294e11c716d031bbb083d7624/-4541582683945369037/acl-database-bulk.bin
d36beecde69741d052a0f6026a09d631f406503666cbc9e6a7af5e6854a98e0c,67260,animations/scalar-recovered/full-source/2132654338/CAB-15a4232294e11c716d031bbb083d7624/-4541582683945369037/native-object.raw
ad4f29970d998a42dfb7983fb1a2752204d43218a1771658da33c2481da5e991,335,animations/scalar-recovered/full-source/2132654338/CAB-15a4232294e11c716d031bbb083d7624/-4541582683945369037/streaming-info.json
1c2ebf5e515be1c3ddd1be975f97adf2e1129e371baa34a5b646a7f601a87f69,193689,animations/scalar-recovered/full-source/2132654338/CAB-2bb8c19b923ef6385b1ddfc59840a5d1/-386601933073037890/Avatar_Female_Size02_Remielle_Origin_Default_Ani_Move_B_AirBack_Loop.json
f0fe176607b3b0b80193a9b2a7d96dcb809ec03ad8ebfe4f51ea7fb5f1c8c70e,25918,animations/scalar-recovered/full-source/2132654338/CAB-2bb8c19b923ef6385b1ddfc59840a5d1/-386601933073037890/acl-database-bulk.bin
30680aed26a8876c40838375a32c30f4b852ff0ad4f3a5032cf307247b2eae75,40872,animations/scalar-recovered/full-source/2132654338/CAB-2bb8c19b923ef6385b1ddfc59840a5d1/-386601933073037890/native-object.raw
bbf083693688895bde61f34480bdc62efc84bca24dd6fcd47b2d0b01c642da25,340,animations/scalar-recovered/full-source/2132654338/CAB-2bb8c19b923ef6385b1ddfc59840a5d1/-386601933073037890/streaming-info.json
a4ae4ebe6a98825e9d26f6157446a027720064071dc47bee60a3833daccfcc2c,938276,animations/scalar-recovered/full-source/2132654338/CAB-2bb8c19b923ef6385b1ddfc59840a5d1/-6926137905584299039/Avatar_Female_Size02_Remielle_Origin_Ani_Move_B_AirBack_Loop.json
2ba422938fa19caa502010eef1ed865ab4bf8189d3a29ee434b0214ac84684f8,158792,animations/scalar-recovered/full-source/2132654338/CAB-2bb8c19b923ef6385b1ddfc59840a5d1/-6926137905584299039/acl-database-bulk.bin
71396818a64e7d160a3a187b6a410fb401f75a5fee8de9d9e11b3a62aa0736e4,144288,animations/scalar-recovered/full-source/2132654338/CAB-2bb8c19b923ef6385b1ddfc59840a5d1/-6926137905584299039/native-object.raw
f66766530f27355ac1b3edfe62eda7ccfb523604cf020fa4598eb2165e68da07,337,animations/scalar-recovered/full-source/2132654338/CAB-2bb8c19b923ef6385b1ddfc59840a5d1/-6926137905584299039/streaming-info.json
2313a66d12d52bfcc8f2596d7230588790639862e32c669d787a877e0df32620,1025661,animations/scalar-recovered/full-source/2132654338/CAB-975769008ea745b3b1120bf4040819d9/-1685276881627157094/Avatar_Female_Size02_Remielle_Origin_Ani_Skill05_AirState_Back.json
980d2c35b6803f578ce93194a11a540aa027390dc43181329f8a02acf2936f72,292669,animations/scalar-recovered/full-source/2132654338/CAB-975769008ea745b3b1120bf4040819d9/-1685276881627157094/acl-database-bulk.bin
9e16bbff67178b996e8abe80c2a4b8d1654e25ead418c4d76d6320055b25153f,207688,animations/scalar-recovered/full-source/2132654338/CAB-975769008ea745b3b1120bf4040819d9/-1685276881627157094/native-object.raw
bc7f85ce4b9a4a9a445cdf0b29304e5531297b23271f0991c6198c960b36be5a,337,animations/scalar-recovered/full-source/2132654338/CAB-975769008ea745b3b1120bf4040819d9/-1685276881627157094/streaming-info.json
4c0cbb42cce7d5e6c711cf5c2b5ec9655e70870c731f82a3c02fa378b352a619,218522,animations/scalar-recovered/full-source/2132654338/CAB-975769008ea745b3b1120bf4040819d9/2506288528843049181/Avatar_Female_Size02_Remielle_Origin_Default_Ani_Skill05_AirState_Back.json
e97db6d5b99c10e0eb67d9bb4b3366103902b7401f0c7b5c0164c33d6e942183,38804,animations/scalar-recovered/full-source/2132654338/CAB-975769008ea745b3b1120bf4040819d9/2506288528843049181/acl-database-bulk.bin
c4201a79d5a0fb9114050bd5765843096beadd744942a32c63ba0b75f13ee8dd,59260,animations/scalar-recovered/full-source/2132654338/CAB-975769008ea745b3b1120bf4040819d9/2506288528843049181/native-object.raw
28b0093ea53d896c369f14946696e93e5a1f8bd72123005701fed7172b26494b,340,animations/scalar-recovered/full-source/2132654338/CAB-975769008ea745b3b1120bf4040819d9/2506288528843049181/streaming-info.json
71840a6e54f7546916b2972e07da81f00521f67b3df6bf3d674ff2b8b8e95560,174922,animations/scalar-recovered/full-source/2132654338/CAB-9b4af7685cf267f83ff85a5ec3bf63fa/1178091772023656799/Avatar_Female_Size02_Remielle_Origin_Default_Ani_Attack_Burst_Ex_Max02.json
d0de974ac326a088eb6c1f094af37759e86a8bfab7a07dce0409474824aceefb,10150,animations/scalar-recovered/full-source/2132654338/CAB-9b4af7685cf267f83ff85a5ec3bf63fa/1178091772023656799/acl-database-bulk.bin
e13514c4770d8a59df27d08180c138768034215368a32a8f83405a509eb07c20,26620,animations/scalar-recovered/full-source/2132654338/CAB-9b4af7685cf267f83ff85a5ec3bf63fa/1178091772023656799/native-object.raw
df06966998445073b6388b6c33e375992f9944f80bd3ae02cbc01f6945ed9b36,335,animations/scalar-recovered/full-source/2132654338/CAB-9b4af7685cf267f83ff85a5ec3bf63fa/1178091772023656799/streaming-info.json
53d6e6a6aac97093223fd3014dfff70d6a4a59e83ab5462beb97732c8abddbcd,1040693,animations/scalar-recovered/full-source/2132654338/CAB-9b4af7685cf267f83ff85a5ec3bf63fa/2601924044941141242/Avatar_Female_Size02_Remielle_Origin_Ani_Attack_Burst_Ex_Max02_End.json
6bc054e803e024dbf7aff55f37ebcbb6a39dec4bc9da0aa1c1805e7e624d8617,250829,animations/scalar-recovered/full-source/2132654338/CAB-9b4af7685cf267f83ff85a5ec3bf63fa/2601924044941141242/acl-database-bulk.bin
4d551a0038660615b16666a1796485570753133a67a8acce9c1dc5d74aeab0c0,212232,animations/scalar-recovered/full-source/2132654338/CAB-9b4af7685cf267f83ff85a5ec3bf63fa/2601924044941141242/native-object.raw
21d184ffcc077a4ee48addc82301056a5672c18ef280d682f301bb4886c3f3d2,341,animations/scalar-recovered/full-source/2132654338/CAB-9b4af7685cf267f83ff85a5ec3bf63fa/2601924044941141242/streaming-info.json
e4869f892ff8015738d8a0aef168c7b3aa4337af81651ac2b88cb63053c9f46b,896001,animations/scalar-recovered/full-source/2132654338/CAB-9b4af7685cf267f83ff85a5ec3bf63fa/6947939037786921133/Avatar_Female_Size02_Remielle_Origin_Ani_Attack_Burst_Ex_Max02.json
cac662f4a91efc29cb76961bba25efded57a11a911bc1b022b28121c1f28f139,79872,animations/scalar-recovered/full-source/2132654338/CAB-9b4af7685cf267f83ff85a5ec3bf63fa/6947939037786921133/acl-database-bulk.bin
f0a89c512bf4f59367d81a5a474fa0c010da14e4cce0928a89f3208a16bb8681,106292,animations/scalar-recovered/full-source/2132654338/CAB-9b4af7685cf267f83ff85a5ec3bf63fa/6947939037786921133/native-object.raw
1b1a53fd5541652e99625830d09143642b575cb0576fee2b48accb5923e7fc4d,341,animations/scalar-recovered/full-source/2132654338/CAB-9b4af7685cf267f83ff85a5ec3bf63fa/6947939037786921133/streaming-info.json
87680b7a4d2c744290c1939b6829f3d67035b446572d1a67f3d5920311395598,212820,animations/scalar-recovered/full-source/2132654338/CAB-9b4af7685cf267f83ff85a5ec3bf63fa/8389937142144858319/Avatar_Female_Size02_Remielle_Origin_Default_Ani_Attack_Burst_Ex_Max02_End.json
a5b30542779610a2d21847f330db1bf14a666773045b6e8dd359ee74d26822a8,31862,animations/scalar-recovered/full-source/2132654338/CAB-9b4af7685cf267f83ff85a5ec3bf63fa/8389937142144858319/acl-database-bulk.bin
16f0cde36ec23e27562e3bd020558250398f3e2e1f623ddf3c5701b8b668c503,54784,animations/scalar-recovered/full-source/2132654338/CAB-9b4af7685cf267f83ff85a5ec3bf63fa/8389937142144858319/native-object.raw
dc3533c50ed07ef37bdae44589c8a1ecac6638dfe9315e2145b3f5b3d9273f0c,340,animations/scalar-recovered/full-source/2132654338/CAB-9b4af7685cf267f83ff85a5ec3bf63fa/8389937142144858319/streaming-info.json
816c69679367f8c99906f50ddd269bc1107f9f9137dfaabf261e7ba042f87c65,935351,animations/scalar-recovered/full-source/2132654338/CAB-cbf6cc6406d5e1b3033b8596ae1c33cc/-1418419951338338821/Avatar_Female_Size02_Remielle_Origin_Ani_Attack_ChangeState_02.json
2c2dd3851e14d4dffceeaf4a4baa0dac7949acc972039e3eed3df80378ff1074,142130,animations/scalar-recovered/full-source/2132654338/CAB-cbf6cc6406d5e1b3033b8596ae1c33cc/-1418419951338338821/acl-database-bulk.bin
5fb3657bbeddea38c4e09ab6436d32729e8166e311bf4eb436b066a214f563ba,135484,animations/scalar-recovered/full-source/2132654338/CAB-cbf6cc6406d5e1b3033b8596ae1c33cc/-1418419951338338821/native-object.raw
91fdb42318f84803eb7d8df23c49e1d3a597483c6f7bfe87747a3b847d099a71,341,animations/scalar-recovered/full-source/2132654338/CAB-cbf6cc6406d5e1b3033b8596ae1c33cc/-1418419951338338821/streaming-info.json
917da6a88273362b1c17cd9a5b830739559fd7a0d051043dc02ee7071f196fc4,185253,animations/scalar-recovered/full-source/2132654338/CAB-cbf6cc6406d5e1b3033b8596ae1c33cc/-4370769054611414791/Avatar_Female_Size02_Remielle_Origin_Default_Ani_Attack_ChangeState_02.json
601df6a4b5401dc59e22e17952b619b92d69bb6c2786435337c233cb927e583d,17032,animations/scalar-recovered/full-source/2132654338/CAB-cbf6cc6406d5e1b3033b8596ae1c33cc/-4370769054611414791/acl-database-bulk.bin
a00bf5fd3f42b8127c52e0263f0bf293597d2ddd79906f9d1bde0b6842aefc0d,34508,animations/scalar-recovered/full-source/2132654338/CAB-cbf6cc6406d5e1b3033b8596ae1c33cc/-4370769054611414791/native-object.raw
1a61e5efce303546019ed94fd1dcd639c5f9e5b6429b7c6f7de58f3253258a51,335,animations/scalar-recovered/full-source/2132654338/CAB-cbf6cc6406d5e1b3033b8596ae1c33cc/-4370769054611414791/streaming-info.json
eb55806d862127877bcd5b35ac19b38cfc4ceb0670ae0754014c338fe2521d7d,232102,animations/scalar-recovered/full-source/2132654338/CAB-cca7ec1a1760f2a8d6df50fccf3e7be7/-2362288373351358621/Avatar_Female_Size02_Remielle_Origin_Default_Ani_Walk_Start_End.json
32e83a1e578f64b4606c1f64a2cc8f7af430c3314db769661dfe5208a12ba04c,37595,animations/scalar-recovered/full-source/2132654338/CAB-cca7ec1a1760f2a8d6df50fccf3e7be7/-2362288373351358621/acl-database-bulk.bin
4d54bba1c003fd0d086fb016c727cfbd5c533933927a61a5ed24acc3e9fb4327,68468,animations/scalar-recovered/full-source/2132654338/CAB-cca7ec1a1760f2a8d6df50fccf3e7be7/-2362288373351358621/native-object.raw
98621a22ff3527cd4fac1a10ef844d3700d3dfd2a642969e9e4e839015f10653,340,animations/scalar-recovered/full-source/2132654338/CAB-cca7ec1a1760f2a8d6df50fccf3e7be7/-2362288373351358621/streaming-info.json
f322781a6fcd72b36d0dfd93c884437803cc833085d45ba549d1d47bc32e600b,1100662,animations/scalar-recovered/full-source/2132654338/CAB-cca7ec1a1760f2a8d6df50fccf3e7be7/-7674882666090462320/Avatar_Female_Size02_Remielle_Origin_Ani_Walk_Start_End.json
774e59e6793e888249a830e3a10cfb632a5093d3975d2499f2c017e878713a6c,303398,animations/scalar-recovered/full-source/2132654338/CAB-cca7ec1a1760f2a8d6df50fccf3e7be7/-7674882666090462320/acl-database-bulk.bin
2d18c32a8398dc8fb0bcfa5b76f65cc60aafa46441b2c0206bb391ddf2209f1d,255216,animations/scalar-recovered/full-source/2132654338/CAB-cca7ec1a1760f2a8d6df50fccf3e7be7/-7674882666090462320/native-object.raw
fb337a4ab31ed707ac8f831a694af9e18406b612704364235a3ba3b80433132a,337,animations/scalar-recovered/full-source/2132654338/CAB-cca7ec1a1760f2a8d6df50fccf3e7be7/-7674882666090462320/streaming-info.json
34a005aeb6c4d117a923d2ea7529fabaa0f888cb88b25ba1eec474e204871b13,220365,animations/scalar-recovered/full-source/2132654338/CAB-d79218643cf93cba63ee791475ee3abf/-8643495931116851949/Avatar_Female_Size02_Remielle_Origin_Default_Ani_HitFly_Back.json
6028f36958b3381de62380ebd919d5d1e24d3d00b0ff3a2b4bfb42d32911ebbf,37443,animations/scalar-recovered/full-source/2132654338/CAB-d79218643cf93cba63ee791475ee3abf/-8643495931116851949/acl-database-bulk.bin
42e35f82f15607f14dc965118b28964a6540061a93d1f4ae9f6425d5d6029a7d,60544,animations/scalar-recovered/full-source/2132654338/CAB-d79218643cf93cba63ee791475ee3abf/-8643495931116851949/native-object.raw
61fa4adc91c28825f3b053cff037a852fe9096dabda09049792349808681afa3,335,animations/scalar-recovered/full-source/2132654338/CAB-d79218643cf93cba63ee791475ee3abf/-8643495931116851949/streaming-info.json
b60c5475c9727571832742e3234d884010f7c30fde12ae0cd9bb2f38a69b317f,1061804,animations/scalar-recovered/full-source/2132654338/CAB-d79218643cf93cba63ee791475ee3abf/3607275373443599767/Avatar_Female_Size02_Remielle_Origin_Ani_HitFly_Back.json
67a8f5df28074657cacb2b936604c85f916ed2bda9e8a0ac31f3fa362d931d5b,310140,animations/scalar-recovered/full-source/2132654338/CAB-d79218643cf93cba63ee791475ee3abf/3607275373443599767/acl-database-bulk.bin
2f17863a71e27c113a742139b4a57fcae8bef023a7f87852bb0372cde5dd9e72,229424,animations/scalar-recovered/full-source/2132654338/CAB-d79218643cf93cba63ee791475ee3abf/3607275373443599767/native-object.raw
29001c08ce38fac9c4ced6ca2e2700caa533b2347bd2c32f5198f902887b7746,341,animations/scalar-recovered/full-source/2132654338/CAB-d79218643cf93cba63ee791475ee3abf/3607275373443599767/streaming-info.json
bd11dac41c2ae7c36a3b96a075002fd1507688fbcb421097cc4ef8dfff720d19,112907,animations/scalar-recovered/full-source/2183785604/CAB-0081e50605a79e2da9734d5e61074554/5753086557135762467/Avatar_Female_Size02_Remielle_PasSeul_Ani_Gal_Sad_End.json
1c5b2972f9354bb87f74bc5a518f7bbc57c8e0441b426953356c0784610172c4,8795,animations/scalar-recovered/full-source/2183785604/CAB-0081e50605a79e2da9734d5e61074554/5753086557135762467/acl-database-bulk.bin
f5a0254e7bbf2470cc16cff59951ada44510eefe9291179ae6bfb0625aa48b60,20072,animations/scalar-recovered/full-source/2183785604/CAB-0081e50605a79e2da9734d5e61074554/5753086557135762467/native-object.raw
5494e7d9fe46bc7f56f9fc2d674594c8708ea003172786bda8a3d58edf6e982d,334,animations/scalar-recovered/full-source/2183785604/CAB-0081e50605a79e2da9734d5e61074554/5753086557135762467/streaming-info.json
ce805e983c40304168561351eb3986e3e6c710bf7b7fb3acd07f593c0e125619,116303,animations/scalar-recovered/full-source/2183785604/CAB-00f44328cb87e7c8bced4391b7b79872/-6220004692115046641/Avatar_Female_Size02_Remielle_PasSeul_Ani_Gal_Special_Loop.json
d61c4aa9d3fad71e49d223e98240815eb6175020c0ccd825e77801eccc1efb13,10995,animations/scalar-recovered/full-source/2183785604/CAB-00f44328cb87e7c8bced4391b7b79872/-6220004692115046641/acl-database-bulk.bin
b80caf3fb6c78d885074de8eb0864389e2d5d7e318f2d3cf6b02ad0e3123fc97,22620,animations/scalar-recovered/full-source/2183785604/CAB-00f44328cb87e7c8bced4391b7b79872/-6220004692115046641/native-object.raw
3c8c2820c65d6d45c33e528a0e11832ce3e82fe648ff56ce150603e2082e18be,335,animations/scalar-recovered/full-source/2183785604/CAB-00f44328cb87e7c8bced4391b7b79872/-6220004692115046641/streaming-info.json
f7ffbce6568253ffe105964adaa31b144cee2ddb6757e746f724a469c3f0de9a,118000,animations/scalar-recovered/full-source/2183785604/CAB-0a06d3cee101691cb19f3178cbeaa657/5496730314928920704/Avatar_Female_Size02_Remielle_PasSeul_Ani_UI_Skill_02.json
9b8a46c821bb8ac41080004c453057f2c97ad48300066f3d89caf31eabfe8d31,12497,animations/scalar-recovered/full-source/2183785604/CAB-0a06d3cee101691cb19f3178cbeaa657/5496730314928920704/acl-database-bulk.bin
eec22e38bff56fc1233c995e0f7c8a5dbaecb3fdf2b8ecdc303eb0b3a13854e5,23896,animations/scalar-recovered/full-source/2183785604/CAB-0a06d3cee101691cb19f3178cbeaa657/5496730314928920704/native-object.raw
c9ab72e6e9fdb5fdd3221a90771928ae325a261ec367100c1790e97668508d21,335,animations/scalar-recovered/full-source/2183785604/CAB-0a06d3cee101691cb19f3178cbeaa657/5496730314928920704/streaming-info.json
e878dc57eb0b628c306c20d9860cd5d3c4dfcccf63df885075dbb4e71dfc40d0,1095273,animations/scalar-recovered/full-source/2183785604/CAB-0b5dc51a094df03cf39a5e3f2451de2c/-259409272885186121/Avatar_Female_Size02_Remielle_PasSeul_Ani_MC_Beach_Walk_End_L.json
029a1d8ab2401256d4548ca92e96c4e6aefc84b99bd17c456f8f6d85dbf90449,247344,animations/scalar-recovered/full-source/2183785604/CAB-0b5dc51a094df03cf39a5e3f2451de2c/-259409272885186121/acl-database-bulk.bin
49edeab937cd3b4123800067452bb3dae47ad83a99be522768f7d2d94ecdb7b3,180692,animations/scalar-recovered/full-source/2183785604/CAB-0b5dc51a094df03cf39a5e3f2451de2c/-259409272885186121/native-object.raw
d1366d611af4af3dd27b62a82ae5a0c19faf8fda2e0151e50c621a301b60a516,337,animations/scalar-recovered/full-source/2183785604/CAB-0b5dc51a094df03cf39a5e3f2451de2c/-259409272885186121/streaming-info.json
d64cd923952202a5597a2e00cceeae2a0d0ae62957ab09e8675bd3ab3f342469,114221,animations/scalar-recovered/full-source/2183785604/CAB-1b8aa5b857fc1c823d01e5e2f481b33f/6241273812928348439/Avatar_Female_Size02_Remielle_PasSeul_Ani_Gal_Special_Start.json
c2b48d4e0f1ef73d7030664f5991b9f1f3232fb0767dbf25fcec98e6ee725edf,10318,animations/scalar-recovered/full-source/2183785604/CAB-1b8aa5b857fc1c823d01e5e2f481b33f/6241273812928348439/acl-database-bulk.bin
14b694a145d61a02ad56007d9d48957d9d3f33d8fcae5e684e7e3237547f9d55,21036,animations/scalar-recovered/full-source/2183785604/CAB-1b8aa5b857fc1c823d01e5e2f481b33f/6241273812928348439/native-object.raw
1aa95aff1dccae57c210aa9dd667623c10d1281770d30b2c182762476e40ec5d,335,animations/scalar-recovered/full-source/2183785604/CAB-1b8aa5b857fc1c823d01e5e2f481b33f/6241273812928348439/streaming-info.json
05865576fb5fdcd649c8d841a6738947fcb97b6147184d31182fb1a0ab2b1d95,985749,animations/scalar-recovered/full-source/2183785604/CAB-1bf1c7e6dafde66281b6d4c494f6e6ce/-8341292177973709198/Avatar_Female_Size02_Remielle_PasSeul_Ani_Gal_Think_Start.json
d74e5be5b5f9eb6bccfce608064d2f0e8ad75900a441161e5744137c24c78488,99333,animations/scalar-recovered/full-source/2183785604/CAB-1bf1c7e6dafde66281b6d4c494f6e6ce/-8341292177973709198/acl-database-bulk.bin
26f152e1f24be14211652446f59ce2ae6e1a8e8f46a28986a3406d8328047be8,121120,animations/scalar-recovered/full-source/2183785604/CAB-1bf1c7e6dafde66281b6d4c494f6e6ce/-8341292177973709198/native-object.raw
62f9997fcbfd060414d9aea152db9f896bd699bbd828613197a51417527ebe04,336,animations/scalar-recovered/full-source/2183785604/CAB-1bf1c7e6dafde66281b6d4c494f6e6ce/-8341292177973709198/streaming-info.json
c00dbc7e3f2a7f11275b2c067e926f34c73a146036b700b66228d26e0f051da5,248159,animations/scalar-recovered/full-source/2183785604/CAB-26d5a02903184363cbcc41eb74ba5853/6057668080471592257/Avatar_Female_Size02_Remielle_Ramiel_Ani_Hit_L_Back.json
029ce8edbc551d3c079d9f783010fc10f0001ec98c5032b78d560f20a65f7fae,7152,animations/scalar-recovered/full-source/2183785604/CAB-26d5a02903184363cbcc41eb74ba5853/6057668080471592257/acl-database-bulk.bin
df01fa1842dd4fd3498c53bba710ba6f37dae9a3c067bd5c2ee6ddc31cf9c32a,32136,animations/scalar-recovered/full-source/2183785604/CAB-26d5a02903184363cbcc41eb74ba5853/6057668080471592257/native-object.raw
0002d7f5e343bc3f2eb5eaf0aa6a17566b69bfa5c3053e3e10665b586e803e1a,334,animations/scalar-recovered/full-source/2183785604/CAB-26d5a02903184363cbcc41eb74ba5853/6057668080471592257/streaming-info.json
c7cec2268dccc5e6a2013999756a915093555fda40b338a96c7b05d4a41e3a81,115151,animations/scalar-recovered/full-source/2183785604/CAB-2dca7d9ca85098d09e896d1de322c718/-7598932651543768829/Avatar_Female_Size02_Remielle_PasSeul_Ani_Gal_Surprise_Start.json
b441071046f0e586df5b38974f68a1a2b4a0e14368cfa9439c51929aef97748a,10435,animations/scalar-recovered/full-source/2183785604/CAB-2dca7d9ca85098d09e896d1de322c718/-7598932651543768829/acl-database-bulk.bin
85816d92e0ec0bbdbde10568432c21b441b2dc64a7ddbcee92b4b978c40670ba,21756,animations/scalar-recovered/full-source/2183785604/CAB-2dca7d9ca85098d09e896d1de322c718/-7598932651543768829/native-object.raw
5d8a4658b8e03137b79b71a4573c9908956bc30d4192cdf0a82d754f9ff1cb10,335,animations/scalar-recovered/full-source/2183785604/CAB-2dca7d9ca85098d09e896d1de322c718/-7598932651543768829/streaming-info.json
b73b8e5728eb68844386253951be5b30325d7fc23840f5b595d6789d10778eb6,1227968,animations/scalar-recovered/full-source/2183785604/CAB-2e943818f2dc143bc056a2dd73705886/5072287211732483410/Avatar_Female_Size02_Remielle_PasSeul_Ani_UI_MainPage_01.json
127f49c999fe57bf7192dc6e2b35290eae4e1ba6ba02bcd7a66e00c52e6471af,625229,animations/scalar-recovered/full-source/2183785604/CAB-2e943818f2dc143bc056a2dd73705886/5072287211732483410/acl-database-bulk.bin
a22787f65f4c50a72e318464113fe1a1e151d5041fa6051ab1f0f606431897ec,305160,animations/scalar-recovered/full-source/2183785604/CAB-2e943818f2dc143bc056a2dd73705886/5072287211732483410/native-object.raw
e6140e27f0f2c4e250e24eaae59ab057e487e79401e3b61ad5f1d01d38fc779f,337,animations/scalar-recovered/full-source/2183785604/CAB-2e943818f2dc143bc056a2dd73705886/5072287211732483410/streaming-info.json
343c82089b1002e233fff618cda0555ac68b7747462cdfffa98c28d5e6340d44,118492,animations/scalar-recovered/full-source/2183785604/CAB-358a540d75c0fbe22f8c48cfab7bb7a5/5515688759472793411/Avatar_Female_Size02_Remielle_PasSeul_Ani_Gal_Happy_Loop.json
1c1a0304294f777bde0a24b12b16240654bd6c0763f3b047a747dcd333df35a1,13356,animations/scalar-recovered/full-source/2183785604/CAB-358a540d75c0fbe22f8c48cfab7bb7a5/5515688759472793411/acl-database-bulk.bin
1dc386f09588d403f3da7d29a894a1a3ab49141e231edc6dec29cbd2db6565d4,24280,animations/scalar-recovered/full-source/2183785604/CAB-358a540d75c0fbe22f8c48cfab7bb7a5/5515688759472793411/native-object.raw
040f66e702d1a6cf7725f9a315cc3004c0cc66ee6f2156b2405608e4e1f8ad7f,335,animations/scalar-recovered/full-source/2183785604/CAB-358a540d75c0fbe22f8c48cfab7bb7a5/5515688759472793411/streaming-info.json
091302d800b03f2cbee71579874d1e71bce0e657d8799fccebec5defe03bf715,115593,animations/scalar-recovered/full-source/2183785604/CAB-3f471b94cd34d28989267cc95e6f5153/5409304696682500092/Avatar_Female_Size02_Remielle_PasSeul_Ani_Gal_Angry_Loop.json
8f1be735f1900b50337706fcab109c881d7c989da005fa016b01573d43d63d52,9986,animations/scalar-recovered/full-source/2183785604/CAB-3f471b94cd34d28989267cc95e6f5153/5409304696682500092/acl-database-bulk.bin
13aa175b5539bdcc1efe5529d33c8b5d4a720c20a4a91fcf0b36bda4ce6785cc,22024,animations/scalar-recovered/full-source/2183785604/CAB-3f471b94cd34d28989267cc95e6f5153/5409304696682500092/native-object.raw
02a6f548bb9b18ea7ba404b29e9e56f46b2801824ca6dd115fee5324fcc02e12,334,animations/scalar-recovered/full-source/2183785604/CAB-3f471b94cd34d28989267cc95e6f5153/5409304696682500092/streaming-info.json
d596f769e17916b5690ed79821a8c42e7667327d1aa03e223491f302834704a7,117306,animations/scalar-recovered/full-source/2183785604/CAB-3f494418752d2a601ad9bcd0655dd693/-2752172452494131541/Avatar_Female_Size02_Remielle_PasSeul_Ani_UI_EtoS2.json
5dee0ae40f5ee293e454673845bae8c4e1ad0ebdedbd0728f1768afbf588d76f,12285,animations/scalar-recovered/full-source/2183785604/CAB-3f494418752d2a601ad9bcd0655dd693/-2752172452494131541/acl-database-bulk.bin
3a90cf35cbd20658d418ef5cd2c6767bd66e3dd0956a3abc6c3f6cde364d817d,23348,animations/scalar-recovered/full-source/2183785604/CAB-3f494418752d2a601ad9bcd0655dd693/-2752172452494131541/native-object.raw
71bcd7a792532ba2c905128d444281b4c22cca107206688826f510b7edbf23e1,335,animations/scalar-recovered/full-source/2183785604/CAB-3f494418752d2a601ad9bcd0655dd693/-2752172452494131541/streaming-info.json
4cdff5c96d0298a36cced72b59306e9c3ceaf58ff32b6cf7eee742c0f9f10b19,119591,animations/scalar-recovered/full-source/2183785604/CAB-43d84f052cdab39a53dc47804a840fbb/7669795211835659818/Avatar_Female_Size02_Remielle_PasSeul_Ani_UI_EtoD.json
25d95516aafcecf0650caa82110f39864f4253aecb8ff3fcaf51ab128b279d61,15220,animations/scalar-recovered/full-source/2183785604/CAB-43d84f052cdab39a53dc47804a840fbb/7669795211835659818/acl-database-bulk.bin
7f34a0e6b56f81786fc857bf8a9a0f3cdaf4e137f5c8c44a2e7e77683931d846,25140,animations/scalar-recovered/full-source/2183785604/CAB-43d84f052cdab39a53dc47804a840fbb/7669795211835659818/native-object.raw
456ed1b6520f1f9bb5ab082f9a4c340682d8371f496b7024d59e318bbc882ffd,335,animations/scalar-recovered/full-source/2183785604/CAB-43d84f052cdab39a53dc47804a840fbb/7669795211835659818/streaming-info.json
19448a994c30003b5e311f3f0cc2003c96094194bfeb35ea1198b218d5cb8141,118487,animations/scalar-recovered/full-source/2183785604/CAB-595d9d336fae704854ddf934daa1524f/6112627569387406495/Avatar_Female_Size02_Remielle_PasSeul_Ani_UI_Skill_01.json
9ca2c9281465fb55e414396b55d3ca41f7ce2bae532d2e5600e496ebea790597,14281,animations/scalar-recovered/full-source/2183785604/CAB-595d9d336fae704854ddf934daa1524f/6112627569387406495/acl-database-bulk.bin
1d1ff187622c89f919a2843a561ed45ab098960052029a4ba1dc868610734647,24264,animations/scalar-recovered/full-source/2183785604/CAB-595d9d336fae704854ddf934daa1524f/6112627569387406495/native-object.raw
2a7cfbd9c93c2c8ca9d9678a093e38f7f3558f3cad11998804a085d75d99ec2b,335,animations/scalar-recovered/full-source/2183785604/CAB-595d9d336fae704854ddf934daa1524f/6112627569387406495/streaming-info.json
29e2f477a3800dba66075ea80d2d2b7388d56b07d42b6efb73df96c3daa21663,117341,animations/scalar-recovered/full-source/2183785604/CAB-5bdef30a9e6217f576a41c6f379eaa9f/-5819553117001485341/Avatar_Female_Size02_Remielle_PasSeul_Ani_UI_S2toE.json
63ecec163398a8198880ca97d435245e6fd93f0ccc4596a3f29d125fa5945633,13021,animations/scalar-recovered/full-source/2183785604/CAB-5bdef30a9e6217f576a41c6f379eaa9f/-5819553117001485341/acl-database-bulk.bin
ddc4ff36da670b847dde047f62ca7a50e30fc1365fa40a0de7e163026db6437f,23396,animations/scalar-recovered/full-source/2183785604/CAB-5bdef30a9e6217f576a41c6f379eaa9f/-5819553117001485341/native-object.raw
eec23fb1d7cad733778c40627125ae7e88335d6c7c209726c687cec6ae421cb8,335,animations/scalar-recovered/full-source/2183785604/CAB-5bdef30a9e6217f576a41c6f379eaa9f/-5819553117001485341/streaming-info.json
33dba2ee7243de01337e37a324d43017ff42a14f65a9fa442c928a523483b311,989726,animations/scalar-recovered/full-source/2183785604/CAB-6ce8f865ec68024843efa2e344a08a69/-2893357577079155099/Avatar_Female_Size02_Remielle_PasSeul_Ani_Gal_Think_Loop.json
ce35ae7201d2adc45f83ad09a614d0385cdecefe613765d7648b1bb712e3014d,103044,animations/scalar-recovered/full-source/2183785604/CAB-6ce8f865ec68024843efa2e344a08a69/-2893357577079155099/acl-database-bulk.bin
7addabe8108999bafdb0be562f600d124da28f93775c4e411db0121248b49e0c,124172,animations/scalar-recovered/full-source/2183785604/CAB-6ce8f865ec68024843efa2e344a08a69/-2893357577079155099/native-object.raw
0b76f326358c6fb7d271c4b6e7d93284ee84e5adec2dd53ed1397a68b6164398,337,animations/scalar-recovered/full-source/2183785604/CAB-6ce8f865ec68024843efa2e344a08a69/-2893357577079155099/streaming-info.json
6a2c83529f2e24f154683592504ce03e1a3ebd8ec945b0eb2b1c3f1c1561daee,128037,animations/scalar-recovered/full-source/2183785604/CAB-6d0fbce54e4dc57ca69f5b2cc5f95e99/3984165087841632480/Avatar_Female_Size02_Remielle_PasSeul_Ani_UI_CharSel_Start.json
c1920e9c2661c1769f46a0f6dd90a42bc9fb63128e6422b6dd06ea34708b953f,21385,animations/scalar-recovered/full-source/2183785604/CAB-6d0fbce54e4dc57ca69f5b2cc5f95e99/3984165087841632480/acl-database-bulk.bin
013d9d45b94210ccaeae12185eb7adec051b7ef834b719ef99b7e2b12f6fd9f7,31420,animations/scalar-recovered/full-source/2183785604/CAB-6d0fbce54e4dc57ca69f5b2cc5f95e99/3984165087841632480/native-object.raw
f92ee50b4a8b5be99fe85ebebeed9c952fcabd1d9d5849f07fc78a93ba57282e,335,animations/scalar-recovered/full-source/2183785604/CAB-6d0fbce54e4dc57ca69f5b2cc5f95e99/3984165087841632480/streaming-info.json
a33c05acd92f86cce09a321dbb1110bd43ae5792bacf1e5e403ead52e9e93e5b,118180,animations/scalar-recovered/full-source/2183785604/CAB-72f8c7f9827fcfe0173693c8bdb902a7/-457393528185390061/Avatar_Female_Size02_Remielle_PasSeul_Ani_UI_DtoS1.json
4041ccdfbccbbb2596e1cc961274b06673ea198afa2a9b5a39fc6d4b4ce38f62,13827,animations/scalar-recovered/full-source/2183785604/CAB-72f8c7f9827fcfe0173693c8bdb902a7/-457393528185390061/acl-database-bulk.bin
7fc9bacf57663a826d2fb9237e69940872acf64f49389431f852f8504920bdc1,24004,animations/scalar-recovered/full-source/2183785604/CAB-72f8c7f9827fcfe0173693c8bdb902a7/-457393528185390061/native-object.raw
ecc6b40e6b260168fbfc0ed6f3eb02129d88e779bc2b21e2c307ee27cc291ff0,335,animations/scalar-recovered/full-source/2183785604/CAB-72f8c7f9827fcfe0173693c8bdb902a7/-457393528185390061/streaming-info.json
9f1a071cde89ff0a58db2e57adb838e090f38a65f3a35e44ce282064cad9b66b,114708,animations/scalar-recovered/full-source/2183785604/CAB-77c00d7f0c032a453bd3e434ab289511/39029034316122007/Avatar_Female_Size02_Remielle_PasSeul_Ani_Gal_Angry_End.json
791341fbc2798deea6deb6cd5dd0060bf44151e203acd8ef63bc3853d0c79873,10067,animations/scalar-recovered/full-source/2183785604/CAB-77c00d7f0c032a453bd3e434ab289511/39029034316122007/acl-database-bulk.bin
aeb100b33c03406ded9dfc0355be2de8cc7f1a5aa314402ad97698818ac0256f,21464,animations/scalar-recovered/full-source/2183785604/CAB-77c00d7f0c032a453bd3e434ab289511/39029034316122007/native-object.raw
15d77c4298f775bf62b5b05b5bec36b5027342716c8002491f56900ee2d06f9e,335,animations/scalar-recovered/full-source/2183785604/CAB-77c00d7f0c032a453bd3e434ab289511/39029034316122007/streaming-info.json
39f712ad6e6542afee2504374426b86f6a6114ef4fc83db4c7b3cbe83f957cc1,113874,animations/scalar-recovered/full-source/2183785604/CAB-7e1ca352d334bdb66920d5507c2271b0/2427008954198029178/Avatar_Female_Size02_Remielle_PasSeul_Ani_Gal_Surprise_End.json
7d5345a980d0d4706df444af11f2d131d8c18317350043f2d2c25dff1d190d21,9489,animations/scalar-recovered/full-source/2183785604/CAB-7e1ca352d334bdb66920d5507c2271b0/2427008954198029178/acl-database-bulk.bin
e751732cd9677c359dc62ffee8d5d085865fc3803a1fd9389d2ec49da8ff6a42,20780,animations/scalar-recovered/full-source/2183785604/CAB-7e1ca352d334bdb66920d5507c2271b0/2427008954198029178/native-object.raw
82b7ff05a62bd47ba18193903b1916106c72c813ab352ff12467a0afe8e762e8,334,animations/scalar-recovered/full-source/2183785604/CAB-7e1ca352d334bdb66920d5507c2271b0/2427008954198029178/streaming-info.json
cbdf5be9df4b520850a58b2c1377aa46d363eaab5d63e4172cf16cee156e92a4,116788,animations/scalar-recovered/full-source/2183785604/CAB-7f1b7b904692de4525488c7d02f4aa4a/7482761893202181617/Avatar_Female_Size02_Remielle_PasSeul_Ani_Gal_Idle.json
8f5f066f2b2055128548e69b3eb8f80d5873894b26e421475f1877386fdce259,11699,animations/scalar-recovered/full-source/2183785604/CAB-7f1b7b904692de4525488c7d02f4aa4a/7482761893202181617/acl-database-bulk.bin
235bc72cef62d8b5872162a0257238f04a48d99915779be14482f5c4f89a7354,23012,animations/scalar-recovered/full-source/2183785604/CAB-7f1b7b904692de4525488c7d02f4aa4a/7482761893202181617/native-object.raw
7a47034f742f040b71e9c9231c67c3cde42f1e50d4bccaba7b777377ef749255,335,animations/scalar-recovered/full-source/2183785604/CAB-7f1b7b904692de4525488c7d02f4aa4a/7482761893202181617/streaming-info.json
dd317b50ca3c71559e979afd521b896df43aab8c9f03ee67a17a87907ea6afe0,117855,animations/scalar-recovered/full-source/2183785604/CAB-8146c8dd5a4a7d5f8cdb69ed9a1135cc/-5193148883567859068/Avatar_Female_Size02_Remielle_PasSeul_Ani_UI_DtoE.json
263674153dcf85d46cfc13abe90777a24f4377bd19eb9cc2cac85cea5b464c98,12452,animations/scalar-recovered/full-source/2183785604/CAB-8146c8dd5a4a7d5f8cdb69ed9a1135cc/-5193148883567859068/acl-database-bulk.bin
11903ac73dc35933571d5caf03cf00da0814fcd6909e83cc9f6db4f89cfd32f4,23780,animations/scalar-recovered/full-source/2183785604/CAB-8146c8dd5a4a7d5f8cdb69ed9a1135cc/-5193148883567859068/native-object.raw
ff9a28e65c0a4c80cf12ac288b206d5e4ac6dbcd66b1062a5e4eb03d40fe0279,335,animations/scalar-recovered/full-source/2183785604/CAB-8146c8dd5a4a7d5f8cdb69ed9a1135cc/-5193148883567859068/streaming-info.json
49cdaa04c032d6e9202aec8fa4b60195a7ada77806eff5eb3130980aeda58efc,119536,animations/scalar-recovered/full-source/2183785604/CAB-92ab1ae1ca44a05905734c0daa6fea22/-684304616127437470/Avatar_Female_Size02_Remielle_PasSeul_Ani_UI_Detail.json
dc02a09aee31823fd2cb1cc2cb3cd2b794d060dc2db6e470beda0992c6d0b80e,14374,animations/scalar-recovered/full-source/2183785604/CAB-92ab1ae1ca44a05905734c0daa6fea22/-684304616127437470/acl-database-bulk.bin
b7a1e7fa39598012ada47f8585a7d52a3ed0e0822ddbc2ecbe8be916e19dd682,25060,animations/scalar-recovered/full-source/2183785604/CAB-92ab1ae1ca44a05905734c0daa6fea22/-684304616127437470/native-object.raw
621ab79cb382fe1491257bbbaf17317de2cd99ff85eb87ef02aa4153ae3a25b0,335,animations/scalar-recovered/full-source/2183785604/CAB-92ab1ae1ca44a05905734c0daa6fea22/-684304616127437470/streaming-info.json
ecf59b88a6942c9e7e525fd0d0262a507a64d57751b64945d4898ebc6a199390,115642,animations/scalar-recovered/full-source/2183785604/CAB-99813c44a68531f239e4a21a8713528b/-8128278303651048468/Avatar_Female_Size02_Remielle_PasSeul_Ani_Gal_Sad_Loop.json
9ae5a67f12c1f1c9af17287608c8d4f2018bd3d688dc957952c86059595aec6b,10306,animations/scalar-recovered/full-source/2183785604/CAB-99813c44a68531f239e4a21a8713528b/-8128278303651048468/acl-database-bulk.bin
19a732f80a1b82cda5e1ceb88b87fb726070bc3f001084dffd9a13eac9daa477,22072,animations/scalar-recovered/full-source/2183785604/CAB-99813c44a68531f239e4a21a8713528b/-8128278303651048468/native-object.raw
ed3ad81ad11703d3b4eb219fe7747e490aa1fea77b85f9d6895024d980485a00,335,animations/scalar-recovered/full-source/2183785604/CAB-99813c44a68531f239e4a21a8713528b/-8128278303651048468/streaming-info.json
fb2bf904789493198acde2ed096ca1a94780bc8fd25179f66b12d8bf11d59d31,115675,animations/scalar-recovered/full-source/2183785604/CAB-a8a7115ce6b2b71f2d378c7009a9ecd8/717107884146638124/Avatar_Female_Size02_Remielle_PasSeul_Ani_Gal_Happy_Start.json
0f75f4359e19f3a298e2e575b136e5b74869d997a2b2c32817bd8cbc6e2f26ff,11376,animations/scalar-recovered/full-source/2183785604/CAB-a8a7115ce6b2b71f2d378c7009a9ecd8/717107884146638124/acl-database-bulk.bin
e667204e595848a681bb2acac06bb3af965e8d8b1ea326130b7732d8a25945c9,22156,animations/scalar-recovered/full-source/2183785604/CAB-a8a7115ce6b2b71f2d378c7009a9ecd8/717107884146638124/native-object.raw
5d8b737d556660e59ae699f58762bbfdd599400a9e024da175132e01ec32f87e,335,animations/scalar-recovered/full-source/2183785604/CAB-a8a7115ce6b2b71f2d378c7009a9ecd8/717107884146638124/streaming-info.json
83dbf20b3edacbf94724ee2d7c2566fcc8d3bbc68b109304553a003600770bb6,114320,animations/scalar-recovered/full-source/2183785604/CAB-b5243a409964c7da8c5cd9d4085df5a0/6747279293376576527/Avatar_Female_Size02_Remielle_PasSeul_Ani_Gal_Shy_End.json
cbc30b7d4081440b84497e5ff5113f15155686f4ac2d93a6bb8f5399bc8bc637,10230,animations/scalar-recovered/full-source/2183785604/CAB-b5243a409964c7da8c5cd9d4085df5a0/6747279293376576527/acl-database-bulk.bin
31442907bc47f0866b268e23bd720e174f0312f3691d4568d81ed714902606ad,21176,animations/scalar-recovered/full-source/2183785604/CAB-b5243a409964c7da8c5cd9d4085df5a0/6747279293376576527/native-object.raw
22b877540e6530d4f195d5b29c1f51091f7ebe9eb54d17acfbe575aa31e66c73,335,animations/scalar-recovered/full-source/2183785604/CAB-b5243a409964c7da8c5cd9d4085df5a0/6747279293376576527/streaming-info.json
1d1753831daf764077819a36eef2b3e6074613cb7cc4cffc442b83442988b198,114589,animations/scalar-recovered/full-source/2183785604/CAB-b81a3c105ad76542d1fed3d7b0090d88/-4572345262567029485/Avatar_Female_Size02_Remielle_PasSeul_Ani_Gal_Special_End.json
134d2935acf077acdad6a8edf563cd128e4d9b531416a50328d0fea8defce741,10505,animations/scalar-recovered/full-source/2183785604/CAB-b81a3c105ad76542d1fed3d7b0090d88/-4572345262567029485/acl-database-bulk.bin
e65561ecd8cc81d1a51d0596f8c45c2c1875b4a7e1a85474470c0a9a7d4d445b,21324,animations/scalar-recovered/full-source/2183785604/CAB-b81a3c105ad76542d1fed3d7b0090d88/-4572345262567029485/native-object.raw
9edcfcac7c5b9ea7a8158a2cf10dcc637fecba10d54b19579200ecef3712325b,335,animations/scalar-recovered/full-source/2183785604/CAB-b81a3c105ad76542d1fed3d7b0090d88/-4572345262567029485/streaming-info.json
65e36fee4b6b652159435446215a10a14c0fd6363c39c1c6f6010800cd5e6020,118409,animations/scalar-recovered/full-source/2183785604/CAB-c28086548a5f518af0c4280fe1374c07/-7194581708403485996/Avatar_Female_Size02_Remielle_PasSeul_Ani_Gal_Shy_Loop.json
4dc545a5727d0595ccea64a7d3496741bed07541ac32a2b8b998ba77f6488aef,12889,animations/scalar-recovered/full-source/2183785604/CAB-c28086548a5f518af0c4280fe1374c07/-7194581708403485996/acl-database-bulk.bin
9fc43a651ea67f9551ee059f3d1708816d48fa591140d6ed08e6af8566fbb5f8,24184,animations/scalar-recovered/full-source/2183785604/CAB-c28086548a5f518af0c4280fe1374c07/-7194581708403485996/native-object.raw
45417fcb24ed514204a0539c3aa5dd772fd0934e11bf7712ebc9977312694557,335,animations/scalar-recovered/full-source/2183785604/CAB-c28086548a5f518af0c4280fe1374c07/-7194581708403485996/streaming-info.json
4b201dacc900b56ca6fd128176125c14afdec1b8ec8a537788f19ecd9f19d21e,120943,animations/scalar-recovered/full-source/2183785604/CAB-c3b92ac7b9cd05bd4c225912ca8073d4/-6375596261657386419/Avatar_Female_Size02_Remielle_PasSeul_Ani_UI_S2toD.json
0e49050897cc9e7168cb3d355e43adb3d7a5d8387dc85336088be414ac9b2a53,15337,animations/scalar-recovered/full-source/2183785604/CAB-c3b92ac7b9cd05bd4c225912ca8073d4/-6375596261657386419/acl-database-bulk.bin
3d7b243e9dbd50dad3aaf05d077675bc6d203daefc682fd59da4ca0fb5543748,26116,animations/scalar-recovered/full-source/2183785604/CAB-c3b92ac7b9cd05bd4c225912ca8073d4/-6375596261657386419/native-object.raw
e30f8b6c0a6bf8bfeafc4b613be022f25daaa9631cbc3ae3271cbedc57612fa1,335,animations/scalar-recovered/full-source/2183785604/CAB-c3b92ac7b9cd05bd4c225912ca8073d4/-6375596261657386419/streaming-info.json
2d822c45e23e79c9c297f32dccdae5d7dee23273d12ca608db670e5048d19690,118587,animations/scalar-recovered/full-source/2183785604/CAB-c8218c5371a35df56bd6977dac6ed3d5/4698564209988532943/Avatar_Female_Size02_Remielle_PasSeul_Ani_UI_Equipment.json
0648d1de44a150b5d16941ac810f5f0214c2ec32fa58cd25b50ff13613bb1029,14153,animations/scalar-recovered/full-source/2183785604/CAB-c8218c5371a35df56bd6977dac6ed3d5/4698564209988532943/acl-database-bulk.bin
b798a316c205b9261675875959ed18aa54cc2f062ea92beb3c0a5d753d5e34e6,24360,animations/scalar-recovered/full-source/2183785604/CAB-c8218c5371a35df56bd6977dac6ed3d5/4698564209988532943/native-object.raw
270059bf6fa7c4c74420afcc5885a93a1da2167e8916aa58309a19e1acf346dd,335,animations/scalar-recovered/full-source/2183785604/CAB-c8218c5371a35df56bd6977dac6ed3d5/4698564209988532943/streaming-info.json
303ec7e6acee3dc1c8ac41161f136e573f75850783a6640f95d3cf24b88304a0,114688,animations/scalar-recovered/full-source/2183785604/CAB-cca7f537795f6ce0fd324a8527293a3c/-7658537311699284674/Avatar_Female_Size02_Remielle_PasSeul_Ani_Gal_Happy_End.json
1dc481cc5b1db47c5cad24d0e326183eabefe40cdfeb9e69effda7765702999a,10144,animations/scalar-recovered/full-source/2183785604/CAB-cca7f537795f6ce0fd324a8527293a3c/-7658537311699284674/acl-database-bulk.bin
0f329ae76356b14861e6404545fd8fe240d1920d5e418b0c4f877214e6a54c4f,21432,animations/scalar-recovered/full-source/2183785604/CAB-cca7f537795f6ce0fd324a8527293a3c/-7658537311699284674/native-object.raw
f581b043bc46dd15627d3b1d0d07ea9e1d7fa35945772fd317c1ff6b3f57befd,335,animations/scalar-recovered/full-source/2183785604/CAB-cca7f537795f6ce0fd324a8527293a3c/-7658537311699284674/streaming-info.json
090e0f568a9e82938bb7148bda47c57fa5d6a50ddcace20687ef44a848cdad6a,114983,animations/scalar-recovered/full-source/2183785604/CAB-d964c5e1b71191ffd332c5d653f5a133/9004474526922390168/Avatar_Female_Size02_Remielle_PasSeul_Ani_Gal_Angry_Start.json
c881e57a3588d7e977c2da7741fd606c6a7616c6d8092af78b593f3b47a47567,9381,animations/scalar-recovered/full-source/2183785604/CAB-d964c5e1b71191ffd332c5d653f5a133/9004474526922390168/acl-database-bulk.bin
929fd74a1a748bc7f39d75ad775305c0f86a2e8d6b140d2937ade8e8a772ec6e,21596,animations/scalar-recovered/full-source/2183785604/CAB-d964c5e1b71191ffd332c5d653f5a133/9004474526922390168/native-object.raw
4625daa4b295d5e00aa53daa00c177ab8815d78f004703883522f9f9f07c2bb1,334,animations/scalar-recovered/full-source/2183785604/CAB-d964c5e1b71191ffd332c5d653f5a133/9004474526922390168/streaming-info.json
420d47a365f78a137a4b9850c343e9b5d5f41607eff34ea89f64f848a570e078,115520,animations/scalar-recovered/full-source/2183785604/CAB-db38d303b997e6d0989d5379d843a13d/7842900288419341445/Avatar_Female_Size02_Remielle_PasSeul_Ani_Gal_Shy_Start.json
4efe869a3f4f55f2d8ce05b550c2237e1f638e0b9d962da47904d8a0b0d9f58f,11469,animations/scalar-recovered/full-source/2183785604/CAB-db38d303b997e6d0989d5379d843a13d/7842900288419341445/acl-database-bulk.bin
86668d9d08ba13ac43285a64d98865d45df705d17f5e48b6e40aa32b81455d80,22024,animations/scalar-recovered/full-source/2183785604/CAB-db38d303b997e6d0989d5379d843a13d/7842900288419341445/native-object.raw
2fd06e98960176b2699760a5d5e54395ed9c1379f38d08e2d79ac16d1625c7b8,335,animations/scalar-recovered/full-source/2183785604/CAB-db38d303b997e6d0989d5379d843a13d/7842900288419341445/streaming-info.json
b944d54dff8c68e54503fdd96eb0021a063ba67e528087ecbe8351a9b80703bc,118358,animations/scalar-recovered/full-source/2183785604/CAB-e205a31d6d691b9a5d8cf43084c05be3/-857057485727856337/Avatar_Female_Size02_Remielle_PasSeul_Ani_UI_S1toE.json
a9ce8c197790985d79b8e7fd1a9bb092994b86cf318613e92864831fc70a9e6b,13546,animations/scalar-recovered/full-source/2183785604/CAB-e205a31d6d691b9a5d8cf43084c05be3/-857057485727856337/acl-database-bulk.bin
a0dc1b1e55b5c162220e6ae535c1ee8f50d888a16aa9a37d1b0835ddec20231d,24116,animations/scalar-recovered/full-source/2183785604/CAB-e205a31d6d691b9a5d8cf43084c05be3/-857057485727856337/native-object.raw
474526bc0ad0cfac729318c40ce57cba62d9d7dd724316754cec4ebed0afe389,335,animations/scalar-recovered/full-source/2183785604/CAB-e205a31d6d691b9a5d8cf43084c05be3/-857057485727856337/streaming-info.json
a096296426cda9e14d63d8b33f059fee622dff0ebbcdf26df68a9db90dc98fd0,117490,animations/scalar-recovered/full-source/2183785604/CAB-e6661bbfdd84567668a24aad186f2f95/1234831158966106872/Avatar_Female_Size02_Remielle_PasSeul_Ani_Gal_Surprise_Loop.json
7915a57d58fd03979ec4cf3ca8a569e4a2bbbdd46c7d6dce84c28bd7e5f90f0e,12776,animations/scalar-recovered/full-source/2183785604/CAB-e6661bbfdd84567668a24aad186f2f95/1234831158966106872/acl-database-bulk.bin
a618c07f49d342936fdf232a0a12bf5c858945fd9f2ff7f84e88896fcd0acdb9,23500,animations/scalar-recovered/full-source/2183785604/CAB-e6661bbfdd84567668a24aad186f2f95/1234831158966106872/native-object.raw
6a4d6f16f4f506dc81b58b4142ff16e4b7955313d130cf23bbee5883507b535d,335,animations/scalar-recovered/full-source/2183785604/CAB-e6661bbfdd84567668a24aad186f2f95/1234831158966106872/streaming-info.json
d6de4da5a7d6ba0ead453601f2f6e05ed28d702be9743eee0a522feaef65faba,120227,animations/scalar-recovered/full-source/2183785604/CAB-e6ebe6ef09135bf09a57ce5acbc8c331/2394242469252247205/Avatar_Female_Size02_Remielle_PasSeul_Ani_UI_S1toD.json
0641ffde857d78d599de6f1e58ea71b729547950ce31c6803ff768fa2a0808d6,15782,animations/scalar-recovered/full-source/2183785604/CAB-e6ebe6ef09135bf09a57ce5acbc8c331/2394242469252247205/acl-database-bulk.bin
4d572d48c7f75db67eb92ad400bdf1d2194f4c89549feaf8f30e3ca3d768ec96,25572,animations/scalar-recovered/full-source/2183785604/CAB-e6ebe6ef09135bf09a57ce5acbc8c331/2394242469252247205/native-object.raw
f6d794e1d38fd81dc7a4b21e5663e000703a88f7580eebb0128d1a12b622886f,335,animations/scalar-recovered/full-source/2183785604/CAB-e6ebe6ef09135bf09a57ce5acbc8c331/2394242469252247205/streaming-info.json
eaef7e049855be07cab247ac1ee3f4f4266c7e6d4eebf59b1ce62aed6e2249a2,113040,animations/scalar-recovered/full-source/2183785604/CAB-e868f0703965c93957c510d43da868e1/6774797326677123329/Avatar_Female_Size02_Remielle_PasSeul_Ani_Gal_Sad_Start.json
4d2fb8ef4aaa5628bf18402802676f2417fde78b6a99da42e91d2404eee679eb,8619,animations/scalar-recovered/full-source/2183785604/CAB-e868f0703965c93957c510d43da868e1/6774797326677123329/acl-database-bulk.bin
7796b968e8dd6ec758c8818d254025482d5cee2caddb127b5ce500e0d890ade3,20184,animations/scalar-recovered/full-source/2183785604/CAB-e868f0703965c93957c510d43da868e1/6774797326677123329/native-object.raw
cb6c05b295339d5fc07c46abfab6e57569a670ea288e6d7ea1624fae616969de,334,animations/scalar-recovered/full-source/2183785604/CAB-e868f0703965c93957c510d43da868e1/6774797326677123329/streaming-info.json
7e10cf43406fcfbdd55bac1d6523abaa5f7bd2502d25e9d6eb0e349520d58380,116776,animations/scalar-recovered/full-source/2183785604/CAB-faa24614903bcfc08a87fa83e909652f/6894555916552605433/Avatar_Female_Size02_Remielle_PasSeul_Ani_UI_CharSel_Loop.json
1b0e6cddd1d4b9a7261184c49c9b7cfcfc68ca168eef9ebbbb180df0d54742c0,12033,animations/scalar-recovered/full-source/2183785604/CAB-faa24614903bcfc08a87fa83e909652f/6894555916552605433/acl-database-bulk.bin
e28ed90a9abf4f85ee239ce01ceaf2de917d86d45465a8edf911d88c0dee72d9,22972,animations/scalar-recovered/full-source/2183785604/CAB-faa24614903bcfc08a87fa83e909652f/6894555916552605433/native-object.raw
45eca8918340c99c6c2293a43d00a454ac9beff78619eca70efee936be8af756,335,animations/scalar-recovered/full-source/2183785604/CAB-faa24614903bcfc08a87fa83e909652f/6894555916552605433/streaming-info.json
9d9ecc60da0b29377c091df119abf919d129914d08f7643bd366add615a5414f,986465,animations/scalar-recovered/full-source/2183785604/CAB-ff06538f2cf37b3828c67f756843f5b6/-1511587253743835861/Avatar_Female_Size02_Remielle_PasSeul_Ani_Gal_Think_End.json
c706e7a8b2e32de1f5069fd41eb893a7f1bac6acb52082ac56c9ba3123e0fa20,104086,animations/scalar-recovered/full-source/2183785604/CAB-ff06538f2cf37b3828c67f756843f5b6/-1511587253743835861/acl-database-bulk.bin
ccd95590632769aad9e35a5c1bc2cfa9b8fe4c2977192cf3db996db12eee7b87,121516,animations/scalar-recovered/full-source/2183785604/CAB-ff06538f2cf37b3828c67f756843f5b6/-1511587253743835861/native-object.raw
4bfed25c63dceef808440a6308f1f321816df3bb5c21ee6fb6a44353a4caee66,337,animations/scalar-recovered/full-source/2183785604/CAB-ff06538f2cf37b3828c67f756843f5b6/-1511587253743835861/streaming-info.json
5c1fd894d79680c01b5563ec77b61e1cb13ebd37ade3a445df5a48def3f50bbf,1004816,animations/scalar-recovered/full-source/2195884044/CAB-1901aad6f689eed7044c69b77ff05e73/2272509558430219576/Avatar_Female_Size02_Remielle_Origin_Ani_Hit_L_Back.json
86ac3bfdc41b38959fe1f6472ada0ceb1373faee9780eaca0e3e6e66a825c316,192638,animations/scalar-recovered/full-source/2195884044/CAB-1901aad6f689eed7044c69b77ff05e73/2272509558430219576/acl-database-bulk.bin
8e20f23a75198e3ed80d7744f680ee31955166caeef4dd3e8596279f0ac882f4,184316,animations/scalar-recovered/full-source/2195884044/CAB-1901aad6f689eed7044c69b77ff05e73/2272509558430219576/native-object.raw
360736d3669d34a810d6198bcb7fe953990ea06bb0685456c0685bec14005d42,337,animations/scalar-recovered/full-source/2195884044/CAB-1901aad6f689eed7044c69b77ff05e73/2272509558430219576/streaming-info.json
7cc829b674e8ad6c933e07bc68c7467bb236f5fbe409027809ff2c348477c98f,199266,animations/scalar-recovered/full-source/2195884044/CAB-1901aad6f689eed7044c69b77ff05e73/2707735251575366205/Avatar_Female_Size02_Remielle_Origin_Default_Ani_Hit_L_Back.json
0fe6c01f15f9aec2055681d6b638656e08a9a0be81188d8ea2869279177201bb,24929,animations/scalar-recovered/full-source/2195884044/CAB-1901aad6f689eed7044c69b77ff05e73/2707735251575366205/acl-database-bulk.bin
8b17f620252cd22e827cfec251084388d4282606092148b632070900c25fd2c4,44816,animations/scalar-recovered/full-source/2195884044/CAB-1901aad6f689eed7044c69b77ff05e73/2707735251575366205/native-object.raw
a8f3ce4796f60d337ad9a9f3de9fd3979b3a77ac891ad5ae91fec301e296953a,340,animations/scalar-recovered/full-source/2195884044/CAB-1901aad6f689eed7044c69b77ff05e73/2707735251575366205/streaming-info.json
a13c6a1335267d984391f0b02e6a2eef7a9de269d4abd5a692b2a0ffba590ca7,192942,animations/scalar-recovered/full-source/2195884044/CAB-229aeeb264be1fa68db9456ba381a48a/-7143672486435236734/Avatar_Female_Size02_Remielle_Origin_Default_Ani_Attack_Burst_Ex_01_End.json
8012369ecc8931d6c7df4dd24c6df2299a07dfdaaa1ac041b39b759f35aa805b,24772,animations/scalar-recovered/full-source/2195884044/CAB-229aeeb264be1fa68db9456ba381a48a/-7143672486435236734/acl-database-bulk.bin
8038a0e7fa277dc006c72696347e6ae0e4669ea8bf9c628baa6112a1e2e1c1e6,40188,animations/scalar-recovered/full-source/2195884044/CAB-229aeeb264be1fa68db9456ba381a48a/-7143672486435236734/native-object.raw
7d90b6b7eae9336d59aa50ad3c9378366f81a2028e43d30329be8a57dec6a7cb,335,animations/scalar-recovered/full-source/2195884044/CAB-229aeeb264be1fa68db9456ba381a48a/-7143672486435236734/streaming-info.json
2f1fd712d9b0fbf27945c70de261c6c50a123fa90af0c09933076fda4624865c,980635,animations/scalar-recovered/full-source/2195884044/CAB-229aeeb264be1fa68db9456ba381a48a/1453475456654051085/Avatar_Female_Size02_Remielle_Origin_Ani_Attack_Burst_Ex_01.json
ab5e6d2c294ad1c3cb76fb0f00df87954d78fc8abd7d3c9e7390380398c9e772,269266,animations/scalar-recovered/full-source/2195884044/CAB-229aeeb264be1fa68db9456ba381a48a/1453475456654051085/acl-database-bulk.bin
ecb030a822bd97d7e378d19f299edefce50674a4377a0e97a8bf422b358ad569,170520,animations/scalar-recovered/full-source/2195884044/CAB-229aeeb264be1fa68db9456ba381a48a/1453475456654051085/native-object.raw
0893ffc94f9e75ddba8a816a0731f5363be1a972aae045861ef6ad142e77fd16,341,animations/scalar-recovered/full-source/2195884044/CAB-229aeeb264be1fa68db9456ba381a48a/1453475456654051085/streaming-info.json
2ca7cae2994823ad83a7bf61d28e8edf4be6181ba669bbef8b9d8445e7835e4a,957065,animations/scalar-recovered/full-source/2195884044/CAB-229aeeb264be1fa68db9456ba381a48a/2844175604424413368/Avatar_Female_Size02_Remielle_Origin_Ani_Attack_Burst_Ex_01_End.json
d7e91a5ff267ccfdaf86834f9be98af1e07fadd612064dc9cfde5318752e2399,198834,animations/scalar-recovered/full-source/2195884044/CAB-229aeeb264be1fa68db9456ba381a48a/2844175604424413368/acl-database-bulk.bin
cff4d3868aceab8770483b429ef1abc1496795260024db9f033abf07bbffec4c,151484,animations/scalar-recovered/full-source/2195884044/CAB-229aeeb264be1fa68db9456ba381a48a/2844175604424413368/native-object.raw
a9762c0436cc417d3d9b2efdccade8daaeb423ca79ba7f5681c47ea0e891c34e,342,animations/scalar-recovered/full-source/2195884044/CAB-229aeeb264be1fa68db9456ba381a48a/2844175604424413368/streaming-info.json
d36c5f72e9ddef4d5854d06b6bea06de967e0e07e457ff3e687f9060e0f852d7,203843,animations/scalar-recovered/full-source/2195884044/CAB-229aeeb264be1fa68db9456ba381a48a/8233339942382250937/Avatar_Female_Size02_Remielle_Origin_Default_Ani_Attack_Burst_Ex_01.json
8f2c166441a81500da0727e0bf32330d1108de558d10fecd6ffc89910eb2bce4,35423,animations/scalar-recovered/full-source/2195884044/CAB-229aeeb264be1fa68db9456ba381a48a/8233339942382250937/acl-database-bulk.bin
d6a949ff1118d83a932ce1dbc25777c921db035fc57679424d571be6baadb6fd,48376,animations/scalar-recovered/full-source/2195884044/CAB-229aeeb264be1fa68db9456ba381a48a/8233339942382250937/native-object.raw
1c398206e9942596f1c8aa5467d9b3b8447bc5e0326ffa36141ee0e0719424fd,340,animations/scalar-recovered/full-source/2195884044/CAB-229aeeb264be1fa68db9456ba381a48a/8233339942382250937/streaming-info.json
a2ac52ad6afc499c7c914ff7f6fd05ab8a33f593c8a964ae2360bd709c6e3849,181897,animations/scalar-recovered/full-source/2195884044/CAB-4779813d2e0f93afdf2d3edbe23f0e12/-3502826584301887854/Avatar_Female_Size02_Remielle_Origin_Default_Ani_SwitchIn_Attack_Ex_Extra.json
fb5443c07c20bdbae7cc351f4498409590f4a8bf2117de4b391c8b01435feaae,17486,animations/scalar-recovered/full-source/2195884044/CAB-4779813d2e0f93afdf2d3edbe23f0e12/-3502826584301887854/acl-database-bulk.bin
b390715be518bba7a96986192f60672e362be5407279bbabb8948a0a42344794,32016,animations/scalar-recovered/full-source/2195884044/CAB-4779813d2e0f93afdf2d3edbe23f0e12/-3502826584301887854/native-object.raw
2a1f2c7e5a4ae31cbc7e9ae70bb1d6792f7672ae78695681d503f997ec52067e,340,animations/scalar-recovered/full-source/2195884044/CAB-4779813d2e0f93afdf2d3edbe23f0e12/-3502826584301887854/streaming-info.json
445e83196cc1a1da4b03c9a37ee1474dadc7e33831ef9c3f240213d2e36d3822,918051,animations/scalar-recovered/full-source/2195884044/CAB-4779813d2e0f93afdf2d3edbe23f0e12/-7583903113054318161/Avatar_Female_Size02_Remielle_Origin_Ani_SwitchIn_Attack_Ex_Extra_End.json
c5cd574bcee5b7afd33f94718e5ec0d6297345e0d8ce477fc98599ba2753b2da,171585,animations/scalar-recovered/full-source/2195884044/CAB-4779813d2e0f93afdf2d3edbe23f0e12/-7583903113054318161/acl-database-bulk.bin
56b83c6e04f7c61085e53933e933a1b7ec0bc68bb3e0c677a9660bc175cd7424,132356,animations/scalar-recovered/full-source/2195884044/CAB-4779813d2e0f93afdf2d3edbe23f0e12/-7583903113054318161/native-object.raw
5d55c7835f9e08f52f6f1dbf418a8c71390753c54d8a942275481834fa48f2dd,337,animations/scalar-recovered/full-source/2195884044/CAB-4779813d2e0f93afdf2d3edbe23f0e12/-7583903113054318161/streaming-info.json
2f22a765fafa58d49b16420896bf67263f75d9622921a545b6d55516ab8557f2,956224,animations/scalar-recovered/full-source/2195884044/CAB-4779813d2e0f93afdf2d3edbe23f0e12/-785317319300128836/Avatar_Female_Size02_Remielle_Origin_Ani_SwitchIn_Attack_Ex_Extra.json
9fc67a598e75aefb4ffeb9f354a5b879edeb17379c37f658f9fb18183e0243a7,272793,animations/scalar-recovered/full-source/2195884044/CAB-4779813d2e0f93afdf2d3edbe23f0e12/-785317319300128836/acl-database-bulk.bin
60aa352878e7c704e9f22fea3ec8da50b6bd0841ea8c35f2e0bd4017a9ff7d41,160840,animations/scalar-recovered/full-source/2195884044/CAB-4779813d2e0f93afdf2d3edbe23f0e12/-785317319300128836/native-object.raw
d188cf56787e06c38440bb2071d9983a37119f3000d8fc21089228f7a7c35318,342,animations/scalar-recovered/full-source/2195884044/CAB-4779813d2e0f93afdf2d3edbe23f0e12/-785317319300128836/streaming-info.json
2d8db87f69eeefbb935b5d2d83acda4f3aeaa4bfa8ad2fc285661ce7b704a5e8,174689,animations/scalar-recovered/full-source/2195884044/CAB-4779813d2e0f93afdf2d3edbe23f0e12/5614472396936221991/Avatar_Female_Size02_Remielle_Origin_Default_Ani_SwitchIn_Attack_Ex_Extra_End.json
c369008110eb013eb1b4b538023a2cb2af6208910c68e36a6b7786dd9b538867,10775,animations/scalar-recovered/full-source/2195884044/CAB-4779813d2e0f93afdf2d3edbe23f0e12/5614472396936221991/acl-database-bulk.bin
95e452dd0bc1fed060fa1310e4f69c222421943a8167e75643f0a0314e07609d,26644,animations/scalar-recovered/full-source/2195884044/CAB-4779813d2e0f93afdf2d3edbe23f0e12/5614472396936221991/native-object.raw
f8030ef29625a012e4b632f866fa2169636fa5c02a96daf7725e3b1a50fc1524,340,animations/scalar-recovered/full-source/2195884044/CAB-4779813d2e0f93afdf2d3edbe23f0e12/5614472396936221991/streaming-info.json
bebb84f9b25015a46eeaece659dab8dacfc84bc661c773cadd88713c9b74e91e,193677,animations/scalar-recovered/full-source/2195884044/CAB-5402ecb553c4ec8da345cdc0bc13adb1/7592755774221897175/Avatar_Female_Size02_Remielle_Origin_Default_Ani_Move_L_AirBack_Loop.json
b95746c9aafcc4d75ca3af6fe60c8a573cc22119dfd62ffaffd802a8d2264649,25883,animations/scalar-recovered/full-source/2195884044/CAB-5402ecb553c4ec8da345cdc0bc13adb1/7592755774221897175/acl-database-bulk.bin
0440c437bd6f1a865e72a7eee5d783eb9af97adfa77335646c7024322303485c,40952,animations/scalar-recovered/full-source/2195884044/CAB-5402ecb553c4ec8da345cdc0bc13adb1/7592755774221897175/native-object.raw
c361ecf63bd563dd1d724d87f20e359cdecfa85741f98ed2354547feaa3dc1b6,335,animations/scalar-recovered/full-source/2195884044/CAB-5402ecb553c4ec8da345cdc0bc13adb1/7592755774221897175/streaming-info.json
f20f7a4a6223ca2cf37f76c69b7df7adeeec9f6ba4050b94faa940dc18706d0f,942345,animations/scalar-recovered/full-source/2195884044/CAB-5402ecb553c4ec8da345cdc0bc13adb1/8725240327005835744/Avatar_Female_Size02_Remielle_Origin_Ani_Move_L_AirBack_Loop.json
31ba507dd62415cb309890e6146d5c0bd171b9c5d96a1d635838ac6de99bfc3d,159267,animations/scalar-recovered/full-source/2195884044/CAB-5402ecb553c4ec8da345cdc0bc13adb1/8725240327005835744/acl-database-bulk.bin
50571a03cb0dad77824c539ed54d80ef09f070b22184c5a7053e4e2676f4dd70,144760,animations/scalar-recovered/full-source/2195884044/CAB-5402ecb553c4ec8da345cdc0bc13adb1/8725240327005835744/native-object.raw
54fa685263dfd156044fc164618d373254083571642f00d434b9237e2d80505e,341,animations/scalar-recovered/full-source/2195884044/CAB-5402ecb553c4ec8da345cdc0bc13adb1/8725240327005835744/streaming-info.json
14c987cb62b117d777d54f88a01d43f83813cac81cf96eb08903cc961c4e1e03,191662,animations/scalar-recovered/full-source/2195884044/CAB-56cdc34c66d3452fe297032ff33b5d11/6770195970666286289/Avatar_Female_Size02_Remielle_Origin_Default_Ani_Idle_AirState_Back_Loop.json
f90aba158d43bb465272feaed6a00cc415a0e41844f922015ceb609a17c15ef8,22750,animations/scalar-recovered/full-source/2195884044/CAB-56cdc34c66d3452fe297032ff33b5d11/6770195970666286289/acl-database-bulk.bin
6b46358aed35f3ff3bc9f9345031f35ac316565cf68b81b81d257ba2bfc5dcf0,39468,animations/scalar-recovered/full-source/2195884044/CAB-56cdc34c66d3452fe297032ff33b5d11/6770195970666286289/native-object.raw
0ec549fda1c9a883f557d310373591897f1f1dbe33ca3a3e80d33aff984c8311,335,animations/scalar-recovered/full-source/2195884044/CAB-56cdc34c66d3452fe297032ff33b5d11/6770195970666286289/streaming-info.json
b0e415c075e5483bd77108911e1bc7ca3b2dd24551f61f21109f0e5dea75ae87,932713,animations/scalar-recovered/full-source/2195884044/CAB-56cdc34c66d3452fe297032ff33b5d11/7921310500411983711/Avatar_Female_Size02_Remielle_Origin_Ani_Idle_AirState_Back_Loop.json
e7025fe098ff1516538e1fbfcc91a319025ede4357c1a50c448103f524b78e37,144778,animations/scalar-recovered/full-source/2195884044/CAB-56cdc34c66d3452fe297032ff33b5d11/7921310500411983711/acl-database-bulk.bin
cbbaa1b6c140356afe0ec7e47c35f4674510ea829ce5268f982912dc1f95bc1f,140764,animations/scalar-recovered/full-source/2195884044/CAB-56cdc34c66d3452fe297032ff33b5d11/7921310500411983711/native-object.raw
69090036d0bb0df273321842d624dbada7fb4a9ded50d69cc9b26dbcd7d74a2d,341,animations/scalar-recovered/full-source/2195884044/CAB-56cdc34c66d3452fe297032ff33b5d11/7921310500411983711/streaming-info.json
e3036f300513b322cd6943ff59b1d37e73a966b74da58de30b2ffbaf77fb1f0b,975916,animations/scalar-recovered/full-source/2195884044/CAB-aaef6b4fb34ad0132dcd1e5b3b885498/-5934462831740013695/Avatar_Female_Size02_Remielle_Origin_Ani_Skill01_AirState_Front.json
1b10bd32efd39c9bc8b71abdb381037bedd39f4f38f824df305ecb4f8d892fbc,231069,animations/scalar-recovered/full-source/2195884044/CAB-aaef6b4fb34ad0132dcd1e5b3b885498/-5934462831740013695/acl-database-bulk.bin
ea22d39a2da867f3b4f688757c78d47ea3f34141b9eb67951a2d9f57a592c0a1,171040,animations/scalar-recovered/full-source/2195884044/CAB-aaef6b4fb34ad0132dcd1e5b3b885498/-5934462831740013695/native-object.raw
4a164b73ddec6b8d7676e846786e272b2b33120edab3876a56a2e07495da81eb,337,animations/scalar-recovered/full-source/2195884044/CAB-aaef6b4fb34ad0132dcd1e5b3b885498/-5934462831740013695/streaming-info.json
dd2721038d6c8ac8865587a8e967441233aa92e59c2ff1e22f0fdd592d163f68,207221,animations/scalar-recovered/full-source/2195884044/CAB-aaef6b4fb34ad0132dcd1e5b3b885498/5717691482782989239/Avatar_Female_Size02_Remielle_Origin_Default_Ani_Skill01_AirState_Front.json
465777912a38397280c5c57d6d1da1adeceb57d78368ea6d404792256422ebe4,28685,animations/scalar-recovered/full-source/2195884044/CAB-aaef6b4fb34ad0132dcd1e5b3b885498/5717691482782989239/acl-database-bulk.bin
61c1514e0fe3d14ae1ed7cc6a7c8d85903170273e1e58fc8630c7e5431387110,50524,animations/scalar-recovered/full-source/2195884044/CAB-aaef6b4fb34ad0132dcd1e5b3b885498/5717691482782989239/native-object.raw
c3084c4db3f3dd1e31eab159ccaa712fc4c414484a0793450209654775381df4,340,animations/scalar-recovered/full-source/2195884044/CAB-aaef6b4fb34ad0132dcd1e5b3b885498/5717691482782989239/streaming-info.json
7c35c1b45bbcb44f5d9d4e3ffc308be7421fd20c895f5d0739024df1127d44dd,201753,animations/scalar-recovered/full-source/2195884044/CAB-ac4906c6be59115fa632323c1195d7ec/-8569119342779080402/Avatar_Female_Size02_Remielle_Origin_Default_Ani_Skill03_AirState_Front.json
67ff3dc03347bc8ce7d9f3b7635ee29f76d1bbde4753c8c1be950fbce9d5b751,20683,animations/scalar-recovered/full-source/2195884044/CAB-ac4906c6be59115fa632323c1195d7ec/-8569119342779080402/acl-database-bulk.bin
4ede69068ef48144467710c80f40b91ccf0b2a7da33a3de576f437f5ba887b04,46668,animations/scalar-recovered/full-source/2195884044/CAB-ac4906c6be59115fa632323c1195d7ec/-8569119342779080402/native-object.raw
c959a189408ac35251462e6ff362cd244d9fd7110818acc8886566576a015719,335,animations/scalar-recovered/full-source/2195884044/CAB-ac4906c6be59115fa632323c1195d7ec/-8569119342779080402/streaming-info.json
b79ae73af96a1d7d5d15466807cfb2adc8166f1524da2bbbbb4f298f9a41db7e,965161,animations/scalar-recovered/full-source/2195884044/CAB-ac4906c6be59115fa632323c1195d7ec/2831988533405923158/Avatar_Female_Size02_Remielle_Origin_Ani_Skill03_AirState_Front.json
393afdb15207790943001e9e719e4a77d2ccec5dcfc1991af3faac360b0aca6f,212569,animations/scalar-recovered/full-source/2195884044/CAB-ac4906c6be59115fa632323c1195d7ec/2831988533405923158/acl-database-bulk.bin
42675f4ed8ac9d4d5f439fa61436eb60eeab49b9b183d5839c853ecca68206bf,166584,animations/scalar-recovered/full-source/2195884044/CAB-ac4906c6be59115fa632323c1195d7ec/2831988533405923158/native-object.raw
dd0383d96753d6436586e00b81168138b1799a3f5755891583a8859881432212,341,animations/scalar-recovered/full-source/2195884044/CAB-ac4906c6be59115fa632323c1195d7ec/2831988533405923158/streaming-info.json
a0a3052acc80ec51128672425be1b8f3531060cc6a0cb793bed4324631c9988f,200175,animations/scalar-recovered/full-source/2195884044/CAB-c6ee2dec9eabf10ad92f7ab9a0e8aeca/-2561531122510358238/Avatar_Female_Size02_Remielle_Origin_Default_Ani_Walk_to_Run_01.json
3db80af45de278eff2e1c7b005018c062f8ce3053bd0941224a908ca602b0550,26218,animations/scalar-recovered/full-source/2195884044/CAB-c6ee2dec9eabf10ad92f7ab9a0e8aeca/-2561531122510358238/acl-database-bulk.bin
1918755978111747ed3bf3c9bfb10dbce74f6ca1ce89acc3c95b5f36356acd13,45604,animations/scalar-recovered/full-source/2195884044/CAB-c6ee2dec9eabf10ad92f7ab9a0e8aeca/-2561531122510358238/native-object.raw
a7c3b475e4fc5175df79e3d14709608ccd7ef21c1c76d2ae7b99459ca08b1fb9,335,animations/scalar-recovered/full-source/2195884044/CAB-c6ee2dec9eabf10ad92f7ab9a0e8aeca/-2561531122510358238/streaming-info.json
7237806feed0c9aa58fa65aa4c40a767558f227ccdf8974bd980950ae8bcc388,965738,animations/scalar-recovered/full-source/2195884044/CAB-c6ee2dec9eabf10ad92f7ab9a0e8aeca/8206013166952976172/Avatar_Female_Size02_Remielle_Origin_Ani_Walk_to_Run_01.json
234725418dcc8f81f04ea4f5e810f5d746d47baf3dcef2f04ed8490202ba6bd2,202813,animations/scalar-recovered/full-source/2195884044/CAB-c6ee2dec9eabf10ad92f7ab9a0e8aeca/8206013166952976172/acl-database-bulk.bin
62110f12c35defb3395f9460b792f60f22068fcef21978cd5676b6678a13b9bd,158456,animations/scalar-recovered/full-source/2195884044/CAB-c6ee2dec9eabf10ad92f7ab9a0e8aeca/8206013166952976172/native-object.raw
68d8d8e78be5017af85af7067b5b871d2382b2ffc6d765c4d200be4714d7a9ca,341,animations/scalar-recovered/full-source/2195884044/CAB-c6ee2dec9eabf10ad92f7ab9a0e8aeca/8206013166952976172/streaming-info.json
c84a0984bbdc60b8e581cd738b58987e16efb2e9788a28df83aeaa9b81a92a3e,920693,animations/scalar-recovered/full-source/2195884044/CAB-fabacafb7ce5f06e406cf83e2501a46b/-1678135712426977003/Avatar_Female_Size02_Remielle_Origin_Ani_Walk_Start.json
a1fe13d914b6f283466e332fadbbd3d223796c0f3a900a334589c34dc46aba8e,116297,animations/scalar-recovered/full-source/2195884044/CAB-fabacafb7ce5f06e406cf83e2501a46b/-1678135712426977003/acl-database-bulk.bin
4a561278563964251e2fc0eb6f32d14632d7a45a38065e2985ee1d53546f6cfe,124076,animations/scalar-recovered/full-source/2195884044/CAB-fabacafb7ce5f06e406cf83e2501a46b/-1678135712426977003/native-object.raw
66dd2849da58f65b99fa7e3dc8701513096eb83572984f7e79ad20c9f4dade96,341,animations/scalar-recovered/full-source/2195884044/CAB-fabacafb7ce5f06e406cf83e2501a46b/-1678135712426977003/streaming-info.json
4ce72913546df94b639c2f3796175c1eeb4f91664aeff399209e481cd3e3e6cb,182346,animations/scalar-recovered/full-source/2195884044/CAB-fabacafb7ce5f06e406cf83e2501a46b/-7902933829247098720/Avatar_Female_Size02_Remielle_Origin_Default_Ani_Walk_Start.json
945fa18d20286dd132b719ed424e61d3fd0ff1c1301e921645e41c12c5b55c67,16623,animations/scalar-recovered/full-source/2195884044/CAB-fabacafb7ce5f06e406cf83e2501a46b/-7902933829247098720/acl-database-bulk.bin
137f13b737b384e94bdabdb3861d08ef8f6cca3c92e0feccb4cfff73eec4b41d,32112,animations/scalar-recovered/full-source/2195884044/CAB-fabacafb7ce5f06e406cf83e2501a46b/-7902933829247098720/native-object.raw
ba30765d9109966963de12461c299cdd6276c2492fef3a825e835c2f4d9ece61,335,animations/scalar-recovered/full-source/2195884044/CAB-fabacafb7ce5f06e406cf83e2501a46b/-7902933829247098720/streaming-info.json
b4c4457fec567187fb2fccfa148f651b4fc9eda5d9931f0e3f078efac25edcfb,24957,animations/scalar-recovered/full-source/223229245/CAB-0a3e93111c2eb0bf9f21676ee06ff792/-1113393732956795757/RemiellePanelColor1Loop.json
21d750499650e081787faf2053fc8a93a4fde4360471e875f19ff1c29d896bdc,2864,animations/scalar-recovered/full-source/223229245/CAB-0a3e93111c2eb0bf9f21676ee06ff792/-1113393732956795757/native-object.raw
853f16b28d00cd8ef6c45ab7d48aca4747da3ec536b9fefaaff29ab455539f1b,69268,animations/scalar-recovered/full-source/223229245/CAB-16fff6d15318478706ce7deb6429c697/3825127937412900022/RemiellePanelChange.json
00893e1953ba350203717a079e63b194bfa25c4f9aa3676d27fec1ae194e8acc,7364,animations/scalar-recovered/full-source/223229245/CAB-16fff6d15318478706ce7deb6429c697/3825127937412900022/native-object.raw
4f4d99a8490d8417b727f784fc5366826f1f6a834113956bd435e9712b49d8aa,33671,animations/scalar-recovered/full-source/223229245/CAB-1cfb001771918c1d22f0bd7bb60598cd/6462429763415691437/RemiellePanelColor1FadeOut.json
bd3cd7c77c6dd117bfb88178160f680a7f3ae4437fbef471f18add33954f79a3,3272,animations/scalar-recovered/full-source/223229245/CAB-1cfb001771918c1d22f0bd7bb60598cd/6462429763415691437/native-object.raw
e00422bf9839cf80b328816752e6d977b4e25c380ed3a8397e5b54c8b50e477c,1059143,animations/scalar-recovered/full-source/223229245/CAB-1dd6e663d36015829cac2f2ace863462/2276293050020133359/ActivityRemielleBg_OB3_1Loop.json
a35ac7809d4890e8ab28365a9beb7378a67af0ef3a59583f6b93b513abcee401,103912,animations/scalar-recovered/full-source/223229245/CAB-1dd6e663d36015829cac2f2ace863462/2276293050020133359/native-object.raw
467ca4703e1bc8fca9f476894b0e083668696f5b72bb5e1b67c64cc3f1d78ea8,63658,animations/scalar-recovered/full-source/223229245/CAB-2d83631be2bdb469e82cbfa56ca1cd98/3287238408098467560/ActivityRemielleBg_OB3_1FadeIn.json
72131a69eb3b09f5482fc97f3c73c02708eb587ecc93f22d6f59af0a1ae9ce43,6844,animations/scalar-recovered/full-source/223229245/CAB-2d83631be2bdb469e82cbfa56ca1cd98/3287238408098467560/native-object.raw
828cd176abf0fe259dec0485966b7f7c205cad13ac02077b70c56ce6ba338234,18818,animations/scalar-recovered/full-source/223229245/CAB-4dee4a37752d67547fc7017eb734e94d/-2963353693618043305/RemiellePanelProgressLightLoop.json
9b4406ce6ce01bf9bceb49e644824922991713cdc1e2b8a19a647adef32f328b,2328,animations/scalar-recovered/full-source/223229245/CAB-4dee4a37752d67547fc7017eb734e94d/-2963353693618043305/native-object.raw
925643545e51defc0cf2211d3c7e4adae760a82f67711cba3a708c9ec68daaad,249219,animations/scalar-recovered/full-source/223229245/CAB-826040ddd00b00f33d006e37cd882e2c/2953617126130754732/RemiellePanelWingFadeOut.json
67d5a7eeb8ef54182fedb4edfae985fe15c071bb35f5961de584f220434c698c,24612,animations/scalar-recovered/full-source/223229245/CAB-826040ddd00b00f33d006e37cd882e2c/2953617126130754732/native-object.raw
cd4b948a9046d37a90f9dcaf1f32b72a055baaf32db0fd1a2f1bd65475b0f701,14726,animations/scalar-recovered/full-source/223229245/CAB-86e1692e06cf543f09fa43024bd3458d/-6091618216383361258/ActivityDemoRemielleFadeOut.json
278035c0131b58a76bb059072e21aa7b32b001eb35d024374f1e3219e384be46,1984,animations/scalar-recovered/full-source/223229245/CAB-86e1692e06cf543f09fa43024bd3458d/-6091618216383361258/native-object.raw
43112330108e8fbbabe064a8a2286f23cb48c76ef508c140cf8ca9a6bf8ec125,42307,animations/scalar-recovered/full-source/223229245/CAB-98083e4a0f956c601f1c922cf8896079/7680929885859757023/RemiellePanelWingLoop.json
22c212e900982a0bf83749d819182977c5b4a42c097d94b07af5355576ab9089,5204,animations/scalar-recovered/full-source/223229245/CAB-98083e4a0f956c601f1c922cf8896079/7680929885859757023/native-object.raw
f9ac87f16259cd4626c40767da571e09a8cac73229b648b2ea8627b1078acdbe,16044,animations/scalar-recovered/full-source/223229245/CAB-a3eb6c0a83fd6db9d22e1e42f7ee5c68/-273215908639208443/ActivityRemielleCameraPageFadeIn.json
888ec0ebe6a45ed5fde49dd8904c70a5b3397a758310a615fce2ae6a142d8f25,2124,animations/scalar-recovered/full-source/223229245/CAB-a3eb6c0a83fd6db9d22e1e42f7ee5c68/-273215908639208443/native-object.raw
07c77aa09bf927e2496790fb3f9aa6db2a3f662e75ca633eb0e3aa7dcb0950c6,49891,animations/scalar-recovered/full-source/223229245/CAB-b3e0b8c4680d4ae6441ebd1ab11ddecd/-8282109692060178135/ActivityDemoRemielleLoop.json
dc59fcf64de755f213d38f743387b572795e11db41d591ab60f9e4399dc92241,5648,animations/scalar-recovered/full-source/223229245/CAB-b3e0b8c4680d4ae6441ebd1ab11ddecd/-8282109692060178135/native-object.raw
6401bc802360d16c86aa1525cd10fa851fe767321f743aed9fa78ba3e0e0176a,14740,animations/scalar-recovered/full-source/223229245/CAB-b647d7766cda4255b7dfa7ceb9c1e29e/-4867752301064075499/ActivityRemielleCameraPageFadeOut.json
77db6269fc3c9e09f9310949efa560fb99b9f3b3717b0e4120159d663786772a,2004,animations/scalar-recovered/full-source/223229245/CAB-b647d7766cda4255b7dfa7ceb9c1e29e/-4867752301064075499/native-object.raw
f2257d4eb324dafeb650a246e3c32dd0ddb732d93e933787e5dae5f836b681ba,249232,animations/scalar-recovered/full-source/223229245/CAB-b72f4d083267e7b0b3d3498c138c587b/-5457763868280846014/ActivityDemoRemielleShowFadeIn.json
50dc0c0057258f63ed7f472f1446aa80560f6deb33570b84f1a6b601348f258c,25448,animations/scalar-recovered/full-source/223229245/CAB-b72f4d083267e7b0b3d3498c138c587b/-5457763868280846014/native-object.raw
8a59a2c737f328e52ca65418a23a5066fdafcb0d3372f0a878a934d1686a1e64,42875,animations/scalar-recovered/full-source/223229245/CAB-bba49b5335b1faa89a5a69b6aecf4e70/-731734594868446418/RemiellePanelColor1FadeIn.json
f29fed5333abfa5cda5acac9c7f33683809ecec191c2dbbd007c29e5811c1425,3876,animations/scalar-recovered/full-source/223229245/CAB-bba49b5335b1faa89a5a69b6aecf4e70/-731734594868446418/native-object.raw
1410edd934a6e921d30d59ef81192cb05e69894297a194c6e6b7febc1b186edd,14748,animations/scalar-recovered/full-source/223229245/CAB-c75034754d58d772fdef75b9b93c5fe3/1048372404302456033/ActivityRemielleCameraMissionRowFadeIn.json
3e799b8377bf3919f65a2deb41c9cbe61175f48a5ac2302a8601fa32ae8e74e1,1996,animations/scalar-recovered/full-source/223229245/CAB-c75034754d58d772fdef75b9b93c5fe3/1048372404302456033/native-object.raw
387181e5b871d9ca562588f0f956cdb3ca9a1a28bdde8028c4f4ccf08d809f4a,378484,animations/scalar-recovered/full-source/223229245/CAB-debb31c4d53c4ffc7acf4beeadef7d29/-7645172094751853092/RemiellePanelWingFadeIn.json
0c43a715024f93f1ef65127db064598b605f320aa6aff6e356e2e051c1757451,37640,animations/scalar-recovered/full-source/223229245/CAB-debb31c4d53c4ffc7acf4beeadef7d29/-7645172094751853092/native-object.raw
da4c39ab29ad09a163c2eeb4a595a9958339d0384556e3bf29e285cb4b793af4,80901,animations/scalar-recovered/full-source/223229245/CAB-e2149a58521a1ecd40af05d00c3b2e31/1256502158490709456/ActivityDemoRemielleChangeFadeIn.json
4407e7fbc48cc052e85f48b83116c2a7598c3927adc051c83810502f9097369a,8784,animations/scalar-recovered/full-source/223229245/CAB-e2149a58521a1ecd40af05d00c3b2e31/1256502158490709456/native-object.raw
a04ccb5d019be69568f4e81b4891e571dfaf09a6678af5a416b6dab60a8f5ea3,793329,animations/scalar-recovered/full-source/2329494380/CAB-77cc6dc8396de31b951456b5a60ca2a5/-2147687977520797852/Avatar_Female_Size02_Remielle_Origin_Ani_MC_Run_Loop.json
cbe09cfe6981df7b89d368dc9ccbaea40a52fcc97445f3a645f7e80698e83f3d,61408,animations/scalar-recovered/full-source/2329494380/CAB-77cc6dc8396de31b951456b5a60ca2a5/-2147687977520797852/acl-database-bulk.bin
bae786a5de768cdd310f6cefe636c7cb9d1a2acb3ab1facc24e7ba55a3c1eacd,86540,animations/scalar-recovered/full-source/2329494380/CAB-77cc6dc8396de31b951456b5a60ca2a5/-2147687977520797852/native-object.raw
37d141d84f79959313f65bd0298ef011f5ed87b72a65c4a1c682f60fb7a69c78,339,animations/scalar-recovered/full-source/2329494380/CAB-77cc6dc8396de31b951456b5a60ca2a5/-2147687977520797852/streaming-info.json
69d488530d788645bd858f82b0f6e11b3670ce4842ce88b87ee3d360fef11a7a,260704,animations/scalar-recovered/full-source/2329494380/CAB-77cc6dc8396de31b951456b5a60ca2a5/-7671936509857743815/Avatar_Female_Size02_Remielle_Origin_Default_Ani_MC_Run_Loop.json
878415bd0ae3518d02e5eab18b37cff1e6ea1a78ec0d0629cfb98b617a93eaaa,14061,animations/scalar-recovered/full-source/2329494380/CAB-77cc6dc8396de31b951456b5a60ca2a5/-7671936509857743815/acl-database-bulk.bin
1db6a8f802c2790d58063bd81fe8f4179ace6cb4647d3cb42511db84983ebf3c,35872,animations/scalar-recovered/full-source/2329494380/CAB-77cc6dc8396de31b951456b5a60ca2a5/-7671936509857743815/native-object.raw
eeacdcdab7b6775cfabcf9b5fbd669ca4c7c8ced5f1847d86ea9b3d374b10ee1,335,animations/scalar-recovered/full-source/2329494380/CAB-77cc6dc8396de31b951456b5a60ca2a5/-7671936509857743815/streaming-info.json
171231050e6f768a54aebde4ca6a36a9189079df15c80631766c52c70d7111e3,1763971,animations/scalar-recovered/full-source/2364458862/CAB-6cc26b479da3ddcf68c466973a389429/8371197707490341155/TL_C31_05_SC010_Avatar_Remielle.json
b6e2df81db7bd38f2cdaec458f65a592d7789b1ef461da46ee0b8d37661e28c6,1427021,animations/scalar-recovered/full-source/2364458862/CAB-6cc26b479da3ddcf68c466973a389429/8371197707490341155/acl-database-bulk.bin
d3cd3207ea3f971033c1c430f83e77da7db2a621e963f5ab6619c9dbe8aab68e,503868,animations/scalar-recovered/full-source/2364458862/CAB-6cc26b479da3ddcf68c466973a389429/8371197707490341155/native-object.raw
4b6cc1d01296fefb66fa50ff0e569ce8a376a26d44114650eee2f24876742600,338,animations/scalar-recovered/full-source/2364458862/CAB-6cc26b479da3ddcf68c466973a389429/8371197707490341155/streaming-info.json
e8897b8f433ff7d6d98604ca31551e251a1519e48b24f1da5cd38834356ef593,96470,animations/scalar-recovered/full-source/2375779530/CAB-0047acc1e8eee635d68aa600539aa2f3/5430978919926539451/Eff_RemielleOrigin_Attack_Normal_02_01_Trail.json
8c9b1f9f73ca3de20ee3e01903c71e814a52bb092f5cb126329b84a8d9004b4f,10584,animations/scalar-recovered/full-source/2375779530/CAB-0047acc1e8eee635d68aa600539aa2f3/5430978919926539451/native-object.raw
63233361d0f07be194b1419b9a84b66149ad6206ddc662d3b5da94dad3eb335c,13449,animations/scalar-recovered/full-source/2375779530/CAB-09ef7a9f9219f904bae6ef5f9c7491b4/-3996965079858970057/Eff_RemielleOrigin_Attack_QTE_27_Trail.json
f242dd00ca47839ca556b0892d4cddf97c5fa3f53d8afb4be9991ea280363043,1892,animations/scalar-recovered/full-source/2375779530/CAB-09ef7a9f9219f904bae6ef5f9c7491b4/-3996965079858970057/native-object.raw
343c46f546a6991913a0a320474561a529791ee6cd2894f45820fbac4daad865,36403,animations/scalar-recovered/full-source/2375779530/CAB-0bbdfcc633c06f9a7d25a8ea2f9d1379/-905739567675742531/Eff_RemielleOrigin_Attack_QTE_29_Trail.json
29c54674f19cba9d9f6f2aec43bdb688158b30f172601998832f0e7091d19973,4080,animations/scalar-recovered/full-source/2375779530/CAB-0bbdfcc633c06f9a7d25a8ea2f9d1379/-905739567675742531/native-object.raw
db9aab5f870d80c64cab1c36bf447fb01a344fac6a845d7ebd5d1a4fc8395a13,36132,animations/scalar-recovered/full-source/2375779530/CAB-0f6804ef18d49904c392d50ec6aec5e7/-3240867522074318806/Eff_RemielleOrigin_Attack_Normal_04_11_Trail.json
48189e9620aac9015ab8629bb4959288c3d873b46adda0a4e5e3c9c80e262c6d,4364,animations/scalar-recovered/full-source/2375779530/CAB-0f6804ef18d49904c392d50ec6aec5e7/-3240867522074318806/native-object.raw
603026230441f531aefd2eeef8770068a840bc681c985800aa8c140dd06306ca,42285,animations/scalar-recovered/full-source/2375779530/CAB-0fe557bc38625ef90e729c9dada35a86/-5720079872551610091/Eff_RemielleOrigin_Attack_QTE_17_Trail.json
af8443bf5320770a5ea49bb81b3fb54f504a44411c1a181cbd936b630486d687,4696,animations/scalar-recovered/full-source/2375779530/CAB-0fe557bc38625ef90e729c9dada35a86/-5720079872551610091/native-object.raw
65ecd52fe38a4db7aa693cc83c702b974b7033cd9b3a2cb6f654207504051bf5,20265,animations/scalar-recovered/full-source/2375779530/CAB-25dce4ff58465e58646a4b45e8362c53/3196721469610947462/Eff_RemielleOrigin_Attack_Normal_04_20_Trail.json
8bb79a58dee7bd0766fbf540fb3124e96b2b14702f281f6d3903a42bcf6007e2,2368,animations/scalar-recovered/full-source/2375779530/CAB-25dce4ff58465e58646a4b45e8362c53/3196721469610947462/native-object.raw
c6f005488f016b48c8c91f62a44ee832b47f540940eb831d269d0ccbed0f7424,35287,animations/scalar-recovered/full-source/2375779530/CAB-3883affc862d136a4e049240e5399943/-4959015535686005058/Eff_RemielleOrigin_Attack_Normal_04_13_Trail.json
35107b7dcd5d3f908ffa8a7d81c2d3b645dd2cec763259bc7cd636aa2eb5edbb,4276,animations/scalar-recovered/full-source/2375779530/CAB-3883affc862d136a4e049240e5399943/-4959015535686005058/native-object.raw
f807808af118634c0c9bee8d34d153205c6c4e6927b038fc9600b24a98302fba,36177,animations/scalar-recovered/full-source/2375779530/CAB-6f45b089093a780a6ad80cca5e58be83/-6301200954761472238/Eff_RemielleOrigin_Attack_Normal_04_12_Trail.json
7b356b162d70926bbf01ec0abb522984ce3391fd394bbee698570beb04f5198a,4364,animations/scalar-recovered/full-source/2375779530/CAB-6f45b089093a780a6ad80cca5e58be83/-6301200954761472238/native-object.raw
55523ffd8b24d242eda918ca3959307eea12e386f9df777c714a3faf0689cd15,37436,animations/scalar-recovered/full-source/2375779530/CAB-79ce0b956e89d4399a3f744500bcdda6/6181033030829262108/Eff_RemielleOrigin_Attack_Normal_03_01_Trail.json
ed1980ec4e71a19d2b8cbfc7d899b5a65e380ec1f2e5a639a2e8335b1ed87fd0,4312,animations/scalar-recovered/full-source/2375779530/CAB-79ce0b956e89d4399a3f744500bcdda6/6181033030829262108/native-object.raw
e8ee465c359f64e4e7639601677f7339646464e76a00d9030f2f5109e98e14a3,30218,animations/scalar-recovered/full-source/2375779530/CAB-8193a02d4a78f9617384a9e8c5ea21ee/-8217331349944557952/Eff_RemielleOrigin_Attack_QTE_28_Trail.json
fa03e6d383d1ead3b8a71dfc80e79ad4d8baed6b549f232c5a444b4fb0b118ef,3512,animations/scalar-recovered/full-source/2375779530/CAB-8193a02d4a78f9617384a9e8c5ea21ee/-8217331349944557952/native-object.raw
952ccd5787b1cf1c11ce82a3bdc2caba76489ed5316bcab1e9903e130e5dec64,34379,animations/scalar-recovered/full-source/2375779530/CAB-916b13b0130f208744c1b7fda2976888/6793959772589250853/Eff_RemielleOrigin_Attack_Normal_04_08_Trail.json
fbc5610a796d135f3940026b74e8fd989d114b4b2cda943b9579895421453755,4188,animations/scalar-recovered/full-source/2375779530/CAB-916b13b0130f208744c1b7fda2976888/6793959772589250853/native-object.raw
fe9479ec33c76b3888d444c78077b636b2d54a09a6d70859dfbd51d0272ed2c2,44387,animations/scalar-recovered/full-source/2375779530/CAB-94e1567f225fb3d51f2c5cf57f3bbdf6/-267313892669967684/Eff_RemielleOrigin_Attack_Normal_01_02_Trail.json
c253f70c1cbd7e0324757d780bcec2191166319b5eed87b13c612fdefd375f78,4964,animations/scalar-recovered/full-source/2375779530/CAB-94e1567f225fb3d51f2c5cf57f3bbdf6/-267313892669967684/native-object.raw
bd4334cff407b6ce72b72a13e74945c0d0ba1446dffa133343ee6a72ad086973,20829,animations/scalar-recovered/full-source/2375779530/CAB-954b1957e6e3a97cd629eff4386c99d8/-4583377599292899213/Eff_RemielleOrigin_Attack_Normal_04_01_Trail.json
6a5de92c4e8b9fec72585109364058f3fa11a4f33e44decec50014c2552d09a2,2644,animations/scalar-recovered/full-source/2375779530/CAB-954b1957e6e3a97cd629eff4386c99d8/-4583377599292899213/native-object.raw
052e3ffbf1d0272c890eba23caa4a7db06719aca94e4659ddc7f144f58e86778,20835,animations/scalar-recovered/full-source/2375779530/CAB-9d6345116776493cf934015e41f03c0e/4287534985516134702/Eff_RemielleOrigin_Attack_Normal_04_02_Trail.json
6a19a6e0f4f8d61946e1a2a21e8519a571c49856f210bf271191d51ed4acee7d,2644,animations/scalar-recovered/full-source/2375779530/CAB-9d6345116776493cf934015e41f03c0e/4287534985516134702/native-object.raw
c1c8aad486627ce2e580d14dfd0f11765596ab3023dec42ef106fa93090f53db,42551,animations/scalar-recovered/full-source/2375779530/CAB-a653bb162dbe15d132f570068fc4aea3/-5530751095851804544/Eff_RemielleOrigin_Attack_Normal_04_09_Trail.json
f7e8758d71c30f7565e3eb00742c4db3b3869ba999337c7f64c1e368fc46a9b3,4788,animations/scalar-recovered/full-source/2375779530/CAB-a653bb162dbe15d132f570068fc4aea3/-5530751095851804544/native-object.raw
b89f885abe04f57d5d82a30f05a9f79da413a2cf2eb19f63b62608e65c5e7cf1,21174,animations/scalar-recovered/full-source/2375779530/CAB-a9830d212f4d966161fa0fc9ca42ac75/-1306471103285021502/Eff_RemielleOrigin_Attack_Normal_04_21_Trail.json
6e8f3b03f030ec5e930db571156a5e18206dc99495521d165c40bd04ead8fb6f,2424,animations/scalar-recovered/full-source/2375779530/CAB-a9830d212f4d966161fa0fc9ca42ac75/-1306471103285021502/native-object.raw
a7434c02ff23fbc164424e55b51ef2d424f677d5a18e1e70b72bce811dd11b57,18751,animations/scalar-recovered/full-source/2375779530/CAB-c8b099547ec1dde2b4eaadda93a5a096/-8830877548122241294/Eff_RemielleOrigin_Attack_QTE_41_Trail.json
118882756528513e498b9e9050600e26617606c68d0c5fae8d37392e0ad8363d,2404,animations/scalar-recovered/full-source/2375779530/CAB-c8b099547ec1dde2b4eaadda93a5a096/-8830877548122241294/native-object.raw
bde380508b3374c68d5f48426173fcb1e41e37d6a466e5eb713992dbad6011d4,30916,animations/scalar-recovered/full-source/2375779530/CAB-d4bc13f9b423fa8a7e794eefeeb84f14/795126023960050005/Eff_RemielleOrigin_Attack_Normal_03_02_Trail.json
4b20cc68ff2d71eab076e778c8449cb0b581554dae04600abb12c8545c80c5fb,3636,animations/scalar-recovered/full-source/2375779530/CAB-d4bc13f9b423fa8a7e794eefeeb84f14/795126023960050005/native-object.raw
129f27c3ba087d322304844ef37e5af8521b559f145df7ab8bcf705558230af6,36054,animations/scalar-recovered/full-source/2375779530/CAB-d7cf53303011d50a0e01494de0c0a645/7766852080392559764/Eff_RemielleOrigin_Attack_Normal_04_10_Trail.json
25a9c9dcb10d6d3228cc90f1c9b09caa959d9b619cdbe457cdd7b6e3a17a28e8,4364,animations/scalar-recovered/full-source/2375779530/CAB-d7cf53303011d50a0e01494de0c0a645/7766852080392559764/native-object.raw
ce77cc1df31afa5e593a777bb77abeec9b0f35c423b0e2e210cc06a0ff6a04ee,17665,animations/scalar-recovered/full-source/2375779530/CAB-dfc0f6d91fdf361651b727aa5ff375cc/4393031062172593240/Eff_RemielleOrigin_Attack_QTE_33_Trail.json
8cafb0bf9dbf0bdec754cda3e646f4ff3e9dcee38e4ae1e368bab704cb29d7f2,2324,animations/scalar-recovered/full-source/2375779530/CAB-dfc0f6d91fdf361651b727aa5ff375cc/4393031062172593240/native-object.raw
aeb823b7201f0e59b176a4cc14e543a608f5a7800944c3c3ba2790004ce42e97,25289,animations/scalar-recovered/full-source/2375779530/CAB-f4f32e801ff3c5ab872b326eb85fa51b/-507688003647183474/Eff_RemielleOrigin_Attack_Rush_01_Trail.json
dbede3f78c34c906ac34cab8dd07850f4b361ab802a2bf0f87c331a88aa7f51d,3084,animations/scalar-recovered/full-source/2375779530/CAB-f4f32e801ff3c5ab872b326eb85fa51b/-507688003647183474/native-object.raw
b8d4a4172e3ea4d7874509b7bdafda8c93223dcc9ea33cf8b1ae8f0b7399dd68,36063,animations/scalar-recovered/full-source/2375779530/CAB-fbc21c224093a3b7b8317610dfb8036f/-4279113896162597068/Eff_RemielleOrigin_Attack_Normal_04_14_Trail.json
73162260b38bf75a4edab246f45b8bacfc31d1399f9103b862d679bda5c91efb,4364,animations/scalar-recovered/full-source/2375779530/CAB-fbc21c224093a3b7b8317610dfb8036f/-4279113896162597068/native-object.raw
673ca6600ee69359fa9b1262c8557d86907c6675905a738a9d16467e103250f7,19014,animations/scalar-recovered/full-source/2375779530/CAB-fc30d5cbae994bb0a062aafb5d0113f7/-7099447057686430218/Eff_RemielleOrigin_Attack_Normal_01_01_Trail.json
8f7a8f814abd92f8d3646664ffcf4bea41adc38db3ce879bb32d0e1da3f76957,2468,animations/scalar-recovered/full-source/2375779530/CAB-fc30d5cbae994bb0a062aafb5d0113f7/-7099447057686430218/native-object.raw
f111721326233b5ad4fd3af9bea84e5d05eab94ae1abe1da2b502664b5dcd033,255005,animations/scalar-recovered/full-source/24427665/CAB-033581278efab1e57530b03113c46c6b/-6517227038549039937/Avatar_Female_Size02_Remielle_Ramiel_Ani_Skill02_AirState_Front.json
77cf75c8e05f57a0166618ca336a816df9605b57061e420e02e9ab55f9fb5fe5,9427,animations/scalar-recovered/full-source/24427665/CAB-033581278efab1e57530b03113c46c6b/-6517227038549039937/acl-database-bulk.bin
e1c055a86e410d656f9e50f441ae5b2b8e015ba1b9c4155de03b22a85b28c9be,37492,animations/scalar-recovered/full-source/24427665/CAB-033581278efab1e57530b03113c46c6b/-6517227038549039937/native-object.raw
36eb4aa666af515aeb7b8bcbc03979f2b92606f038d1be1b23ee38839380d544,334,animations/scalar-recovered/full-source/24427665/CAB-033581278efab1e57530b03113c46c6b/-6517227038549039937/streaming-info.json
e40b21bc64a50f019a23ec9f27e223c8b30326fa50446fed5ebc3bb610b3ed4a,247696,animations/scalar-recovered/full-source/24427665/CAB-08820125b7bf6b817e5b3618cd163e7b/-6643186981959506375/Avatar_Female_Size02_Remielle_Ramiel_Ani_Attack_Burst_Ex_Max01.json
5d478478ed940985fe6deaad50da8dae1ca7d0deb4a4e31ccad9001810a97d3f,9518,animations/scalar-recovered/full-source/24427665/CAB-08820125b7bf6b817e5b3618cd163e7b/-6643186981959506375/acl-database-bulk.bin
87af081ae490a59e173af2dd242da01a900c1aa338e2086183f6dd5b21ba4ac6,32036,animations/scalar-recovered/full-source/24427665/CAB-08820125b7bf6b817e5b3618cd163e7b/-6643186981959506375/native-object.raw
019dcdd95e43e820dc28f1c3412ffeee54e222f27260732a498f7ad1727115d1,334,animations/scalar-recovered/full-source/24427665/CAB-08820125b7bf6b817e5b3618cd163e7b/-6643186981959506375/streaming-info.json
0f4fe61353dc7f2da5fbf2618380cb63580c9ffe1adf8ece22ddc96f645dc0c2,249268,animations/scalar-recovered/full-source/24427665/CAB-09a485904e38c953a58ffc5e617a7fb0/8415560123460506923/Avatar_Female_Size02_Remielle_Ramiel_Ani_SwitchIn_Attack_Ex_Start.json
a32d7762f2c42bec4bc2cbf7ec82d30e61aa1799dc22a2c947850ab5df968197,9356,animations/scalar-recovered/full-source/24427665/CAB-09a485904e38c953a58ffc5e617a7fb0/8415560123460506923/acl-database-bulk.bin
e840acb5a81a32a86c529249c9b7a149a65c0cab6b770ed74a232ddd3c12c05a,33048,animations/scalar-recovered/full-source/24427665/CAB-09a485904e38c953a58ffc5e617a7fb0/8415560123460506923/native-object.raw
27f44d53638c7d8ee02b802948cd29187ec90d2a357f8c9a4e60d69b0c79795d,334,animations/scalar-recovered/full-source/24427665/CAB-09a485904e38c953a58ffc5e617a7fb0/8415560123460506923/streaming-info.json
a89602d3e10f91641aa80eab6739e0937d55b5e492deb6d01b382ca54b570d5a,242179,animations/scalar-recovered/full-source/24427665/CAB-09ef39187a2740f027e2e532e297e22d/-528873043306136799/Avatar_Female_Size02_Remielle_Ramiel_Ani_Walk_Start.json
2cd920e175a2103da08a1162a83f382ed22e2471a7ffa163a8819b6816a37ae8,5241,animations/scalar-recovered/full-source/24427665/CAB-09ef39187a2740f027e2e532e297e22d/-528873043306136799/acl-database-bulk.bin
f7633286405174c1165b1fdd98d6fd8fd096c5d2f0a48c9d7b4d453f4cea2eec,27736,animations/scalar-recovered/full-source/24427665/CAB-09ef39187a2740f027e2e532e297e22d/-528873043306136799/native-object.raw
5907c1a1d768222e99b7ebadbab13b56c0970a7dd95481d278174b629775c1b5,334,animations/scalar-recovered/full-source/24427665/CAB-09ef39187a2740f027e2e532e297e22d/-528873043306136799/streaming-info.json
d5b2bb1a97a66574a595797c02e785468d1a54b48511f43153704c81de8c1e82,247121,animations/scalar-recovered/full-source/24427665/CAB-11f61711d5fb5ea3877976d392f8216b/2078453431832017114/Avatar_Female_Size02_Remielle_Ramiel_Ani_Walk_to_Run_01.json
0e6b78a753cb58cea3aa4bc38f403a9d9ffd4b23af2ef81a5ec0fc1ad5e60abd,7626,animations/scalar-recovered/full-source/24427665/CAB-11f61711d5fb5ea3877976d392f8216b/2078453431832017114/acl-database-bulk.bin
21024d33282c321ece1e12051b80585cc400dd3d3895adcc7a6ac8656d2acfd3,31660,animations/scalar-recovered/full-source/24427665/CAB-11f61711d5fb5ea3877976d392f8216b/2078453431832017114/native-object.raw
1813568da5b8a791b48008a518fda0d6d48be69382a1dd0fa1b0c0124b957860,334,animations/scalar-recovered/full-source/24427665/CAB-11f61711d5fb5ea3877976d392f8216b/2078453431832017114/streaming-info.json
5e69cf514547657eb7d6189bc3a5b21c51baa9e78497d340e1be0256c52951f3,259974,animations/scalar-recovered/full-source/24427665/CAB-1863e057d3fae27883a1bb63f7f984c0/4549834553920584757/Avatar_Female_Size02_Remielle_Ani_Skill04_AirState_Back.json
33f533267b52358d2a1824593960093db7b9ef37aa92310e740c2dacf652aaa2,14413,animations/scalar-recovered/full-source/24427665/CAB-1863e057d3fae27883a1bb63f7f984c0/4549834553920584757/acl-database-bulk.bin
9db81c9fff233773ac644c265555bed1648ac267435a3f01ca58a387250843d4,41260,animations/scalar-recovered/full-source/24427665/CAB-1863e057d3fae27883a1bb63f7f984c0/4549834553920584757/native-object.raw
62135667f8d97d6f47bc823ebd8aa8a84b0eebc3818af62036dc47868bc60766,335,animations/scalar-recovered/full-source/24427665/CAB-1863e057d3fae27883a1bb63f7f984c0/4549834553920584757/streaming-info.json
c89f951ad01f44e340047820b4fa1d3e2cabdc1a51efc14e784be81d5e21d143,255717,animations/scalar-recovered/full-source/24427665/CAB-19b56fafd068f36be10d78fe98e88513/-8554636179666054150/Avatar_Female_Size02_Remielle_Ramiel_Ani_HitFly_Front.json
c9999d5174409cce8292469ccf7614e317c79ab73ad52ed979afa080741594d5,12186,animations/scalar-recovered/full-source/24427665/CAB-19b56fafd068f36be10d78fe98e88513/-8554636179666054150/acl-database-bulk.bin
a82c21c6b8a3748448ef458b15841477b379bebd38a5aec06f60f77526fcb552,37900,animations/scalar-recovered/full-source/24427665/CAB-19b56fafd068f36be10d78fe98e88513/-8554636179666054150/native-object.raw
315fd69e5318bd5dd3c80362b7b6acaeaa1d5f8c9541907574fdcb6a40d90a76,335,animations/scalar-recovered/full-source/24427665/CAB-19b56fafd068f36be10d78fe98e88513/-8554636179666054150/streaming-info.json
8e937a13f6e74846a3aff97fce182b283d30b55480e602425e1057c19f450924,246835,animations/scalar-recovered/full-source/24427665/CAB-1ea78866b09d4e0bc66b47a9acd3a7e4/-4103216256659258554/Avatar_Female_Size02_Remielle_Ramiel_Ani_Run_Transform_01.json
cf698b19290f2ec00f5ed2c4e034bb2eee5c501f252de588b3b465d41fb77441,7932,animations/scalar-recovered/full-source/24427665/CAB-1ea78866b09d4e0bc66b47a9acd3a7e4/-4103216256659258554/acl-database-bulk.bin
c15a22b81a1976a30514e9d38927b04322cf7d5d256db107047406d21d21a28e,31408,animations/scalar-recovered/full-source/24427665/CAB-1ea78866b09d4e0bc66b47a9acd3a7e4/-4103216256659258554/native-object.raw
250410d083cbd7438a25730a3bd239d1a007616e37fa06e98e2bb300a7957317,334,animations/scalar-recovered/full-source/24427665/CAB-1ea78866b09d4e0bc66b47a9acd3a7e4/-4103216256659258554/streaming-info.json
e1248540b9e3f40944e0c859f22b5fd8584cae376cde2301ee2abfa28dd6cfb2,258260,animations/scalar-recovered/full-source/24427665/CAB-247eabe2a495c8544558bd122a33d2c6/4394115493197169168/Avatar_Female_Size02_Remielle_Ramiel_Ani_Attack_ParryAid_Start.json
eb7c7bb59bf35ecb4529edf76bb797880cce016ac1541d0d7b690b41915a2225,11241,animations/scalar-recovered/full-source/24427665/CAB-247eabe2a495c8544558bd122a33d2c6/4394115493197169168/acl-database-bulk.bin
5220d180b754cab9f96df3e5f04207ed15247dbec9ef9320a5a1ef16240fffba,39956,animations/scalar-recovered/full-source/24427665/CAB-247eabe2a495c8544558bd122a33d2c6/4394115493197169168/native-object.raw
f0bb8691846cfec2ab1393e17ae0f4ac2f8e386e9f2b05b8ef9a39132880fdc4,335,animations/scalar-recovered/full-source/24427665/CAB-247eabe2a495c8544558bd122a33d2c6/4394115493197169168/streaming-info.json
e7b5f67dfee17f92eb8b491fd14d44d335e6592331ae8ef093b18bd0cd195a89,256332,animations/scalar-recovered/full-source/24427665/CAB-2759101c2667489da87a93662864bbc4/-3009937604114770906/Avatar_Female_Size02_Remielle_Ramiel_Ani_Finish_AirState_Front.json
ca2fb3ceafbd16ee536b6b637536f72658841face58b767734e07872fbcab48c,11892,animations/scalar-recovered/full-source/24427665/CAB-2759101c2667489da87a93662864bbc4/-3009937604114770906/acl-database-bulk.bin
3654cd5b6db1bb5724c7339dbc15084ff5e348fa5b4554e7f3472a30464663e6,38420,animations/scalar-recovered/full-source/24427665/CAB-2759101c2667489da87a93662864bbc4/-3009937604114770906/native-object.raw
ccdb40beb7e0347b81dd6748456807c4399c55b721b0fb2894bdc313c0a3fc0c,335,animations/scalar-recovered/full-source/24427665/CAB-2759101c2667489da87a93662864bbc4/-3009937604114770906/streaming-info.json
d78dc7f2db021ef45d04a24a876fec68d1d9aca1412566184ff6911ad042fb01,248002,animations/scalar-recovered/full-source/24427665/CAB-2dbdeb93600d0f68523e214379a91a47/121098104875113796/Avatar_Female_Size02_Remielle_Ramiel_Ani_Attack_Normal_04.json
070848346a5088b5af5a81291157761960393f1d9ab29b44e6f68d723db5717e,9582,animations/scalar-recovered/full-source/24427665/CAB-2dbdeb93600d0f68523e214379a91a47/121098104875113796/acl-database-bulk.bin
119dca3ed516fea9736ddda53d4c8e7c836a09b128ab2991f8dd10a5f5d9b2be,32176,animations/scalar-recovered/full-source/24427665/CAB-2dbdeb93600d0f68523e214379a91a47/121098104875113796/native-object.raw
dd3b34108535aad639ae25c103c0c72997cd7793c9b42ab727c00e0e8d4332a6,334,animations/scalar-recovered/full-source/24427665/CAB-2dbdeb93600d0f68523e214379a91a47/121098104875113796/streaming-info.json
280245b96c7b894a649d8b2c7cbd36535a9a8d1473efb07e8ffc51a735cb10c8,246682,animations/scalar-recovered/full-source/24427665/CAB-2dbdeb93600d0f68523e214379a91a47/8291586285571566356/Avatar_Female_Size02_Remielle_Ramiel_Ani_Attack_Normal_04_End.json
e2fffc03e3442a457c6ec007c957103def17583f9d85cc3df02b950edd32a266,6077,animations/scalar-recovered/full-source/24427665/CAB-2dbdeb93600d0f68523e214379a91a47/8291586285571566356/acl-database-bulk.bin
012c50e023eb5de7aac28e5768d89ba45053d31be3d16e4e5d591d4a346d5930,31108,animations/scalar-recovered/full-source/24427665/CAB-2dbdeb93600d0f68523e214379a91a47/8291586285571566356/native-object.raw
39e82960ea63233a0d0a3bf00d5dc268cb29aff9359ccceb6cbc3aa81a7ed41f,337,animations/scalar-recovered/full-source/24427665/CAB-2dbdeb93600d0f68523e214379a91a47/8291586285571566356/streaming-info.json
c87e51d40eff13979d452c829115c21bdf0eac4ebc9eef489930100e0a8ca819,247859,animations/scalar-recovered/full-source/24427665/CAB-3169914aacc4dcb4957ed488584f3963/-8290846150353637863/Avatar_Female_Size02_Remielle_Ramiel_Ani_Hit_L_Front.json
4e780a98b7bf18dd37d962f2b5dfbaed781c867f2d9401e1f87db877fc1a2972,6683,animations/scalar-recovered/full-source/24427665/CAB-3169914aacc4dcb4957ed488584f3963/-8290846150353637863/acl-database-bulk.bin
bb143eaa4379f3b4b8d85774ded9c918c8f749d2a042687fea83241e55027ff4,32008,animations/scalar-recovered/full-source/24427665/CAB-3169914aacc4dcb4957ed488584f3963/-8290846150353637863/native-object.raw
1f33252fe6e63716efdad94cb436ade6ab990edfc1bd1a2f43bbb16d19e0ff76,334,animations/scalar-recovered/full-source/24427665/CAB-3169914aacc4dcb4957ed488584f3963/-8290846150353637863/streaming-info.json
1c0b6b10fb4375d52166fb8a247efefe1be23aa040b5f143f8e46531e6b08779,241079,animations/scalar-recovered/full-source/24427665/CAB-3321e6401c930a139981e26f6bf4068d/1693281251034968939/Avatar_Female_Size02_Remielle_Ramiel_Ani_Attack_Special_End.json
2885323445304ee4ed9146d935835ee9166effab046d5e90662fbf901215ae80,3296,animations/scalar-recovered/full-source/24427665/CAB-3321e6401c930a139981e26f6bf4068d/1693281251034968939/acl-database-bulk.bin
94097d7cab434814209aabf12cc6f9dc5b24fd0efa83fbc76ef0394f1ac44e18,26928,animations/scalar-recovered/full-source/24427665/CAB-3321e6401c930a139981e26f6bf4068d/1693281251034968939/native-object.raw
1c6ae5d9b498465dc41e81722b9cbe98ab6744a2eb7199d34e7ceb42a45c559c,334,animations/scalar-recovered/full-source/24427665/CAB-3321e6401c930a139981e26f6bf4068d/1693281251034968939/streaming-info.json
b47b53a07829442369add1de2134849abbf74c45708f769d82e8a061cc3304ec,239584,animations/scalar-recovered/full-source/24427665/CAB-3321e6401c930a139981e26f6bf4068d/7219462307831516796/Avatar_Female_Size02_Remielle_Ramiel_Ani_Attack_Special.json
7700761a26be1dafbb72693ad7c94030a60120c810ad116cba411ae8e9123740,3689,animations/scalar-recovered/full-source/24427665/CAB-3321e6401c930a139981e26f6bf4068d/7219462307831516796/acl-database-bulk.bin
9bcfd2e7687e0c1dc23c6f06c3fb9bf3ca3d2a2308e922cee1a6c774eed756bc,25836,animations/scalar-recovered/full-source/24427665/CAB-3321e6401c930a139981e26f6bf4068d/7219462307831516796/native-object.raw
124b357d31bf7bf4b982a957a0585c24cce76a00add5c5a629c5ace2154b14e2,337,animations/scalar-recovered/full-source/24427665/CAB-3321e6401c930a139981e26f6bf4068d/7219462307831516796/streaming-info.json
5c9f0ed214968257a352103f76bb639ef3b95fde6a991059adeed6653f180520,248038,animations/scalar-recovered/full-source/24427665/CAB-3d3e45dc4db8b5594d6abfc28313ffdc/-8719144203074324110/Avatar_Female_Size02_Remielle_Ramiel_Ani_Attack_Normal_02.json
3d936d13e4bc497d9118f3996221a5321918fd23761c2a94fa6fe5f8d31f6718,9213,animations/scalar-recovered/full-source/24427665/CAB-3d3e45dc4db8b5594d6abfc28313ffdc/-8719144203074324110/acl-database-bulk.bin
8a530d427d7816efbb90beccd42e5eaae3540aceecebf08989f6714d928cc8f2,32176,animations/scalar-recovered/full-source/24427665/CAB-3d3e45dc4db8b5594d6abfc28313ffdc/-8719144203074324110/native-object.raw
4898db6ce1ebbe8ca0cb4b31212c62c801de8ed0b5ca982a52ef5d1cad2b0d5a,334,animations/scalar-recovered/full-source/24427665/CAB-3d3e45dc4db8b5594d6abfc28313ffdc/-8719144203074324110/streaming-info.json
57db2ef3ecd94b9e44fd133b0e7f90c3b265fa5aa921a4e92ea7213b674e0c1d,244923,animations/scalar-recovered/full-source/24427665/CAB-3d3e45dc4db8b5594d6abfc28313ffdc/6256007830914868788/Avatar_Female_Size02_Remielle_Ramiel_Ani_Attack_Normal_02_End.json
526065a23404bd02617b17c13e1e524912dfad2de0b9cb51b9985f1bb4fa78ae,5296,animations/scalar-recovered/full-source/24427665/CAB-3d3e45dc4db8b5594d6abfc28313ffdc/6256007830914868788/acl-database-bulk.bin
6c78607fa16b71f16c9144aeca434aa46de6d373304674bf0ed15f2ce9110b42,30036,animations/scalar-recovered/full-source/24427665/CAB-3d3e45dc4db8b5594d6abfc28313ffdc/6256007830914868788/native-object.raw
2a33e28162cede35a335c1717a0e484959b674a98f24592cae05084edcb7a870,337,animations/scalar-recovered/full-source/24427665/CAB-3d3e45dc4db8b5594d6abfc28313ffdc/6256007830914868788/streaming-info.json
bda261f915559e128616c8bf17a5f016fa224515a7056568823cc19c41c43e4e,253487,animations/scalar-recovered/full-source/24427665/CAB-4098f62ae559142b6300765cb0c947d1/2210216557264874234/Avatar_Female_Size02_Remielle_Ramiel_Ani_Hit_H_Front.json
3e0e5e411d0489e16d16ae5533352f3febc2d01f29ebabe26a6e3cd823ec5aa0,11096,animations/scalar-recovered/full-source/24427665/CAB-4098f62ae559142b6300765cb0c947d1/2210216557264874234/acl-database-bulk.bin
14cd2cffe43f26d0c49a31903589b3eb325db0a0cd5a7e0fd3bd362f7c6f8bc7,36248,animations/scalar-recovered/full-source/24427665/CAB-4098f62ae559142b6300765cb0c947d1/2210216557264874234/native-object.raw
1a628058f20f0c576156a282a4c6426e160730aafc85a9f58e04f2c8162961e6,335,animations/scalar-recovered/full-source/24427665/CAB-4098f62ae559142b6300765cb0c947d1/2210216557264874234/streaming-info.json
298ce0835e68477772f3fd4d9f319280c6cd468a8173277eb31e8c40dabfcffa,253752,animations/scalar-recovered/full-source/24427665/CAB-4a0ebf1132d3ef976542cf8c0b9a499d/4685584786270174034/Avatar_Female_Size02_Remielle_Ramiel_Ani_Attack_ParryAid_L_End.json
b1f22d7ee5de0bfee814094bef4a0102bcceea05ca6f4fdfaeb3e115c63b9f34,8386,animations/scalar-recovered/full-source/24427665/CAB-4a0ebf1132d3ef976542cf8c0b9a499d/4685584786270174034/acl-database-bulk.bin
10af54bf3f4b2eed5a8f8cab64389ff6d07578714b7ee00e6c54c4b237685617,36388,animations/scalar-recovered/full-source/24427665/CAB-4a0ebf1132d3ef976542cf8c0b9a499d/4685584786270174034/native-object.raw
4abca3e9eccf4c2eda8d26c922a27241dca41c866c04ded8e4f67975153cea5b,334,animations/scalar-recovered/full-source/24427665/CAB-4a0ebf1132d3ef976542cf8c0b9a499d/4685584786270174034/streaming-info.json
16495bcfded85fa83569230739e27a472d57122c834e0eaedb5122f43ff3d9b7,237480,animations/scalar-recovered/full-source/24427665/CAB-4a0ebf1132d3ef976542cf8c0b9a499d/5772246477562249339/Avatar_Female_Size02_Remielle_Ramiel_Ani_Attack_ParryAid_L.json
a2246df2f6ccff68f766bba571e1dd15c956b39eeabac7ca1d851c4c5c7d1e17,1865,animations/scalar-recovered/full-source/24427665/CAB-4a0ebf1132d3ef976542cf8c0b9a499d/5772246477562249339/acl-database-bulk.bin
2cc9009c266aba44ab5211583e889cce2c7ffa7434a88666ed49474c4b082e96,24320,animations/scalar-recovered/full-source/24427665/CAB-4a0ebf1132d3ef976542cf8c0b9a499d/5772246477562249339/native-object.raw
f155a882662205aa31f8785056e0ac1b2396ad0f2f05aaf58e46ac5f1ca7a326,337,animations/scalar-recovered/full-source/24427665/CAB-4a0ebf1132d3ef976542cf8c0b9a499d/5772246477562249339/streaming-info.json
ae15f0f1609428e0a225f8d834be210dcf68a4515480ec0d8b7ab3de98ab1721,247135,animations/scalar-recovered/full-source/24427665/CAB-56e0df31a81aaacb92b832fdff073966/-3249374020852526832/Avatar_Female_Size02_Remielle_Ramiel_Ani_Attack_Normal_01.json
e905d59f170864a2065d9014d6c3d8b0b9275b307befc0043eee558314172fd4,8012,animations/scalar-recovered/full-source/24427665/CAB-56e0df31a81aaacb92b832fdff073966/-3249374020852526832/acl-database-bulk.bin
43cd392591ec8f00d8c8f6bf634e4a0bde7586b23e40e105194329f2b7900c6b,31696,animations/scalar-recovered/full-source/24427665/CAB-56e0df31a81aaacb92b832fdff073966/-3249374020852526832/native-object.raw
c932a6da65a3954dbbbd575c072c2ba8f4c3795c52d2adbb6be488f6a8fcef22,334,animations/scalar-recovered/full-source/24427665/CAB-56e0df31a81aaacb92b832fdff073966/-3249374020852526832/streaming-info.json
328375d0b7d1662ebfae153ea889edac166495d6b05b7e273ce3e5a1e7905a12,245844,animations/scalar-recovered/full-source/24427665/CAB-56e0df31a81aaacb92b832fdff073966/-388221891442973477/Avatar_Female_Size02_Remielle_Ramiel_Ani_Attack_Normal_01_End.json
a5c6fe651394ec3869a80c56b90b9186e8a8648eefbebaeed868408bb943e85c,5276,animations/scalar-recovered/full-source/24427665/CAB-56e0df31a81aaacb92b832fdff073966/-388221891442973477/acl-database-bulk.bin
b5f5f8eaa4b9c0f77c2d5e71174ce4b20bff43ed3b1e64c6da465e9cba5e2adb,30516,animations/scalar-recovered/full-source/24427665/CAB-56e0df31a81aaacb92b832fdff073966/-388221891442973477/native-object.raw
c56af75780e02b3eab190c724b2d77631c73e1a815f724a4a0602de02b07fc59,337,animations/scalar-recovered/full-source/24427665/CAB-56e0df31a81aaacb92b832fdff073966/-388221891442973477/streaming-info.json
5e1e3a9cc68ac838c545be794db294deb8b8a0700386a6979ed18fb23ecccc0b,244931,animations/scalar-recovered/full-source/24427665/CAB-58215d85374a5041bbb255c71e4aba54/-8919022182120865358/Avatar_Female_Size02_Remielle_Ramiel_Ani_Move_F_AirBack_Loop.json
d8786dbae959049d699c17229e04713e9d0d8ccc419ae577385320371d6956a6,6275,animations/scalar-recovered/full-source/24427665/CAB-58215d85374a5041bbb255c71e4aba54/-8919022182120865358/acl-database-bulk.bin
eb8543c6c03ff48368b77d62912ea542451786f7c208e33bf68777fe29ef522b,30000,animations/scalar-recovered/full-source/24427665/CAB-58215d85374a5041bbb255c71e4aba54/-8919022182120865358/native-object.raw
28dd6eabd81415a3d40fd125647ef64dc65cfc4e81bca85b46853cf225030de0,334,animations/scalar-recovered/full-source/24427665/CAB-58215d85374a5041bbb255c71e4aba54/-8919022182120865358/streaming-info.json
a4574884ccee8db247f9e217623837d5bedfe401febb11a97733428df97ecd58,243870,animations/scalar-recovered/full-source/24427665/CAB-59950699f8393536cc14e8e711c7814b/1907580553361577124/Avatar_Female_Size02_Remielle_Ramiel_Ani_Attack_ChangeState.json
5e4a36ce47c9c9cb5b82911a09cda918b6f4e0d3cae5f89b8db34ff75194b6d0,5693,animations/scalar-recovered/full-source/24427665/CAB-59950699f8393536cc14e8e711c7814b/1907580553361577124/acl-database-bulk.bin
e4170dbc0b014299a66f8561e82a2169d5432e0fd6e1e56030cbf9f9018f929f,29168,animations/scalar-recovered/full-source/24427665/CAB-59950699f8393536cc14e8e711c7814b/1907580553361577124/native-object.raw
c1cb728f5b2883a75ea878bebdc2b541f3bf562d1b4c5e8ae21cb47243cd8cae,334,animations/scalar-recovered/full-source/24427665/CAB-59950699f8393536cc14e8e711c7814b/1907580553361577124/streaming-info.json
d593105b004e2a5d1c383b753f9634f8baeb9977044210dcf2f6da96a0c4baae,239631,animations/scalar-recovered/full-source/24427665/CAB-59c5bbbe266c7018425cbb0115aae3a4/-838860191351508895/Avatar_Female_Size02_Remielle_Ramiel_Ani_SwitchOut_Normal.json
8fe6c4662e8e3e2cc1d4bd866761cf4afc3a488287f31593fa9e83426288d7fa,3334,animations/scalar-recovered/full-source/24427665/CAB-59c5bbbe266c7018425cbb0115aae3a4/-838860191351508895/acl-database-bulk.bin
821ee29fa25a64e406447f3af5a027fd2b2cb8b366ca3553d9ba0522ea3cfb70,25792,animations/scalar-recovered/full-source/24427665/CAB-59c5bbbe266c7018425cbb0115aae3a4/-838860191351508895/native-object.raw
2f7b06ea520789a95dc8974a13c566da500ffeaea99f643f54f2a2d8e2a6aac1,334,animations/scalar-recovered/full-source/24427665/CAB-59c5bbbe266c7018425cbb0115aae3a4/-838860191351508895/streaming-info.json
9ef7d14b2d535a6c9ee7ea3404fb608f0c66e7be2d2a7d86e976e3f246aecdb1,253944,animations/scalar-recovered/full-source/24427665/CAB-59eec167a8a1403cba6af340c962e93a/-3014174931728632831/Avatar_Female_Size02_Remielle_Ramiel_Ani_Evade_Back_02.json
acf138f4b3523c9b7e3c550e29177bbd098e3d3c63e9f08739a9caa90e0772a0,10243,animations/scalar-recovered/full-source/24427665/CAB-59eec167a8a1403cba6af340c962e93a/-3014174931728632831/acl-database-bulk.bin
8ac4ff7ca253f3b4b01b358a30ef5a77998f4f55e7e0d0eaa079cbd0581a7869,36508,animations/scalar-recovered/full-source/24427665/CAB-59eec167a8a1403cba6af340c962e93a/-3014174931728632831/native-object.raw
8c1e3c1d7dd9d8e90e9839f725a270d5c9f603b82a87acbaa744dcb7e2d066bd,335,animations/scalar-recovered/full-source/24427665/CAB-59eec167a8a1403cba6af340c962e93a/-3014174931728632831/streaming-info.json
a93ce4e654be8591eddb9e20edf4eaf99c7a8981a143f469f3d4ad2cdf9095d0,258615,animations/scalar-recovered/full-source/24427665/CAB-6057e5b426b43f8d0f6e954f8882d737/7725782524280589625/Avatar_Female_Size02_Remielle_Ramiel_Ani_SwitchIn_Normal.json
fb386ac6bec2d82439d350210069b7493881980f8c3c57a557bb228936afd3b1,12798,animations/scalar-recovered/full-source/24427665/CAB-6057e5b426b43f8d0f6e954f8882d737/7725782524280589625/acl-database-bulk.bin
4f31534ebc800c710098d884eaa74a75906fb5b24e8ef9d9592a0473a03a6aaa,40172,animations/scalar-recovered/full-source/24427665/CAB-6057e5b426b43f8d0f6e954f8882d737/7725782524280589625/native-object.raw
182596ef7369e5fe10677218deb3b913b79b1d7ba1c769958b91ee3c37ece981,335,animations/scalar-recovered/full-source/24427665/CAB-6057e5b426b43f8d0f6e954f8882d737/7725782524280589625/streaming-info.json
554aaf99406cdc6c964d12daf9501934bce9f7721c6933c0f32bbd8f7ff834e5,244024,animations/scalar-recovered/full-source/24427665/CAB-60e18895b6cab9f6aed209c8e06671c9/-1339668576400779210/Avatar_Female_Size02_Remielle_Ramiel_Ani_Attack_ChangeState_02.json
167b67a638b8ed6e6782ef53afdcbaf867e68bf40364374f5024ac429ef55966,6135,animations/scalar-recovered/full-source/24427665/CAB-60e18895b6cab9f6aed209c8e06671c9/-1339668576400779210/acl-database-bulk.bin
89d36a053330aca9142cd43116c22b7cc32e8d7e43c58a1ea710efbd09869d49,29252,animations/scalar-recovered/full-source/24427665/CAB-60e18895b6cab9f6aed209c8e06671c9/-1339668576400779210/native-object.raw
ccf9ae85550a83342dade911fa7a514bf74b9c8dc6639588df06d1eaa8749ad8,334,animations/scalar-recovered/full-source/24427665/CAB-60e18895b6cab9f6aed209c8e06671c9/-1339668576400779210/streaming-info.json
d6c998fbd00e9e1d2238e76dfc7d881a11205d574d3f9dd70b2c91ea445ca715,246561,animations/scalar-recovered/full-source/24427665/CAB-6adcbbac80a1fda0d99823bd6bd22c96/-4936901184626308490/Avatar_Female_Size02_Remielle_Ramiel_Ani_Dash_Loop.json
aa7288ef62f0cabf7dc024065ddb83a880ba99e424bc11e056dc5399b0a53071,6417,animations/scalar-recovered/full-source/24427665/CAB-6adcbbac80a1fda0d99823bd6bd22c96/-4936901184626308490/acl-database-bulk.bin
3d018b8a1a819288975512a7753a7e99e1ce8c01c9c0844b2cc1228dd01a5617,31016,animations/scalar-recovered/full-source/24427665/CAB-6adcbbac80a1fda0d99823bd6bd22c96/-4936901184626308490/native-object.raw
7d0f63672d43e459e5d4c76bf5a6b2ee6e6c4bbe7ae6b1a42b70d8ec6b804bee,334,animations/scalar-recovered/full-source/24427665/CAB-6adcbbac80a1fda0d99823bd6bd22c96/-4936901184626308490/streaming-info.json
63652a59a18fcaefa807b3979e3d97e569a47a266b65b696c0935504e9f6774c,255275,animations/scalar-recovered/full-source/24427665/CAB-6cc75649fbd2a348e6b9deaf520ecfb0/-9024846054327176239/Avatar_Female_Size02_Remielle_Ramiel_Ani_Evade_Back.json
4d12853f1b21adde3a980e44153960f74760327fd78f70602dc8861bfcab1ae0,10123,animations/scalar-recovered/full-source/24427665/CAB-6cc75649fbd2a348e6b9deaf520ecfb0/-9024846054327176239/acl-database-bulk.bin
5208e75f74f39cc13c4dc326311ecba4553af2a707bcd2b76fee48b37dc9dff4,37496,animations/scalar-recovered/full-source/24427665/CAB-6cc75649fbd2a348e6b9deaf520ecfb0/-9024846054327176239/native-object.raw
47b38be437a83c9c41cf4a57149dbc78209376cef4ee26cdf565421bcfd7818b,335,animations/scalar-recovered/full-source/24427665/CAB-6cc75649fbd2a348e6b9deaf520ecfb0/-9024846054327176239/streaming-info.json
b2677b734fc19360e923af90a595ff4a16afe08d01b2f670604feda926526ff9,247108,animations/scalar-recovered/full-source/24427665/CAB-6f4095b29b26e5771e6115f35b02adb7/2026252991653746316/Avatar_Female_Size02_Remielle_Ramiel_Ani_Run_Loop_02.json
333de9abebdc8594cf1d24fef88ce345df525807663c712b98969356c58318ec,7681,animations/scalar-recovered/full-source/24427665/CAB-6f4095b29b26e5771e6115f35b02adb7/2026252991653746316/acl-database-bulk.bin
1a0be360f9003d230394b7bc6b1eb8e82b2a50f45ebd5b4a7557141207a45d8b,31560,animations/scalar-recovered/full-source/24427665/CAB-6f4095b29b26e5771e6115f35b02adb7/2026252991653746316/native-object.raw
9727608862dd9c08d162936525f225ff16e66fe726e59ea7283c9f08f31be510,334,animations/scalar-recovered/full-source/24427665/CAB-6f4095b29b26e5771e6115f35b02adb7/2026252991653746316/streaming-info.json
6f1fbd0dc896f5e7e3c994647b04a125b6c6b2468d88d0117b326cf62b03fe10,259753,animations/scalar-recovered/full-source/24427665/CAB-70591b070c367c4966cb7415f773dd09/1461950307909480746/Avatar_Female_Size02_Remielle_Ramiel_Ani_Evade_Front.json
e01c6e14ec694d5163834786e5b084d126b8bc3e32db566449a1ab9804fdf534,12623,animations/scalar-recovered/full-source/24427665/CAB-70591b070c367c4966cb7415f773dd09/1461950307909480746/acl-database-bulk.bin
bc0de6074aaa3742f3970f8df8c95baf742509c9e8223a572ba893e7c65261d0,40984,animations/scalar-recovered/full-source/24427665/CAB-70591b070c367c4966cb7415f773dd09/1461950307909480746/native-object.raw
478f84efab7d6c94dc3b219bbb67a3ff1ef7634e47a89149c1f82f532beb6e66,335,animations/scalar-recovered/full-source/24427665/CAB-70591b070c367c4966cb7415f773dd09/1461950307909480746/streaming-info.json
adb93d8ae997c417cc9e6239fd0f7cc4d79e420d1eadc47c47eb193b5d62d808,239733,animations/scalar-recovered/full-source/24427665/CAB-70c0173c75bb3a38dd3530b65d44a09b/-2804394262860721260/Avatar_Female_Size02_Remielle_Ramiel_Ani_Attack_ParryAid_H.json
b325fa8cfb83eee110e37252e568b67b17c496da0689ab29913c25cdeab6842d,3563,animations/scalar-recovered/full-source/24427665/CAB-70c0173c75bb3a38dd3530b65d44a09b/-2804394262860721260/acl-database-bulk.bin
6031851c1dacfa806f18b6d98980353c8a03271b68df760da0c1352874864e9a,26080,animations/scalar-recovered/full-source/24427665/CAB-70c0173c75bb3a38dd3530b65d44a09b/-2804394262860721260/native-object.raw
715403010412467d0e9f166a14a50a69860cc69861916aaa34efe8183e7541d6,337,animations/scalar-recovered/full-source/24427665/CAB-70c0173c75bb3a38dd3530b65d44a09b/-2804394262860721260/streaming-info.json
0b9d90eeb5de95a0eb263f6d3a6265887c056a546b9bdbbda61300052f693ee1,247088,animations/scalar-recovered/full-source/24427665/CAB-70c0173c75bb3a38dd3530b65d44a09b/-3416773218764856396/Avatar_Female_Size02_Remielle_Ramiel_Ani_Attack_ParryAid_H_End.json
4e5d727164c2fd3ab9657202bfbaddf1d6f765a97260b7a50b660f63400bcca8,6353,animations/scalar-recovered/full-source/24427665/CAB-70c0173c75bb3a38dd3530b65d44a09b/-3416773218764856396/acl-database-bulk.bin
d02394c1d8bfc0200d58d8d1b9b32469a0ba35e972bf62a995c2c6608c12e4e4,31492,animations/scalar-recovered/full-source/24427665/CAB-70c0173c75bb3a38dd3530b65d44a09b/-3416773218764856396/native-object.raw
afb097cf21b0b2d45cf3567c7d396183b9df6f01053a39f2d2f95814e07723fa,334,animations/scalar-recovered/full-source/24427665/CAB-70c0173c75bb3a38dd3530b65d44a09b/-3416773218764856396/streaming-info.json
125dc3726dc79bfcca17cea7dba1e10a3af4c009ed8269cfd1115613a1d74307,243211,animations/scalar-recovered/full-source/24427665/CAB-73a08bd0a8b0cfc0ff517ae27cba4e4f/-6464914983828472718/Avatar_Female_Size02_Remielle_Ramiel_Ani_Attack_AssaultAid.json
f9d915c205173e2dbffc4e6869131fdcb60dd85e18ca796c0402ee235bad2ff5,5245,animations/scalar-recovered/full-source/24427665/CAB-73a08bd0a8b0cfc0ff517ae27cba4e4f/-6464914983828472718/acl-database-bulk.bin
a5c34995ed12b6453c5bc2e9f36c07561e76f47a68db4ec8893e7274b0cbb04d,28528,animations/scalar-recovered/full-source/24427665/CAB-73a08bd0a8b0cfc0ff517ae27cba4e4f/-6464914983828472718/native-object.raw
51b894938946d3abd78c68238ee7eede93c9e71c1afc39bcc559ac553229f7f9,337,animations/scalar-recovered/full-source/24427665/CAB-73a08bd0a8b0cfc0ff517ae27cba4e4f/-6464914983828472718/streaming-info.json
fa92d1dbca45d1eec1061009ab49ddd43bb7de2d11ee73ec7d1418045ec0630e,251730,animations/scalar-recovered/full-source/24427665/CAB-73a08bd0a8b0cfc0ff517ae27cba4e4f/-6558840696806598916/Avatar_Female_Size02_Remielle_Ramiel_Ani_Attack_AssaultAid_End.json
57165a5501c1f2d539ac57d2ba4cc0721b9f3f2b3b0a9f2e5271f00a35d57761,8923,animations/scalar-recovered/full-source/24427665/CAB-73a08bd0a8b0cfc0ff517ae27cba4e4f/-6558840696806598916/acl-database-bulk.bin
63a299864a1aea1a81e9ba5c40c4f62b3e1358c1de57907dc70dd9829a008a3c,34916,animations/scalar-recovered/full-source/24427665/CAB-73a08bd0a8b0cfc0ff517ae27cba4e4f/-6558840696806598916/native-object.raw
05c093517f0186d44be276fdd65c6f0c180e4ee52b32eb612e817d9d12ffd79e,334,animations/scalar-recovered/full-source/24427665/CAB-73a08bd0a8b0cfc0ff517ae27cba4e4f/-6558840696806598916/streaming-info.json
c68987a2b825a03fa57929d39ffb57ef6a2836730606d672c1bf31431718430f,244897,animations/scalar-recovered/full-source/24427665/CAB-748a34dca84327bc625dff092d29280c/5235142190664765940/Avatar_Female_Size02_Remielle_Ramiel_Ani_Idle_Loop.json
60bbcbb0262bb62673c4264ab68e7047a58b8364e7a3e61a2f55aa06030b4683,5101,animations/scalar-recovered/full-source/24427665/CAB-748a34dca84327bc625dff092d29280c/5235142190664765940/acl-database-bulk.bin
29a0b24913f1523bce0e1866007b9e365cc67d9b36556d32ee2872e292af2798,29720,animations/scalar-recovered/full-source/24427665/CAB-748a34dca84327bc625dff092d29280c/5235142190664765940/native-object.raw
fb0bc03cebab3e8aa5f360db6a0a57cb48ec5bee8561ea246e226f7150140e98,334,animations/scalar-recovered/full-source/24427665/CAB-748a34dca84327bc625dff092d29280c/5235142190664765940/streaming-info.json
005df405d9c338bdd85618203084f44583824bdc728ce731697c9e8b6b2cea60,263280,animations/scalar-recovered/full-source/24427665/CAB-7a060b11843c8865f1ec60614748d6de/-3299140258923407797/Avatar_Female_Size02_Remielle_Ramiel_Ani_QuestStart.json
33977cfc280118f0abb71cca89a7f328fc7ee0928b2addb81ea509f990e14cb9,16589,animations/scalar-recovered/full-source/24427665/CAB-7a060b11843c8865f1ec60614748d6de/-3299140258923407797/acl-database-bulk.bin
068144fc9d8fec3957cca0ca33bf04eeb2642536e198d5e48a454a6d3bde6186,43624,animations/scalar-recovered/full-source/24427665/CAB-7a060b11843c8865f1ec60614748d6de/-3299140258923407797/native-object.raw
6cd1e92683f50ada8f9a3a9993ea71f2be865ab9618d7853768bd5450996b80a,335,animations/scalar-recovered/full-source/24427665/CAB-7a060b11843c8865f1ec60614748d6de/-3299140258923407797/streaming-info.json
40049addc216b1828a81a344a7a30b31fb830510bf8c1e7184fb0c1d224334f9,245692,animations/scalar-recovered/full-source/24427665/CAB-7b8912ed168e93725571e463e95560ba/7366388199801043579/Avatar_Female_Size02_Remielle_Ramiel_Ani_Run_Transform_02.json
171b8bb3f157ee1091eda8b5b50fc2009d15372adb2be56268dda9ce06b58431,6678,animations/scalar-recovered/full-source/24427665/CAB-7b8912ed168e93725571e463e95560ba/7366388199801043579/acl-database-bulk.bin
46ea7691067151d99604e5f7c90a3be4e17b8ba30d5409b147c099ce2e6854c5,30480,animations/scalar-recovered/full-source/24427665/CAB-7b8912ed168e93725571e463e95560ba/7366388199801043579/native-object.raw
d2d301b8d8f13bdf4e5ea7035a09361ecf15f23e344a5ee9ea652196a59c8371,334,animations/scalar-recovered/full-source/24427665/CAB-7b8912ed168e93725571e463e95560ba/7366388199801043579/streaming-info.json
edf7c1124883ac6f8ff5ebe351b2dd8486ee2b9b38a2ed59161b6f2a62bee71a,238866,animations/scalar-recovered/full-source/24427665/CAB-809407bd67df85975ce73f0327660f97/2604241952422896524/Avatar_Female_Size02_Remielle_Ramiel_Ani_SwitchOut_AirState_Back.json
04bc048999374e76611e4584ed0aa41aac844356ea133b0bfa5af0567cf6e896,2687,animations/scalar-recovered/full-source/24427665/CAB-809407bd67df85975ce73f0327660f97/2604241952422896524/acl-database-bulk.bin
e87030180ae6bcbc671faedfa2818b57124e71805d163e3d8b131e915ec4f77b,25220,animations/scalar-recovered/full-source/24427665/CAB-809407bd67df85975ce73f0327660f97/2604241952422896524/native-object.raw
43471421281ec4500035341ba44d31a4c6f94e8482d66b0999a93ce31249e466,334,animations/scalar-recovered/full-source/24427665/CAB-809407bd67df85975ce73f0327660f97/2604241952422896524/streaming-info.json
7ece4d73d614a915b3526207929bc23f04fe485fecc2ec98bf060bf7584cce66,252267,animations/scalar-recovered/full-source/24427665/CAB-8442043eec25932a90a631b649ac63e3/-6307593822715848178/Avatar_Female_Size02_Remielle_Ramiel_Ani_SwitchIn_Attack_End.json
30e0ba416177ee67a560431596503274ecb2488c8eb373f46515bb3b70c45f75,9981,animations/scalar-recovered/full-source/24427665/CAB-8442043eec25932a90a631b649ac63e3/-6307593822715848178/acl-database-bulk.bin
96b8a9f809b68080589e4ae8001133551d6c015203ee4e3fc8a1f0ec631b597d,35328,animations/scalar-recovered/full-source/24427665/CAB-8442043eec25932a90a631b649ac63e3/-6307593822715848178/native-object.raw
717ea6b031a2f6faf9d80a5e455d8dd0aff75c85534b885a7eb1d08100b8467b,334,animations/scalar-recovered/full-source/24427665/CAB-8442043eec25932a90a631b649ac63e3/-6307593822715848178/streaming-info.json
bb1515db4e3a63c351c63ba8092503343909d8d93d36ca35aa8faf8087561146,245231,animations/scalar-recovered/full-source/24427665/CAB-8442043eec25932a90a631b649ac63e3/1819793502282694026/Avatar_Female_Size02_Remielle_Ramiel_Ani_SwitchIn_Attack.json
072de3f7bc6f51a765f39e503e5af40f495736c22cc62b2d5b7f457be3fa81b9,5770,animations/scalar-recovered/full-source/24427665/CAB-8442043eec25932a90a631b649ac63e3/1819793502282694026/acl-database-bulk.bin
87dcaf89205d6ddf97ee7bb0c94783850c84b4a5e8a3a3881c8883d2d3c64550,30236,animations/scalar-recovered/full-source/24427665/CAB-8442043eec25932a90a631b649ac63e3/1819793502282694026/native-object.raw
0ec9cb9ed9780e79d7aafb62504c4f0864360ba8bd68230a8ac5d00d7abc0da0,337,animations/scalar-recovered/full-source/24427665/CAB-8442043eec25932a90a631b649ac63e3/1819793502282694026/streaming-info.json
ff2395a5db2f603e3ec1289caef2c5e88740fe38745a27a92366c2afe50c75a4,249557,animations/scalar-recovered/full-source/24427665/CAB-87b041ee67052d246c6db5312981185f/-6237851381448035536/Avatar_Female_Size02_Remielle_Ramiel_Ani_Finish_Ex_AirState_Start.json
ffd9b425f45680b9932efa14b67e07977643375c93827cb2fceaa9a4dd8531a4,8169,animations/scalar-recovered/full-source/24427665/CAB-87b041ee67052d246c6db5312981185f/-6237851381448035536/acl-database-bulk.bin
2f80378b94487e7be2584b6a25364bee0be234ea643217661219181ddbd4df0b,33448,animations/scalar-recovered/full-source/24427665/CAB-87b041ee67052d246c6db5312981185f/-6237851381448035536/native-object.raw
e0a6d8eeb00dc40143460fadb893d7ca7b23aa5ace866b54b2d5f295d964f923,334,animations/scalar-recovered/full-source/24427665/CAB-87b041ee67052d246c6db5312981185f/-6237851381448035536/streaming-info.json
26871bac39f9ee660a6def135873a0493cd2dd651532bc7735c75859bbf8e938,265572,animations/scalar-recovered/full-source/24427665/CAB-88ec486042300a04ea40525a3857691f/2768668869121923397/Avatar_Female_Size02_Remielle_Ramiel_Ani_SwitchIn_Attack_Ex.json
83d53bdbea5ea0cd0eb9c0ac5b85f982ef95d90782b72f5e0c5d64e3b38fdb19,16555,animations/scalar-recovered/full-source/24427665/CAB-88ec486042300a04ea40525a3857691f/2768668869121923397/acl-database-bulk.bin
bc13ad00ea731fc67dc0669fbb42b618d06d2c7a404043342117870cabc05a68,45472,animations/scalar-recovered/full-source/24427665/CAB-88ec486042300a04ea40525a3857691f/2768668869121923397/native-object.raw
a295e7d34a4e9787f6d69263935a2a20a1f17da7e3b84869e0f0e221cc42ecd5,335,animations/scalar-recovered/full-source/24427665/CAB-88ec486042300a04ea40525a3857691f/2768668869121923397/streaming-info.json
0246a452b14909c825100e311b6a982fd19ec9dc99717b088eec1039e778cba5,249194,animations/scalar-recovered/full-source/24427665/CAB-92d525fe3e1d7bf0885b78cb1859f18c/-693390970664260250/Avatar_Female_Size02_Remielle_Ramiel_Ani_Attack_ExSpecial.json
6f8611740eba89c5014e3f08e8ce42c918edcc1b39c6d453183f82b2f5cbf57b,9928,animations/scalar-recovered/full-source/24427665/CAB-92d525fe3e1d7bf0885b78cb1859f18c/-693390970664260250/acl-database-bulk.bin
37422799fe7464ea1cdd0e9d3c2d8a1010c6703fa177f21b07164b8c8b20d63f,33216,animations/scalar-recovered/full-source/24427665/CAB-92d525fe3e1d7bf0885b78cb1859f18c/-693390970664260250/native-object.raw
2a5878f0fe37b709c2f4742902acc9ea9a5eadec4b9819b1a639006b8cd89326,334,animations/scalar-recovered/full-source/24427665/CAB-92d525fe3e1d7bf0885b78cb1859f18c/-693390970664260250/streaming-info.json
307ac15762c43d61ff23dbd635c858c0eaf3d3c083559fdc44cec6b493bba41f,249808,animations/scalar-recovered/full-source/24427665/CAB-92d525fe3e1d7bf0885b78cb1859f18c/1709896825840671857/Avatar_Female_Size02_Remielle_Ramiel_Ani_Attack_ExSpecial_End.json
be734cc7799809bd123e478c92fdea7b270eeb05f6a387aabdd42e16f89f0d6f,8221,animations/scalar-recovered/full-source/24427665/CAB-92d525fe3e1d7bf0885b78cb1859f18c/1709896825840671857/acl-database-bulk.bin
8d560f2abc03cc2bc5e510012662c5f5671adec419dc279333b3f66393555265,33748,animations/scalar-recovered/full-source/24427665/CAB-92d525fe3e1d7bf0885b78cb1859f18c/1709896825840671857/native-object.raw
5cea0cbe6cdb9ed038dc5e754c4f5e5e11d3d549f3cef046b76a3406b52a4e2d,337,animations/scalar-recovered/full-source/24427665/CAB-92d525fe3e1d7bf0885b78cb1859f18c/1709896825840671857/streaming-info.json
356eb4df56681ef2d277afc5d2942b93425851868b384ef1cf067d62dd364885,246567,animations/scalar-recovered/full-source/24427665/CAB-93554dfdbe0e25e5c05e77bc59396423/2708388234159328732/Avatar_Female_Size02_Remielle_Ramiel_Ani_Dash_Evade.json
542e7bcc334be81e69945ae40fee647363817de5ce0b56a9bf65327b04cf3492,6768,animations/scalar-recovered/full-source/24427665/CAB-93554dfdbe0e25e5c05e77bc59396423/2708388234159328732/acl-database-bulk.bin
00e8b6e4db32b0ff050fa1b49a0cdccf323078a2c93fb8b0cf904111985a02c1,31224,animations/scalar-recovered/full-source/24427665/CAB-93554dfdbe0e25e5c05e77bc59396423/2708388234159328732/native-object.raw
64b93d988decc3112e2f39aeec23354f158cefaa635e48d5b446137a0bcf2012,334,animations/scalar-recovered/full-source/24427665/CAB-93554dfdbe0e25e5c05e77bc59396423/2708388234159328732/streaming-info.json
9b0e8be7aafa858b7f5091a33f74b8790e15228a43877f3c23b8ffce6cf1757b,244533,animations/scalar-recovered/full-source/24427665/CAB-98c2e60af5d14b44021facea3e3c69e2/8421864199480761923/Avatar_Female_Size02_Remielle_Ramiel_Ani_Idle_AirState_Back_Loop.json
b9d068d0ae82d542438d5454688cafadf698a36cb95bd174bf83f251ad722f79,5745,animations/scalar-recovered/full-source/24427665/CAB-98c2e60af5d14b44021facea3e3c69e2/8421864199480761923/acl-database-bulk.bin
e0eba2dec5264c91c0fba647bb095d2e39b65fb33ad48424ac6bf5ddb655de05,29588,animations/scalar-recovered/full-source/24427665/CAB-98c2e60af5d14b44021facea3e3c69e2/8421864199480761923/native-object.raw
5023f7960d3f0cc1e8d6d00d1ec6b3a7d00aaf93f6eaf3933766962f0d1c0ec8,334,animations/scalar-recovered/full-source/24427665/CAB-98c2e60af5d14b44021facea3e3c69e2/8421864199480761923/streaming-info.json
8fda8fbcca633e7a319e10ac53267ab3b6487f699ffe30ada79e4bfc09a905dc,250450,animations/scalar-recovered/full-source/24427665/CAB-9ec278c9d02524bb90528bd98e75a77a/1769091969533556823/Avatar_Female_Size02_Remielle_Ramiel_Ani_Attack_Burst_01_End.json
3ead774af12d9191cd9c34aa035852009136e3548be5d8e15c0e85f5cf26792f,8908,animations/scalar-recovered/full-source/24427665/CAB-9ec278c9d02524bb90528bd98e75a77a/1769091969533556823/acl-database-bulk.bin
236f626326f76793e83b480c3ba5142a6f820977b20bd5780ce2cb2e7c62dbb2,34096,animations/scalar-recovered/full-source/24427665/CAB-9ec278c9d02524bb90528bd98e75a77a/1769091969533556823/native-object.raw
c7134de5ef44152ea210a5628d0905f0c3533140af3e96b9cdbc4c264a7d3fc2,334,animations/scalar-recovered/full-source/24427665/CAB-9ec278c9d02524bb90528bd98e75a77a/1769091969533556823/streaming-info.json
2b0ae70c83a2fdec1129a46859167a5507a2920b5a91a53851c5fccb9778d52c,247933,animations/scalar-recovered/full-source/24427665/CAB-9ec278c9d02524bb90528bd98e75a77a/8501448411502086622/Avatar_Female_Size02_Remielle_Ramiel_Ani_Attack_Burst_01.json
8b962bbd4b9741f51387d0caed03f830d163f6f783c4c8afce0f246ed6650039,7921,animations/scalar-recovered/full-source/24427665/CAB-9ec278c9d02524bb90528bd98e75a77a/8501448411502086622/acl-database-bulk.bin
bf4968ffeb057d8a338dde9e433ac18a1d21d1681b96a058ed66ec7806a4fb15,32076,animations/scalar-recovered/full-source/24427665/CAB-9ec278c9d02524bb90528bd98e75a77a/8501448411502086622/native-object.raw
5ae9a5c8803690ef230810747188a61d5620b85106618c267f75cfa2b186be3d,337,animations/scalar-recovered/full-source/24427665/CAB-9ec278c9d02524bb90528bd98e75a77a/8501448411502086622/streaming-info.json
c3a7e812b60a8af4211f6586ced6f1a976c2283ecebb097f795716b761ca4f66,249706,animations/scalar-recovered/full-source/24427665/CAB-a3dce42833c2cfcd39a8d1680a12dc89/-1584588516545153718/Avatar_Female_Size02_Remielle_Ramiel_Ani_Start_AirState_Back.json
11e8f4bce61d45d30bc501fe7040b190cb0b32b9627df92b6f30a6b2e23cf586,8631,animations/scalar-recovered/full-source/24427665/CAB-a3dce42833c2cfcd39a8d1680a12dc89/-1584588516545153718/acl-database-bulk.bin
b6797785e79c3fe0952a2a39e10626ffb8256d4c48637b34e6485e5777cde836,33520,animations/scalar-recovered/full-source/24427665/CAB-a3dce42833c2cfcd39a8d1680a12dc89/-1584588516545153718/native-object.raw
ec2fef1e9139a0f381bc90dc7306b067c10e788923a1029b0cedd93afa5db6a5,334,animations/scalar-recovered/full-source/24427665/CAB-a3dce42833c2cfcd39a8d1680a12dc89/-1584588516545153718/streaming-info.json
a556368803607ecbf0a704866a260d1f06c3a618956c1542534cf34e83928b3f,246653,animations/scalar-recovered/full-source/24427665/CAB-a534ffa5a02f6397a9abcd2153daf538/1193839452981986739/Avatar_Female_Size02_Remielle_Ramiel_Ani_Finish_Ex_AirState.json
79b8dec448af2785c291df1cb2c19513977c8f3383a11c611bd1af0ed303b659,6455,animations/scalar-recovered/full-source/24427665/CAB-a534ffa5a02f6397a9abcd2153daf538/1193839452981986739/acl-database-bulk.bin
7553ab7e362d2bc1a38f7b7443be9fab6b5990fdc94643fd2eb541a783e94657,31200,animations/scalar-recovered/full-source/24427665/CAB-a534ffa5a02f6397a9abcd2153daf538/1193839452981986739/native-object.raw
53c3a7764e0e840f77b887231199a1e9abef85b7d8accba92f87131ee3428515,334,animations/scalar-recovered/full-source/24427665/CAB-a534ffa5a02f6397a9abcd2153daf538/1193839452981986739/streaming-info.json
582c528a23721345c0089efda491790f87abf261b09f664e6b4bd8058b206bfc,255118,animations/scalar-recovered/full-source/24427665/CAB-a534ffa5a02f6397a9abcd2153daf538/4807955689464163136/Avatar_Female_Size02_Remielle_Ramiel_Ani_Finish_Ex_AirState_End.json
dac81c0830fa38527fb714a0841f0d8fb5a54d78bef98f933aaefb0608fb491f,11194,animations/scalar-recovered/full-source/24427665/CAB-a534ffa5a02f6397a9abcd2153daf538/4807955689464163136/acl-database-bulk.bin
763def6aeb886bb4f4402a2ea0231d133735b766b747289800bb322c1d6b6d65,37636,animations/scalar-recovered/full-source/24427665/CAB-a534ffa5a02f6397a9abcd2153daf538/4807955689464163136/native-object.raw
53b2345b0e8fd0be51122e48348040baec093c576265944afa4f591693ec56ad,338,animations/scalar-recovered/full-source/24427665/CAB-a534ffa5a02f6397a9abcd2153daf538/4807955689464163136/streaming-info.json
59e3eb0de8ad72e2f6304c146388a59daeefca1bad2afb2f387bee1dafc5586c,245368,animations/scalar-recovered/full-source/24427665/CAB-a9935740a3d2fe08f7fef3f0e0382e27/4746245725814143902/Avatar_Female_Size02_Remielle_Ramiel_Ani_Attack_Burst_Ex_01.json
3137103220fe97f47830ed4266aa7a984a36f31c85cbf0c82a02f1bd450fcd1a,6934,animations/scalar-recovered/full-source/24427665/CAB-a9935740a3d2fe08f7fef3f0e0382e27/4746245725814143902/acl-database-bulk.bin
0453b56defa6c12567f08561148f44704211be7a7c55db49e518b268a6956497,30368,animations/scalar-recovered/full-source/24427665/CAB-a9935740a3d2fe08f7fef3f0e0382e27/4746245725814143902/native-object.raw
b8ac7a7bc67ff00b1e58f00d92c6da7145871ec03aec211b2bb50f46a4bc35bd,337,animations/scalar-recovered/full-source/24427665/CAB-a9935740a3d2fe08f7fef3f0e0382e27/4746245725814143902/streaming-info.json
e2f226a26d4bbd310b4da78318c165c9285d47359f9fb7cc43ff6508e85830b8,242836,animations/scalar-recovered/full-source/24427665/CAB-a9935740a3d2fe08f7fef3f0e0382e27/817781976616742575/Avatar_Female_Size02_Remielle_Ramiel_Ani_Attack_Burst_Ex_01_End.json
011136c7ce37a43522517edd03748795f904aaaafc8fc03fad7753e4d57dafa2,4151,animations/scalar-recovered/full-source/24427665/CAB-a9935740a3d2fe08f7fef3f0e0382e27/817781976616742575/acl-database-bulk.bin
d5bac8d54bb84d8ea631bdf67204c12bc167617e0f3456016cef809ffa6ff784,28340,animations/scalar-recovered/full-source/24427665/CAB-a9935740a3d2fe08f7fef3f0e0382e27/817781976616742575/native-object.raw
a28d63be4c9c0679d9a3c57462e6d0e23568ee1c0fa98e0b72641efdd88c34e4,334,animations/scalar-recovered/full-source/24427665/CAB-a9935740a3d2fe08f7fef3f0e0382e27/817781976616742575/streaming-info.json
0aad207352b00838d4467f09ef2cedd8eb41a307b86c8920686340ed97e88db9,258836,animations/scalar-recovered/full-source/24427665/CAB-affeae28e2e6c40aad231c8be67c5625/5732312828342584619/Avatar_Female_Size02_Remielle_Ramiel_Ani_Evade_Front_02.json
e045aedbc34c5bbd6b86b710b7a38ac596656a14326640b723e8f26bfd8e002b,11753,animations/scalar-recovered/full-source/24427665/CAB-affeae28e2e6c40aad231c8be67c5625/5732312828342584619/acl-database-bulk.bin
87d75c0bfcbe494340b1254adc9204544bcc79b4b47280f30d01ca477999b6e4,40284,animations/scalar-recovered/full-source/24427665/CAB-affeae28e2e6c40aad231c8be67c5625/5732312828342584619/native-object.raw
a519232042b3b9e2e34924cff381e73610418928651df1d30c0943ee582794a5,335,animations/scalar-recovered/full-source/24427665/CAB-affeae28e2e6c40aad231c8be67c5625/5732312828342584619/streaming-info.json
07b96a50cd6796366e96f80d981d090d65017ecf30c7c11296ddae9beaa70b84,255362,animations/scalar-recovered/full-source/24427665/CAB-b499448718588590c861c97055dacef4/2992345940807642564/Avatar_Female_Size02_Remielle_Ramiel_Ani_HitFly_Back.json
8a5e355492bd6608f60f6e0f29f6286eb97fd332516e47df044cfd755e0bb4eb,12005,animations/scalar-recovered/full-source/24427665/CAB-b499448718588590c861c97055dacef4/2992345940807642564/acl-database-bulk.bin
f2074c9f525098b7a60567601f4e19b4d5120d14d9915b451fedaeb3531d1b2f,37880,animations/scalar-recovered/full-source/24427665/CAB-b499448718588590c861c97055dacef4/2992345940807642564/native-object.raw
34aea0c49fb0f13714ae82144cf3262f141af9f539f2b72824edcaa8337ce37c,335,animations/scalar-recovered/full-source/24427665/CAB-b499448718588590c861c97055dacef4/2992345940807642564/streaming-info.json
b5b3f57c4f3c0f79cef082c716eda0754f7f4e46deb02b2b8b150810d9509f04,245899,animations/scalar-recovered/full-source/24427665/CAB-ba0d49dd75d1c23c9a2a72a894a53cd5/-397092869794286591/Avatar_Female_Size02_Remielle_Ramiel_Ani_Run_Loop_01.json
2c7c4b330aadb24ad92fdc2453a2ec51cc16a659d3e7eb1898be3fd76d4953f4,6572,animations/scalar-recovered/full-source/24427665/CAB-ba0d49dd75d1c23c9a2a72a894a53cd5/-397092869794286591/acl-database-bulk.bin
4a4817d5ab5ba8796a2f5ecba15ff9e75cbd39517b39af6c0e7311f64e0e7259,30552,animations/scalar-recovered/full-source/24427665/CAB-ba0d49dd75d1c23c9a2a72a894a53cd5/-397092869794286591/native-object.raw
f245aaebbc0ac89286219068b915cffb7b75dab1bb272e465a461d5c43bf2af9,334,animations/scalar-recovered/full-source/24427665/CAB-ba0d49dd75d1c23c9a2a72a894a53cd5/-397092869794286591/streaming-info.json
f7c1d1ab9ab529420a25ef113056c05d04e1582c1c0334334a3645ea42f9f23e,248964,animations/scalar-recovered/full-source/24427665/CAB-c0a1680e263c9e4932b78b9d22e22bf7/-6405235845011757593/Avatar_Female_Size02_Remielle_Ramiel_Ani_Skill01_AirState_Back.json
05738be7e15deb4d0e2a54bac7fe9bbbdaabb9d851caf4b2a04437e5edb35ca2,7590,animations/scalar-recovered/full-source/24427665/CAB-c0a1680e263c9e4932b78b9d22e22bf7/-6405235845011757593/acl-database-bulk.bin
d65cd587469c02ce4c2b674ff62bf1dc9023225ba4cf09f026411027242d2e7e,32868,animations/scalar-recovered/full-source/24427665/CAB-c0a1680e263c9e4932b78b9d22e22bf7/-6405235845011757593/native-object.raw
7be1bf7917f44076c0f3c6251610d3738a954097b704a5b27c180a8a404a760b,334,animations/scalar-recovered/full-source/24427665/CAB-c0a1680e263c9e4932b78b9d22e22bf7/-6405235845011757593/streaming-info.json
6becdc5d6a31f2457a731f8ef1b022e5e8e70b64e0cb2ac2ba1878348e062d5d,256949,animations/scalar-recovered/full-source/24427665/CAB-c2ac28c6a07734d9f7288025b4150b01/-6452968744330655602/Avatar_Female_Size02_Remielle_Ramiel_Ani_Run_End.json
e12d5b5cdfb03ee254d6e3b0472719acb5f00cf06b5ec2a7baa34034fefd6045,11181,animations/scalar-recovered/full-source/24427665/CAB-c2ac28c6a07734d9f7288025b4150b01/-6452968744330655602/acl-database-bulk.bin
ef87d826bb0b37679725fa56cac2bb7255e66bff990b50bbe723903bb1f0953a,38996,animations/scalar-recovered/full-source/24427665/CAB-c2ac28c6a07734d9f7288025b4150b01/-6452968744330655602/native-object.raw
3ba0e1535c044616dbc3930f6b2d634b09ff497fcf745ece62fea430254c7ed2,335,animations/scalar-recovered/full-source/24427665/CAB-c2ac28c6a07734d9f7288025b4150b01/-6452968744330655602/streaming-info.json
21882cd125ada903c74a59ed413739e101ecdad6c46d32a4c86072a7f7861557,255960,animations/scalar-recovered/full-source/24427665/CAB-c32cb6c7f06c22d167415e895136f4aa/5511040316115674163/Avatar_Female_Size02_Remielle_Ramiel_Ani_Hit_Shake.json
dc3d645455158fe220738a14bf98fc433469bff56c54144392860368d8b21000,863,animations/scalar-recovered/full-source/24427665/CAB-c32cb6c7f06c22d167415e895136f4aa/5511040316115674163/acl-database-bulk.bin
620d9e5ba98942b8bdcb20145c992a48d401140700814e8b38c03dfd9f64f4ef,27336,animations/scalar-recovered/full-source/24427665/CAB-c32cb6c7f06c22d167415e895136f4aa/5511040316115674163/native-object.raw
9972f448c96254c59e9862b6eb0920eb59e8b42fca8867ce2f385ca4f21f417a,333,animations/scalar-recovered/full-source/24427665/CAB-c32cb6c7f06c22d167415e895136f4aa/5511040316115674163/streaming-info.json
a17b9a00fd97ee624a4ad5080a96bc592728d194a74122138bdce3356888cba5,251895,animations/scalar-recovered/full-source/24427665/CAB-c5d1785cb68effc50426daa7f17e1bcb/-6232401724414908619/Avatar_Female_Size02_Remielle_Ramiel_Ani_Skill03_AirState_Back.json
e94d53ea7879be5b308b15009cc5af9f2f63a7cc6ed7fa5b05418da7211edc91,9576,animations/scalar-recovered/full-source/24427665/CAB-c5d1785cb68effc50426daa7f17e1bcb/-6232401724414908619/acl-database-bulk.bin
e6472377c0dd2e0e7ff9bf0e1bff120f9ac6c5e42703ff019b8aeb5bd1660f20,35204,animations/scalar-recovered/full-source/24427665/CAB-c5d1785cb68effc50426daa7f17e1bcb/-6232401724414908619/native-object.raw
37d32c060d5a03dcd469a2f2b36c430191bc853df525fc07610f2a339aca008d,334,animations/scalar-recovered/full-source/24427665/CAB-c5d1785cb68effc50426daa7f17e1bcb/-6232401724414908619/streaming-info.json
277514713249ec04a93d03d7c9d597a82c853e85c7e5a8678150c15e02837f2e,245578,animations/scalar-recovered/full-source/24427665/CAB-c5f904086cc7b8f3ff9f9c1261870060/-8985257679741066179/Avatar_Female_Size02_Remielle_Ramiel_Ani_Attack_Normal_03.json
c1f03320ffb3d5ba860727bf0b523373ecb7010d6a8613d95095e1d0fe1edf03,7133,animations/scalar-recovered/full-source/24427665/CAB-c5f904086cc7b8f3ff9f9c1261870060/-8985257679741066179/acl-database-bulk.bin
d80cc17e75f33c81254e226da853f6ffbf03c640c80422045a887e2de19c0998,30336,animations/scalar-recovered/full-source/24427665/CAB-c5f904086cc7b8f3ff9f9c1261870060/-8985257679741066179/native-object.raw
ae3dfbd9c468d51969b38c734e87df34534574a3450a44dc265c19e094814a06,334,animations/scalar-recovered/full-source/24427665/CAB-c5f904086cc7b8f3ff9f9c1261870060/-8985257679741066179/streaming-info.json
1d576bfabeeeb28c338e93ecef8c5c6c01fb613c8b78b9899e8680dd70703ebe,249305,animations/scalar-recovered/full-source/24427665/CAB-c5f904086cc7b8f3ff9f9c1261870060/2151238523462777693/Avatar_Female_Size02_Remielle_Ramiel_Ani_Attack_Normal_03_End.json
2ba19cb60264eb0c30053a425a439caa419ad6948b7ca9ae40e23f4dedd08821,7891,animations/scalar-recovered/full-source/24427665/CAB-c5f904086cc7b8f3ff9f9c1261870060/2151238523462777693/acl-database-bulk.bin
908a3e14065f61add33278008d1f8ca1c2c54ff06655d1d8b3d1cebc81220f99,33156,animations/scalar-recovered/full-source/24427665/CAB-c5f904086cc7b8f3ff9f9c1261870060/2151238523462777693/native-object.raw
0edbd120bdae210d1001028e11206a6fd9b48137545598ae0b8888b7546f0544,337,animations/scalar-recovered/full-source/24427665/CAB-c5f904086cc7b8f3ff9f9c1261870060/2151238523462777693/streaming-info.json
923eba742577fd66ccae0e366c60e17f96db4a22e25f7c1b6a93607a93557c60,255787,animations/scalar-recovered/full-source/24427665/CAB-cac06cd0d3fa01865a77489d196122aa/8672095411886951607/Avatar_Female_Size02_Remielle_Ramiel_Ani_Skill02_AirState_Back.json
3e1ac0d417edea56f37bb9f09d0e5e37e180f67121500c3baf18d7e28ef13290,12215,animations/scalar-recovered/full-source/24427665/CAB-cac06cd0d3fa01865a77489d196122aa/8672095411886951607/acl-database-bulk.bin
cf3ffc3c0932a2ad1d2c8ee183fd581e7256319e91c87c2b0891d7aac557d730,38020,animations/scalar-recovered/full-source/24427665/CAB-cac06cd0d3fa01865a77489d196122aa/8672095411886951607/native-object.raw
94ea8efda26527fcabba9ea501097a79d34bf5082a94b1ef8e10648b65cb20e2,335,animations/scalar-recovered/full-source/24427665/CAB-cac06cd0d3fa01865a77489d196122aa/8672095411886951607/streaming-info.json
dd7c10e95e3217319b13ac54ff53adae9612098ec0bdc46269ae6c391dbc967d,238324,animations/scalar-recovered/full-source/24427665/CAB-cd00ee2eb20ab6c476559532d9dfca1c/9211638345613001166/Avatar_Female_Size02_Remielle_Ramiel_Ani_Walk_Loop.json
2c64e8aeb04391bc465037598ea53ac36841d72aba231dc34af4fa9120218e3e,2318,animations/scalar-recovered/full-source/24427665/CAB-cd00ee2eb20ab6c476559532d9dfca1c/9211638345613001166/acl-database-bulk.bin
9deee6aa50b94da1134c92c3ce3cd434b8f07e58ab3eefce3cf2c8fdd6e12e06,24824,animations/scalar-recovered/full-source/24427665/CAB-cd00ee2eb20ab6c476559532d9dfca1c/9211638345613001166/native-object.raw
64d2b9fe23a97c2b8568f4a2f57ae027d22d608d02a36e6df587b4239aad272f,334,animations/scalar-recovered/full-source/24427665/CAB-cd00ee2eb20ab6c476559532d9dfca1c/9211638345613001166/streaming-info.json
2b916d1d644eaa25cbe16077d7b1fdbacf4c15caeedb9edf16b1827863d15aba,254798,animations/scalar-recovered/full-source/24427665/CAB-ce3e76318273023b88625f0187b27f2c/-1937549996049901146/Avatar_Female_Size02_Remielle_Ramiel_Ani_Skill05_AirState_Back.json
b032e98df602fef0c9a8cc6c44aa9a755537092af33dc681bf570b0b302a581b,11590,animations/scalar-recovered/full-source/24427665/CAB-ce3e76318273023b88625f0187b27f2c/-1937549996049901146/acl-database-bulk.bin
102b280ec67be6adfc8202953ba4e773490b46e68862a05ff50078ad02bd6c9f,37316,animations/scalar-recovered/full-source/24427665/CAB-ce3e76318273023b88625f0187b27f2c/-1937549996049901146/native-object.raw
57ebc68c2255548beb8c6174780966f3c3522abaade00f2d889996380f2b5a89,335,animations/scalar-recovered/full-source/24427665/CAB-ce3e76318273023b88625f0187b27f2c/-1937549996049901146/streaming-info.json
370c0e5f07dca5941ad4ecb6aa092f2a08140c85c56d7cce724074af708abc7a,252796,animations/scalar-recovered/full-source/24427665/CAB-ceee39edb4038a17aa06dd8eac541f58/-1825731554397375472/Avatar_Female_Size02_Remielle_Ramiel_Ani_Attack_Burst_Ex_Max02_End.json
1a58be6a946058a7618e5ab025cf49fbf689ccd08d8b3f37d05113d994541e19,9341,animations/scalar-recovered/full-source/24427665/CAB-ceee39edb4038a17aa06dd8eac541f58/-1825731554397375472/acl-database-bulk.bin
de61e17989dbfd59edfd700f646f66c06510e1536abc1c8f36182bf1b99dd1fd,35832,animations/scalar-recovered/full-source/24427665/CAB-ceee39edb4038a17aa06dd8eac541f58/-1825731554397375472/native-object.raw
7d139afa1d4def9991ee1a375f0000052173c164dee1228c8dcbb97a07e271c2,334,animations/scalar-recovered/full-source/24427665/CAB-ceee39edb4038a17aa06dd8eac541f58/-1825731554397375472/streaming-info.json
ac11483890d50ce04de7bace54fd70ef9a3be4c05aad025183d2862aa2752707,239097,animations/scalar-recovered/full-source/24427665/CAB-ceee39edb4038a17aa06dd8eac541f58/5066492146058701238/Avatar_Female_Size02_Remielle_Ramiel_Ani_Attack_Burst_Ex_Max02.json
fbff0a5d4aaf7711302d36534056c9d815339287be7e9acc1321c1fa03d257bd,3266,animations/scalar-recovered/full-source/24427665/CAB-ceee39edb4038a17aa06dd8eac541f58/5066492146058701238/acl-database-bulk.bin
0cbd445c56f59546601735c09271efab37b47371682ad99962216c3b859e5054,25732,animations/scalar-recovered/full-source/24427665/CAB-ceee39edb4038a17aa06dd8eac541f58/5066492146058701238/native-object.raw
7445031e381b67779a2c6ca407ff2359c0e7de404198b436c58e2aba95a62e24,337,animations/scalar-recovered/full-source/24427665/CAB-ceee39edb4038a17aa06dd8eac541f58/5066492146058701238/streaming-info.json
2a82ed3d01bf4a44b2b2b4a2fe16bb93824c4d61a19779fa65471abe8c05a08f,256249,animations/scalar-recovered/full-source/24427665/CAB-d2ff33d8cb9ca5cfe6b7510b762a2dd8/-3246923103700744534/Avatar_Female_Size02_Remielle_Ramiel_Ani_Walk_Start_End.json
5cf03d75ccaa5e2c1db0f8972ad3dcfe759aaaa678303540878e71471f2a6ed0,10959,animations/scalar-recovered/full-source/24427665/CAB-d2ff33d8cb9ca5cfe6b7510b762a2dd8/-3246923103700744534/acl-database-bulk.bin
4085e110b0d9bc29f77101540bf2726953107f56636dcdd25b82660d32173ba2,38332,animations/scalar-recovered/full-source/24427665/CAB-d2ff33d8cb9ca5cfe6b7510b762a2dd8/-3246923103700744534/native-object.raw
5d460a9bd3562348bcda383f5bcadeaa966c95dfc767b51e1e30dbe73211b7df,335,animations/scalar-recovered/full-source/24427665/CAB-d2ff33d8cb9ca5cfe6b7510b762a2dd8/-3246923103700744534/streaming-info.json
5e17c13cffd1b660f9c11988a5455f258a40ccfede307931fdfa9155ca11d99d,253921,animations/scalar-recovered/full-source/24427665/CAB-d90fd2b98f9a235b6889b3c41f2728b8/-1461716527643530451/Avatar_Female_Size02_Remielle_Ramiel_Ani_Hit_H_Back.json
6bac142b0ace580dcbc888da2c6a8857a3913aa9e86746654d380e3c28046d5e,10501,animations/scalar-recovered/full-source/24427665/CAB-d90fd2b98f9a235b6889b3c41f2728b8/-1461716527643530451/acl-database-bulk.bin
0c2baa290d56dcba481bedf166c53b9dd0cc0870928afdf8b162f731c964ddee,36536,animations/scalar-recovered/full-source/24427665/CAB-d90fd2b98f9a235b6889b3c41f2728b8/-1461716527643530451/native-object.raw
2438c0d2b17f943b213f4b09db46d9aeac71ce505554a9ba96691948dc0d7e67,335,animations/scalar-recovered/full-source/24427665/CAB-d90fd2b98f9a235b6889b3c41f2728b8/-1461716527643530451/streaming-info.json
5cea40dbb93301e0bb6c65db39408bfd47505e7f6a51a7bf4639b55a310e0c34,247771,animations/scalar-recovered/full-source/24427665/CAB-dd8b1556f55531aa402da8ef33bb3d48/-366731662513794036/Avatar_Female_Size02_Remielle_Ramiel_Ani_Evade_to_Run_01.json
9eee252434543f23aa18f75d0a2a85b42b9ee8387b42528d2ae73662a44330b8,7498,animations/scalar-recovered/full-source/24427665/CAB-dd8b1556f55531aa402da8ef33bb3d48/-366731662513794036/acl-database-bulk.bin
5b1f00a52e6da1d1b8ce8f97cf4de3d9c198f60cdaf3ee91546eb46119c029de,31948,animations/scalar-recovered/full-source/24427665/CAB-dd8b1556f55531aa402da8ef33bb3d48/-366731662513794036/native-object.raw
cdfe2508cc8d044ca03e08eaeffbf505daf888f3c8ea4ad8c1c21880255e9d84,334,animations/scalar-recovered/full-source/24427665/CAB-dd8b1556f55531aa402da8ef33bb3d48/-366731662513794036/streaming-info.json
6d873c9c6434cbaeff7308f03d4ee9510d549ab6d06d1b4dfa22c09f612226c1,246622,animations/scalar-recovered/full-source/24427665/CAB-e0cc836d9878c49b403656173d3ad4ac/3555054614603761825/Avatar_Female_Size02_Remielle_Ramiel_Ani_Dash_Loop_02.json
43299b8895295988d30a5c385cb1bc102659c9c56d40b02977930750600425fa,6451,animations/scalar-recovered/full-source/24427665/CAB-e0cc836d9878c49b403656173d3ad4ac/3555054614603761825/acl-database-bulk.bin
76116a4fee80a39dcea8bf80a5af305451c4bd829b80ba8779656d83a87bed8e,31196,animations/scalar-recovered/full-source/24427665/CAB-e0cc836d9878c49b403656173d3ad4ac/3555054614603761825/native-object.raw
63a549553721739872aaad7c8119c5a891eeacd1632f866a74a18284f1f90c05,334,animations/scalar-recovered/full-source/24427665/CAB-e0cc836d9878c49b403656173d3ad4ac/3555054614603761825/streaming-info.json
622047d547cc527abea8a8185335f1b089b2cc071975134b2b196f01a9649f47,284264,animations/scalar-recovered/full-source/24427665/CAB-ea8c2bf3fa2a7e391ad9b0e58d6842b2/3911248316156301007/Avatar_Female_Size02_Remielle_Ramiel_Ani_Idle_AFK.json
2a9b61ca7889bdc074f7e4a26bba4c3b7d4557cc04e07fe3e1012fb78e05aeb9,23311,animations/scalar-recovered/full-source/24427665/CAB-ea8c2bf3fa2a7e391ad9b0e58d6842b2/3911248316156301007/acl-database-bulk.bin
c2dbebae61c5c33199c129b685a77bfa3444309708c81c54c49a1b341f1acf5d,59256,animations/scalar-recovered/full-source/24427665/CAB-ea8c2bf3fa2a7e391ad9b0e58d6842b2/3911248316156301007/native-object.raw
43da037a1b7ac504a49fc320c1c6a8625f424b7118580b40aeeb7827782b92ef,335,animations/scalar-recovered/full-source/24427665/CAB-ea8c2bf3fa2a7e391ad9b0e58d6842b2/3911248316156301007/streaming-info.json
d1482c74e1d1fa52b15d2836c011403598ab02e3b31c190929cd436e00aace1a,248231,animations/scalar-recovered/full-source/24427665/CAB-eb2489e62b0b3b6cc7e5ab54afdd1be9/1689256175334503239/Avatar_Female_Size02_Remielle_Ramiel_Ani_Dash_Start.json
b5168453c520b4050db9303f57fe01024ba7ac225b3e74ee57d4666d7bce6bff,7694,animations/scalar-recovered/full-source/24427665/CAB-eb2489e62b0b3b6cc7e5ab54afdd1be9/1689256175334503239/acl-database-bulk.bin
0d15111457112e6500cfd7a0f843b3d874ff902c1f878e4eb11e5ccd4283ec35,32408,animations/scalar-recovered/full-source/24427665/CAB-eb2489e62b0b3b6cc7e5ab54afdd1be9/1689256175334503239/native-object.raw
6c4dbf4e7beb59de8a33697af9a9b064df464feee2f691363f32c4b2a40cb0d7,334,animations/scalar-recovered/full-source/24427665/CAB-eb2489e62b0b3b6cc7e5ab54afdd1be9/1689256175334503239/streaming-info.json
3175933bed0035cf850b4997a55aa774893a2b72e2ae595bde08384a97740cba,256259,animations/scalar-recovered/full-source/24427665/CAB-ecc2815124ad0cff8e846018923b53f9/-2126184166931190816/Avatar_Female_Size02_Remielle_Ramiel_Ani_Walk_End.json
f97318a41275fd9ca11e1f86fd1cf946bc86e7bfec27314814ba464d072735e5,11254,animations/scalar-recovered/full-source/24427665/CAB-ecc2815124ad0cff8e846018923b53f9/-2126184166931190816/acl-database-bulk.bin
8c5172ddd18e4d5b9125bc5b7cca1a6e1b1c15d3c52c6d7437d4086306d0e1e0,38408,animations/scalar-recovered/full-source/24427665/CAB-ecc2815124ad0cff8e846018923b53f9/-2126184166931190816/native-object.raw
c3eb04a1fd40982a304ec4fab76bcf3ae32eebe53f157cf31ab1e96f1ea8bbf8,335,animations/scalar-recovered/full-source/24427665/CAB-ecc2815124ad0cff8e846018923b53f9/-2126184166931190816/streaming-info.json
78eff9646f5edf3c630f12248c3f162fa006d40dca302a0301c7db5e8f9ed42e,251485,animations/scalar-recovered/full-source/24427665/CAB-ed73103d008dd1ea360e7dbeab7781f5/-7572505005604289766/Avatar_Female_Size02_Remielle_Ramiel_Ani_Attack_Counter_End.json
7fe08ca531b935bd26b55e89a37a68b7d709251c52816000eabd37de102c7d45,8684,animations/scalar-recovered/full-source/24427665/CAB-ed73103d008dd1ea360e7dbeab7781f5/-7572505005604289766/acl-database-bulk.bin
ea459ec2c8d1489e7c837d93c22d5ca51813e9e8b396477cf145d4e1f225db58,34912,animations/scalar-recovered/full-source/24427665/CAB-ed73103d008dd1ea360e7dbeab7781f5/-7572505005604289766/native-object.raw
1c1800993575ee9324567e75784372a40d45db6b281fccb0ec22de0222b34508,334,animations/scalar-recovered/full-source/24427665/CAB-ed73103d008dd1ea360e7dbeab7781f5/-7572505005604289766/streaming-info.json
01101ae09560d0aeb652f92b618f950ebdd0e0dc3988fb1985d16af34c291a54,241308,animations/scalar-recovered/full-source/24427665/CAB-ed73103d008dd1ea360e7dbeab7781f5/7522915938227069276/Avatar_Female_Size02_Remielle_Ramiel_Ani_Attack_Counter.json
5dbe6118bbbfea4a57d01fe6c6aa4b0806d5f7b3a95898d588bbf2494618a828,3884,animations/scalar-recovered/full-source/24427665/CAB-ed73103d008dd1ea360e7dbeab7781f5/7522915938227069276/acl-database-bulk.bin
3b9f3582794b114285a5960d21641d624c69561703691b1d6da565bea9cd2a84,27084,animations/scalar-recovered/full-source/24427665/CAB-ed73103d008dd1ea360e7dbeab7781f5/7522915938227069276/native-object.raw
087c2569fa8d37b83d31b9aa7a59fe1333ba51855d224007049d66a0b52f2005,337,animations/scalar-recovered/full-source/24427665/CAB-ed73103d008dd1ea360e7dbeab7781f5/7522915938227069276/streaming-info.json
0854e8722d96cb5361be6af7edee5d043f1e305ac2f65445e2a9323cb8b55e3a,246460,animations/scalar-recovered/full-source/24427665/CAB-f32c73965c51c6a59dcb4df608bc3ee6/-3935912832828085167/Avatar_Female_Size02_Remielle_Ramiel_Ani_Death.json
49a849b86f45ec4e00ff49cf9e3ccabfa57e84f85a1103379e42154822acb7a0,6131,animations/scalar-recovered/full-source/24427665/CAB-f32c73965c51c6a59dcb4df608bc3ee6/-3935912832828085167/acl-database-bulk.bin
dca198025786fc9237762f9b519c11b22f2a3466f77bca27e362664ca38174d5,30932,animations/scalar-recovered/full-source/24427665/CAB-f32c73965c51c6a59dcb4df608bc3ee6/-3935912832828085167/native-object.raw
b4c254b601b2a314a25fa443707d938a1be92074a5f3f7b9475506a20fee6cf5,337,animations/scalar-recovered/full-source/24427665/CAB-f32c73965c51c6a59dcb4df608bc3ee6/-3935912832828085167/streaming-info.json
be6548d58f85975cc0d705c120b2d5b366a78150f10376445fe2fcfd59128042,257213,animations/scalar-recovered/full-source/24427665/CAB-fbb435fbef9eff693bbdce778c979fc8/-7683797732903750475/Avatar_Female_Size02_Remielle_Ramiel_Ani_Dash_End.json
411793c21f03723a4a577d30c0e841f4890a060d42d3777dce0996321ee2bd4d,11296,animations/scalar-recovered/full-source/24427665/CAB-fbb435fbef9eff693bbdce778c979fc8/-7683797732903750475/acl-database-bulk.bin
54c361767716296d67328db93983d05b28ea613d9defe7bcf42013f5a7ca13ef,39144,animations/scalar-recovered/full-source/24427665/CAB-fbb435fbef9eff693bbdce778c979fc8/-7683797732903750475/native-object.raw
ee8dc8a9f8cb30bc82b592fa4fbef53443f299d4a1d7c5abb388f1ede3af4902,335,animations/scalar-recovered/full-source/24427665/CAB-fbb435fbef9eff693bbdce778c979fc8/-7683797732903750475/streaming-info.json
8f38ff7984966a45fbb2974dc276c9622c229dc520aae553f6d8996a7adecb9a,1406774,animations/scalar-recovered/full-source/2610841569/CAB-2f046a90429a94efe76223487d692d9c/-4050868662654625245/Avatar_Female_Size02_Remielle_Origin_Ani_AC_Parry_Start.json
1df5c0888853ab409263ad10a9ebe48a874c2d77ee45f374901e4b1fd1734ed2,378466,animations/scalar-recovered/full-source/2610841569/CAB-2f046a90429a94efe76223487d692d9c/-4050868662654625245/acl-database-bulk.bin
729c9d1fe97ef1aa029d9376238fa696065908277b14cd3ffd3a56c774897eec,233092,animations/scalar-recovered/full-source/2610841569/CAB-2f046a90429a94efe76223487d692d9c/-4050868662654625245/native-object.raw
80d3f9a5130c145da58c4de7c9521ad3cacbedcd66889eaa6159558fc935fdd6,337,animations/scalar-recovered/full-source/2610841569/CAB-2f046a90429a94efe76223487d692d9c/-4050868662654625245/streaming-info.json
130fc6dfb5dcdf69da46c44da6be1ac3365acad8de06e1fe88905e9f3fe14c48,1382231,animations/scalar-recovered/full-source/2610841569/CAB-3d445de816acf18a0dc25198fea80a1f/4081652107956174172/Avatar_Female_Size02_Remielle_Ani_AC_Gliding01_Loop.json
69cc60d5ce6210b8cfd6c091ed885ae179f2c3cd20e7a85e79faf27437b3db23,330108,animations/scalar-recovered/full-source/2610841569/CAB-3d445de816acf18a0dc25198fea80a1f/4081652107956174172/acl-database-bulk.bin
f1e6a244fe0386dff3314b6817854ff45e2e1acbb6389d8e291b3701c4d12746,217764,animations/scalar-recovered/full-source/2610841569/CAB-3d445de816acf18a0dc25198fea80a1f/4081652107956174172/native-object.raw
16312d2ef8f6d9a8b9f575a4d8ebdb568d8c02a99e5f2101d1d2dfdb26a0c3af,337,animations/scalar-recovered/full-source/2610841569/CAB-3d445de816acf18a0dc25198fea80a1f/4081652107956174172/streaming-info.json
4c3efcd3393dd65eb904d476964c4983c3e48455ed03f027174799554d80f834,1367642,animations/scalar-recovered/full-source/2610841569/CAB-601e5a621ea301ca8efd7e2f6dd3422d/5586574592901943473/Avatar_Female_Size02_Remielle_Origin_Ani_AC_Boost_Loop.json
baa2deafcd8cd491774d09017a5bf392f345cc05d964fa158a77d8a76f259c6b,335732,animations/scalar-recovered/full-source/2610841569/CAB-601e5a621ea301ca8efd7e2f6dd3422d/5586574592901943473/acl-database-bulk.bin
431275649b3e26771f5c8dfee9e2859fd3668f21959ba7ee4a5b881a6e7e8c0e,221020,animations/scalar-recovered/full-source/2610841569/CAB-601e5a621ea301ca8efd7e2f6dd3422d/5586574592901943473/native-object.raw
5e43a1fb6af4f96df537cd6ee4656579895384da89b9a1373a30377133569518,337,animations/scalar-recovered/full-source/2610841569/CAB-601e5a621ea301ca8efd7e2f6dd3422d/5586574592901943473/streaming-info.json
b7e94c612e08cdc20780e0675a9cdb001842b7a9b5105fdb0efaf5c033771309,1073570,animations/scalar-recovered/full-source/2610841569/CAB-6d11bce2e2ebe73d72053942f75ffea5/-4421204476606405950/Avatar_Female_Size02_Remielle_Origin_Ani_AC_Parry_B_L.json
0997381646b6f5b49e8b26b280e7af22f4c7e70ff9fb244bd67312bf375b5697,127499,animations/scalar-recovered/full-source/2610841569/CAB-6d11bce2e2ebe73d72053942f75ffea5/-4421204476606405950/acl-database-bulk.bin
0e6371ec2691d45bd17e95615757953a04851e0b6ff8b046927c69781157f60b,138952,animations/scalar-recovered/full-source/2610841569/CAB-6d11bce2e2ebe73d72053942f75ffea5/-4421204476606405950/native-object.raw
9ac3e22a1597300b3cedc52fbbdce95c251bf5f9c106e8ddfce52934bc35f86f,337,animations/scalar-recovered/full-source/2610841569/CAB-6d11bce2e2ebe73d72053942f75ffea5/-4421204476606405950/streaming-info.json
d2bd6e02df52e94ed4f2a323ab28f8ba66d1f22f01c18671100fd0dfd0805ac9,1159749,animations/scalar-recovered/full-source/2610841569/CAB-6d11bce2e2ebe73d72053942f75ffea5/5032552157431355752/Avatar_Female_Size02_Remielle_Origin_Ani_AC_Parry_B_L_End.json
64d8bbbdcf840b06d64cfe15c0254c86aeccbb08bc29400537f87f59cad45d52,366732,animations/scalar-recovered/full-source/2610841569/CAB-6d11bce2e2ebe73d72053942f75ffea5/5032552157431355752/acl-database-bulk.bin
50f6887e5bf5f5ad15932ebd64031f18230fa836ff7f76bfcc6348cc01485fef,208528,animations/scalar-recovered/full-source/2610841569/CAB-6d11bce2e2ebe73d72053942f75ffea5/5032552157431355752/native-object.raw
065be0b71ebd1138194ecfeb808396583daa977487a25ad68929b653c83584f6,342,animations/scalar-recovered/full-source/2610841569/CAB-6d11bce2e2ebe73d72053942f75ffea5/5032552157431355752/streaming-info.json
aba63c930cdd61caa623b870e87c1cbbcdede0b63c6c85e5a92fabc0321ba72e,1429283,animations/scalar-recovered/full-source/2610841569/CAB-7d698f00ce0637c53a95dd596c0a3040/-411820385411962245/Avatar_Female_Size02_Remielle_Origin_Ani_AC_Hit_F_R.json
4961d6f0f7869695fc33555126164a349b9d3dbdc2f473892f69bd35cc7bb1fa,418280,animations/scalar-recovered/full-source/2610841569/CAB-7d698f00ce0637c53a95dd596c0a3040/-411820385411962245/acl-database-bulk.bin
97c18958a5fecf3d29a0d5c8e71a4fdd6579b67d7db0d9381e4a4e37fd349b79,250220,animations/scalar-recovered/full-source/2610841569/CAB-7d698f00ce0637c53a95dd596c0a3040/-411820385411962245/native-object.raw
cbe0689a860a1527e44730c82117a2d766ea8d014bf302b3c9d0323cc9722750,337,animations/scalar-recovered/full-source/2610841569/CAB-7d698f00ce0637c53a95dd596c0a3040/-411820385411962245/streaming-info.json
46c98a9b4f184e361815877edd7c9d04281d5e27731bcf95f720636d975a6ef6,1382137,animations/scalar-recovered/full-source/2610841569/CAB-964265b72d94f57a0f60c5189c45839c/8651231539738646909/Avatar_Female_Size02_Remielle_Ani_AC_TurnLeft_Loop.json
93219630684d930da283a3d04cb78d73101480aa5378d85f2f683e745df86766,331303,animations/scalar-recovered/full-source/2610841569/CAB-964265b72d94f57a0f60c5189c45839c/8651231539738646909/acl-database-bulk.bin
954df550927e5e784b761208f8c8a18bb719c1773161d6f70b370c6e39dad90a,217956,animations/scalar-recovered/full-source/2610841569/CAB-964265b72d94f57a0f60c5189c45839c/8651231539738646909/native-object.raw
71de2b6316ebc027ef88dae04cfd48a79b7a69878f86401a038c8775ac7fcb1c,337,animations/scalar-recovered/full-source/2610841569/CAB-964265b72d94f57a0f60c5189c45839c/8651231539738646909/streaming-info.json
75743bc43125a89fad26f714ea24d5288dafb46061413fb3a6a5a441c9264b22,1389608,animations/scalar-recovered/full-source/2610841569/CAB-c33dfb09f70c9b9a6323cbc5cea54e33/-8255307485684559138/Avatar_Female_Size02_Remielle_Origin_Ani_AC_Boost_R_Start.json
441a680b46e087cb5c6655dfcef15761cb25ebba25cdcaa7b6abb6fefe0c634d,383472,animations/scalar-recovered/full-source/2610841569/CAB-c33dfb09f70c9b9a6323cbc5cea54e33/-8255307485684559138/acl-database-bulk.bin
11732f081a02eea236051dec81d42743d71cd6b649854d30bebebf3096722226,235232,animations/scalar-recovered/full-source/2610841569/CAB-c33dfb09f70c9b9a6323cbc5cea54e33/-8255307485684559138/native-object.raw
7c4ed111c95f273a6cb6387919d6fb138689cbe74878aa3e622292bc58675aaa,337,animations/scalar-recovered/full-source/2610841569/CAB-c33dfb09f70c9b9a6323cbc5cea54e33/-8255307485684559138/streaming-info.json
35ac2c104344bec746eef762f84ef67ec8dc3b25cefc16356260ef6bb7242830,1382081,animations/scalar-recovered/full-source/2610841569/CAB-dde6ea269dd6ca00ed59810c548dbcc9/-912985863855289716/Avatar_Female_Size02_Remielle_Ani_AC_TurnRight_Loop.json
cb026dea81319f5664b147ed9a49dc770e6834c096cb526be04d3e7564c83a36,329642,animations/scalar-recovered/full-source/2610841569/CAB-dde6ea269dd6ca00ed59810c548dbcc9/-912985863855289716/acl-database-bulk.bin
6f2422912d4f9196332213feef2bed0097a66ac7897e399d2a33b43d34bdae39,218132,animations/scalar-recovered/full-source/2610841569/CAB-dde6ea269dd6ca00ed59810c548dbcc9/-912985863855289716/native-object.raw
1505dcac97dbac77cc8a1d675fa9e7b33ac931695e1949b1384bab05ec983724,337,animations/scalar-recovered/full-source/2610841569/CAB-dde6ea269dd6ca00ed59810c548dbcc9/-912985863855289716/streaming-info.json
fed20c7bc8ce993497b89f73d3035e3e810a99a687588bbc6e4f71c552ba4abc,27625,animations/scalar-recovered/full-source/2628649539/CAB-1893c7216097f16e67ca22228a1b7717/-5716240445988633505/Eff_RemielleOrigin_Attack_ExQTE_Start_36_Wind.json
c0a3b5819c82f1121cb0ba16c7033cbbc716e1ff519e7147be9929c8d479868d,3340,animations/scalar-recovered/full-source/2628649539/CAB-1893c7216097f16e67ca22228a1b7717/-5716240445988633505/native-object.raw
d92449c3d35ed8e7214ee18edbf06e508fd2b547bb784885923bbc294aa5f224,65894,animations/scalar-recovered/full-source/2628649539/CAB-2988e5c7b61d4e229d008758003eee1a/-6249365653953725821/Eff_RemielleOrigin_Attack_ExSpecial_10_Trail.json
474012330bf58e0c227de5c9e98e80bdaa1020d8de3d8c14186c36f2af2e03ec,7224,animations/scalar-recovered/full-source/2628649539/CAB-2988e5c7b61d4e229d008758003eee1a/-6249365653953725821/native-object.raw
23f7618e0f3047cc8b8a9651e9ac9f37823e1d79f8e10cd88f2cc37a44650662,20828,animations/scalar-recovered/full-source/2628649539/CAB-2e51fa9605a481767a87bc33b5d1b24e/4035578232825527934/Eff_RemielleOrigin_Attack_Normal_04_04_Trail.json
7b9716d718f6c5460206104568f07ee817a8f8f3ad2705fcb0b23844905decb8,2644,animations/scalar-recovered/full-source/2628649539/CAB-2e51fa9605a481767a87bc33b5d1b24e/4035578232825527934/native-object.raw
fba61c90a80e420a13ec0accf42b676a6e22e8954a78acbffbd52d32bf7b811b,47243,animations/scalar-recovered/full-source/2628649539/CAB-35c42486ad0468a8125ac4f60bf09e29/-1950704435603307102/Eff_RemielleOrigin_SwitchIn_Attack_Ex_Start_02_Glow.json
73b3f7faefd5d5b20892f211545e232f17b314fe9193ba2be0ca827ab68ea0f9,5152,animations/scalar-recovered/full-source/2628649539/CAB-35c42486ad0468a8125ac4f60bf09e29/-1950704435603307102/native-object.raw
d0e5bcdfd13267dec5b3b245ac11a8739cacb162cb095e181dc3a2522811b27c,18893,animations/scalar-recovered/full-source/2628649539/CAB-469bb140dddfc9f777123d363e1b8cc2/-458742249145494154/Eff_RemielleOrigin_Attack_ExQTE_Start_39_Wind.json
8ff69e83c3b32312664395e8c67ac305d217f69bdf6d8ae8eb9287c0b12c3c94,2448,animations/scalar-recovered/full-source/2628649539/CAB-469bb140dddfc9f777123d363e1b8cc2/-458742249145494154/native-object.raw
81466148ae947b3104bdbbcba6bfdd33c4cc4c728b448fbf394d82bc4b6c18bf,26195,animations/scalar-recovered/full-source/2628649539/CAB-4d20324ad6491c133fb93dc3e610b23b/-6722690454504360452/Eff_RemielleOrigin_Attack_ExSpecial_23_Trail.json
7a71b64e3988737fbc067b424e76f0bcf6569519e6a979606a841f06911e20ec,3160,animations/scalar-recovered/full-source/2628649539/CAB-4d20324ad6491c133fb93dc3e610b23b/-6722690454504360452/native-object.raw
00c29480ab8e82eb46050607db96398b17caf9956a38a9d4fc69abc4cdcb2ccf,24887,animations/scalar-recovered/full-source/2628649539/CAB-5e105c8498533f279cba05a64cda0b2f/4640188222508465235/Eff_RemielleOrigin_Attack_ExQTE_Start_33_Trail.json
41ff3dddf3bbf85986b9fbfcfa3a1be0fa05bd48a9e2f6309bcafa808e91267c,2852,animations/scalar-recovered/full-source/2628649539/CAB-5e105c8498533f279cba05a64cda0b2f/4640188222508465235/native-object.raw
420c43f7764154497a86554e1ee98c67519de31f955d9c3ec57c87f6cb9a585a,25067,animations/scalar-recovered/full-source/2628649539/CAB-6b888d658688f7e7c76f91d55b1b64e5/3218882236358508583/Eff_RemielleOrigin_Attack_ExQTE_Start_24_Aura.json
1411b82d295500b624b38ae6c446e55f529b8d5cd123dc05f9c5260c1c690ee8,2924,animations/scalar-recovered/full-source/2628649539/CAB-6b888d658688f7e7c76f91d55b1b64e5/3218882236358508583/native-object.raw
1b56c9cea752cc8516aaf0f7a84b7106eb58bcadf8ab2a8209132fc3bee2e60f,35794,animations/scalar-recovered/full-source/2628649539/CAB-6cffaf02172fb3627464caaf2a4868f7/7619614512728016855/Eff_RemielleOrigin_Attack_ExSpecial_33_Dust.json
6d688beb339deca85b3ee95c68580f2a134d96ad5e39b2ae72a851cd44eb184c,4140,animations/scalar-recovered/full-source/2628649539/CAB-6cffaf02172fb3627464caaf2a4868f7/7619614512728016855/native-object.raw
8de3835611ae1d8f19d58ee49bf2eaa8057a4f73fb0f7263ed6b7ff5a29a4fd4,21460,animations/scalar-recovered/full-source/2628649539/CAB-7cd01990e4c2d6efffef8da58974970e/-6768129164966183290/Eff_RemielleOrigin_Attack_ExQTE_Start_32_Trail.json
614677f77cda955ac742c8994c2a2acac07532c0da518daaf732451dc00cc228,2728,animations/scalar-recovered/full-source/2628649539/CAB-7cd01990e4c2d6efffef8da58974970e/-6768129164966183290/native-object.raw
17d634b33ef32d26ac59db409067ede2d974047b2d46dbbb1115d4a6aaaec8dd,23143,animations/scalar-recovered/full-source/2628649539/CAB-8e843d253c5a2b788d9c5a4907eeec64/3881656774510654250/Eff_RemielleOrigin_Attack_ExQTE_Start_43_Line.json
a5e0531406ff8714a2cfbfad7b5bc192b8ecca49333186b627e778c39232b878,2880,animations/scalar-recovered/full-source/2628649539/CAB-8e843d253c5a2b788d9c5a4907eeec64/3881656774510654250/native-object.raw
b216c529b23be3ba54b1b078b491a28b93c7386d0e027487280db0a003719a98,72882,animations/scalar-recovered/full-source/2628649539/CAB-96c10946d350313000e6bfcc57c63560/-8703796351755850308/Eff_RemielleOrigin_Attack_ExQTE_Start_34_Flash.json
c0efee89167817a0dc3ce9847d8ae5f8ff2d8fc317a6f51ba20522467d74b672,7468,animations/scalar-recovered/full-source/2628649539/CAB-96c10946d350313000e6bfcc57c63560/-8703796351755850308/native-object.raw
85ea58db5333fafdd3660b14d2715f2eb23e9eb5804c0e7729021b7ffe54c00d,67617,animations/scalar-recovered/full-source/2628649539/CAB-ae9873df44c0867e7066a45b9f9dbbc1/2740870121364370669/Eff_RemielleOrigin_Attack_ExSpecial_24_Trail.json
843e77bc3544e62faae919cd491e5f691874ec0d0d31d868e02a460e14756a06,7728,animations/scalar-recovered/full-source/2628649539/CAB-ae9873df44c0867e7066a45b9f9dbbc1/2740870121364370669/native-object.raw
1e77005509bf4ca4f0803a6932726fd188553fdbb1ef1a831a9012e72ac14591,61206,animations/scalar-recovered/full-source/2628649539/CAB-b3ed84f77ab92569d5fd5d3e651efdde/6033759757265454327/Eff_RemielleOrigin_SwitchIn_Attack_Ex_Start_23_Aura.json
f155f155d16b8dbafca027a5ab89729d6e004e8af87ad013c615119d682434c6,6272,animations/scalar-recovered/full-source/2628649539/CAB-b3ed84f77ab92569d5fd5d3e651efdde/6033759757265454327/native-object.raw
4d182b48ad686d2091f84ac04896cac01b7f172c92a8967f09129d2ab1b798a2,19655,animations/scalar-recovered/full-source/2628649539/CAB-b6e0cdfc5ed7ad6da31aa1dd6d7f1df3/5694802132380554332/Eff_RemielleOrigin_Attack_ExQTE_Start_40_Wind.json
54726bab0f53475f1f925b2b085229d46f0ee78285060e7d3a87cd9117f174a0,2516,animations/scalar-recovered/full-source/2628649539/CAB-b6e0cdfc5ed7ad6da31aa1dd6d7f1df3/5694802132380554332/native-object.raw
7d3f4a7ffa0bc1da5af723087cde9b58474683d1b56afb31296854fa77441886,65894,animations/scalar-recovered/full-source/2628649539/CAB-c01234435ae6754b19e4ba1167118dfc/8263246163424819483/Eff_RemielleOrigin_Attack_ExSpecial_07_Trail.json
f68b49b451bcd56fa070be92511b0ce0e75273d15cef0e7aa1cc1e39abb578d1,7224,animations/scalar-recovered/full-source/2628649539/CAB-c01234435ae6754b19e4ba1167118dfc/8263246163424819483/native-object.raw
da63178dadc16eaa5c67f3bba9297f492a2ccbd637fcd446c8143e9c1a424961,18010,animations/scalar-recovered/full-source/2628649539/CAB-e94afef84db973c5a6f119a9fd59c90e/8837228314780817487/Eff_RemielleOrigin_Attack_ExQTE_Start_41_Wind.json
ee5b43f3e2fb2c96c0324881d0b34ce5a6e97dd5937a6727e9512a67b59cee94,2344,animations/scalar-recovered/full-source/2628649539/CAB-e94afef84db973c5a6f119a9fd59c90e/8837228314780817487/native-object.raw
bbfd3f221b2a4bf117cc40d05bf22298202ee1bbf7d52479fdfd36ede2622f74,1024198,animations/scalar-recovered/full-source/2644159928/CAB-21ac22c6737426f9c39e444f6f0e50de/-7694202204963503413/Avatar_Female_Size02_Remielle_Origin_Ani_Skill02_AirState_Back.json
077dbaa18bd8fb4648c7eb1d1a4688e1db83db3503dd32ed02df756a684c7b03,315202,animations/scalar-recovered/full-source/2644159928/CAB-21ac22c6737426f9c39e444f6f0e50de/-7694202204963503413/acl-database-bulk.bin
6b1a0e4369a315cfe52eb6f9af60a07ff14b0a4b41c06149d1b05b2e8bac34ad,207772,animations/scalar-recovered/full-source/2644159928/CAB-21ac22c6737426f9c39e444f6f0e50de/-7694202204963503413/native-object.raw
cd2aad5eb3619a90fea2b45050ad2eb4466c432d4648300c5da5accd8cc5e1be,337,animations/scalar-recovered/full-source/2644159928/CAB-21ac22c6737426f9c39e444f6f0e50de/-7694202204963503413/streaming-info.json
9cd7a709981dfe9f6795d45edc79e64465f7550ba2bb739a16c4dcb05ae0b191,226215,animations/scalar-recovered/full-source/2644159928/CAB-21ac22c6737426f9c39e444f6f0e50de/8561267113550060042/Avatar_Female_Size02_Remielle_Origin_Default_Ani_Skill02_AirState_Back.json
806c023610aa99b515f616a225e3d749986f9a76b2c2172934d6d9e96ce6f8bc,45175,animations/scalar-recovered/full-source/2644159928/CAB-21ac22c6737426f9c39e444f6f0e50de/8561267113550060042/acl-database-bulk.bin
0f38d8cce39c473df104050ba13b6a9dc45c42fb3cf8439d9bfc529f33e94fde,65116,animations/scalar-recovered/full-source/2644159928/CAB-21ac22c6737426f9c39e444f6f0e50de/8561267113550060042/native-object.raw
226ab8e7c1757206e084fb2decfc0323900c68b57f579741cd8fb3cfd129c7c2,340,animations/scalar-recovered/full-source/2644159928/CAB-21ac22c6737426f9c39e444f6f0e50de/8561267113550060042/streaming-info.json
cfde7f0c7adfac232e6ea88bc03f0e8817476def564122ce3dd1f08aa1be9455,913103,animations/scalar-recovered/full-source/2644159928/CAB-23dc2aff50dcc333b62e75a00b19f44e/-4075304502098626112/Avatar_Female_Size02_Remielle_Origin_Ani_Attack_Rush.json
770d0326f6226e8a08a24bb76d1acbff88b25daba028e45470bdfe9346daedb1,107034,animations/scalar-recovered/full-source/2644159928/CAB-23dc2aff50dcc333b62e75a00b19f44e/-4075304502098626112/acl-database-bulk.bin
4956f82c085aff9100a7145ef6e0e22617290470fa11af608929eb85e7010497,121640,animations/scalar-recovered/full-source/2644159928/CAB-23dc2aff50dcc333b62e75a00b19f44e/-4075304502098626112/native-object.raw
8537139b72538cae771e7cd2c0edcf0539ce3a8c6ea102aca2278d30ede66500,342,animations/scalar-recovered/full-source/2644159928/CAB-23dc2aff50dcc333b62e75a00b19f44e/-4075304502098626112/streaming-info.json
a099fb8c7f0216fbea77a1fe52f9e8b0b20159b9f1a64bd8db1bc938375aafa0,982228,animations/scalar-recovered/full-source/2644159928/CAB-23dc2aff50dcc333b62e75a00b19f44e/-4558440314496780126/Avatar_Female_Size02_Remielle_Origin_Ani_Attack_Rush_End.json
d48dea8012ab873948f5b98175e5b340acc1f9e1df29dc0d74d89aec6d2b8134,158058,animations/scalar-recovered/full-source/2644159928/CAB-23dc2aff50dcc333b62e75a00b19f44e/-4558440314496780126/acl-database-bulk.bin
8b91c1969304ea67462917ca67048ca034bb25cc34d7e18860b571dc22a95fdc,169088,animations/scalar-recovered/full-source/2644159928/CAB-23dc2aff50dcc333b62e75a00b19f44e/-4558440314496780126/native-object.raw
5da3c4650d3e91ed2b37d314bb8bf6d7e41bdc51ef4fb4ac1dfbedcaf67d91bd,341,animations/scalar-recovered/full-source/2644159928/CAB-23dc2aff50dcc333b62e75a00b19f44e/-4558440314496780126/streaming-info.json
38e62a73e390b093797a586f44ad03f1543e0be84b046f4e6cdedee2eba46c18,194064,animations/scalar-recovered/full-source/2644159928/CAB-23dc2aff50dcc333b62e75a00b19f44e/-5692307621512276811/Avatar_Female_Size02_Remielle_Origin_Default_Ani_Attack_Rush_End.json
3e07cf14d8215302e8aaa8c011d70b65cfbc8c888a19aee21ffe16aeaa4c4270,19536,animations/scalar-recovered/full-source/2644159928/CAB-23dc2aff50dcc333b62e75a00b19f44e/-5692307621512276811/acl-database-bulk.bin
5f932113970491c5695ea6c673dffc60218433cb7308b5778cf68f6f41c3440a,40788,animations/scalar-recovered/full-source/2644159928/CAB-23dc2aff50dcc333b62e75a00b19f44e/-5692307621512276811/native-object.raw
e2ccb254a7adb52734ef619e0a7ffa364616bdd0998594039a89ac9adc83d132,335,animations/scalar-recovered/full-source/2644159928/CAB-23dc2aff50dcc333b62e75a00b19f44e/-5692307621512276811/streaming-info.json
c6b431d21711adabaec34e7b281e7132e66c01c41d47718207ff8399c0642aaf,179450,animations/scalar-recovered/full-source/2644159928/CAB-23dc2aff50dcc333b62e75a00b19f44e/7402350476341619544/Avatar_Female_Size02_Remielle_Origin_Default_Ani_Attack_Rush.json
e9c8b6b208918e8bdf5a0658762e080fa9a2bf69b7a86d710e53a6d1c27e7173,13898,animations/scalar-recovered/full-source/2644159928/CAB-23dc2aff50dcc333b62e75a00b19f44e/7402350476341619544/acl-database-bulk.bin
3b0f7a55688dab07d9150cdcf67fcfec6bd2d25ab1de2522fe4fe77f9ab671ae,29968,animations/scalar-recovered/full-source/2644159928/CAB-23dc2aff50dcc333b62e75a00b19f44e/7402350476341619544/native-object.raw
ab235ae5e6fe73292988c969b45c8c9b8970798d1bc7051961e8b2499a0b3208,340,animations/scalar-recovered/full-source/2644159928/CAB-23dc2aff50dcc333b62e75a00b19f44e/7402350476341619544/streaming-info.json
c8322af949577f2cafc22aced1cc503ca53f68d87c05148e3d1255957751ca1d,175590,animations/scalar-recovered/full-source/2644159928/CAB-2f1484948498c25d28dc4cd394c07627/-2783953787026959017/Avatar_Female_Size02_Remielle_Origin_Default_Ani_Attack_ParryAid_H.json
62f3465ce09b640d92e74e4d4b4e8ce62f3a73b5bc79b794a242497aa06ba099,10654,animations/scalar-recovered/full-source/2644159928/CAB-2f1484948498c25d28dc4cd394c07627/-2783953787026959017/acl-database-bulk.bin
9f2785ffef169e2270373c569c4dfefe69bba223004f7eb11c74334531bcdafd,26680,animations/scalar-recovered/full-source/2644159928/CAB-2f1484948498c25d28dc4cd394c07627/-2783953787026959017/native-object.raw
d3cb753148b4b2dcdc4988db634ffa0760668c59406264bc621f860a46bf0269,340,animations/scalar-recovered/full-source/2644159928/CAB-2f1484948498c25d28dc4cd394c07627/-2783953787026959017/streaming-info.json
cafe9afd2a9485f8c6a95ad64fc2c3dc3d58d07121c606b1272b44ea0b3908b5,1000700,animations/scalar-recovered/full-source/2644159928/CAB-2f1484948498c25d28dc4cd394c07627/-5535912060542682862/Avatar_Female_Size02_Remielle_Origin_Ani_Attack_ParryAid_H_End.json
2e86ea32e996f73155d4ba24a65e719da12c70601031f3655a0225231ff91114,183571,animations/scalar-recovered/full-source/2644159928/CAB-2f1484948498c25d28dc4cd394c07627/-5535912060542682862/acl-database-bulk.bin
26ff6a1640f84366433fb57807bc12f09a89063ea0489ec173adf63cda2259cf,182236,animations/scalar-recovered/full-source/2644159928/CAB-2f1484948498c25d28dc4cd394c07627/-5535912060542682862/native-object.raw
b9d9d33e78adb14767fa04640e93441f4a9950b6353d81429b62c290a7f4e219,337,animations/scalar-recovered/full-source/2644159928/CAB-2f1484948498c25d28dc4cd394c07627/-5535912060542682862/streaming-info.json
e3e555a6743fb721c1b05b8dc25e3e4b957341b29e89710862517e5025ae512f,203475,animations/scalar-recovered/full-source/2644159928/CAB-2f1484948498c25d28dc4cd394c07627/125864610036234915/Avatar_Female_Size02_Remielle_Origin_Default_Ani_Attack_ParryAid_H_End.json
1f1fdccf162fa155edae8f38b3e07da825562b32fb17c597ad848a100f8be39a,23036,animations/scalar-recovered/full-source/2644159928/CAB-2f1484948498c25d28dc4cd394c07627/125864610036234915/acl-database-bulk.bin
037525c32b76f7615c7917c44d278ba56c1396e8cd8d1dfb63d78b29cf1cee0e,47276,animations/scalar-recovered/full-source/2644159928/CAB-2f1484948498c25d28dc4cd394c07627/125864610036234915/native-object.raw
bfa2b4fc5796c4f441fa5245073d656ecd9fbdbb5af8c04979babe94c323091e,340,animations/scalar-recovered/full-source/2644159928/CAB-2f1484948498c25d28dc4cd394c07627/125864610036234915/streaming-info.json
de4951deafedf3d2b1a23044c99302ce721b4887e99df0ab991633dfe2c9f1e6,905698,animations/scalar-recovered/full-source/2644159928/CAB-2f1484948498c25d28dc4cd394c07627/9027952041783912923/Avatar_Female_Size02_Remielle_Origin_Ani_Attack_ParryAid_H.json
b583047efd9b041d80cf570c885155d8a3d38d43a3a160bfa996da5f65674411,80368,animations/scalar-recovered/full-source/2644159928/CAB-2f1484948498c25d28dc4cd394c07627/9027952041783912923/acl-database-bulk.bin
0177514a59835bb128ab91b8b911e7e64c7ba4cc7693c07e0899fbc992a55b8f,112188,animations/scalar-recovered/full-source/2644159928/CAB-2f1484948498c25d28dc4cd394c07627/9027952041783912923/native-object.raw
8e87f0b1aee3380ea50e16450d5faf37029699cbd202e39ad3b088da607ff88d,341,animations/scalar-recovered/full-source/2644159928/CAB-2f1484948498c25d28dc4cd394c07627/9027952041783912923/streaming-info.json
2262b3efb4b5e126c99df7ab57164c08bf01a45312032150e1cc647d45c6c849,946048,animations/scalar-recovered/full-source/2644159928/CAB-4acab430bbfe5bd8c384671b77382613/4185212377489378288/Avatar_Female_Size02_Remielle_Origin_Ani_Idle_AirState_Front_Loop.json
7c27c3fa090e55e052cc022570decfd4cb89eee990d6b1126130c71fd04dedcb,139078,animations/scalar-recovered/full-source/2644159928/CAB-4acab430bbfe5bd8c384671b77382613/4185212377489378288/acl-database-bulk.bin
539e61845118a4285c2c9cd9d84890bcedb0565359d47e408b6c4310f2ca7678,150388,animations/scalar-recovered/full-source/2644159928/CAB-4acab430bbfe5bd8c384671b77382613/4185212377489378288/native-object.raw
1921d5524414f75922cf9018a78f309b34f3b69dbb5ae7438d4d09fd4d8a3241,337,animations/scalar-recovered/full-source/2644159928/CAB-4acab430bbfe5bd8c384671b77382613/4185212377489378288/streaming-info.json
2262ed82a2fca3e9edfbc976f360fcd85883a82f7cf8cf9343bd523a2519bff5,189001,animations/scalar-recovered/full-source/2644159928/CAB-4acab430bbfe5bd8c384671b77382613/4371563076846693618/Avatar_Female_Size02_Remielle_Origin_Default_Ani_Idle_AirState_Front_Loop.json
775a126a35bb4417ca97d23ce94198fd975068e84802075fbe7839fbcfcdd494,17455,animations/scalar-recovered/full-source/2644159928/CAB-4acab430bbfe5bd8c384671b77382613/4371563076846693618/acl-database-bulk.bin
ea34ca7dc710fd36f966108189d361f89cbee0e2012d33feb12d92badfa745ad,37184,animations/scalar-recovered/full-source/2644159928/CAB-4acab430bbfe5bd8c384671b77382613/4371563076846693618/native-object.raw
cb536a40e77293a4bbf6c9c94c2c7f6a9081d670e0f5c3abb146cc7711d6e4a2,340,animations/scalar-recovered/full-source/2644159928/CAB-4acab430bbfe5bd8c384671b77382613/4371563076846693618/streaming-info.json
9415ed3871606d5214f755e1a16500c3b340cf592e59d841765f61c357bc180d,378652,animations/scalar-recovered/full-source/2644159928/CAB-551d7d2611f6e6559c0554b8ea0550c2/-2268502237340574546/Avatar_Female_Size02_Remielle_Origin_Default_Ani_Idle_AFK.json
9c306872122a374e361cfa5143cbc0c4af8361107c2ff9f4fb23d13215dd48c8,164391,animations/scalar-recovered/full-source/2644159928/CAB-551d7d2611f6e6559c0554b8ea0550c2/-2268502237340574546/acl-database-bulk.bin
8b1804f93b8d582d91600809062b10d48f35858dcfb8199a148a07062cae2812,179248,animations/scalar-recovered/full-source/2644159928/CAB-551d7d2611f6e6559c0554b8ea0550c2/-2268502237340574546/native-object.raw
c8dcc2d4c6ac1f59abdaa51e937b7635e0554adea15860cb2d4e47dbbaae55f6,337,animations/scalar-recovered/full-source/2644159928/CAB-551d7d2611f6e6559c0554b8ea0550c2/-2268502237340574546/streaming-info.json
bb16c69bf016cb5e1816c6df1d62dfdfa28fb7bc343063f9ad4ebf112a14c013,1465715,animations/scalar-recovered/full-source/2644159928/CAB-551d7d2611f6e6559c0554b8ea0550c2/4544877087024896898/Avatar_Female_Size02_Remielle_Origin_Ani_Idle_AFK.json
5a6540282aeeb1dfee53c3561cfabcde6311e13aed52a854e5cd9da2d2ea336c,1235807,animations/scalar-recovered/full-source/2644159928/CAB-551d7d2611f6e6559c0554b8ea0550c2/4544877087024896898/acl-database-bulk.bin
88b7e2dc2540be113ac4f48a7866bdaceeb38244628ffee611d3d47fe9ed6538,531552,animations/scalar-recovered/full-source/2644159928/CAB-551d7d2611f6e6559c0554b8ea0550c2/4544877087024896898/native-object.raw
e7cdbd3fa326028b55fa23377e0369a71319f1b25f8091a2f967f30fec716b33,343,animations/scalar-recovered/full-source/2644159928/CAB-551d7d2611f6e6559c0554b8ea0550c2/4544877087024896898/streaming-info.json
b20d8b84255624e4df99614de0b4a3dde34bd24e5207b9f868e3749b69f0eb9e,234979,animations/scalar-recovered/full-source/2644159928/CAB-c4f8350472212923ad4c63900277324e/-7770143892294656706/Avatar_Female_Size02_Remielle_Origin_Default_Ani_Dash_End.json
5b59d58adfbb3bea31731f02593d611ad288846924e199ec121347c9fa5b6b39,40924,animations/scalar-recovered/full-source/2644159928/CAB-c4f8350472212923ad4c63900277324e/-7770143892294656706/acl-database-bulk.bin
88bd2ba668df15ff43c724f938502b742d8d0ea23f3e1a3a4c8448aba1e7196b,71504,animations/scalar-recovered/full-source/2644159928/CAB-c4f8350472212923ad4c63900277324e/-7770143892294656706/native-object.raw
724b0df0d5041a88e35f7dc07c7318b483f7a7edd73f6dc696eaaf5be6b50467,335,animations/scalar-recovered/full-source/2644159928/CAB-c4f8350472212923ad4c63900277324e/-7770143892294656706/streaming-info.json
d288c48b4507ac74294bb0bbe67abbfc8340ecee7f56f2a11d96063c78cba55c,1097453,animations/scalar-recovered/full-source/2644159928/CAB-c4f8350472212923ad4c63900277324e/6127760193621929348/Avatar_Female_Size02_Remielle_Origin_Ani_Dash_End.json
1f8a0bf6e25e0f30bf917f680039b4633955bb8f077f4bce9bc9258d99f8fb50,330023,animations/scalar-recovered/full-source/2644159928/CAB-c4f8350472212923ad4c63900277324e/6127760193621929348/acl-database-bulk.bin
0c494b9eae6ce1e00a61e05832d0942d180537144eb5920caa47d50d16ce04c9,254288,animations/scalar-recovered/full-source/2644159928/CAB-c4f8350472212923ad4c63900277324e/6127760193621929348/native-object.raw
6c0001eee60d604e426eba1bc1c0ee7edddd258ea6a9985f3dfc604a0901ad52,341,animations/scalar-recovered/full-source/2644159928/CAB-c4f8350472212923ad4c63900277324e/6127760193621929348/streaming-info.json
ed23e44689591344c439de9d92e4e2b802ad8444ab972b58a9ddc72901e194e3,210392,animations/scalar-recovered/full-source/2748134067/CAB-330bd96e19b96949e0b97c05a2ed7bef/2376275663948915350/Avatar_Female_Size02_Remielle_Origin_Default_Ani_UI_S1toD.json
317190c00b0f8d6ab35ba811d4e5f0dd40d57b56a264c53268fe55d5c64d57af,42468,animations/scalar-recovered/full-source/2748134067/CAB-330bd96e19b96949e0b97c05a2ed7bef/2376275663948915350/acl-database-bulk.bin
820432b36e73a190cdaa98894ccc5af6aac5548712ca829750982d6081fdbc7b,53168,animations/scalar-recovered/full-source/2748134067/CAB-330bd96e19b96949e0b97c05a2ed7bef/2376275663948915350/native-object.raw
aa8e06a9528098cac9aad76e3d930b8991ce675aae02c2d1bbc3e9f75c093ce6,335,animations/scalar-recovered/full-source/2748134067/CAB-330bd96e19b96949e0b97c05a2ed7bef/2376275663948915350/streaming-info.json
a3e2f28ec36229cca4d5d916cd4b912c977457cf468a9e14af88c89cf0f3aef1,982112,animations/scalar-recovered/full-source/2748134067/CAB-330bd96e19b96949e0b97c05a2ed7bef/3470092491637655077/Avatar_Female_Size02_Remielle_Origin_Ani_UI_S1toD.json
a37225095f667dcec0caf725bfa70e5a2e607e02b57256cc5ffd0f46102b947c,243112,animations/scalar-recovered/full-source/2748134067/CAB-330bd96e19b96949e0b97c05a2ed7bef/3470092491637655077/acl-database-bulk.bin
332ed74c7bbfa6ee12b3c8a691a01ce1fa36db784d272613e216f98d20074ba0,168460,animations/scalar-recovered/full-source/2748134067/CAB-330bd96e19b96949e0b97c05a2ed7bef/3470092491637655077/native-object.raw
092de46eff642df623e7f1d2b4ef07b4b6cd354aa66c49aae82ca3fb476a0b4b,341,animations/scalar-recovered/full-source/2748134067/CAB-330bd96e19b96949e0b97c05a2ed7bef/3470092491637655077/streaming-info.json
5af9211280486499043eed5923f19f0c5debfae3e15acc1e02b8fc05fd6cd761,944150,animations/scalar-recovered/full-source/2748134067/CAB-4294b85318c921ad883ebec57aab8813/-5303941321250447542/Avatar_Female_Size02_Remielle_Origin_Ani_Gal_Special_End.json
85990487aad1faa8cb0273fc64dfe3b151b3897f747e97ba9f7b2c372a8b4484,178525,animations/scalar-recovered/full-source/2748134067/CAB-4294b85318c921ad883ebec57aab8813/-5303941321250447542/acl-database-bulk.bin
bb8d895b3e484b0fc27f9fc1644abdc1cd8e43aebf481c8d9f5a810e417ccf77,143372,animations/scalar-recovered/full-source/2748134067/CAB-4294b85318c921ad883ebec57aab8813/-5303941321250447542/native-object.raw
e662db4f4195b130ff8a37d6ebac55ab59b74bb804227307447fe312510195ae,337,animations/scalar-recovered/full-source/2748134067/CAB-4294b85318c921ad883ebec57aab8813/-5303941321250447542/streaming-info.json
c57afa30b7e76301004e129c4f68dc8fe67fbabcf376ccc78367fa72afb7b907,210231,animations/scalar-recovered/full-source/2748134067/CAB-4294b85318c921ad883ebec57aab8813/9148289748416344275/Avatar_Female_Size02_Remielle_Origin_Default_Ani_Gal_Special_End.json
bcfd5f9fd7c203b227be3c4db1281fe2eef64107b323330a38d5f7cf2a724008,33200,animations/scalar-recovered/full-source/2748134067/CAB-4294b85318c921ad883ebec57aab8813/9148289748416344275/acl-database-bulk.bin
bf036d14ded079896352ee9dfff36508d7d1ad69eeea932ab438dbfc5ea89f95,52532,animations/scalar-recovered/full-source/2748134067/CAB-4294b85318c921ad883ebec57aab8813/9148289748416344275/native-object.raw
0d94ba9d3f4c22341344f61f859e28e58524a5ea3f3a6a2fa182b203d2ad54fb,340,animations/scalar-recovered/full-source/2748134067/CAB-4294b85318c921ad883ebec57aab8813/9148289748416344275/streaming-info.json
d39dd26b580719ed75a2a436e41c87b73638dc4f5e3a538df9c2e9a8487a2da6,207185,animations/scalar-recovered/full-source/2748134067/CAB-4c326020d1d3fe61acc918c5faf5dbfe/6375502065745835586/Avatar_Female_Size02_Remielle_Origin_Default_Ani_UI_DtoS1.json
8b96303515e862f16ef3b5bde4aa8c9f0693979c6993d9fb9b5682c371a6bc49,37225,animations/scalar-recovered/full-source/2748134067/CAB-4c326020d1d3fe61acc918c5faf5dbfe/6375502065745835586/acl-database-bulk.bin
6b24d5ef8c24b1d8db4137f5c42401d4fa05568f19217075985ed85adccd2737,50688,animations/scalar-recovered/full-source/2748134067/CAB-4c326020d1d3fe61acc918c5faf5dbfe/6375502065745835586/native-object.raw
1ced49a3e5797981ee86883cc9e9f361481d11102bef6e21d8f324fa25e7a34a,335,animations/scalar-recovered/full-source/2748134067/CAB-4c326020d1d3fe61acc918c5faf5dbfe/6375502065745835586/streaming-info.json
80cc1b94ba3662562dc4388e87e1795e0fb2a9aac9a2716d443a7e69632e8239,971361,animations/scalar-recovered/full-source/2748134067/CAB-4c326020d1d3fe61acc918c5faf5dbfe/8688461633297944011/Avatar_Female_Size02_Remielle_Origin_Ani_UI_DtoS1.json
a1c2aa80e6043e0483d1cfc5fdf82dbc20bb575530a658179831ed61ac1bcb68,211665,animations/scalar-recovered/full-source/2748134067/CAB-4c326020d1d3fe61acc918c5faf5dbfe/8688461633297944011/acl-database-bulk.bin
365b60f69b37bbbaace5eea6d0094a6fabb73de79e0c369bdb6bdf869f632cc0,161252,animations/scalar-recovered/full-source/2748134067/CAB-4c326020d1d3fe61acc918c5faf5dbfe/8688461633297944011/native-object.raw
68f71fe0f2965c82775df836197fc567afeb4b5c303b1f55c274292e31ca6380,341,animations/scalar-recovered/full-source/2748134067/CAB-4c326020d1d3fe61acc918c5faf5dbfe/8688461633297944011/streaming-info.json
41577be6ce09cfba130fe76d30c60ea8f681f58138d8dc0bb456d140a475b3e4,973197,animations/scalar-recovered/full-source/2748134067/CAB-4f8b83f6a49b94175bb6d9a90a2080bd/-2199317863621238853/Avatar_Female_Size02_Remielle_Origin_Ani_UI_EtoD.json
bfd2ab753a81d5ea26d751842a85dcf8e6abd21efc52c6b972d503e692afb0a8,234333,animations/scalar-recovered/full-source/2748134067/CAB-4f8b83f6a49b94175bb6d9a90a2080bd/-2199317863621238853/acl-database-bulk.bin
6df386eadc2c52f8bc4a54583619a56b8b34faa1fef6d7dce8048685f93ab5e3,163132,animations/scalar-recovered/full-source/2748134067/CAB-4f8b83f6a49b94175bb6d9a90a2080bd/-2199317863621238853/native-object.raw
7c91eea0f9ec2d23733e24317498e7b8a0046aa8904b4d4c0a9d019d34392a9e,337,animations/scalar-recovered/full-source/2748134067/CAB-4f8b83f6a49b94175bb6d9a90a2080bd/-2199317863621238853/streaming-info.json
007526487b6ec12ac4228c39bdbae331b136f0366d7f0ef21e1a374f750f90df,208965,animations/scalar-recovered/full-source/2748134067/CAB-4f8b83f6a49b94175bb6d9a90a2080bd/5915069463550688119/Avatar_Female_Size02_Remielle_Origin_Default_Ani_UI_EtoD.json
11b6a7ddbfa56607f597ce077aef7d1ae6127075afa2051ffd5acf28d160a22a,38591,animations/scalar-recovered/full-source/2748134067/CAB-4f8b83f6a49b94175bb6d9a90a2080bd/5915069463550688119/acl-database-bulk.bin
592bfeb4b1ad365bf95a2a655deadfe05dfd35666ae42a1997f6a2d5c2f429aa,52108,animations/scalar-recovered/full-source/2748134067/CAB-4f8b83f6a49b94175bb6d9a90a2080bd/5915069463550688119/native-object.raw
afb646eba53673815fb78076473049d1546852dfdbfe1ed0fd9f579c078cc33e,340,animations/scalar-recovered/full-source/2748134067/CAB-4f8b83f6a49b94175bb6d9a90a2080bd/5915069463550688119/streaming-info.json
e0088a140c2418d11b35d28d3ab86f8ffdc533ab75f1a18063ffac14614b5487,944998,animations/scalar-recovered/full-source/2748134067/CAB-72ea75fbc9c7c8e99dfee30966e728cd/-3988673591889696710/Avatar_Female_Size02_Remielle_Origin_Ani_Gal_Happy_Start.json
ccf18415b4b50bf16f0819225744f1089b95a2a8c1a9334af51fc00972770f40,177028,animations/scalar-recovered/full-source/2748134067/CAB-72ea75fbc9c7c8e99dfee30966e728cd/-3988673591889696710/acl-database-bulk.bin
c7c61aeef4ef63e02a73f9b6ea2f40363c066b352520beff3d21f67ad9eb1010,144896,animations/scalar-recovered/full-source/2748134067/CAB-72ea75fbc9c7c8e99dfee30966e728cd/-3988673591889696710/native-object.raw
352b99a349247cb7cf8f017d73ee0396ec60cb7334aa9d38b164ef95c5ace4ef,337,animations/scalar-recovered/full-source/2748134067/CAB-72ea75fbc9c7c8e99dfee30966e728cd/-3988673591889696710/streaming-info.json
0673949134464ed90aa7aead8911f34ef8b64108a895d19c62fd8ba15f442041,208477,animations/scalar-recovered/full-source/2748134067/CAB-72ea75fbc9c7c8e99dfee30966e728cd/3043360334043733254/Avatar_Female_Size02_Remielle_Origin_Default_Ani_Gal_Happy_Start.json
e932a6f23bb777d40816fcd3b5e7b4d54e0fc971e727ac48b548db3a77390f4d,34846,animations/scalar-recovered/full-source/2748134067/CAB-72ea75fbc9c7c8e99dfee30966e728cd/3043360334043733254/acl-database-bulk.bin
784e23c2f0084e9db33f7409f0c2c3a9ed2163abd2f52f1af40af9caf58e204c,51412,animations/scalar-recovered/full-source/2748134067/CAB-72ea75fbc9c7c8e99dfee30966e728cd/3043360334043733254/native-object.raw
89ed498f5be59f539546b4ddf9bfc05359dd9714d81d8db433537a8444b18cfc,340,animations/scalar-recovered/full-source/2748134067/CAB-72ea75fbc9c7c8e99dfee30966e728cd/3043360334043733254/streaming-info.json
dacee88b1716625f6d0600eb34dd35e780da190116ebd48fdd408cb6756bf356,996094,animations/scalar-recovered/full-source/2748134067/CAB-862044e831a368a0200f79bc21f0da2e/-335224074298200128/Avatar_Female_Size02_Remielle_Origin_Ani_UI_CharSel_Loop.json
98523487374b55c1916e189f2afbb08b095f014d05a4d0771898d87b064fca44,255281,animations/scalar-recovered/full-source/2748134067/CAB-862044e831a368a0200f79bc21f0da2e/-335224074298200128/acl-database-bulk.bin
ced0a1e55bac4916e39d6eb310556c7ab81b00c384adbbea796425269918b358,181020,animations/scalar-recovered/full-source/2748134067/CAB-862044e831a368a0200f79bc21f0da2e/-335224074298200128/native-object.raw
7f29a4de502a12ba1c3f58606cb17db0a40ea49d863b41c0030be3fd2c7fb25c,337,animations/scalar-recovered/full-source/2748134067/CAB-862044e831a368a0200f79bc21f0da2e/-335224074298200128/streaming-info.json
b7f7fc407cf75ac2fa0ccf61119902b44c707ddd217f6a3f4ee538501a1b6361,203023,animations/scalar-recovered/full-source/2748134067/CAB-862044e831a368a0200f79bc21f0da2e/8347992638833308850/Avatar_Female_Size02_Remielle_Origin_Default_Ani_UI_CharSel_Loop.json
dba66f2bdf197c322291c5f0afe2dbcab86d0926eb4e1fa048282746faee0bb8,33058,animations/scalar-recovered/full-source/2748134067/CAB-862044e831a368a0200f79bc21f0da2e/8347992638833308850/acl-database-bulk.bin
ca1f2d12a866a34abefbc63ea938ec89472231e4c4351fe5a9e5821d009fe50f,47812,animations/scalar-recovered/full-source/2748134067/CAB-862044e831a368a0200f79bc21f0da2e/8347992638833308850/native-object.raw
1c28da7077c53d965baf56275aafa3551289b8d726e1d4a8bc59d75a41ff9cc2,340,animations/scalar-recovered/full-source/2748134067/CAB-862044e831a368a0200f79bc21f0da2e/8347992638833308850/streaming-info.json
5e17206eb23ec03c18d42c6dbd3fdb86e29baa9f52f2b2d82079e19b29cb0020,966220,animations/scalar-recovered/full-source/2748134067/CAB-8f25f35c718bd3f8a95fa36f7b383ca6/-2903405303067937652/Avatar_Female_Size02_Remielle_Origin_Ani_UI_DtoE.json
d98d290a1704f6a18894fc50bad8fa53cb683ace449c832d887bb3eeb8ddf1c1,201296,animations/scalar-recovered/full-source/2748134067/CAB-8f25f35c718bd3f8a95fa36f7b383ca6/-2903405303067937652/acl-database-bulk.bin
2978f9532fa90fa6cce3e0bd59af22093b26e7b9cce4413eea987badf0b3f870,158060,animations/scalar-recovered/full-source/2748134067/CAB-8f25f35c718bd3f8a95fa36f7b383ca6/-2903405303067937652/native-object.raw
e57a7ffdd5579ea23a163d6fc1398a315eea8dd9027fb4eb41738828c0b42758,341,animations/scalar-recovered/full-source/2748134067/CAB-8f25f35c718bd3f8a95fa36f7b383ca6/-2903405303067937652/streaming-info.json
582e010f37b78d43b3eec2ca054790baeabafb96df8b8458d42f81409a92e491,211142,animations/scalar-recovered/full-source/2748134067/CAB-8f25f35c718bd3f8a95fa36f7b383ca6/-8093300031105704675/Avatar_Female_Size02_Remielle_Origin_Default_Ani_UI_DtoE.json
af17602e455c52b7ad6f2b71cf8941c9b8d2f034892cfdbaa1605c006a12c4c9,36222,animations/scalar-recovered/full-source/2748134067/CAB-8f25f35c718bd3f8a95fa36f7b383ca6/-8093300031105704675/acl-database-bulk.bin
3f73637355c0a9dbf21268eb9af20caece163b06cbb476b0d0a4b9e06c5007a5,53532,animations/scalar-recovered/full-source/2748134067/CAB-8f25f35c718bd3f8a95fa36f7b383ca6/-8093300031105704675/native-object.raw
ba123f0fb5e7375e5b0a527c45da6bf9364068343bb4ce61ca30d30e7b417ead,335,animations/scalar-recovered/full-source/2748134067/CAB-8f25f35c718bd3f8a95fa36f7b383ca6/-8093300031105704675/streaming-info.json
f8ead560d0d60cc36421ca38512e9bfc54a23e3f37065f425e506c9fc883a908,206545,animations/scalar-recovered/full-source/2748134067/CAB-a4184ef1a7e5ec75129dfea901d4e282/-7723608569424909613/Avatar_Female_Size02_Remielle_Origin_Default_Ani_Gal_Special_Loop.json
6c2c7b56e43689a7b10c29afd0c7b5368ddab4a50d790f2c9e1ae92e8e4a91ce,36227,animations/scalar-recovered/full-source/2748134067/CAB-a4184ef1a7e5ec75129dfea901d4e282/-7723608569424909613/acl-database-bulk.bin
1550e7fd0cb7434b8bd98cd1566ec980a48a4a2f800b730e923c6c66db38621c,50392,animations/scalar-recovered/full-source/2748134067/CAB-a4184ef1a7e5ec75129dfea901d4e282/-7723608569424909613/native-object.raw
7680b4601f0cc1f38092af81dd32dc9f3004dcb435b62da91f76baaead3a9ad7,335,animations/scalar-recovered/full-source/2748134067/CAB-a4184ef1a7e5ec75129dfea901d4e282/-7723608569424909613/streaming-info.json
f50c639b2af1a82aa6847598f624c9731c439a67090897f0cb7debce1fac2658,949295,animations/scalar-recovered/full-source/2748134067/CAB-a4184ef1a7e5ec75129dfea901d4e282/6758021922457709705/Avatar_Female_Size02_Remielle_Origin_Ani_Gal_Special_Loop.json
e76d90088ac1c9a979b5435e729cfa554cece78cac4e76208c3c4a52cc37bc7e,196348,animations/scalar-recovered/full-source/2748134067/CAB-a4184ef1a7e5ec75129dfea901d4e282/6758021922457709705/acl-database-bulk.bin
620cd84fb50b9d1463209fe26af645a602068fd2c64c36702074701458ac7c97,148572,animations/scalar-recovered/full-source/2748134067/CAB-a4184ef1a7e5ec75129dfea901d4e282/6758021922457709705/native-object.raw
fd6b60675d94ce93d78f52465813c6d64fc3db68477313b225c10ee1d0f981f1,341,animations/scalar-recovered/full-source/2748134067/CAB-a4184ef1a7e5ec75129dfea901d4e282/6758021922457709705/streaming-info.json
08ded64b151d852da6d7849d20d6072361d968d443afa816214a96823319bf42,948815,animations/scalar-recovered/full-source/2748134067/CAB-d77415a594af7c627f07c9786086ce9b/-5613997075032444129/Avatar_Female_Size02_Remielle_Origin_Ani_Gal_Sad_Loop.json
7c5760c00676504f8327f5db4a7494a17ad766d21a7a85d4ec0e28572384e306,193491,animations/scalar-recovered/full-source/2748134067/CAB-d77415a594af7c627f07c9786086ce9b/-5613997075032444129/acl-database-bulk.bin
8b529a47c4e2f0b67292cc38af3cac2e6268e01833159f43bc01e6c631849133,148116,animations/scalar-recovered/full-source/2748134067/CAB-d77415a594af7c627f07c9786086ce9b/-5613997075032444129/native-object.raw
c56515a625f5fbc948eaf03dfac9cfa1a0f5329d68d88be40f827742bf30c61e,337,animations/scalar-recovered/full-source/2748134067/CAB-d77415a594af7c627f07c9786086ce9b/-5613997075032444129/streaming-info.json
eaa722faf5f4ce81b96ef876fcd5e1d9c87e1011f3285367d89b23508c3421dd,204751,animations/scalar-recovered/full-source/2748134067/CAB-d77415a594af7c627f07c9786086ce9b/6861209878391516454/Avatar_Female_Size02_Remielle_Origin_Default_Ani_Gal_Sad_Loop.json
9110eb71f7a89e014a94eb26f1f5563607cb31985ab003a20f946b3e3e2680d8,34715,animations/scalar-recovered/full-source/2748134067/CAB-d77415a594af7c627f07c9786086ce9b/6861209878391516454/acl-database-bulk.bin
0d98804ee1f9c8c99e13fa057c6494f28e74cb1104c250dfbc76302da5d55a96,49140,animations/scalar-recovered/full-source/2748134067/CAB-d77415a594af7c627f07c9786086ce9b/6861209878391516454/native-object.raw
d406ee6708e5161beb6f60f969a2c61dc66f9dcd103315b9a915754cd28106a6,340,animations/scalar-recovered/full-source/2748134067/CAB-d77415a594af7c627f07c9786086ce9b/6861209878391516454/streaming-info.json
fbfbd5f883a6e9d95215f46d613ec9458372ffe1fafd9969b77dcb89d5e48bc6,205420,animations/scalar-recovered/full-source/2748134067/CAB-d7e8a5de1954691b39f6fabb014a5ff9/-8708365642548453787/Avatar_Female_Size02_Remielle_Origin_Default_Ani_Gal_Think_End.json
2c11fa88e207f56301a62ef4c127aa997c3d59087ad07741c4b7a1edc896024a,31615,animations/scalar-recovered/full-source/2748134067/CAB-d7e8a5de1954691b39f6fabb014a5ff9/-8708365642548453787/acl-database-bulk.bin
6c9e705d49d79f63697155534c02e54cc9d5cb096cc49d27b5a623127296c5f6,49124,animations/scalar-recovered/full-source/2748134067/CAB-d7e8a5de1954691b39f6fabb014a5ff9/-8708365642548453787/native-object.raw
647ec0d3cf2831603485befa0d4ab653775bdbe8505c057ee2800d4162ed2502,335,animations/scalar-recovered/full-source/2748134067/CAB-d7e8a5de1954691b39f6fabb014a5ff9/-8708365642548453787/streaming-info.json
68ad069254169029eb267313114fdfbd451fcbf551d53ecfdd04dfed9765457c,948269,animations/scalar-recovered/full-source/2748134067/CAB-d7e8a5de1954691b39f6fabb014a5ff9/8724263261004016611/Avatar_Female_Size02_Remielle_Origin_Ani_Gal_Think_End.json
c6d9868b2105a51b62bf38c4683e686c2bd3ec4c6143b1fbb94d6d9fb243c6b1,178900,animations/scalar-recovered/full-source/2748134067/CAB-d7e8a5de1954691b39f6fabb014a5ff9/8724263261004016611/acl-database-bulk.bin
55faee30ffa876482c7645042a91f3c5d17d39c28ab862126714e6262209d0a8,147096,animations/scalar-recovered/full-source/2748134067/CAB-d7e8a5de1954691b39f6fabb014a5ff9/8724263261004016611/native-object.raw
a8ff3a053b81a2d0e5b5d0434eb907e2dee7ba79cfc042896feb1b505e3297f5,341,animations/scalar-recovered/full-source/2748134067/CAB-d7e8a5de1954691b39f6fabb014a5ff9/8724263261004016611/streaming-info.json
fc6ac53a19a93d5b9891ce55376ab78ed3317dde9d099b346d78373a36bd512c,199354,animations/scalar-recovered/full-source/2748134067/CAB-e41346e5c938a302fa0bc88d72422886/-8444402439724907689/Avatar_Female_Size02_Remielle_Origin_Default_Ani_Gal_Shy_Start.json
6339f3c2a575de7b99c17ddaf541b513f2185427165b5415dc41b9631d29a50d,27774,animations/scalar-recovered/full-source/2748134067/CAB-e41346e5c938a302fa0bc88d72422886/-8444402439724907689/acl-database-bulk.bin
95cdf88d434ef63c56daab5f2a2e5eb794c12eae5b6406564ac375c8cdf0e585,44836,animations/scalar-recovered/full-source/2748134067/CAB-e41346e5c938a302fa0bc88d72422886/-8444402439724907689/native-object.raw
1a4fcda5938009a0c48e3f550e98f6369d4135193a659cce7246e9780fb112f0,335,animations/scalar-recovered/full-source/2748134067/CAB-e41346e5c938a302fa0bc88d72422886/-8444402439724907689/streaming-info.json
8422a6a57055e6d3b78249909dc8d93380b6ea0abf7fe4145b608a1477cf3a78,939558,animations/scalar-recovered/full-source/2748134067/CAB-e41346e5c938a302fa0bc88d72422886/3783783322442903623/Avatar_Female_Size02_Remielle_Origin_Ani_Gal_Shy_Start.json
95389f2462c4883f451fb14a2bb49fb5f8213560b89820b55e4e49a8e1e69068,176033,animations/scalar-recovered/full-source/2748134067/CAB-e41346e5c938a302fa0bc88d72422886/3783783322442903623/acl-database-bulk.bin
696e80d000cbcf82b56788edd050f16aeaaf61f6555dafbcac443428892f6785,141640,animations/scalar-recovered/full-source/2748134067/CAB-e41346e5c938a302fa0bc88d72422886/3783783322442903623/native-object.raw
8dadf2ef3c53afbc2bf923c34e07aed51b19e072a8fabf0d219dd41f0e7d8bb4,341,animations/scalar-recovered/full-source/2748134067/CAB-e41346e5c938a302fa0bc88d72422886/3783783322442903623/streaming-info.json
16880ed8ddd19863dcc2be839ddb3852eb434fc78e59f80ad3a93c478c1c57ff,1176879,animations/scalar-recovered/full-source/276809377/CAB-4209dbd24594d51d0fef06627bfab17e/-332086741542394480/Avatar_Female_Size02_Remielle_Ramiel_Ani_MC_Pose01.json
7aed04962b10a8cfbe8ec3acddc77bb369692e3b7411e930cd4ec4060a4d370b,67,animations/scalar-recovered/full-source/276809377/CAB-4209dbd24594d51d0fef06627bfab17e/-332086741542394480/acl-database-bulk.bin
39051660e5f07bfede18953b7dafa698c09f2b2f039e6ada15f97185d7e0cb09,107152,animations/scalar-recovered/full-source/276809377/CAB-4209dbd24594d51d0fef06627bfab17e/-332086741542394480/native-object.raw
51fd2edbd612ae7e4be28c8ebb683e006f8da6a710bdbb19edb3d17a02f3c945,333,animations/scalar-recovered/full-source/276809377/CAB-4209dbd24594d51d0fef06627bfab17e/-332086741542394480/streaming-info.json
7a896ba0a0c3243bcc1fbfc3d6f7a0b9d3398cd30e018fd4bcb425db421214b9,919733,animations/scalar-recovered/full-source/2807369310/CAB-0c3d9fa0c1570b1ea8cfa3d77f3d98da/1900861627129385279/Avatar_Female_Size02_Remielle_Origin_Ani_Move_B_AirFront_Loop.json
65b967a30f59619f6ba6367091366e3d1a0e6e7f22bf863caae92321c38a5e88,123568,animations/scalar-recovered/full-source/2807369310/CAB-0c3d9fa0c1570b1ea8cfa3d77f3d98da/1900861627129385279/acl-database-bulk.bin
05fc4033c07ffd15f782658e04d389cb9c75724c50398e37a8c6ed97a686f81c,137888,animations/scalar-recovered/full-source/2807369310/CAB-0c3d9fa0c1570b1ea8cfa3d77f3d98da/1900861627129385279/native-object.raw
621ea4bf73543e961c93b4ccb1c65947ddc191d92f3103e9be1fc0eb1f2e23df,337,animations/scalar-recovered/full-source/2807369310/CAB-0c3d9fa0c1570b1ea8cfa3d77f3d98da/1900861627129385279/streaming-info.json
2a87dbeca660166f804a8f15c6a09653c7242aae34b331b98afd8b81d5ccab9c,132413,animations/scalar-recovered/full-source/2807369310/CAB-0c3d9fa0c1570b1ea8cfa3d77f3d98da/3285505837938321565/Avatar_Female_Size02_Remielle_Origin_Default_Ani_Move_B_AirFront_Loop.json
95946823173c340d4e4a3f098036d8eed5728905fc74bbb5983ab54290c1a3e7,3638,animations/scalar-recovered/full-source/2807369310/CAB-0c3d9fa0c1570b1ea8cfa3d77f3d98da/3285505837938321565/acl-database-bulk.bin
5a4009593d0128c00cc208b189735551bdd04938fa3f61f22d3f9a7e29e7466c,17356,animations/scalar-recovered/full-source/2807369310/CAB-0c3d9fa0c1570b1ea8cfa3d77f3d98da/3285505837938321565/native-object.raw
ae698ed1c542c58d3723d7933152f1433ed1d884d4fde568d48e3e4e5b44b5ab,339,animations/scalar-recovered/full-source/2807369310/CAB-0c3d9fa0c1570b1ea8cfa3d77f3d98da/3285505837938321565/streaming-info.json
353ad298f0eea1bc4b488cc720782e06e6f3945b1fa72c40e382cb226bb9320c,952677,animations/scalar-recovered/full-source/2807369310/CAB-1457f717633135624967a8f27090cb2c/-1625501374979292177/Avatar_Female_Size02_Remielle_Origin_Ani_Death.json
1031c8a1846c9a51356085a3c58b54ec03919910f41dad64464df3917717b4d0,175574,animations/scalar-recovered/full-source/2807369310/CAB-1457f717633135624967a8f27090cb2c/-1625501374979292177/acl-database-bulk.bin
93782adabead87d700cb57c449ac7f2ce767166112dec2740c83f7bd4c46ce99,151012,animations/scalar-recovered/full-source/2807369310/CAB-1457f717633135624967a8f27090cb2c/-1625501374979292177/native-object.raw
7e2f53d3a3f6939b4b1978a78a4a29acbd5576e6b679e4ccbded31d65869f211,341,animations/scalar-recovered/full-source/2807369310/CAB-1457f717633135624967a8f27090cb2c/-1625501374979292177/streaming-info.json
250c18eb1bfc19a41b2cb6aa9c9c30da5f95efe3d6c99112b0aac65a9d916902,192415,animations/scalar-recovered/full-source/2807369310/CAB-1457f717633135624967a8f27090cb2c/-4230994524757763857/Avatar_Female_Size02_Remielle_Origin_Default_Ani_Death.json
da77e89a730219bcca7decb929acd8ddf3705f23c512a81b74f724d1bf83a633,19604,animations/scalar-recovered/full-source/2807369310/CAB-1457f717633135624967a8f27090cb2c/-4230994524757763857/acl-database-bulk.bin
60d3374f13cc83b2744c264c18664d80cafc00832006e4dc81c67fe6a89287f3,39836,animations/scalar-recovered/full-source/2807369310/CAB-1457f717633135624967a8f27090cb2c/-4230994524757763857/native-object.raw
1c8dd4d488e305385da954a8cc486603d3a4f5a6c85db5b87e1e02b6ad4edf50,339,animations/scalar-recovered/full-source/2807369310/CAB-1457f717633135624967a8f27090cb2c/-4230994524757763857/streaming-info.json
61bc0b601cc98d3246d417f0535189ef39fd64d0ab4f39b62c69eca9d18ea0b7,233505,animations/scalar-recovered/full-source/2807369310/CAB-6164a4315dcc4fbe46999f7275e621f5/-5965870032294423472/Avatar_Female_Size02_Remielle_Origin_Default_Ani_SwitchIn_Normal.json
6e6e34d629b4465b03861ee3c40b4be0f7f2336b064b74f8cec0ed5458aa5d69,46026,animations/scalar-recovered/full-source/2807369310/CAB-6164a4315dcc4fbe46999f7275e621f5/-5965870032294423472/acl-database-bulk.bin
492bc70be0954b5feb8b99940e3af4f1d3cb766883f1a87416e92c877ca75706,70436,animations/scalar-recovered/full-source/2807369310/CAB-6164a4315dcc4fbe46999f7275e621f5/-5965870032294423472/native-object.raw
d8c85e6a04e700c459c2060ea1a54fed42963e77d6165edce3cd5fd7b8863e29,335,animations/scalar-recovered/full-source/2807369310/CAB-6164a4315dcc4fbe46999f7275e621f5/-5965870032294423472/streaming-info.json
1e94980984446358d70e1b14a571e42aa3a1fc6fc29199bd58a27e44deca3a45,1107514,animations/scalar-recovered/full-source/2807369310/CAB-6164a4315dcc4fbe46999f7275e621f5/5202439334842570661/Avatar_Female_Size02_Remielle_Origin_Ani_SwitchIn_Normal.json
bf72c82555534dcfcbe3b9e241c08b0e6a7000a4dacf60512c90afc1405c1b98,358368,animations/scalar-recovered/full-source/2807369310/CAB-6164a4315dcc4fbe46999f7275e621f5/5202439334842570661/acl-database-bulk.bin
d4fc34521fe7ed9ed4cdc9403063a1a4f44a74ab76013f86abb493d82dc0e40c,261496,animations/scalar-recovered/full-source/2807369310/CAB-6164a4315dcc4fbe46999f7275e621f5/5202439334842570661/native-object.raw
aa818b408ae141b9ea925d40856a1c0f4d8d3e34469e36f1c1ad55e790ff9343,341,animations/scalar-recovered/full-source/2807369310/CAB-6164a4315dcc4fbe46999f7275e621f5/5202439334842570661/streaming-info.json
ce670d0d5b6ef4fca2d72df3682d12efe4d719d9cb65dffa13e5b6fba21742c0,206330,animations/scalar-recovered/full-source/2807369310/CAB-6f9dab0b9eba9a6f9a37f015b82ea76d/-2133638675397463678/Avatar_Female_Size02_Remielle_Origin_Default_Ani_Dash_Loop_02.json
cdcf1a96a57a29505217393bd35d2e258da78b39c0536e900c099713e0cc3c1a,37892,animations/scalar-recovered/full-source/2807369310/CAB-6f9dab0b9eba9a6f9a37f015b82ea76d/-2133638675397463678/acl-database-bulk.bin
b09c9f274dc1de0bbe6756e37c3cfd78f3e0e6c3c4bf9f3cfb6a981ef6464530,50356,animations/scalar-recovered/full-source/2807369310/CAB-6f9dab0b9eba9a6f9a37f015b82ea76d/-2133638675397463678/native-object.raw
84f37a7d3c4e5365995003a1b8fdaf3d700cb643aa6a11c4f28ca940e09a3a9d,340,animations/scalar-recovered/full-source/2807369310/CAB-6f9dab0b9eba9a6f9a37f015b82ea76d/-2133638675397463678/streaming-info.json
7f5ec59d7ba405a85e4b941753f07573f81596ddca24b4b810d7be3c58ab50ac,974175,animations/scalar-recovered/full-source/2807369310/CAB-6f9dab0b9eba9a6f9a37f015b82ea76d/-2991822547410715265/Avatar_Female_Size02_Remielle_Origin_Ani_Dash_Loop_02.json
5169d7444b65ffbe418ba2fb44fb2a474e08186a6f284ce3ea45aa6c26b80ed8,267578,animations/scalar-recovered/full-source/2807369310/CAB-6f9dab0b9eba9a6f9a37f015b82ea76d/-2991822547410715265/acl-database-bulk.bin
3dae7514ff9ff0a14271e9b13055a2359eb93f12ca4c6a817d99f474d5c0825e,168032,animations/scalar-recovered/full-source/2807369310/CAB-6f9dab0b9eba9a6f9a37f015b82ea76d/-2991822547410715265/native-object.raw
765578b735802b5703a29903cd0b4b8770370ac3224c2f70632a8e15cf970119,337,animations/scalar-recovered/full-source/2807369310/CAB-6f9dab0b9eba9a6f9a37f015b82ea76d/-2991822547410715265/streaming-info.json
d77701b8495ae27c965f5596036e442273a8e9d3a20f9cfbd0cc66265b304684,200996,animations/scalar-recovered/full-source/2807369310/CAB-9d341d5f113b1b9a0ae9a2f40d39de0f/-170374608244475741/Avatar_Female_Size02_Remielle_Origin_Default_Ani_Skill01_AirState_Back.json
dd4df836b1b3532dc0f59e5dcb756b863b0e9e319ff94d6a0573c1c3246decb9,26484,animations/scalar-recovered/full-source/2807369310/CAB-9d341d5f113b1b9a0ae9a2f40d39de0f/-170374608244475741/acl-database-bulk.bin
c87fc845c486c6fd2630710a3050107e4c455cb5dd8345d350116b1f4d891720,46012,animations/scalar-recovered/full-source/2807369310/CAB-9d341d5f113b1b9a0ae9a2f40d39de0f/-170374608244475741/native-object.raw
5b1bfb64e90c6d1bcc28b9193468e0be99924f5bb76697015d9cab6f117ea307,335,animations/scalar-recovered/full-source/2807369310/CAB-9d341d5f113b1b9a0ae9a2f40d39de0f/-170374608244475741/streaming-info.json
87e561dd7f03d42c75e2caca30cc8d8d0882c692689f88185c63386f0d6a5277,967538,animations/scalar-recovered/full-source/2807369310/CAB-9d341d5f113b1b9a0ae9a2f40d39de0f/1246260342542111871/Avatar_Female_Size02_Remielle_Origin_Ani_Skill01_AirState_Back.json
9d571c07e1130c03bb0982f43016b01dcbad0321c652afa17a1e8ad0d340cea4,187452,animations/scalar-recovered/full-source/2807369310/CAB-9d341d5f113b1b9a0ae9a2f40d39de0f/1246260342542111871/acl-database-bulk.bin
2eef293d0867bfcff3f22cb9c569162a6d96d36674948ccadbcbfe85761b0d10,161716,animations/scalar-recovered/full-source/2807369310/CAB-9d341d5f113b1b9a0ae9a2f40d39de0f/1246260342542111871/native-object.raw
f57bdfb8a60b0a7322c6b81d9e2c751ce4c90bb681d084fd8de7c170bbec4901,341,animations/scalar-recovered/full-source/2807369310/CAB-9d341d5f113b1b9a0ae9a2f40d39de0f/1246260342542111871/streaming-info.json
71db111669a96b72436b552f5edaa8266f023c1d16ed54065868d6e3c60b37a2,218495,animations/scalar-recovered/full-source/2807369310/CAB-b4bacb1509800f0dff18da91d92b6bfc/-1388953945476561310/Avatar_Female_Size02_Remielle_Origin_Default_Ani_Skill02_AirState_Front.json
38221b346379d492cadc63724d2563a60552ca708bda28baa88a271751fbaed0,31837,animations/scalar-recovered/full-source/2807369310/CAB-b4bacb1509800f0dff18da91d92b6bfc/-1388953945476561310/acl-database-bulk.bin
b953694fbc49a3274ad1204ad82a48d3cbbf759f6d1c13114af23923d2b70133,58988,animations/scalar-recovered/full-source/2807369310/CAB-b4bacb1509800f0dff18da91d92b6bfc/-1388953945476561310/native-object.raw
ac9bddbab07d29a5feb401b60ab4625f2711929171743b7a89f2a8a784e8a70c,335,animations/scalar-recovered/full-source/2807369310/CAB-b4bacb1509800f0dff18da91d92b6bfc/-1388953945476561310/streaming-info.json
282611592a0444985ef3e1c394cd82e12b02ded705d159c6ea4ec374edaddb84,1001197,animations/scalar-recovered/full-source/2807369310/CAB-b4bacb1509800f0dff18da91d92b6bfc/7794289617578359175/Avatar_Female_Size02_Remielle_Origin_Ani_Skill02_AirState_Front.json
6cbee9adbdea2984adfeafa6e4f8ee9fec580af27f4b929dec27f54517797b15,255978,animations/scalar-recovered/full-source/2807369310/CAB-b4bacb1509800f0dff18da91d92b6bfc/7794289617578359175/acl-database-bulk.bin
d191c3ab7dc1a07d1b91faaa23e118b880e339cd7d6e9e05ea9aac30c66fffce,189892,animations/scalar-recovered/full-source/2807369310/CAB-b4bacb1509800f0dff18da91d92b6bfc/7794289617578359175/native-object.raw
ded47eeec7b53ee379fb6719f7af56aa8ec52bde6af2e1ea916d1e20eb4c9e30,341,animations/scalar-recovered/full-source/2807369310/CAB-b4bacb1509800f0dff18da91d92b6bfc/7794289617578359175/streaming-info.json
e22114000bb73e48ee6dd7b0517645d4bb7e222d56fe082a011019fee87f9082,210662,animations/scalar-recovered/full-source/2807369310/CAB-c067dd7149b715a360f59abe904d4bb8/-5533697887755551621/Avatar_Female_Size02_Remielle_Origin_Default_Ani_Attack_AssaultAid_End.json
93653eb074aee4e502cda5071236ff6cf092ac9c226bd509435b8679974db16b,28807,animations/scalar-recovered/full-source/2807369310/CAB-c067dd7149b715a360f59abe904d4bb8/-5533697887755551621/acl-database-bulk.bin
5ee1371a314b27d91b096cf9a8492eb1ac5ab73e66453356e5b8834fec263ef8,53020,animations/scalar-recovered/full-source/2807369310/CAB-c067dd7149b715a360f59abe904d4bb8/-5533697887755551621/native-object.raw
5456192d35fd6dfba9107cd85e21b404ee73de06aec0dece1d1f515887d0e626,339,animations/scalar-recovered/full-source/2807369310/CAB-c067dd7149b715a360f59abe904d4bb8/-5533697887755551621/streaming-info.json
8d20d0e9ba9e1b2ba09da6cf5b9c3f68915d45ca56853990d2b056ba36d48134,182872,animations/scalar-recovered/full-source/2807369310/CAB-c067dd7149b715a360f59abe904d4bb8/-7632857373395281906/Avatar_Female_Size02_Remielle_Origin_Default_Ani_Attack_AssaultAid.json
abcff935b4011080c72864d4f5f5e2150fb0838e767239156195097474dadb08,15950,animations/scalar-recovered/full-source/2807369310/CAB-c067dd7149b715a360f59abe904d4bb8/-7632857373395281906/acl-database-bulk.bin
3ba2f1410a014b1f950045395ca77f715ebbf43a58a59b21dfb2d6240926f115,32552,animations/scalar-recovered/full-source/2807369310/CAB-c067dd7149b715a360f59abe904d4bb8/-7632857373395281906/native-object.raw
fc6541a62f43e77974a1eb4694bdd5bd5965397acd6855cc964c40c407d27bcd,335,animations/scalar-recovered/full-source/2807369310/CAB-c067dd7149b715a360f59abe904d4bb8/-7632857373395281906/streaming-info.json
0608efb1641da3f768a3a4418bf8737f8e4d762805d7b8939663e0890f02ae53,925698,animations/scalar-recovered/full-source/2807369310/CAB-c067dd7149b715a360f59abe904d4bb8/3822496042948580805/Avatar_Female_Size02_Remielle_Origin_Ani_Attack_AssaultAid.json
2a1debf3af56b0a28f7010374d92fd3faafb9676d34ff67168c107ac6f2adefb,125554,animations/scalar-recovered/full-source/2807369310/CAB-c067dd7149b715a360f59abe904d4bb8/3822496042948580805/acl-database-bulk.bin
315ca35e6ebbdfb7c65c71057785c276fdc964688a00ab02572681aa237e8b6b,128136,animations/scalar-recovered/full-source/2807369310/CAB-c067dd7149b715a360f59abe904d4bb8/3822496042948580805/native-object.raw
cde4e6e760fc761f8d8793c9777e2fd3c58fcc18fe264d937814781772b1cc95,342,animations/scalar-recovered/full-source/2807369310/CAB-c067dd7149b715a360f59abe904d4bb8/3822496042948580805/streaming-info.json
8fd27ee2991d6f7b9a3a44ca91f366cc8b350147c039f9ab6c3212bab07f9de7,1025853,animations/scalar-recovered/full-source/2807369310/CAB-c067dd7149b715a360f59abe904d4bb8/809512117277142328/Avatar_Female_Size02_Remielle_Origin_Ani_Attack_AssaultAid_End.json
c1f039a756c5beefab71cf3b2bba7a02b3ac1b470c63b823b2ced6103ec408e1,233739,animations/scalar-recovered/full-source/2807369310/CAB-c067dd7149b715a360f59abe904d4bb8/809512117277142328/acl-database-bulk.bin
4838070b0b7754b69eb31f1ba935b3bf7e40367a699f6da0413963c88a206c17,201104,animations/scalar-recovered/full-source/2807369310/CAB-c067dd7149b715a360f59abe904d4bb8/809512117277142328/native-object.raw
9b87d31984bcf720a7571eb607d9d50715fcded19bc4ebac7b9597c721fd3b79,341,animations/scalar-recovered/full-source/2807369310/CAB-c067dd7149b715a360f59abe904d4bb8/809512117277142328/streaming-info.json
955d2d192937f057ed1746bae88872c7f7a0730bd27d95e09c8fb5b18bb1347e,941461,animations/scalar-recovered/full-source/2807369310/CAB-c86b68f260025e9ed1686b85e305ac55/-2636976124880508438/Avatar_Female_Size02_Remielle_Origin_Ani_Attack_ChangeState.json
ea7cfc16330d418e9b24bbac9a6da885fa7e98dcb5ec685b3b42e2e5c29d0e9c,206997,animations/scalar-recovered/full-source/2807369310/CAB-c86b68f260025e9ed1686b85e305ac55/-2636976124880508438/acl-database-bulk.bin
4551171f0cec90bdb0bb6e7ed996495da6abbc6b4101e8cd9c3d35fe641de364,141052,animations/scalar-recovered/full-source/2807369310/CAB-c86b68f260025e9ed1686b85e305ac55/-2636976124880508438/native-object.raw
8887f666074ca76147b4011156bb86f1cd7c583a2b0eef776d09ae80cc5f3db6,337,animations/scalar-recovered/full-source/2807369310/CAB-c86b68f260025e9ed1686b85e305ac55/-2636976124880508438/streaming-info.json
9f1d645fab57c5c6308039a633f7e4a59ff156fa728c9a8fe890baffead053bc,191046,animations/scalar-recovered/full-source/2807369310/CAB-c86b68f260025e9ed1686b85e305ac55/608492243804315801/Avatar_Female_Size02_Remielle_Origin_Default_Ani_Attack_ChangeState.json
9027c7735bd7ff109fd27ff4c7f3dba667c2bd6e8ce8f2db9393f8d11bf96a6b,24512,animations/scalar-recovered/full-source/2807369310/CAB-c86b68f260025e9ed1686b85e305ac55/608492243804315801/acl-database-bulk.bin
8581e36a506c6ca9b63ae8aab544b8d337164dd646ed9bb733986932ebdc8224,38808,animations/scalar-recovered/full-source/2807369310/CAB-c86b68f260025e9ed1686b85e305ac55/608492243804315801/native-object.raw
0ec9b717f34e0965b23f87458c56ee7b5f4a20b5f25ef23ffd3b5a932cf635a7,340,animations/scalar-recovered/full-source/2807369310/CAB-c86b68f260025e9ed1686b85e305ac55/608492243804315801/streaming-info.json
b58e8b213a05a9b8d53e435d3d29d55b070ddcd138a6526a402bd08081a76a05,886858,animations/scalar-recovered/full-source/2807369310/CAB-db435b080d88577d5eda3034f73da441/-5309517271134006713/Avatar_Female_Size02_Remielle_Origin_Ani_Skill04_AirState_Front.json
5be50c24743016d68f6dce76427d49c348e969c967449a61279e4b794a6a7905,80233,animations/scalar-recovered/full-source/2807369310/CAB-db435b080d88577d5eda3034f73da441/-5309517271134006713/acl-database-bulk.bin
c14dc4b673a94641c7c1c4d1b0fea3d4f42cedcd1d763c14a139cdab61ce700a,109028,animations/scalar-recovered/full-source/2807369310/CAB-db435b080d88577d5eda3034f73da441/-5309517271134006713/native-object.raw
08de238896eb3da591f25f9223c606a41004e13c22752168707e7c321b40180b,336,animations/scalar-recovered/full-source/2807369310/CAB-db435b080d88577d5eda3034f73da441/-5309517271134006713/streaming-info.json
859bc9386da9544a37b813231220dcf3d571abea970ce83b29aefac76dd44ee2,170402,animations/scalar-recovered/full-source/2807369310/CAB-db435b080d88577d5eda3034f73da441/743527128666011645/Avatar_Female_Size02_Remielle_Origin_Default_Ani_Skill04_AirState_Front.json
9667ab61d820ab7f6319aa99bbbfcd98b426f9f6d0063a2d2f59ab97ed107856,5947,animations/scalar-recovered/full-source/2807369310/CAB-db435b080d88577d5eda3034f73da441/743527128666011645/acl-database-bulk.bin
85158ebea2c0143303455515f3bcf02b42ee2ab05f186f857ad0cfb470880bc9,23532,animations/scalar-recovered/full-source/2807369310/CAB-db435b080d88577d5eda3034f73da441/743527128666011645/native-object.raw
84da7adc4646e629e9078e9b05ed3acc8879941e6497bfe61a95e846b1c48aec,338,animations/scalar-recovered/full-source/2807369310/CAB-db435b080d88577d5eda3034f73da441/743527128666011645/streaming-info.json
f3efe7cd7f853322a40d8dd9dc91ebbc6f666b43bfc49fac26dc20b90057504f,954585,animations/scalar-recovered/full-source/2849370921/CAB-073241c3afb1cf09196537b9c86a4f73/-795180483755165137/Avatar_Female_Size02_Remielle_Origin_Ani_UI_Skill_01.json
1f0dbf960f27e7527ceebb262ae558166abd2261086a89bacc695b3e3873a552,207239,animations/scalar-recovered/full-source/2849370921/CAB-073241c3afb1cf09196537b9c86a4f73/-795180483755165137/acl-database-bulk.bin
97e7554d5440cf0fb654b5c8462d96e2d6e7590dc3529113d6241c86f884f3f5,151864,animations/scalar-recovered/full-source/2849370921/CAB-073241c3afb1cf09196537b9c86a4f73/-795180483755165137/native-object.raw
4a397219a4cde6e39a54f34747aa97fcedfc243a0fb2103cce0857842beeea70,337,animations/scalar-recovered/full-source/2849370921/CAB-073241c3afb1cf09196537b9c86a4f73/-795180483755165137/streaming-info.json
5b9783949333a495a18bb899bcfcff7e2d69cbc492e6e39be7843da94296c026,202134,animations/scalar-recovered/full-source/2849370921/CAB-073241c3afb1cf09196537b9c86a4f73/4067532883802985578/Avatar_Female_Size02_Remielle_Origin_Default_Ani_UI_Skill_01.json
4a3009c6dd684e7cdb855761076c1831479ff7222613596ff98de54a72d427bf,31866,animations/scalar-recovered/full-source/2849370921/CAB-073241c3afb1cf09196537b9c86a4f73/4067532883802985578/acl-database-bulk.bin
9166a5da53b660449b698aaae0bec2fc4dad8b7adf1f426f78cc5d3ee8982182,47120,animations/scalar-recovered/full-source/2849370921/CAB-073241c3afb1cf09196537b9c86a4f73/4067532883802985578/native-object.raw
6d535ad79cebe934e3f33e6e5c56450db0b38ab634701bc264074bb150fa9ee8,340,animations/scalar-recovered/full-source/2849370921/CAB-073241c3afb1cf09196537b9c86a4f73/4067532883802985578/streaming-info.json
bc39f847eb22da4614a553533f7f0cb9c649459846e6c43cc62cbb5389130940,949319,animations/scalar-recovered/full-source/2849370921/CAB-0b0ed66386aafdfb0826e7680888c52b/-5431015789700717656/Avatar_Female_Size02_Remielle_Origin_Ani_Gal_Angry_End.json
34d5c53a782afd8c85bdffb6d5f03f5ae1de3e81a2a800d31a21cea766661adc,180720,animations/scalar-recovered/full-source/2849370921/CAB-0b0ed66386aafdfb0826e7680888c52b/-5431015789700717656/acl-database-bulk.bin
d7daeb5a5ac4e588b0a727cc953522f07983a9a072795a11fa1ae42b2557ddb2,147856,animations/scalar-recovered/full-source/2849370921/CAB-0b0ed66386aafdfb0826e7680888c52b/-5431015789700717656/native-object.raw
d7cfb6677da012c5fdf39deb6b6633af473e0f1b4d7d8feae61c5dae58b795ed,337,animations/scalar-recovered/full-source/2849370921/CAB-0b0ed66386aafdfb0826e7680888c52b/-5431015789700717656/streaming-info.json
ada0809dc7523697a6f6e1df5ed54bee4fb642b6fcf20aa0e726cd9ee35c68f5,209056,animations/scalar-recovered/full-source/2849370921/CAB-0b0ed66386aafdfb0826e7680888c52b/1963851513910256248/Avatar_Female_Size02_Remielle_Origin_Default_Ani_Gal_Angry_End.json
80a8eb0eec32e5111a65ffc682588f1fb8d43af4faa4732a642a746c778fbf84,34137,animations/scalar-recovered/full-source/2849370921/CAB-0b0ed66386aafdfb0826e7680888c52b/1963851513910256248/acl-database-bulk.bin
93e4eb2255e8c4bcb2e56c0a9da74dc59fbac1f9b330bef892b38c49af06f670,52148,animations/scalar-recovered/full-source/2849370921/CAB-0b0ed66386aafdfb0826e7680888c52b/1963851513910256248/native-object.raw
c014ec153c0e92d579145a2f844384e51b7a030745acd18023e394c834ce6a2d,340,animations/scalar-recovered/full-source/2849370921/CAB-0b0ed66386aafdfb0826e7680888c52b/1963851513910256248/streaming-info.json
1544212c076c693ba95a61e5e4e86808cb368ea2581ecd4246ae6dd489da4110,206843,animations/scalar-recovered/full-source/2849370921/CAB-33c8ecd840635007d9743bd6853ac9d3/4477968536301666669/Avatar_Female_Size02_Remielle_Origin_Default_Ani_Gal_Angry_Start.json
d4821bc9970825cdf2dee138c890286546ef0798bf7c8ed1f0cef58bed9c4b5c,31971,animations/scalar-recovered/full-source/2849370921/CAB-33c8ecd840635007d9743bd6853ac9d3/4477968536301666669/acl-database-bulk.bin
3557aa79bf18d0262ca807b81e6bd14b7d6072713ead0e4ca69583164c00aa59,50292,animations/scalar-recovered/full-source/2849370921/CAB-33c8ecd840635007d9743bd6853ac9d3/4477968536301666669/native-object.raw
546bd2d2007932bcd6eebbd5248f9b228ac6f489636c13840eff5c05b2e134ed,335,animations/scalar-recovered/full-source/2849370921/CAB-33c8ecd840635007d9743bd6853ac9d3/4477968536301666669/streaming-info.json
843ae2f2862ab8e88325127abbee604800f2cdd4292daafcb6f872b97d259142,951289,animations/scalar-recovered/full-source/2849370921/CAB-33c8ecd840635007d9743bd6853ac9d3/4895482447231859671/Avatar_Female_Size02_Remielle_Origin_Ani_Gal_Angry_Start.json
7681ba5851713e0bb68f4f4799935bbe34fdeb1a83c8d705ca141151c615ce47,178754,animations/scalar-recovered/full-source/2849370921/CAB-33c8ecd840635007d9743bd6853ac9d3/4895482447231859671/acl-database-bulk.bin
d61de81af08398a011dd175adedebea2bd0af4b5f431ac907841d97dbd90821a,150000,animations/scalar-recovered/full-source/2849370921/CAB-33c8ecd840635007d9743bd6853ac9d3/4895482447231859671/native-object.raw
b419cf07db12b0ed57aa41b628afdce2724649e375031b6e4965345d16e4dea1,341,animations/scalar-recovered/full-source/2849370921/CAB-33c8ecd840635007d9743bd6853ac9d3/4895482447231859671/streaming-info.json
4d679f4da6d330db3272e7928b0e39660c8e74dbe1b3081d74e93fbf72229cd5,202339,animations/scalar-recovered/full-source/2849370921/CAB-3dd93f2ee0affa84eb20ea36d21e2bb6/4308733596837719041/Avatar_Female_Size02_Remielle_Origin_Default_Ani_Gal_Sad_Start.json
8a608692750ff21cbf73a49c6523310fe34edb36d7128cdebb640fda10a044b0,29283,animations/scalar-recovered/full-source/2849370921/CAB-3dd93f2ee0affa84eb20ea36d21e2bb6/4308733596837719041/acl-database-bulk.bin
70ae18a2f4c477f4c8854fcb901208b3c39e4b3a02a776082ae851eeef2e7701,47076,animations/scalar-recovered/full-source/2849370921/CAB-3dd93f2ee0affa84eb20ea36d21e2bb6/4308733596837719041/native-object.raw
ed851225e51e1e9b5bc27d3215068ff5c1199f42f65376139eecfcd5861cc4d6,340,animations/scalar-recovered/full-source/2849370921/CAB-3dd93f2ee0affa84eb20ea36d21e2bb6/4308733596837719041/streaming-info.json
423638f7986dcae562169549274dfe3acd6c95878906fb93ffcbe1b7fd2bcda9,951948,animations/scalar-recovered/full-source/2849370921/CAB-3dd93f2ee0affa84eb20ea36d21e2bb6/88525121001536157/Avatar_Female_Size02_Remielle_Origin_Ani_Gal_Sad_Start.json
0ee476c464fa25ca05d5edc81bed9f624254dcb8eaa2b7f88061e37beddab66a,181474,animations/scalar-recovered/full-source/2849370921/CAB-3dd93f2ee0affa84eb20ea36d21e2bb6/88525121001536157/acl-database-bulk.bin
e088019295e7e6436ab71c2df30070b1cd03f427b96154063312ce2cf91f3cff,148780,animations/scalar-recovered/full-source/2849370921/CAB-3dd93f2ee0affa84eb20ea36d21e2bb6/88525121001536157/native-object.raw
47f27883c307ae489cec334060f2cb6b4840c6c795b10484e5f6f88106745a45,337,animations/scalar-recovered/full-source/2849370921/CAB-3dd93f2ee0affa84eb20ea36d21e2bb6/88525121001536157/streaming-info.json
edd3862f8921861bffaa601458726d2f86e02b1848acecc0cda6dc25723c4739,1031374,animations/scalar-recovered/full-source/2849370921/CAB-54d477c26f2d631c8936071f27b05196/-1671619181323828258/Avatar_Female_Size02_Remielle_Origin_Ani_UI_CharSel_Start.json
e25801e147b2c1f42f08aef9d6397ef8fd6440e6b7a4fb1974fb3445f10474ca,359640,animations/scalar-recovered/full-source/2849370921/CAB-54d477c26f2d631c8936071f27b05196/-1671619181323828258/acl-database-bulk.bin
a98cc4dd02d0c87fd6adc4d3aaf96f7d8db4e8a9d7eeae90ab8336432e4c3b08,206620,animations/scalar-recovered/full-source/2849370921/CAB-54d477c26f2d631c8936071f27b05196/-1671619181323828258/native-object.raw
fc8acd024224e5b21ec47811592639db6a2b0ce2d33fda2681e420f3135ac1c4,337,animations/scalar-recovered/full-source/2849370921/CAB-54d477c26f2d631c8936071f27b05196/-1671619181323828258/streaming-info.json
e96a6dbfd9bf55142f77e27e705127cad8adf765c250a509410ea3504dc740dc,223230,animations/scalar-recovered/full-source/2849370921/CAB-54d477c26f2d631c8936071f27b05196/5027043820067269120/Avatar_Female_Size02_Remielle_Origin_Default_Ani_UI_CharSel_Start.json
18f66ea19312574fe9a503891aacdb96c7a3d3150fbd4cf893827c2e0596a693,46339,animations/scalar-recovered/full-source/2849370921/CAB-54d477c26f2d631c8936071f27b05196/5027043820067269120/acl-database-bulk.bin
2f646f7cf17e086cfb0b2531b81c955f5888ec75fdab44fd96d0e0394cc36566,62792,animations/scalar-recovered/full-source/2849370921/CAB-54d477c26f2d631c8936071f27b05196/5027043820067269120/native-object.raw
31b8a24b94d71325ec3afb24da3013daa138c8ecd6d1acdc11b66d6b2ab4f969,340,animations/scalar-recovered/full-source/2849370921/CAB-54d477c26f2d631c8936071f27b05196/5027043820067269120/streaming-info.json
e7c67396bfc41a9e2ba09226b5c1dd9b5fb452ac713691c40f1903454af5ea05,206353,animations/scalar-recovered/full-source/2849370921/CAB-8d82b594b6c64c553fb641f240cdc6e9/-364967470266437459/Avatar_Female_Size02_Remielle_Origin_Default_Ani_Gal_Surprise_Loop.json
87cf24cd27e028c6c08e74aa2f5e59eeb1425a207d03656910f183b2c6d0f561,35958,animations/scalar-recovered/full-source/2849370921/CAB-8d82b594b6c64c553fb641f240cdc6e9/-364967470266437459/acl-database-bulk.bin
d580be9fb65a8ec025169fbc8caea8fa224f66843169bc688cb8053147b4e208,50312,animations/scalar-recovered/full-source/2849370921/CAB-8d82b594b6c64c553fb641f240cdc6e9/-364967470266437459/native-object.raw
064bc223b8c9aee8fca1a71698f5b04370a2e7621381c0b271a1aed6477ddee1,335,animations/scalar-recovered/full-source/2849370921/CAB-8d82b594b6c64c553fb641f240cdc6e9/-364967470266437459/streaming-info.json
4107792886b67e72b95d9f9af749038ff8b32d660d27c53bc69e533ae90d7121,945086,animations/scalar-recovered/full-source/2849370921/CAB-8d82b594b6c64c553fb641f240cdc6e9/3813786785909743011/Avatar_Female_Size02_Remielle_Origin_Ani_Gal_Surprise_Loop.json
da254abe747d682eb299c95305987beb7c9bea2737142dc42fe405d6b30f5f13,194569,animations/scalar-recovered/full-source/2849370921/CAB-8d82b594b6c64c553fb641f240cdc6e9/3813786785909743011/acl-database-bulk.bin
95193ef0ee7827de3e01f90013e5eaab26097b5fed0aef3efa175cb3331bb2a7,149372,animations/scalar-recovered/full-source/2849370921/CAB-8d82b594b6c64c553fb641f240cdc6e9/3813786785909743011/native-object.raw
10e2bc52df85ea3a94a00dffb4b21facd3977226dfd94973113022e345beb3b5,341,animations/scalar-recovered/full-source/2849370921/CAB-8d82b594b6c64c553fb641f240cdc6e9/3813786785909743011/streaming-info.json
d3cf79eb5100c6a0942254c3a4fec7d23b979ba0818ade3bf7c5a50b680fd68d,969677,animations/scalar-recovered/full-source/2849370921/CAB-9bcb8d70234fad0f3d3156023394158e/4250699840072175340/Avatar_Female_Size02_Remielle_Origin_Ani_Gacha_Loop.json
95084e14cc496a492e606504aa7c919b07e51ca04a963a28ee0c68947ee467b2,230502,animations/scalar-recovered/full-source/2849370921/CAB-9bcb8d70234fad0f3d3156023394158e/4250699840072175340/acl-database-bulk.bin
53d42698d805bad0e0f59b560b425a0c4bc0d8b6464b71355fb0897a640e1fac,162880,animations/scalar-recovered/full-source/2849370921/CAB-9bcb8d70234fad0f3d3156023394158e/4250699840072175340/native-object.raw
69c224e08dbd4c4c2afbc6f8151f114f4823e855c6f31385ab824cda35d899af,337,animations/scalar-recovered/full-source/2849370921/CAB-9bcb8d70234fad0f3d3156023394158e/4250699840072175340/streaming-info.json
ab43f7c93858ccc3566b9e4da077a7d54fd2f76ea3cd371b9b74cb749ee77ed7,198426,animations/scalar-recovered/full-source/2849370921/CAB-9bcb8d70234fad0f3d3156023394158e/4369682720766703111/Avatar_Female_Size02_Remielle_Origin_Default_Ani_Gacha_Loop.json
bda4dddd2dc3f7bbca1898061987878983f4de9411cab36ba3c4950d75e0722e,29183,animations/scalar-recovered/full-source/2849370921/CAB-9bcb8d70234fad0f3d3156023394158e/4369682720766703111/acl-database-bulk.bin
9d5a759fa29a6291f6353dcc0f2fdadeb31afbaaa1ae3e12c3eeacad9de3617b,44400,animations/scalar-recovered/full-source/2849370921/CAB-9bcb8d70234fad0f3d3156023394158e/4369682720766703111/native-object.raw
2cfabb9e59604efbbc106412399bb1cbecf3607112bc8e9e6bdad3a1c87c43e6,340,animations/scalar-recovered/full-source/2849370921/CAB-9bcb8d70234fad0f3d3156023394158e/4369682720766703111/streaming-info.json
14c3456c4357e31f191205e556bbdcae5dc9a9bb28cabc9a511fd0e5fdc30a73,205309,animations/scalar-recovered/full-source/2849370921/CAB-aa04e6bf54c664ddec74e62da1cc9335/1745629919788731114/Avatar_Female_Size02_Remielle_Origin_Default_Ani_Gal_Shy_Loop.json
34391e6e10b662459f82545be79ec52af9176a06741f4e154d03094e9165e953,35440,animations/scalar-recovered/full-source/2849370921/CAB-aa04e6bf54c664ddec74e62da1cc9335/1745629919788731114/acl-database-bulk.bin
33581d1c9d0d2a70d7fcebe795d7ace5991a390afe75b3adf561415b6bc9eba6,49524,animations/scalar-recovered/full-source/2849370921/CAB-aa04e6bf54c664ddec74e62da1cc9335/1745629919788731114/native-object.raw
b6137605c765149f371ab3fb5080a51a635a888c347cb514cb613a779cee3580,335,animations/scalar-recovered/full-source/2849370921/CAB-aa04e6bf54c664ddec74e62da1cc9335/1745629919788731114/streaming-info.json
5f4589611483cd3c3035387c362a1841ddee0ad5c99a3486be6d0e20ab5fbb2f,944161,animations/scalar-recovered/full-source/2849370921/CAB-aa04e6bf54c664ddec74e62da1cc9335/6120980313742102255/Avatar_Female_Size02_Remielle_Origin_Ani_Gal_Shy_Loop.json
9445ecb22001cebef387ba0dbe94f283b78460cbcf5b1eefa6346cf35303e767,194829,animations/scalar-recovered/full-source/2849370921/CAB-aa04e6bf54c664ddec74e62da1cc9335/6120980313742102255/acl-database-bulk.bin
96735c8c8d47e95a5ef3a68db4cf6c82ec3105b8d4f3db1fd74038a49ef46d3a,148760,animations/scalar-recovered/full-source/2849370921/CAB-aa04e6bf54c664ddec74e62da1cc9335/6120980313742102255/native-object.raw
eb8af8edf2f21ce0bdabc221bbcfc40e8c692ff45604f0bf92598cdd5d714b46,341,animations/scalar-recovered/full-source/2849370921/CAB-aa04e6bf54c664ddec74e62da1cc9335/6120980313742102255/streaming-info.json
f1db12236be218d0d59a23fc253000b3eb49aaa8445e95da7442f505de6387f7,206454,animations/scalar-recovered/full-source/2849370921/CAB-b9db7a23cc8431e9a04649a31b2ed25e/472807821780368075/Avatar_Female_Size02_Remielle_Origin_Default_Ani_Gal_Happy_Loop.json
5b960fee33169e7fa62fbacab681cc9681d00f97a016ad6b0478a0c5cca6e5f2,36151,animations/scalar-recovered/full-source/2849370921/CAB-b9db7a23cc8431e9a04649a31b2ed25e/472807821780368075/acl-database-bulk.bin
d1dec7081416825a6705750e62325a9ebf86c9f44fc629e5c2e6eb833ed836a6,50244,animations/scalar-recovered/full-source/2849370921/CAB-b9db7a23cc8431e9a04649a31b2ed25e/472807821780368075/native-object.raw
85297bc9290ad7b9300d470825d3cca9ebf04ec8e151305681f300b7d74db438,335,animations/scalar-recovered/full-source/2849370921/CAB-b9db7a23cc8431e9a04649a31b2ed25e/472807821780368075/streaming-info.json
fec9fd87c973d25fc262b4ebf69e4e4fdf34997890540cb106ba9f97e8fbd6fa,947943,animations/scalar-recovered/full-source/2849370921/CAB-b9db7a23cc8431e9a04649a31b2ed25e/5322396064761070247/Avatar_Female_Size02_Remielle_Origin_Ani_Gal_Happy_Loop.json
96022143783eabd8bd34c4c185c2ab26f4d01f54be8e10090ccd50b523b57bbd,192382,animations/scalar-recovered/full-source/2849370921/CAB-b9db7a23cc8431e9a04649a31b2ed25e/5322396064761070247/acl-database-bulk.bin
e6b8ba3409d33181dcc1b92d546f51dd15d12ece3f100af210ffaa9aa7ad13a8,148696,animations/scalar-recovered/full-source/2849370921/CAB-b9db7a23cc8431e9a04649a31b2ed25e/5322396064761070247/native-object.raw
18c0c23a1171ccfbfa1c09ec274e1fb9ad4fe1cb898e9549eaa6b1e60047cb87,341,animations/scalar-recovered/full-source/2849370921/CAB-b9db7a23cc8431e9a04649a31b2ed25e/5322396064761070247/streaming-info.json
231caac3c697d6d20907dbf3ac41619e4d6b6bd13f4cb4f30e63103691842edb,953252,animations/scalar-recovered/full-source/2849370921/CAB-ca9b602b05a936f674d362cda26b886d/-7955931358041218420/Avatar_Female_Size02_Remielle_Origin_Ani_UI_Skill_02.json
3f0df4f14cc2c0b18181b24bca16146b012ea02df6ec1c3a61fb9c088750a6ea,193533,animations/scalar-recovered/full-source/2849370921/CAB-ca9b602b05a936f674d362cda26b886d/-7955931358041218420/acl-database-bulk.bin
3163e8ee3d687165e3adb450c8df29c3bd80af945b88d42f2b310eaabf5613e4,149556,animations/scalar-recovered/full-source/2849370921/CAB-ca9b602b05a936f674d362cda26b886d/-7955931358041218420/native-object.raw
440611181395c799059a1bdd559b7795135fe7d4c6c2647526edf4b4825317b5,341,animations/scalar-recovered/full-source/2849370921/CAB-ca9b602b05a936f674d362cda26b886d/-7955931358041218420/streaming-info.json
12777ea1860bba16c37f7e2c575e431e91e285987c90a8e8ff78ffff38792d25,192625,animations/scalar-recovered/full-source/2849370921/CAB-ca9b602b05a936f674d362cda26b886d/-8974846430637983629/Avatar_Female_Size02_Remielle_Origin_Default_Ani_UI_Skill_02.json
8fc09075d9d3461bc8a6dc9e55f58bdae701af1cabcba3d13e5a5cdca063792e,25155,animations/scalar-recovered/full-source/2849370921/CAB-ca9b602b05a936f674d362cda26b886d/-8974846430637983629/acl-database-bulk.bin
8c7d4a0aec98d8d457fbd5985a76975ee0bd3882e19f81b1fe3cca120a3fa055,40080,animations/scalar-recovered/full-source/2849370921/CAB-ca9b602b05a936f674d362cda26b886d/-8974846430637983629/native-object.raw
ac1c443adfba39e222ebb4c071e1cbbc4081ea60601478787689215c258237fd,335,animations/scalar-recovered/full-source/2849370921/CAB-ca9b602b05a936f674d362cda26b886d/-8974846430637983629/streaming-info.json
0bc1ff7d727775716cdd6f2b582b1776d62a12feb238b1a84b8d2ffa7c166cd1,1145634,animations/scalar-recovered/full-source/2906705493/CAB-7a441f7265bb4e22d19419586538f431/-4754978034331838293/Avatar_Female_Size02_Remielle_Origin_Ani_SwitchIn_Attack_Ex.json
ee042d129c449fafca3c66b562cc90ac02b918b9acdf1a8991dcae2396fb46b4,433201,animations/scalar-recovered/full-source/2906705493/CAB-7a441f7265bb4e22d19419586538f431/-4754978034331838293/acl-database-bulk.bin
156ae640fc505e0f1300e2c0ebb814a9de610900e2f368b97459f3db1b66f924,291080,animations/scalar-recovered/full-source/2906705493/CAB-7a441f7265bb4e22d19419586538f431/-4754978034331838293/native-object.raw
dfb1b818545affd3dfc9699f91fbf12bb86da78a2fc5eb3b337db2da20224c61,337,animations/scalar-recovered/full-source/2906705493/CAB-7a441f7265bb4e22d19419586538f431/-4754978034331838293/streaming-info.json
897b48301b8cf321075bdadc33338480426556c7100e28eb68d6dd3b493e1f6b,249003,animations/scalar-recovered/full-source/2906705493/CAB-7a441f7265bb4e22d19419586538f431/1494416804221783200/Avatar_Female_Size02_Remielle_Origin_Default_Ani_SwitchIn_Attack_Ex.json
bfc72cf8b8ca9b0ccb1bb2899f7ff1b78ca1416a82d078a8e1c707116b71d769,55984,animations/scalar-recovered/full-source/2906705493/CAB-7a441f7265bb4e22d19419586538f431/1494416804221783200/acl-database-bulk.bin
cacd9455514af20547d8ed08740fe94d7414807b5477845b8a9f34d2320887c9,81992,animations/scalar-recovered/full-source/2906705493/CAB-7a441f7265bb4e22d19419586538f431/1494416804221783200/native-object.raw
74cf39c7baaa12fbe69d938893dd61958eadc238ffdcede638a24f91a5c0792a,340,animations/scalar-recovered/full-source/2906705493/CAB-7a441f7265bb4e22d19419586538f431/1494416804221783200/streaming-info.json
189b205cb66308c7c96faabba854b02daeb42b04319e92d72a0a291540220234,205851,animations/scalar-recovered/full-source/2932222405/CAB-31c29d830b33476ec0810078df2c9521/5138399027024206790/Avatar_Female_Size02_Remielle_Origin_Default_Ani_Gal_Angry_Loop.json
4e71889aa6554dc9149cb34a4a811806659acac93b4262045b3a062374f7f6db,36191,animations/scalar-recovered/full-source/2932222405/CAB-31c29d830b33476ec0810078df2c9521/5138399027024206790/acl-database-bulk.bin
54debb6e4aaddec54c35150b98eb235ae44c9ee85f371cdcbf7cd3eca363eb64,49892,animations/scalar-recovered/full-source/2932222405/CAB-31c29d830b33476ec0810078df2c9521/5138399027024206790/native-object.raw
a7404cfa145374f3c6d037102919c27c82ee84cc84ae40b618ed867c5f24b04c,340,animations/scalar-recovered/full-source/2932222405/CAB-31c29d830b33476ec0810078df2c9521/5138399027024206790/streaming-info.json
17206640d6cdea1a6bd88d4b791da28f5208736384b54dee45c8b4bf5ec222c4,943234,animations/scalar-recovered/full-source/2932222405/CAB-31c29d830b33476ec0810078df2c9521/901133478427205527/Avatar_Female_Size02_Remielle_Origin_Ani_Gal_Angry_Loop.json
2caed99f2c8c2e82347226a7ccd9629c2b2a39f4400434ef82d22d5bbd97f0f2,193859,animations/scalar-recovered/full-source/2932222405/CAB-31c29d830b33476ec0810078df2c9521/901133478427205527/acl-database-bulk.bin
a633de275ee95b3a59da16c0249ec9aa0f26e7984f59401e675aae06ad580b8e,148188,animations/scalar-recovered/full-source/2932222405/CAB-31c29d830b33476ec0810078df2c9521/901133478427205527/native-object.raw
255372b87d4a26c477f7978be1ec2ec9ff6a65a212c3b958874edee50576811f,337,animations/scalar-recovered/full-source/2932222405/CAB-31c29d830b33476ec0810078df2c9521/901133478427205527/streaming-info.json
8fb347a84fb1c86c62b7d1b2f6b5d6d3f2166697fa3a718cc48294c1ec7d9710,228531,animations/scalar-recovered/full-source/2932222405/CAB-62ed5c7d08282007932710f7846913f4/8137263264301253227/Avatar_Female_Size02_Remielle_Origin_Default_Ani_Gacha_Start.json
4bc5c607ee76837ab8d3f29803470ce77c659b56e5c48787fb73c77f972114d8,49658,animations/scalar-recovered/full-source/2932222405/CAB-62ed5c7d08282007932710f7846913f4/8137263264301253227/acl-database-bulk.bin
14268ce016705aa6a60b7e42a1971bf68fe27d763c5a15d3457f9584535dfbe8,66944,animations/scalar-recovered/full-source/2932222405/CAB-62ed5c7d08282007932710f7846913f4/8137263264301253227/native-object.raw
cb3c68528bb34f49e2d43b4de2216caa870340dee0460a232aef8ae77d586f60,335,animations/scalar-recovered/full-source/2932222405/CAB-62ed5c7d08282007932710f7846913f4/8137263264301253227/streaming-info.json
ea317830bb43baed01f830c770c63d972a7e578ad178f39912c16e888a8941f4,1025549,animations/scalar-recovered/full-source/2932222405/CAB-62ed5c7d08282007932710f7846913f4/8480681007055211976/Avatar_Female_Size02_Remielle_Origin_Ani_Gacha_Start.json
aa7a619c3d7ff2581a5049a7e5effd16015271fc3721d45b13e55f2e1e2cbf13,400961,animations/scalar-recovered/full-source/2932222405/CAB-62ed5c7d08282007932710f7846913f4/8480681007055211976/acl-database-bulk.bin
c1903d52459bba7d2555d823759e67cdc796c8b9a16df727044a6d360b516dca,204744,animations/scalar-recovered/full-source/2932222405/CAB-62ed5c7d08282007932710f7846913f4/8480681007055211976/native-object.raw
f4a63c474ebdb4b27be78550a775092a719b21b3e91bde69f379945cf967da58,341,animations/scalar-recovered/full-source/2932222405/CAB-62ed5c7d08282007932710f7846913f4/8480681007055211976/streaming-info.json
239b2409414f43ea06a9eba9b3f2584dccba038be7c81a40a1df787c35569d9f,1057739,animations/scalar-recovered/full-source/2932222405/CAB-65d9419ccc0d31613dac91061d303e27/-1374513821429880468/Avatar_Female_Size02_Remielle_Origin_Ani_Gal_Facial_Blink_Surprise.json
488b21beeb4f8edd1aa2933303a21926f755f37d42b9e8407a6ca821c2b95283,527,animations/scalar-recovered/full-source/2932222405/CAB-65d9419ccc0d31613dac91061d303e27/-1374513821429880468/acl-database-bulk.bin
3fd90d0f0a963e3ff7766811c7d014c91f140cc5725fd20202487f40b4aa14d1,107160,animations/scalar-recovered/full-source/2932222405/CAB-65d9419ccc0d31613dac91061d303e27/-1374513821429880468/native-object.raw
cd9e5623050211c757658a9766629c313fd627cea6c7a4d6e71f7271529c0789,337,animations/scalar-recovered/full-source/2932222405/CAB-65d9419ccc0d31613dac91061d303e27/-1374513821429880468/streaming-info.json
c42cf6fb60792e8cd60757cd8b08e91f9c6bf4f71f6cb125cfc4c22f6257ba26,1057551,animations/scalar-recovered/full-source/2932222405/CAB-65d9419ccc0d31613dac91061d303e27/-6374454659230119440/Avatar_Female_Size02_Remielle_Origin_Ani_Gal_Facial_Blink_Think.json
6dab9bead3c8be86026d5b15a5684b9060e7a714dc119e10bf729e69fa99eb35,520,animations/scalar-recovered/full-source/2932222405/CAB-65d9419ccc0d31613dac91061d303e27/-6374454659230119440/acl-database-bulk.bin
1580f4b10b957fd8c5e6b65da914cd984b4775ae85d6ff30e7a1a4860566d55a,107120,animations/scalar-recovered/full-source/2932222405/CAB-65d9419ccc0d31613dac91061d303e27/-6374454659230119440/native-object.raw
1fc0a17b88c593e7afc6d13225dd591a37792a17b2ad6e13eeee2c8f13675e23,337,animations/scalar-recovered/full-source/2932222405/CAB-65d9419ccc0d31613dac91061d303e27/-6374454659230119440/streaming-info.json
d3c5ebb1ac356e42968d3fb024369204acef24bcfa151c59c21e617dfadee707,1057548,animations/scalar-recovered/full-source/2932222405/CAB-65d9419ccc0d31613dac91061d303e27/-6818879988906006898/Avatar_Female_Size02_Remielle_Origin_Ani_Gal_Facial_Blink_Sad.json
345ed23229f2231457c5d8acbad7b26bab96ce2144118f5d4f478191b65a47cb,515,animations/scalar-recovered/full-source/2932222405/CAB-65d9419ccc0d31613dac91061d303e27/-6818879988906006898/acl-database-bulk.bin
2b555d874a2f0cae505eb5b669f2a2e4d652c7a5126685552c9db192f3a89c26,107108,animations/scalar-recovered/full-source/2932222405/CAB-65d9419ccc0d31613dac91061d303e27/-6818879988906006898/native-object.raw
a3e5de38eb2d53eea213f18813d799bc611351dff980960d13dbb6f3c3a6d30a,336,animations/scalar-recovered/full-source/2932222405/CAB-65d9419ccc0d31613dac91061d303e27/-6818879988906006898/streaming-info.json
a3d1ee9a786fc4732808154f8d112d13fca9f23122dd7e6f5bf5fc9c3af79df2,1057339,animations/scalar-recovered/full-source/2932222405/CAB-65d9419ccc0d31613dac91061d303e27/-9197699589873237095/Avatar_Female_Size02_Remielle_Origin_Ani_Gal_Facial_Blink_Idle.json
72d13f8080996776f79c79539b87a2f62f46e237eb9bb157940bff3670e8cd7d,503,animations/scalar-recovered/full-source/2932222405/CAB-65d9419ccc0d31613dac91061d303e27/-9197699589873237095/acl-database-bulk.bin
4a95cf0ad2206e4dc2126e17e8b49e81b868975a5a14a11ad0388f1d76d75031,106988,animations/scalar-recovered/full-source/2932222405/CAB-65d9419ccc0d31613dac91061d303e27/-9197699589873237095/native-object.raw
a313c41e3ef0573c0b24836c4c3ee811d53455d8d6f62b53879b2efaa6a636af,334,animations/scalar-recovered/full-source/2932222405/CAB-65d9419ccc0d31613dac91061d303e27/-9197699589873237095/streaming-info.json
d9cff4bd7c2a1e74d63c5da03dfaa2fe03574312b79414ce2ba8e740c1841643,1056653,animations/scalar-recovered/full-source/2932222405/CAB-65d9419ccc0d31613dac91061d303e27/1936297470819949900/Avatar_Female_Size02_Remielle_Origin_Ani_Gal_Facial_Blink_Shy.json
4e840ced0fb2ca90a3700661be9cfbf876a7989db14e9a7493436b1f10da8ef6,67,animations/scalar-recovered/full-source/2932222405/CAB-65d9419ccc0d31613dac91061d303e27/1936297470819949900/acl-database-bulk.bin
cbc29ba42659b0c4120eb684d4d38a0192f7932f56e3940ba610c58259202fcc,106472,animations/scalar-recovered/full-source/2932222405/CAB-65d9419ccc0d31613dac91061d303e27/1936297470819949900/native-object.raw
432ecb6c1391e399ebaa85827865921f07d1c9a4b065cd2f3c7628131d4a9ff7,336,animations/scalar-recovered/full-source/2932222405/CAB-65d9419ccc0d31613dac91061d303e27/1936297470819949900/streaming-info.json
e3aa2ca5f5e2caf9f4179404ec2a49e1129a015071a93023b414b4ff69959699,1056869,animations/scalar-recovered/full-source/2932222405/CAB-65d9419ccc0d31613dac91061d303e27/2471518088433369451/Avatar_Female_Size02_Remielle_Origin_Ani_Gal_Facial_Blink_Happy.json
995a0cd10f40d2c8e369f53fd90898eb1f8bdb7395d3101f080082246c819248,67,animations/scalar-recovered/full-source/2932222405/CAB-65d9419ccc0d31613dac91061d303e27/2471518088433369451/acl-database-bulk.bin
9cdc2d94750aee6e56803dcb074ce7bcf18b92e30ef3b4a8dac288b5b3d664b6,106472,animations/scalar-recovered/full-source/2932222405/CAB-65d9419ccc0d31613dac91061d303e27/2471518088433369451/native-object.raw
a247d5075f10465e2889dc52a961fac99fce516db80d04c8f03fe4541adc7d3f,336,animations/scalar-recovered/full-source/2932222405/CAB-65d9419ccc0d31613dac91061d303e27/2471518088433369451/streaming-info.json
20cff0603cbed6ed11711fcb520dbf20a6dc7623b762453372c06291f8aca77c,1057503,animations/scalar-recovered/full-source/2932222405/CAB-65d9419ccc0d31613dac91061d303e27/3120295780034535314/Avatar_Female_Size02_Remielle_Origin_Ani_Gal_Facial_Blink_Angry.json
0b8f742aa7a9c7a235c5068f449a3d6d979a3931c9f6ff6cfc2cbb782bdb7f5a,520,animations/scalar-recovered/full-source/2932222405/CAB-65d9419ccc0d31613dac91061d303e27/3120295780034535314/acl-database-bulk.bin
42f082f07d4fe9c74ad55d9220c559edc4d52c0da377f5593173213c8b1228dd,107120,animations/scalar-recovered/full-source/2932222405/CAB-65d9419ccc0d31613dac91061d303e27/3120295780034535314/native-object.raw
f22b03b3379a8ac9627ab35811700b3d2b1cfda576ce852e37bb98bf39a149ea,337,animations/scalar-recovered/full-source/2932222405/CAB-65d9419ccc0d31613dac91061d303e27/3120295780034535314/streaming-info.json
3c9f26cbce85d929ee6ffae53dba5605789d1d17b4c3db930e7c6cd0506c7fe1,201516,animations/scalar-recovered/full-source/2932222405/CAB-b707512f7cadd0d9c8040ed61ca33c12/-1693200937096398188/Avatar_Female_Size02_Remielle_Origin_Default_Ani_Gal_Think_Start.json
5c9db848bbdfa0da7c28928a8430dcc4b9daf76a29c8bf0f7c9cb4b278aa3b19,28682,animations/scalar-recovered/full-source/2932222405/CAB-b707512f7cadd0d9c8040ed61ca33c12/-1693200937096398188/acl-database-bulk.bin
1b14d6354a6310c16ffa620d25eee4fe6c5f811a0acd7fc279fd610dbfaec142,46308,animations/scalar-recovered/full-source/2932222405/CAB-b707512f7cadd0d9c8040ed61ca33c12/-1693200937096398188/native-object.raw
d8925847662fcff99f6d03e3ad478078944fcf25b2bc48227719bc5612d504dd,340,animations/scalar-recovered/full-source/2932222405/CAB-b707512f7cadd0d9c8040ed61ca33c12/-1693200937096398188/streaming-info.json
ca97b6ebde23152e793731296ff243ba788e091580c0fcf54b177eeae2ecb9cc,945995,animations/scalar-recovered/full-source/2932222405/CAB-b707512f7cadd0d9c8040ed61ca33c12/-2888949661270690737/Avatar_Female_Size02_Remielle_Origin_Ani_Gal_Think_Start.json
4a99936964ad2931d65cb239bd34cdd91491d2260323f9e941a789d9740aa171,179310,animations/scalar-recovered/full-source/2932222405/CAB-b707512f7cadd0d9c8040ed61ca33c12/-2888949661270690737/acl-database-bulk.bin
7e986a93d8b78b79b37b8ea4087ad9ba077f3fee40065255317eef9addb17ebf,145776,animations/scalar-recovered/full-source/2932222405/CAB-b707512f7cadd0d9c8040ed61ca33c12/-2888949661270690737/native-object.raw
46c7d52fb343c42ef9eabb283242a17440150d904d5fd18d9536876728af2d38,337,animations/scalar-recovered/full-source/2932222405/CAB-b707512f7cadd0d9c8040ed61ca33c12/-2888949661270690737/streaming-info.json
6b0771b4331d2c9f52d31fe9ceccd2cc9ad48fc3832da62496c23c566dda2c2e,942192,animations/scalar-recovered/full-source/2932222405/CAB-ce3b218bc4a407efbc1d1610527eef6c/7219689378586941951/Avatar_Female_Size02_Remielle_Origin_Ani_Gal_Surprise_Start.json
3209f0abb1bb0ea6bf1bc0924194077847c3c65f8ec3c1aee37827bd6ea29f72,175303,animations/scalar-recovered/full-source/2932222405/CAB-ce3b218bc4a407efbc1d1610527eef6c/7219689378586941951/acl-database-bulk.bin
a30f660d72e437e16b2205d3f4b14ba0fa6d7eaa403884353946ab38cd836b99,143516,animations/scalar-recovered/full-source/2932222405/CAB-ce3b218bc4a407efbc1d1610527eef6c/7219689378586941951/native-object.raw
fe49644691cd68172a17dff3114de54cb3fcdd2d9a8320cf6870fa15f4b53b73,337,animations/scalar-recovered/full-source/2932222405/CAB-ce3b218bc4a407efbc1d1610527eef6c/7219689378586941951/streaming-info.json
ab64def9c48a284f1e5c7d970a8110eb244abcd53fc683c0b4d58b1adfde2c94,201385,animations/scalar-recovered/full-source/2932222405/CAB-ce3b218bc4a407efbc1d1610527eef6c/8680045491875716565/Avatar_Female_Size02_Remielle_Origin_Default_Ani_Gal_Surprise_Start.json
676f64fe78cc65d8d8c0db924ad3cc2e19df9148846ed5a84e0bbff7b669f21d,29580,animations/scalar-recovered/full-source/2932222405/CAB-ce3b218bc4a407efbc1d1610527eef6c/8680045491875716565/acl-database-bulk.bin
8a1e70cf7ec3b04b0db061b8bc4876ea6cc8f74190315f61a3148465433ea09a,46408,animations/scalar-recovered/full-source/2932222405/CAB-ce3b218bc4a407efbc1d1610527eef6c/8680045491875716565/native-object.raw
4ee665bff8af1bad8b685b3ff36b5460a7f47ee870343f3881feaf65893887d6,340,animations/scalar-recovered/full-source/2932222405/CAB-ce3b218bc4a407efbc1d1610527eef6c/8680045491875716565/streaming-info.json
9990850e24cd79580a21d6a9c50d1fad380944f02081d069e17d0f84828d39dc,970668,animations/scalar-recovered/full-source/2932222405/CAB-d0045144aeceb56c015de0c961ed7e7e/-208971569947503409/Avatar_Female_Size02_Remielle_Origin_Ani_Gal_Facial_Angry.json
e3b0c44298fc1c149afbf4c8996fb92427ae41e4649b934ca495991b7852b855,0,animations/scalar-recovered/full-source/2932222405/CAB-d0045144aeceb56c015de0c961ed7e7e/-208971569947503409/acl-database-bulk.bin
63e6271f60bc41a3731036836728b8c42ca2db8e5071844a78bbc5f7eb84681d,88244,animations/scalar-recovered/full-source/2932222405/CAB-d0045144aeceb56c015de0c961ed7e7e/-208971569947503409/native-object.raw
d81e1e153514279b5d92df534da197d9a06d0688455d1e525ef4bd0201dcf870,244,animations/scalar-recovered/full-source/2932222405/CAB-d0045144aeceb56c015de0c961ed7e7e/-208971569947503409/streaming-info.json
22f26014f5317c3a16bd44e315f94f3565b0cff6e4748521752a25dbd188b884,970810,animations/scalar-recovered/full-source/2932222405/CAB-d0045144aeceb56c015de0c961ed7e7e/-4543614493068614537/Avatar_Female_Size02_Remielle_Origin_Ani_Gal_Facial_Surprise.json
18c0741be0710223684b7b784050dd649f2c5eb4162aae00c1fd4a3d0ea40ab0,67,animations/scalar-recovered/full-source/2932222405/CAB-d0045144aeceb56c015de0c961ed7e7e/-4543614493068614537/acl-database-bulk.bin
f7d49cf866cdb068a8e8b43e3e223d1b08f714b4bc8554128d6b371d2a98ffa9,88360,animations/scalar-recovered/full-source/2932222405/CAB-d0045144aeceb56c015de0c961ed7e7e/-4543614493068614537/native-object.raw
f169fcbc8ff2b69e30836403083723401713370e0bbe6d5f55e4b4296b32c179,332,animations/scalar-recovered/full-source/2932222405/CAB-d0045144aeceb56c015de0c961ed7e7e/-4543614493068614537/streaming-info.json
2acdbbb0cb8f648046e59113bbf4e815e305f83feb64cf66f43896271390acf1,970636,animations/scalar-recovered/full-source/2932222405/CAB-d0045144aeceb56c015de0c961ed7e7e/2368698912911218358/Avatar_Female_Size02_Remielle_Origin_Ani_Gal_Facial_Happy.json
e4a2af2adc78e577533e26bdcc1a876fd17e05ddad0cb130241e0fecaccdf20f,67,animations/scalar-recovered/full-source/2932222405/CAB-d0045144aeceb56c015de0c961ed7e7e/2368698912911218358/acl-database-bulk.bin
6b7a048a201851060fb14e6a81a9b686c96030c7f2001e73f8873f3f0a33991a,88328,animations/scalar-recovered/full-source/2932222405/CAB-d0045144aeceb56c015de0c961ed7e7e/2368698912911218358/native-object.raw
6cda0bd5615a73ae4797318e453c4c41ffb28536987e2a5d0160cfb0ceb52620,334,animations/scalar-recovered/full-source/2932222405/CAB-d0045144aeceb56c015de0c961ed7e7e/2368698912911218358/streaming-info.json
8826ac7d8caf85363bf4cd40dfd6550f3f21be2483e1625ce86068063cc1a4de,970454,animations/scalar-recovered/full-source/2932222405/CAB-d0045144aeceb56c015de0c961ed7e7e/279899463430488555/Avatar_Female_Size02_Remielle_Origin_Ani_Gal_Facial_Idle.json
5be1caa29ada92f5ef0217033fdf9a5b12bb757a30ee60accede446e2ad615d6,67,animations/scalar-recovered/full-source/2932222405/CAB-d0045144aeceb56c015de0c961ed7e7e/279899463430488555/acl-database-bulk.bin
c00e8915b7b14bdcc694ee85e9401a9f3a3e87c813029e6ae0698a598331a501,88276,animations/scalar-recovered/full-source/2932222405/CAB-d0045144aeceb56c015de0c961ed7e7e/279899463430488555/native-object.raw
1c2fca7867a74fb4c7661bf06efa6a87a458d4f9595dcc139703666851be1365,333,animations/scalar-recovered/full-source/2932222405/CAB-d0045144aeceb56c015de0c961ed7e7e/279899463430488555/streaming-info.json
173b76ff4c9bc6a41b6f3147601257da2acdd1b638996e577ad8971e0c810a91,970624,animations/scalar-recovered/full-source/2932222405/CAB-d0045144aeceb56c015de0c961ed7e7e/6975320934936999419/Avatar_Female_Size02_Remielle_Origin_Ani_Gal_Facial_Sad.json
4c7183c1457a10feb3f79c12d11983c4f9a428c806c4780a709027e5deacb74d,67,animations/scalar-recovered/full-source/2932222405/CAB-d0045144aeceb56c015de0c961ed7e7e/6975320934936999419/acl-database-bulk.bin
88b838e72af353e0781897e37dbedf28d732abc1fea056ef7ddcedd40af7a531,88316,animations/scalar-recovered/full-source/2932222405/CAB-d0045144aeceb56c015de0c961ed7e7e/6975320934936999419/native-object.raw
9686147200ff637f767e495de3b3cb9838f104ac04ad76d1897dcec2d2cda1fd,334,animations/scalar-recovered/full-source/2932222405/CAB-d0045144aeceb56c015de0c961ed7e7e/6975320934936999419/streaming-info.json
59a226390b2204a9e543c428f3c51a432689a72cbebabb94ceeaa7052b66aa44,970694,animations/scalar-recovered/full-source/2932222405/CAB-d0045144aeceb56c015de0c961ed7e7e/8237653307052463342/Avatar_Female_Size02_Remielle_Origin_Ani_Gal_Facial_Think.json
9f0e98eee5120c8a0fb49f72488b7e53071112211c0166511f456b69602e9474,67,animations/scalar-recovered/full-source/2932222405/CAB-d0045144aeceb56c015de0c961ed7e7e/8237653307052463342/acl-database-bulk.bin
96ac83caaebd81bfe1ce7c4508525c6b8a2ab44223cc097af861101c7717708c,88344,animations/scalar-recovered/full-source/2932222405/CAB-d0045144aeceb56c015de0c961ed7e7e/8237653307052463342/native-object.raw
680a572a34ab6afa3b9c22cff434d1ea861cf495f64912cd6e9108413830b225,334,animations/scalar-recovered/full-source/2932222405/CAB-d0045144aeceb56c015de0c961ed7e7e/8237653307052463342/streaming-info.json
c2039859e02555f1fb79b26edbc1f79e55e5c8737a7296713caa1da636ddafd4,970676,animations/scalar-recovered/full-source/2932222405/CAB-d0045144aeceb56c015de0c961ed7e7e/8299010686423387859/Avatar_Female_Size02_Remielle_Origin_Ani_Gal_Facial_Shy.json
d6448bc826cc08de5fc2b925ae13abe80630943421ad3953f96f5bc5ee84c90a,67,animations/scalar-recovered/full-source/2932222405/CAB-d0045144aeceb56c015de0c961ed7e7e/8299010686423387859/acl-database-bulk.bin
d58255e5255602b8b31a1118a5e0eead5128f18f433ade6319ea0db75e7ac664,88340,animations/scalar-recovered/full-source/2932222405/CAB-d0045144aeceb56c015de0c961ed7e7e/8299010686423387859/native-object.raw
e290e0303790e5a4e4fddde748e2f792516351a8ce48ca0704b19b8b801685b2,334,animations/scalar-recovered/full-source/2932222405/CAB-d0045144aeceb56c015de0c961ed7e7e/8299010686423387859/streaming-info.json
f333b25ac2a07169a850a9aa35fbec48e042db9c240e7e72c1acabacc07ebf6c,1581221,animations/scalar-recovered/full-source/3094050808/CAB-f7048970623d84f565eacd8a7a2bbdc0/6608155943822335795/TL_C30_ZiplineChasing_01_SC010_Avatar_MaxRemielleOriginCS.json
a6d9ae25e012af5d895e293de12b6ffaadf0929add20426795812dc03c022e31,552144,animations/scalar-recovered/full-source/3094050808/CAB-f7048970623d84f565eacd8a7a2bbdc0/6608155943822335795/native-object.raw
440a69524054e10af90c5e54f50b2cec18796910941992f1edd2a495fc1effeb,1045406,animations/scalar-recovered/full-source/3278416766/CAB-054bc96f21c392775ad58eda0c3b56ce/-5622118941521754627/Avatar_Female_Size02_Remielle_Ramiel_Ani_Gal_Think_End.json
f9ee53f72a7fe59d91b9712dafc32b85ca13eec93621639b64bcf42e783d1db7,102015,animations/scalar-recovered/full-source/3278416766/CAB-054bc96f21c392775ad58eda0c3b56ce/-5622118941521754627/acl-database-bulk.bin
055a6dec037fad4042ed1aafed91b1a12352ae1b13f76927b905bd718c6e50c3,126272,animations/scalar-recovered/full-source/3278416766/CAB-054bc96f21c392775ad58eda0c3b56ce/-5622118941521754627/native-object.raw
39ca8ae7b06b7a24ee73a5b3ddcbeb58ca95172c6387215065087d5907249122,337,animations/scalar-recovered/full-source/3278416766/CAB-054bc96f21c392775ad58eda0c3b56ce/-5622118941521754627/streaming-info.json
53ab924485a955c51a2f9f50c4c850155144d02864d24aef401e0c76594bc0c7,1043972,animations/scalar-recovered/full-source/3278416766/CAB-14f250a47959f0ba85045eff182fe317/921624685840654086/Avatar_Female_Size02_Remielle_Ramiel_Ani_Gal_Happy_End.json
0e2ef4850e073387cb8ee7e52bf8fef0dbf9148a58ce806b21bdd76231f92357,95161,animations/scalar-recovered/full-source/3278416766/CAB-14f250a47959f0ba85045eff182fe317/921624685840654086/acl-database-bulk.bin
813beb233688ac57ff8e1a84634f33d82f1a5050ccb6333d5f6f9e55566cdd40,125200,animations/scalar-recovered/full-source/3278416766/CAB-14f250a47959f0ba85045eff182fe317/921624685840654086/native-object.raw
15d9c3ca67cb9b527b0bb12d288ec948682d047be8ec85f566782e1fd2299048,336,animations/scalar-recovered/full-source/3278416766/CAB-14f250a47959f0ba85045eff182fe317/921624685840654086/streaming-info.json
463fe1a50b9839b8671eb599bd775daa275cdb8a93321f16849f8aacba3233c1,1043855,animations/scalar-recovered/full-source/3278416766/CAB-18723669dc13e3e1b13f6e2e45fe935b/5583199559579285834/Avatar_Female_Size02_Remielle_Ramiel_Ani_Gal_Special_Start.json
fe8dd1c555b08efd222f286262b8e3af00b936406076505892b166b9a59e0b62,97259,animations/scalar-recovered/full-source/3278416766/CAB-18723669dc13e3e1b13f6e2e45fe935b/5583199559579285834/acl-database-bulk.bin
0266901864f05a69144487203e8da747db91f67c323eb9a4664e500e0398326b,125156,animations/scalar-recovered/full-source/3278416766/CAB-18723669dc13e3e1b13f6e2e45fe935b/5583199559579285834/native-object.raw
c321437e66db0df2dc4308e4b3dbf8c31d980f15dcf26c8ab064eaa35c5e7231,336,animations/scalar-recovered/full-source/3278416766/CAB-18723669dc13e3e1b13f6e2e45fe935b/5583199559579285834/streaming-info.json
e251f65150bf5652a3a8ad5a06dc977e0e5d0c7cf5a35169842b795d2f2bf029,1042894,animations/scalar-recovered/full-source/3278416766/CAB-37c3fc35259d79a6df49f0fdbbe1f51e/11149147896977611/Avatar_Female_Size02_Remielle_Ramiel_Ani_Gal_Sad_End.json
9e3e1886311f123f68302d93da24c4f71321428d307ae70d1978d3c0c4680798,94926,animations/scalar-recovered/full-source/3278416766/CAB-37c3fc35259d79a6df49f0fdbbe1f51e/11149147896977611/acl-database-bulk.bin
72d31a1956b6d6b3445ea20523944165034cc368ac8245c37796effcf7a16408,124284,animations/scalar-recovered/full-source/3278416766/CAB-37c3fc35259d79a6df49f0fdbbe1f51e/11149147896977611/native-object.raw
abc9559e6d8c9aa9a8182b899c87cd8d01da4a6e78f6ae3263d85aee0afa7296,336,animations/scalar-recovered/full-source/3278416766/CAB-37c3fc35259d79a6df49f0fdbbe1f51e/11149147896977611/streaming-info.json
142c95b5623dceb7ff544a27042a1d3596cbc69da7fd85a065899330112f3a58,1050038,animations/scalar-recovered/full-source/3278416766/CAB-4b6b10cd3f8f3d26206e9524cc3e6278/-7316839223823332493/Avatar_Female_Size02_Remielle_Ramiel_Ani_Gal_Special_Loop.json
fe6f5e4b82e555e95a12c2d3e25469619a20191e5f5aed023360ed3e268d88d9,105707,animations/scalar-recovered/full-source/3278416766/CAB-4b6b10cd3f8f3d26206e9524cc3e6278/-7316839223823332493/acl-database-bulk.bin
cab8fa48a80327fc635d970a3a3d3d49147abb932b3eed55d472284807ff8d96,129876,animations/scalar-recovered/full-source/3278416766/CAB-4b6b10cd3f8f3d26206e9524cc3e6278/-7316839223823332493/native-object.raw
b8a6235904182953b815c3e841e91f450969bfb6a02dc73e1df629ea95b6045c,337,animations/scalar-recovered/full-source/3278416766/CAB-4b6b10cd3f8f3d26206e9524cc3e6278/-7316839223823332493/streaming-info.json
ebf90a6b8e9b14ca557dc2ec994b3bb8d752b6138711b7e15b1b656d6f17924c,1043113,animations/scalar-recovered/full-source/3278416766/CAB-553907d726f7f5f8fe7fe0c44fb73f44/-3648252350136279357/Avatar_Female_Size02_Remielle_Ramiel_Ani_Gal_Shy_Start.json
6ac0c2b99faf8273e25de2625f9dde1481827ca1547044bce152f0c8d997372e,92760,animations/scalar-recovered/full-source/3278416766/CAB-553907d726f7f5f8fe7fe0c44fb73f44/-3648252350136279357/acl-database-bulk.bin
4cc1b65c6c20f6e505b3d4b2184b9da6659e125d3884c7216adef05b0f757444,124752,animations/scalar-recovered/full-source/3278416766/CAB-553907d726f7f5f8fe7fe0c44fb73f44/-3648252350136279357/native-object.raw
e03cce0a35f99be4996c0e9f70aad6f3571c96cb69aecb13d5c13751637624b4,336,animations/scalar-recovered/full-source/3278416766/CAB-553907d726f7f5f8fe7fe0c44fb73f44/-3648252350136279357/streaming-info.json
9fdf86a0c94c85eacca8e0dc17a49f5ac78fa761e3aa29dfc1ec413c1086f665,1048915,animations/scalar-recovered/full-source/3278416766/CAB-718f96bc002296df11ecda783043005e/404332144766148870/Avatar_Female_Size02_Remielle_Ramiel_Ani_Gal_Idle.json
706638fadd49d55f1ddb289b660b68a795d1fbf985a01e03d5762ee8b3f94809,108409,animations/scalar-recovered/full-source/3278416766/CAB-718f96bc002296df11ecda783043005e/404332144766148870/acl-database-bulk.bin
dd72cd997578e2b0419681df1c0ec7ad733adbe01604c8ad0315b0faf6da8781,129676,animations/scalar-recovered/full-source/3278416766/CAB-718f96bc002296df11ecda783043005e/404332144766148870/native-object.raw
29ed562c9ae8de2b17d3e863798dac0199285a114e0397ae3f51636e95a745df,337,animations/scalar-recovered/full-source/3278416766/CAB-718f96bc002296df11ecda783043005e/404332144766148870/streaming-info.json
8e25527f12ad0819e7672a9d448dc9f62ae2c9e8ee9166655fb8a6af7dc0f0c0,1047000,animations/scalar-recovered/full-source/3278416766/CAB-8825d67f0be4cb8e9efb02a983e64ab6/-3865773439225484418/Avatar_Female_Size02_Remielle_Ramiel_Ani_Gal_Happy_Loop.json
58a337c3b1e36d7ed396d7401de9dc1ff5da9172dde8a6737dafbb271c4a4381,96938,animations/scalar-recovered/full-source/3278416766/CAB-8825d67f0be4cb8e9efb02a983e64ab6/-3865773439225484418/acl-database-bulk.bin
a7c05e5c2124b72565fabb30313ce96f470f102b6602e854f20f2e19b7cad625,127456,animations/scalar-recovered/full-source/3278416766/CAB-8825d67f0be4cb8e9efb02a983e64ab6/-3865773439225484418/native-object.raw
b4663ed5dc842dc0ba0dfbe732bf6ab5fc5c1d65e5be156647187e7121786cff,336,animations/scalar-recovered/full-source/3278416766/CAB-8825d67f0be4cb8e9efb02a983e64ab6/-3865773439225484418/streaming-info.json
5247884f1908512523fa886adfa667849d85fbbeb3fdc0f0ce994f5191d4e34d,1048770,animations/scalar-recovered/full-source/3278416766/CAB-8b28e3633d73843b3d11ce508ae58a5a/-2152356670641858221/Avatar_Female_Size02_Remielle_Ramiel_Ani_Gal_Surprise_Loop.json
9f753753245b240dd02d355c6d57d5adc59108a993bb73c16e5f28ea872de32c,102466,animations/scalar-recovered/full-source/3278416766/CAB-8b28e3633d73843b3d11ce508ae58a5a/-2152356670641858221/acl-database-bulk.bin
2133d54d754b1022e585a3fc3fdf6d8105b7a380fdf63d06bc2c2a2d45ed0a5d,128932,animations/scalar-recovered/full-source/3278416766/CAB-8b28e3633d73843b3d11ce508ae58a5a/-2152356670641858221/native-object.raw
5f6cc41657cdac6044146c01d9d9dfc543049d71726ee83a0e9061bac1b8adc7,337,animations/scalar-recovered/full-source/3278416766/CAB-8b28e3633d73843b3d11ce508ae58a5a/-2152356670641858221/streaming-info.json
a7fa7003985ecd5d511ca12aa4bd12df5d78f1542d06070331d634d4f008223b,1044643,animations/scalar-recovered/full-source/3278416766/CAB-8f1944b4606602d3a104866492443b54/-1615495386502112075/Avatar_Female_Size02_Remielle_Ramiel_Ani_Gal_Special_End.json
2f13f3bb8f6451b4122c50eb7a4de79ab150a35e680e2f4e73764acd0f4ba917,98240,animations/scalar-recovered/full-source/3278416766/CAB-8f1944b4606602d3a104866492443b54/-1615495386502112075/acl-database-bulk.bin
ab2c01c10f5bfe9dd46e06b337b656c5c6ede953742ec666388d9cfda2dab3d4,125888,animations/scalar-recovered/full-source/3278416766/CAB-8f1944b4606602d3a104866492443b54/-1615495386502112075/native-object.raw
4d7f4cd7fa8ca4e536612a00affbf8c466d25732a3aab8ddc05c5d7dd75a774d,336,animations/scalar-recovered/full-source/3278416766/CAB-8f1944b4606602d3a104866492443b54/-1615495386502112075/streaming-info.json
6d0212857fe5f9f3a40365a0e44abc1fcbf86529f9883254e3b9ed64339ed0ec,1044770,animations/scalar-recovered/full-source/3278416766/CAB-bc534dc2da9d378a5a8ee7fa411353db/4611403284854729406/Avatar_Female_Size02_Remielle_Ramiel_Ani_Gal_Think_Start.json
9a8f39fcac0b9839eb4411e5ce59942851fdd704cec0d3cd5d7e17cf43837ef9,96564,animations/scalar-recovered/full-source/3278416766/CAB-bc534dc2da9d378a5a8ee7fa411353db/4611403284854729406/acl-database-bulk.bin
a31aea97192956240da313a03a7ba00fb02f2fee8b6e90396a18011915dfd1c7,125792,animations/scalar-recovered/full-source/3278416766/CAB-bc534dc2da9d378a5a8ee7fa411353db/4611403284854729406/native-object.raw
af772c7b2124d34317def9695970ed90c6b446c4dd3948dc6b85a53a52203354,336,animations/scalar-recovered/full-source/3278416766/CAB-bc534dc2da9d378a5a8ee7fa411353db/4611403284854729406/streaming-info.json
82e7afbd6bb2b2950a87a2fa7d860e89a3bb1b1c8876b00ac5f47e9a2339994a,1042740,animations/scalar-recovered/full-source/3278416766/CAB-d736ab159d79ecaa2ecc616ceb9f4a9b/-6899122251715677648/Avatar_Female_Size02_Remielle_Ramiel_Ani_Gal_Surprise_Start.json
cfaf2c0a018cb7a6f03652f2a94da49d19db79c27fbcebdb735383d05d474b41,91336,animations/scalar-recovered/full-source/3278416766/CAB-d736ab159d79ecaa2ecc616ceb9f4a9b/-6899122251715677648/acl-database-bulk.bin
b32a533dfce930cc2f40a24dc64edfd123d9648ec0d982bb2eb46a9b5c67f866,124324,animations/scalar-recovered/full-source/3278416766/CAB-d736ab159d79ecaa2ecc616ceb9f4a9b/-6899122251715677648/native-object.raw
3d239369051023001348ff4b6336bed4de8246917839ef3333253ee22adfb212,336,animations/scalar-recovered/full-source/3278416766/CAB-d736ab159d79ecaa2ecc616ceb9f4a9b/-6899122251715677648/streaming-info.json
c8a23ba06257f71670cbe1fd550460679540725ca98d39e884f0916053ccc973,1044062,animations/scalar-recovered/full-source/3278416766/CAB-e6d23dce06aa443a42104b70ab3ab488/2248653542039276037/Avatar_Female_Size02_Remielle_Ramiel_Ani_Gal_Shy_End.json
ac9471d5bf5aceac4f6d41012ffd79c872c938e09a9f6bf5062e971ca3b5ba95,94740,animations/scalar-recovered/full-source/3278416766/CAB-e6d23dce06aa443a42104b70ab3ab488/2248653542039276037/acl-database-bulk.bin
3c04557b771517e69f902d3030dc325730751a4d25c4984683ddee5c3f2910fb,125244,animations/scalar-recovered/full-source/3278416766/CAB-e6d23dce06aa443a42104b70ab3ab488/2248653542039276037/native-object.raw
45d58a9918bde89f0d79d9548504ba6a57136c0c3c6e77386a9a84d320282a4c,336,animations/scalar-recovered/full-source/3278416766/CAB-e6d23dce06aa443a42104b70ab3ab488/2248653542039276037/streaming-info.json
b231685a3669df62dade9104454491f18a05e5499577fb8269e7cae094f2feab,1043207,animations/scalar-recovered/full-source/3278416766/CAB-ec6bf1717f72b483b5bd0361e265a5f4/1288109669835231162/Avatar_Female_Size02_Remielle_Ramiel_Ani_Gal_Happy_Start.json
6bba1f1f6870a55cf983b5598afa77824897888076db415d2bd65d3a4f097b84,92471,animations/scalar-recovered/full-source/3278416766/CAB-ec6bf1717f72b483b5bd0361e265a5f4/1288109669835231162/acl-database-bulk.bin
e0fee0d23aadfd8277921c0273b8bf8f10dce04369950c2b28c68e9b8cc4edc3,124800,animations/scalar-recovered/full-source/3278416766/CAB-ec6bf1717f72b483b5bd0361e265a5f4/1288109669835231162/native-object.raw
bea5949efa0ba2afa55a421d7ca0ec78bb66e3c8e6e061f9262ba87691b323e2,336,animations/scalar-recovered/full-source/3278416766/CAB-ec6bf1717f72b483b5bd0361e265a5f4/1288109669835231162/streaming-info.json
5a4ed0270cbb946b92c10a9ebaace6d8b626dac517b62af99d754b3c74926c0c,1044079,animations/scalar-recovered/full-source/3278416766/CAB-ee8bcbc745aa09cad2edcbf8dae6dd5d/3584744101156041026/Avatar_Female_Size02_Remielle_Ramiel_Ani_Gal_Angry_Start.json
a1ab0855937636e591c9506800381601848d2ab8185699e61c4f1b4c76d75cb0,95056,animations/scalar-recovered/full-source/3278416766/CAB-ee8bcbc745aa09cad2edcbf8dae6dd5d/3584744101156041026/acl-database-bulk.bin
31a1b279ee59590189cdac043e9753276aed5b2d600dd9194ce2ff93c4f39d70,125280,animations/scalar-recovered/full-source/3278416766/CAB-ee8bcbc745aa09cad2edcbf8dae6dd5d/3584744101156041026/native-object.raw
9a38c6068c30f99ecd25f2c420b7170b2c1af0c55caa35ca6f37454c74ecaa7c,336,animations/scalar-recovered/full-source/3278416766/CAB-ee8bcbc745aa09cad2edcbf8dae6dd5d/3584744101156041026/streaming-info.json
86a57c40b78fdf81eaa565c111768d03af86e3c035724a29f0c8990dfb9aed6e,74751,animations/scalar-recovered/full-source/3316514000/CAB-35d87940b27e5c4f8e527993dee4e66b/8292812980204926438/Avatar_Female_Size02_Remielle_Origin_Cam_Finish_Ex_AirState.json
76a0a74f785b42253b21af3b0072c332dc3a6a7cc9188c146cce97d9121ec08b,13516,animations/scalar-recovered/full-source/3316514000/CAB-35d87940b27e5c4f8e527993dee4e66b/8292812980204926438/native-object.raw
8265497b6d3cde52c80430d1f93361043f142040187f707fef82c6fc7aeb4813,98389,animations/scalar-recovered/full-source/3316514000/CAB-38d458e992fce16119ca9a55e17d6910/1646639187933548866/Avatar_Female_Size02_Remielle_Origin_Cam_Attack_Burst_Ex_Max01.json
14e6c12771b168c17d29c7958612efc25401c4631885620e663678544a2bfbd6,17908,animations/scalar-recovered/full-source/3316514000/CAB-38d458e992fce16119ca9a55e17d6910/1646639187933548866/native-object.raw
527b216177ae905d032c1a8ab27054d25c9b8dbcdd14657c6a888ef2d9766b4a,101744,animations/scalar-recovered/full-source/3316514000/CAB-9eb1d5d4f56b3a3e5240215727de0edc/-295552050544974194/Avatar_Female_Size02_Remielle_Origin_Cam_SwitchIn_Attack_Ex_Start.json
22a9c5602ef178bb02fd0f05be5a7a885968f9c130603b14cd0826bf68971ea5,18712,animations/scalar-recovered/full-source/3316514000/CAB-9eb1d5d4f56b3a3e5240215727de0edc/-295552050544974194/native-object.raw
5569e5f67642dd19f6299c836a8e3ae3bf9a4dcb9fa203872c8db70a6bd81f46,81387,animations/scalar-recovered/full-source/3316514000/CAB-e68045e60f25e95dcf6f0f76f44ece50/7893086240092630223/Avatar_Female_Size02_Remielle_Origin_Cam_QuestStart.json
62c958eb74c186b8f6f92868151513ee4a3dfd8cc39f15e86ae6eea9fbd7fa59,14720,animations/scalar-recovered/full-source/3316514000/CAB-e68045e60f25e95dcf6f0f76f44ece50/7893086240092630223/native-object.raw
e628312fce403ae0ec23e9aded32dfb7746ecfe2580ad9ba9f0f3522ebeb6ecc,96708,animations/scalar-recovered/full-source/3316514000/CAB-f6943495f1b2fffd8960bc4dce6d3bd1/816171479261743885/Avatar_Female_Size02_Remielle_Origin_Cam_Finish_Ex_AirState_Start.json
6f14adba901312f33cea4f74f85b2e09945722d09fb72f899e6adbe897a08873,17644,animations/scalar-recovered/full-source/3316514000/CAB-f6943495f1b2fffd8960bc4dce6d3bd1/816171479261743885/native-object.raw
1b47a2bf2e5986bd9da80d003a18f784b551155a972d344fc1d413fe9aaaecac,24074865,animations/scalar-recovered/full-source/3325839570/CAB-79f151e51c0447db369cfb59b21f2a10/-5822624941106295879/Ani_Cs_TL_C31_Explosion_04_SC010_Avatar_RemielleOrigin.json
db8724c488d82d8d3e817c557d5cde7a73a23b02fcf559ca3032cffdffcbfbde,4632900,animations/scalar-recovered/full-source/3325839570/CAB-79f151e51c0447db369cfb59b21f2a10/-5822624941106295879/native-object.raw
70d4d53d961d5a57035ea15348bfd0879a87cdcab23636a980a3eaa8f335cf9f,50938871,animations/scalar-recovered/full-source/3325839570/CAB-e5750cfba91f20b659b2157a7a107d33/-7211968816666491200/Ani_Cs_TL_C31_Explosion_04_SC020_Avatar_RemielleOrigin.json
b147d92948b6a4b4a322e25489149eb6eea7f7f171239790f2874d576686c712,9886316,animations/scalar-recovered/full-source/3325839570/CAB-e5750cfba91f20b659b2157a7a107d33/-7211968816666491200/native-object.raw
f4f40e5fbec756be07a63aedf158a94816e6d184ef317ae23cdf1cfc5e7ed1aa,200716,animations/scalar-recovered/full-source/3521808087/CAB-1af0146cd75f9b13ce59a92f3bd82fba/-4222472574338624345/Avatar_Female_Size02_Remielle_Origin_Default_Ani_Attack_Normal_03_End.json
56b0e597165ad3f949ff6821162eeb476592d715f3784d7505cdbb8f67fa48da,24603,animations/scalar-recovered/full-source/3521808087/CAB-1af0146cd75f9b13ce59a92f3bd82fba/-4222472574338624345/acl-database-bulk.bin
af326df216424a30d009b81cd1e5d543a0f75f8642d6c79a8d4db88983ca3e9c,45916,animations/scalar-recovered/full-source/3521808087/CAB-1af0146cd75f9b13ce59a92f3bd82fba/-4222472574338624345/native-object.raw
9adae792ada965bddd16f817a35be400bcd2eb62be3e32c2d8b62eea0bc0ec62,335,animations/scalar-recovered/full-source/3521808087/CAB-1af0146cd75f9b13ce59a92f3bd82fba/-4222472574338624345/streaming-info.json
b4c215bedf64c9b22c5bcb33603bace48b844fe7c76a9d6352f07ab22aa3558d,1010716,animations/scalar-recovered/full-source/3521808087/CAB-1af0146cd75f9b13ce59a92f3bd82fba/3943810936548701524/Avatar_Female_Size02_Remielle_Origin_Ani_Attack_Normal_03_End.json
0fb5387707472fcd3a148c5167ba4a2a809468ae35f25d86502cb814f43b038b,227621,animations/scalar-recovered/full-source/3521808087/CAB-1af0146cd75f9b13ce59a92f3bd82fba/3943810936548701524/acl-database-bulk.bin
72ffb832995de5becae1fbe79b5c51e03c84278a671b2181d203b4d2c130e160,191400,animations/scalar-recovered/full-source/3521808087/CAB-1af0146cd75f9b13ce59a92f3bd82fba/3943810936548701524/native-object.raw
854b91a8b835ddccb82fde619539857b8fe58816513bfcb3964adc3e5b5a58dd,341,animations/scalar-recovered/full-source/3521808087/CAB-1af0146cd75f9b13ce59a92f3bd82fba/3943810936548701524/streaming-info.json
bc39306f15a42c20c951695a31e6e8ee66fd68a66bfac9a6c2e77e3daa6dd999,944113,animations/scalar-recovered/full-source/3521808087/CAB-1af0146cd75f9b13ce59a92f3bd82fba/5861491352876732367/Avatar_Female_Size02_Remielle_Origin_Ani_Attack_Normal_03.json
63ed7569df0352c0e8bf23e07d25a2a63e14f6cc4d8865186ea3d0d2008b84db,165431,animations/scalar-recovered/full-source/3521808087/CAB-1af0146cd75f9b13ce59a92f3bd82fba/5861491352876732367/acl-database-bulk.bin
8d0422f184d098f2038fa71a58a6be77f41ec1d5359fa8439d00e8c88c04d320,142904,animations/scalar-recovered/full-source/3521808087/CAB-1af0146cd75f9b13ce59a92f3bd82fba/5861491352876732367/native-object.raw
f63c4d457789d4289cb571fd310238f94e970787d87a5ec7a77a748e9b1d7b14,342,animations/scalar-recovered/full-source/3521808087/CAB-1af0146cd75f9b13ce59a92f3bd82fba/5861491352876732367/streaming-info.json
624c2b4170b57d94bcd10b637972fabacbba6c5b664c54d4136705483ca35392,189755,animations/scalar-recovered/full-source/3521808087/CAB-1af0146cd75f9b13ce59a92f3bd82fba/8223261815517506065/Avatar_Female_Size02_Remielle_Origin_Default_Ani_Attack_Normal_03.json
b3a0cbfdc40c1e55f3f3c59b6899a33eece2df77bef29a2725e52d4be552d90d,20575,animations/scalar-recovered/full-source/3521808087/CAB-1af0146cd75f9b13ce59a92f3bd82fba/8223261815517506065/acl-database-bulk.bin
92bd9206b49a7ae0bd3f4a9684a0d4d33890a935f96bfb9f5bd52f8f2214deef,37704,animations/scalar-recovered/full-source/3521808087/CAB-1af0146cd75f9b13ce59a92f3bd82fba/8223261815517506065/native-object.raw
15c8f44ce9cc1a55c9641c197399145e26a85cd9f61f96bdcd62b38eea725bcb,340,animations/scalar-recovered/full-source/3521808087/CAB-1af0146cd75f9b13ce59a92f3bd82fba/8223261815517506065/streaming-info.json
eba82aeb66850a4e72fdaa4f0a56542b11e661e49f79393bb5c6de0f9600809a,1062930,animations/scalar-recovered/full-source/3521808087/CAB-270fbce06bdaf12b3e9e76c4cd6a257b/1799653042722582171/Avatar_Female_Size02_Remielle_Origin_Ani_Finish_AirState_Front.json
9547f64807751d4b2d3670a57cac8178406ac306d7ad158eece4cd63b4dd6369,313429,animations/scalar-recovered/full-source/3521808087/CAB-270fbce06bdaf12b3e9e76c4cd6a257b/1799653042722582171/acl-database-bulk.bin
ce36a00f2d9f8e4b599b35dbe6d216b36effafae516a300933acbd8c1fdf497e,228592,animations/scalar-recovered/full-source/3521808087/CAB-270fbce06bdaf12b3e9e76c4cd6a257b/1799653042722582171/native-object.raw
2b088729d2cebc422efc89176229e4d36cf1964bed380e5b77b8078a944a64c8,337,animations/scalar-recovered/full-source/3521808087/CAB-270fbce06bdaf12b3e9e76c4cd6a257b/1799653042722582171/streaming-info.json
950313e1147156551a11241f65d1005be556313998ed5f03aafed007c071c2ef,221066,animations/scalar-recovered/full-source/3521808087/CAB-270fbce06bdaf12b3e9e76c4cd6a257b/7267785678366973030/Avatar_Female_Size02_Remielle_Origin_Default_Ani_Finish_AirState_Front.json
0b476480bee825454d5eda269f8083c3c7003395085b33e4c65f3c36d3629804,38404,animations/scalar-recovered/full-source/3521808087/CAB-270fbce06bdaf12b3e9e76c4cd6a257b/7267785678366973030/acl-database-bulk.bin
1208cbfbb3b6643da01106b3e5bdae098fb75a0cc71d88bcfc3c2bb17b17afd1,61212,animations/scalar-recovered/full-source/3521808087/CAB-270fbce06bdaf12b3e9e76c4cd6a257b/7267785678366973030/native-object.raw
e258cf01c18a5a18c27d42f9fdd918dca51ec67eef067b4a89eda67d4eff3dd4,340,animations/scalar-recovered/full-source/3521808087/CAB-270fbce06bdaf12b3e9e76c4cd6a257b/7267785678366973030/streaming-info.json
b0523a1eb38cb43f7c91c60d9a2325d8ed469b09bc4433dc6aca6e280c6e007f,919316,animations/scalar-recovered/full-source/3521808087/CAB-6aab398422cb12cbe802fb1c02420e49/-4729996155582485543/Avatar_Female_Size02_Remielle_Origin_Ani_Move_F_AirFront_Loop.json
47f13d30a95c2ec1447ad4a8f720a68a30ca712852d4f7b342a37194fc7a12dc,123786,animations/scalar-recovered/full-source/3521808087/CAB-6aab398422cb12cbe802fb1c02420e49/-4729996155582485543/acl-database-bulk.bin
a4c4af01dc5e86485b5c73e32c8f7edddc771d7f7ba5783a389c82a9f352a11d,137820,animations/scalar-recovered/full-source/3521808087/CAB-6aab398422cb12cbe802fb1c02420e49/-4729996155582485543/native-object.raw
3bcecbcf9aa2fd5e3a020abaeee2f469b21fbea64f30fd829f2aa357ee3f01c2,337,animations/scalar-recovered/full-source/3521808087/CAB-6aab398422cb12cbe802fb1c02420e49/-4729996155582485543/streaming-info.json
238844bc85265c8bfb55d2889751b9c8890918e97daae1b42d2cb052937758a0,132295,animations/scalar-recovered/full-source/3521808087/CAB-6aab398422cb12cbe802fb1c02420e49/6498660329717323132/Avatar_Female_Size02_Remielle_Origin_Default_Ani_Move_F_AirFront_Loop.json
4544f29e47f8eddd580f43aea18a43d23b4c1b7bcad2cb95b3fc4918a44a38e3,3638,animations/scalar-recovered/full-source/3521808087/CAB-6aab398422cb12cbe802fb1c02420e49/6498660329717323132/acl-database-bulk.bin
5780fc018e7347c3e7150ca70307a3ad55db9825827d858904e069496685c367,17356,animations/scalar-recovered/full-source/3521808087/CAB-6aab398422cb12cbe802fb1c02420e49/6498660329717323132/native-object.raw
14c7f3e0a2405d6151cd2f44c39d164b01cdbc015ac416b83e28bc669075c9b6,339,animations/scalar-recovered/full-source/3521808087/CAB-6aab398422cb12cbe802fb1c02420e49/6498660329717323132/streaming-info.json
149e5b5808fe0433a4ab727a926897275a9978d39a6724ddfd15a5200d642d8f,196371,animations/scalar-recovered/full-source/3521808087/CAB-7fe39a86385a797855268a81a7992c85/-1679622971680602186/Avatar_Female_Size02_Remielle_Origin_Default_Ani_Attack_Burst_Ex_Max01.json
6512ca850acf9279b4f7cffa12165e8c8063c0e56efc1c633df949555ab2cee0,27471,animations/scalar-recovered/full-source/3521808087/CAB-7fe39a86385a797855268a81a7992c85/-1679622971680602186/acl-database-bulk.bin
b1e44f55b6de2957be81eaa093f59b45de2248fe98251e3536f39d834ad80512,42636,animations/scalar-recovered/full-source/3521808087/CAB-7fe39a86385a797855268a81a7992c85/-1679622971680602186/native-object.raw
79a3f6fb07d4f38e4164594b87be466edf7d1c89faa324f04dacf4c7bf7ec8f2,335,animations/scalar-recovered/full-source/3521808087/CAB-7fe39a86385a797855268a81a7992c85/-1679622971680602186/streaming-info.json
fbcdd0a6572b921b02cdd4f2c04c320a7afb90f893721b3460a6fd753b2f9623,959664,animations/scalar-recovered/full-source/3521808087/CAB-7fe39a86385a797855268a81a7992c85/1831964020784875617/Avatar_Female_Size02_Remielle_Origin_Ani_Attack_Burst_Ex_Max01.json
c7c5d5a463994283fcb1f60d8c42bb69340ca9b9e812acea8143f4d732cbff8b,208593,animations/scalar-recovered/full-source/3521808087/CAB-7fe39a86385a797855268a81a7992c85/1831964020784875617/acl-database-bulk.bin
c1cd05650377078f2ec6b3ff48c3f0750f09dea3bfef9afb25cbaccc1a591f17,155040,animations/scalar-recovered/full-source/3521808087/CAB-7fe39a86385a797855268a81a7992c85/1831964020784875617/native-object.raw
05299fe92ccf53c6218f146f9ff111d58e2315ed0d8edd62788bf4e593286511,341,animations/scalar-recovered/full-source/3521808087/CAB-7fe39a86385a797855268a81a7992c85/1831964020784875617/streaming-info.json
c837f0f62da0587be43066b1a83fcf4332eff71acdfdb5c1efa7041ae92b2ef1,193528,animations/scalar-recovered/full-source/3521808087/CAB-8e2d5bcc52165bda45bd205f2cb80332/-1139890803720081707/Avatar_Female_Size02_Remielle_Origin_Default_Ani_Run_Transform_01.json
214c5cfbf3aa48aac7c71c0f275c2d452c4b73a2e47de1f73f9be5b1143d8581,23575,animations/scalar-recovered/full-source/3521808087/CAB-8e2d5bcc52165bda45bd205f2cb80332/-1139890803720081707/acl-database-bulk.bin
51792b6114ddf93ae8f103621a9574a952edfc5d3983cf57682eb214612b733c,40616,animations/scalar-recovered/full-source/3521808087/CAB-8e2d5bcc52165bda45bd205f2cb80332/-1139890803720081707/native-object.raw
1a899529b79e9e9441c2742e423ebd744c4b292daded65028590699780aec7f8,340,animations/scalar-recovered/full-source/3521808087/CAB-8e2d5bcc52165bda45bd205f2cb80332/-1139890803720081707/streaming-info.json
4f27113a219ba4252d71d3491e04c70e18255b5622a173bf99cdbbc48bd92e25,952140,animations/scalar-recovered/full-source/3521808087/CAB-8e2d5bcc52165bda45bd205f2cb80332/-3494025788189807306/Avatar_Female_Size02_Remielle_Origin_Ani_Run_Transform_01.json
757c19f782d067642df75e4b216aeab77e85155bdc2d730b5637b6439b0166ab,187413,animations/scalar-recovered/full-source/3521808087/CAB-8e2d5bcc52165bda45bd205f2cb80332/-3494025788189807306/acl-database-bulk.bin
b53306cf4d6405a40285f7cec5091177a2515cee14119dc41b4ad7bbf36c9796,150392,animations/scalar-recovered/full-source/3521808087/CAB-8e2d5bcc52165bda45bd205f2cb80332/-3494025788189807306/native-object.raw
d3068b41e94cbdda79a8627fe3c00b26029dfed2d6d7430bf469a478450efe82,337,animations/scalar-recovered/full-source/3521808087/CAB-8e2d5bcc52165bda45bd205f2cb80332/-3494025788189807306/streaming-info.json
8b301ed2437d573f9ae4a094ff37e085bece39a1258019d4d4224d21be4d88fd,1047884,animations/scalar-recovered/full-source/3521808087/CAB-d1b52e8e0b797809b9c8e41a0b487813/6060083161734243057/Avatar_Female_Size02_Remielle_Origin_Ani_Hit_H_Back.json
77987383103a2b384b1dc4cedb3b7497be0e53166d31ccb7ec7df45fe2c1519a,275966,animations/scalar-recovered/full-source/3521808087/CAB-d1b52e8e0b797809b9c8e41a0b487813/6060083161734243057/acl-database-bulk.bin
bff9a95fb1ff4da73dc9d878f678460702b01c5097a9440ed66347fd120cb0eb,216776,animations/scalar-recovered/full-source/3521808087/CAB-d1b52e8e0b797809b9c8e41a0b487813/6060083161734243057/native-object.raw
793e68d65dc587e42c2ffcaca54c8636ea113fc0ab95845e20cce1c40379fe30,337,animations/scalar-recovered/full-source/3521808087/CAB-d1b52e8e0b797809b9c8e41a0b487813/6060083161734243057/streaming-info.json
374d9592a1924f49719206133d23fa2c97728d232ab5475ef4adc5e248338172,215581,animations/scalar-recovered/full-source/3521808087/CAB-d1b52e8e0b797809b9c8e41a0b487813/8943849848332171599/Avatar_Female_Size02_Remielle_Origin_Default_Ani_Hit_H_Back.json
6a7e5d3ba0d6281089707a251b53a5f95f24043a7b8369ca621af452820ab62c,34785,animations/scalar-recovered/full-source/3521808087/CAB-d1b52e8e0b797809b9c8e41a0b487813/8943849848332171599/acl-database-bulk.bin
fba8d881de0ce9bf071c69f3feb0eca8c76b524ff4d808d5325e684ca1c5b2ec,56896,animations/scalar-recovered/full-source/3521808087/CAB-d1b52e8e0b797809b9c8e41a0b487813/8943849848332171599/native-object.raw
54bad9169298372d651cfd56493ea53eaa0249d62a631cfd53269191432f34d0,340,animations/scalar-recovered/full-source/3521808087/CAB-d1b52e8e0b797809b9c8e41a0b487813/8943849848332171599/streaming-info.json
d40952e688695e45dfc6f3520c05576a35a5a25111bcbe3069f4478018c9cda5,993418,animations/scalar-recovered/full-source/3521808087/CAB-e35cafd1a72a36b7f16d1b784177f553/5730101738945828718/Avatar_Female_Size02_Remielle_Origin_Ani_Start_AirState_Back.json
b981d67f5980ca931eda4df45fc1696f33fd76bb7bc44cef7ab81401898b8cd3,225433,animations/scalar-recovered/full-source/3521808087/CAB-e35cafd1a72a36b7f16d1b784177f553/5730101738945828718/acl-database-bulk.bin
d8a05a0c9091085a77521531daafdbf098e89a04927a8e13360c3d230ca1c30a,180812,animations/scalar-recovered/full-source/3521808087/CAB-e35cafd1a72a36b7f16d1b784177f553/5730101738945828718/native-object.raw
60d48199fd58b3391503516d0b05db9396c7a7dfebc4a75909bc419a2ab7040b,337,animations/scalar-recovered/full-source/3521808087/CAB-e35cafd1a72a36b7f16d1b784177f553/5730101738945828718/streaming-info.json
cc0ce77ba620545ea0d0c8b0a3e595919f48c5bf94778ddc509e4163d72a8627,201677,animations/scalar-recovered/full-source/3521808087/CAB-e35cafd1a72a36b7f16d1b784177f553/6269544008957221034/Avatar_Female_Size02_Remielle_Origin_Default_Ani_Start_AirState_Back.json
3b6f90787498284cd67bbc16b03aa5b2a867d316115d872b614002c59cd91d9e,26399,animations/scalar-recovered/full-source/3521808087/CAB-e35cafd1a72a36b7f16d1b784177f553/6269544008957221034/acl-database-bulk.bin
360d205363c17e42e9273e2d8d1b01c31940630c7b758802114795acd5eb2c91,46616,animations/scalar-recovered/full-source/3521808087/CAB-e35cafd1a72a36b7f16d1b784177f553/6269544008957221034/native-object.raw
379edbfb14f2280bae2bcee33895c6ec726257e32294a4944f171008266737cb,340,animations/scalar-recovered/full-source/3521808087/CAB-e35cafd1a72a36b7f16d1b784177f553/6269544008957221034/streaming-info.json
1cc2f5f1c4b93442c493b115d72bffa0137c79786c36c8b290add917c2f0f66a,202927,animations/scalar-recovered/full-source/3521808087/CAB-ee2e548c5baaf184c07c906e30997663/-7040252628727283879/Avatar_Female_Size02_Remielle_Origin_Default_Ani_Idle_Loop.json
58ba29471c670a9d8f81db65e41d38b8a31e30be33d6dc36a8979e7d7bf38eaf,32965,animations/scalar-recovered/full-source/3521808087/CAB-ee2e548c5baaf184c07c906e30997663/-7040252628727283879/acl-database-bulk.bin
409bb8962971b41704d635125876cf73c90b73d8ba993166fc9ae4bf09e143c1,47728,animations/scalar-recovered/full-source/3521808087/CAB-ee2e548c5baaf184c07c906e30997663/-7040252628727283879/native-object.raw
ca2f1bd95aac29e8cfab2df018f88e9c8eb3111433768bee13152680daa4ec8b,335,animations/scalar-recovered/full-source/3521808087/CAB-ee2e548c5baaf184c07c906e30997663/-7040252628727283879/streaming-info.json
13cfdacaa22b23652b420f88a086abf048d3618e022077a2db93b2458cc9c75d,994957,animations/scalar-recovered/full-source/3521808087/CAB-ee2e548c5baaf184c07c906e30997663/3561100767826961103/Avatar_Female_Size02_Remielle_Origin_Ani_Idle_Loop.json
81eaf0da0f47bada8b416af04426ec0677d40c9af2f6779a63a54bfe0b22526b,254159,animations/scalar-recovered/full-source/3521808087/CAB-ee2e548c5baaf184c07c906e30997663/3561100767826961103/acl-database-bulk.bin
0ebfd4a9d1248446defaf637735e41a04ebdfdd79b2a9d68895dde79d432345e,181628,animations/scalar-recovered/full-source/3521808087/CAB-ee2e548c5baaf184c07c906e30997663/3561100767826961103/native-object.raw
60cbf21a493f0c81ae022bfecf8cfc8420d6496293b96de35ceab4a4e302c405,341,animations/scalar-recovered/full-source/3521808087/CAB-ee2e548c5baaf184c07c906e30997663/3561100767826961103/streaming-info.json
52b16069f2430fb6d783d703d0d2fd0e8bc8852e22c87cc64b1f91d193420516,215199,animations/scalar-recovered/full-source/3521808087/CAB-f7a7f8a4f87a50c83bacc29cbc8ad1d2/-8650145990099258091/Avatar_Female_Size02_Remielle_Origin_Default_Ani_SwitchIn_Attack_Ex_Start.json
70af30b8b35c04bd0d8bd5b6be9ae3f3f748237f5f97d7d1af7185afe0be971d,45433,animations/scalar-recovered/full-source/3521808087/CAB-f7a7f8a4f87a50c83bacc29cbc8ad1d2/-8650145990099258091/acl-database-bulk.bin
be4657f3acc8e6685a00bd8f2432136c1266fad8cc76a48e921f92829593f246,56832,animations/scalar-recovered/full-source/3521808087/CAB-f7a7f8a4f87a50c83bacc29cbc8ad1d2/-8650145990099258091/native-object.raw
d83185676aee87556550f729954ec240b72e5072df1b82dcf8ca1eecdaad704b,335,animations/scalar-recovered/full-source/3521808087/CAB-f7a7f8a4f87a50c83bacc29cbc8ad1d2/-8650145990099258091/streaming-info.json
097668292bca0813dfdd12f14fb8ee96f01a00da768b423440ec7adc4c6dda6e,1034386,animations/scalar-recovered/full-source/3521808087/CAB-f7a7f8a4f87a50c83bacc29cbc8ad1d2/2849974368812954210/Avatar_Female_Size02_Remielle_Origin_Ani_SwitchIn_Attack_Ex_Start.json
1f04e909d7cfdbdba4e727b788f4763f9168659f3ad6283710083d5647b3e7cc,359841,animations/scalar-recovered/full-source/3521808087/CAB-f7a7f8a4f87a50c83bacc29cbc8ad1d2/2849974368812954210/acl-database-bulk.bin
0bc5808cc450168c62e1e29efe6982c89df550cd1bba2130fe85e3987dd775dd,207468,animations/scalar-recovered/full-source/3521808087/CAB-f7a7f8a4f87a50c83bacc29cbc8ad1d2/2849974368812954210/native-object.raw
293d0c738aef40ce2c597a9c3788946c137e8aceae287c0d0498a3c70e981103,341,animations/scalar-recovered/full-source/3521808087/CAB-f7a7f8a4f87a50c83bacc29cbc8ad1d2/2849974368812954210/streaming-info.json
fac6e6b328b4565d7c121e0e706e672079aca7edcf55a78df9ae35431681bcdb,22147,animations/scalar-recovered/full-source/3684114180/CAB-32be8d976e85476aabe71298156d824d/1993312827335343537/Eff_RemielleOrigin_Attack_Burst_Ex_Max_01_04_Trail.json
6a1c7ce9e6e699206a434571c26fa00376c7d77894a587ca83a35ffa67cf951b,2776,animations/scalar-recovered/full-source/3684114180/CAB-32be8d976e85476aabe71298156d824d/1993312827335343537/native-object.raw
32e60c11231645f9a35c7d3825303bc7bd60243bea444c7e27c2a89f8f44a802,73670,animations/scalar-recovered/full-source/3684114180/CAB-3d1b28c6a239c8a7b5fc728975bf5feb/8532985103770043957/Eff_RemielleOrigin_Attack_Burst_Ex_01_05_Trail.json
5aa3b0e5535318b63747c337d84082d86b1954a4dddede7faebd0c53c1a67b98,7552,animations/scalar-recovered/full-source/3684114180/CAB-3d1b28c6a239c8a7b5fc728975bf5feb/8532985103770043957/native-object.raw
686f438d4645421d62fc2e921f27aae4486e7f963f0be1879462e8ed0bfbd691,57183,animations/scalar-recovered/full-source/3684114180/CAB-4c23dcdeb7b70382d4dcd3873eb114fb/-57424972924323598/Eff_RemielleOrigin_Attack_Burst_01_01_Trail.json
e8de46f42d21e7b59477caa889d5d459f7ed18f678eb3e5ace5f4c238be1dcbe,6156,animations/scalar-recovered/full-source/3684114180/CAB-4c23dcdeb7b70382d4dcd3873eb114fb/-57424972924323598/native-object.raw
3519a59e4c4fad8a13a40214906c8299f813b936cc14e8ec86da69cb814766f8,27518,animations/scalar-recovered/full-source/3684114180/CAB-69df105df5c4f5d8fc046241d532031e/2065700709048511542/Eff_RemielleOrigin_Attack_Burst_01_03_Trail.json
15ece847c362fce26bbd5e23f9ae3e11e9e0f2c311f77c32f239dfc9c05694ad,3304,animations/scalar-recovered/full-source/3684114180/CAB-69df105df5c4f5d8fc046241d532031e/2065700709048511542/native-object.raw
667b5ac9609c52a9535fcc7b4bb601f33868222f70cf742515c8422d59f4986a,13473,animations/scalar-recovered/full-source/3684114180/CAB-6c70c6a331e0588ffc49ea160426ed3e/2084628002586241414/Eff_RemielleOrigin_Attack_Burst_Ex_Max_01_03_Trail.json
45f903ff63d27bc2caaea2c406a6ccfc9be00511a4c6417839da6b96aba6ff6b,1904,animations/scalar-recovered/full-source/3684114180/CAB-6c70c6a331e0588ffc49ea160426ed3e/2084628002586241414/native-object.raw
c684c2cb977a04e054fc5d4bc72075c92c1f11e6cebaa0d11c3be62a212a7efe,129314,animations/scalar-recovered/full-source/3684114180/CAB-6cdffc4c26968f416951963f7ce4d14a/-8756282143680380827/Eff_RemielleOrigin_Attack_Burst_01_02_Trail.json
7b9bfb3fc063b9c5536819b4fceed5968a04a5f58c3af32c3c7290e2b8c6e176,13068,animations/scalar-recovered/full-source/3684114180/CAB-6cdffc4c26968f416951963f7ce4d14a/-8756282143680380827/native-object.raw
b0b8c335464622af571e76419b81cd65917388a882faaf87650eae415c812b10,13465,animations/scalar-recovered/full-source/3684114180/CAB-6df334efb969fb68d3f5acd392959972/8644535845528444542/Eff_RemielleOrigin_Attack_Burst_Ex_02_11_Trail.json
811e71eb2f78f7e6985c52ca29095a5748a2f985feb3c4c4d4ff816707a71bf8,1900,animations/scalar-recovered/full-source/3684114180/CAB-6df334efb969fb68d3f5acd392959972/8644535845528444542/native-object.raw
5151fcd702eb29498ef03056eeb6f599596a5ae41a00c97dd111d2208709ae07,19940,animations/scalar-recovered/full-source/3684114180/CAB-806205c93ae748ea5787297080cee6a4/-8793696663916723418/Eff_RemielleOrigin_Attack_AirState_Front_01_Trail.json
71858ea46be5cf32c1a76a0f8c040ba4ca124c033843bee10af8315dfd75eaf3,2564,animations/scalar-recovered/full-source/3684114180/CAB-806205c93ae748ea5787297080cee6a4/-8793696663916723418/native-object.raw
bfc269e7c90d91df5e7aeccfaaaa09b4b8e812489b67aff00c09c6217c35382a,24163,animations/scalar-recovered/full-source/3684114180/CAB-8b76b57acef0fe4b111b65fe70bfc85a/-7850479730412562943/Eff_RemielleOrigin_Attack_Burst_Ex_Max_01_10_Trail.json
99c059ddd3e9af5adf1f923d628f462d2075937a614af054b0d20a5e7bc33efb,3040,animations/scalar-recovered/full-source/3684114180/CAB-8b76b57acef0fe4b111b65fe70bfc85a/-7850479730412562943/native-object.raw
c785bd0f8b257b0b44be9e7da74d866d8559f512549978829897e12620c7d175,103887,animations/scalar-recovered/full-source/3684114180/CAB-bcbcca4e0eac2363917f55ccc5c0e4c0/-8249970154498540806/Eff_RemielleOrigin_Attack_Burst_Ex_Max_01_08_Trail.json
405d14ced4e7fac8f7ffc2c6f6eba2d33d6c0b8b51d4e88d99d38428659e3de1,10396,animations/scalar-recovered/full-source/3684114180/CAB-bcbcca4e0eac2363917f55ccc5c0e4c0/-8249970154498540806/native-object.raw
1873a251f800384f565ac23436675bb126115b879d8795f94da99220a820989d,17277,animations/scalar-recovered/full-source/3684114180/CAB-cef66adceab7764284a358deec9e4823/-4092313400316802226/Eff_RemielleOrigin_Attack_AssaultAid_01_Trail.json
1d4d805dfc3dc4b682ae0805bf804ccbce4699eefc9b11f8afc22243c9ee9f89,2268,animations/scalar-recovered/full-source/3684114180/CAB-cef66adceab7764284a358deec9e4823/-4092313400316802226/native-object.raw
def90681d53c2e27becf2a8cc10c504ac171b643c00d404393ec65cb471ec9b2,91919,animations/scalar-recovered/full-source/3684114180/CAB-d47dea1218d6c225c9a95e025020303e/1924187739843157035/Eff_RemielleOrigin_Attack_Burst_Ex_Max_01_09_Light.json
8acd2cbdf31b5a7ce83eda02e571e482b359078ff845a6b6197bd5a7ceee6115,8760,animations/scalar-recovered/full-source/3684114180/CAB-d47dea1218d6c225c9a95e025020303e/1924187739843157035/native-object.raw
0edc2adcca7765218ae020c5b1785daee8d62cd136b3dda82721fc033a6f4af6,15077,animations/scalar-recovered/full-source/3684114180/CAB-eb8b5652e51ea88ea21103265584ab33/755122686809888109/Eff_RemielleOrigin_Attack_Burst_Ex_02_01_Trail.json
5723ce64237d771855da162d224bc5daee66be6a65550b5d60a164925b9173a5,2068,animations/scalar-recovered/full-source/3684114180/CAB-eb8b5652e51ea88ea21103265584ab33/755122686809888109/native-object.raw
608ae8d7da2cdad2ffe5dc923e78d0c54ebd9c9b826f56e767c6c0562a5ac0e2,48266,animations/scalar-recovered/full-source/3684114180/CAB-f1463bc4452f07df5a4db23e41eff8a9/5362489957480154463/Eff_RemielleOrigin_Attack_Burst_Ex_01_03_Trail.json
1eb801887c96b3b10fe663db053180b752c84ee7658054100992166f8fd8a5bd,5196,animations/scalar-recovered/full-source/3684114180/CAB-f1463bc4452f07df5a4db23e41eff8a9/5362489957480154463/native-object.raw
31ecbe8b13db4431f8c7b54f16909090c6b8f3ab4ac68d312bb5fcd02ce1e378,134007,animations/scalar-recovered/full-source/3684114180/CAB-fd281f5350af1bd3a292ac38eb4b92b5/6784347838717105871/Eff_RemielleOrigin_Attack_AssaultAid_02_Trail.json
e92f7ee08ee2cf934416ef0802ba9224a1b84bc81cc787e31f26ec568d338b28,13304,animations/scalar-recovered/full-source/3684114180/CAB-fd281f5350af1bd3a292ac38eb4b92b5/6784347838717105871/native-object.raw
29db72774c18a25f37759233ba9f756e452af9dccffa395b080230a73fbff1d3,227237,animations/scalar-recovered/full-source/3897234846/CAB-00bad65b825d69c2507581fac21c8a3f/-1123765274722474461/Avatar_Female_Size02_Remielle_Origin_Default_Ani_MC_TurnAround_R.json
64c1f2f19394996939342877371a870ca30760146376f9bff0ed9fea19d26e45,52044,animations/scalar-recovered/full-source/3897234846/CAB-00bad65b825d69c2507581fac21c8a3f/-1123765274722474461/acl-database-bulk.bin
12e190b296bb29ccae352499467b0ce5d766bfb8050cdf4aab2a346c1bca934f,65652,animations/scalar-recovered/full-source/3897234846/CAB-00bad65b825d69c2507581fac21c8a3f/-1123765274722474461/native-object.raw
6cc11d9b68d8a418048982f9a2546745a483f0afe7c7e6b618b9190722b3b982,340,animations/scalar-recovered/full-source/3897234846/CAB-00bad65b825d69c2507581fac21c8a3f/-1123765274722474461/streaming-info.json
c0d57862f7ce860d46ed104316dced49baddc941cbc442483e83990523505cf7,985619,animations/scalar-recovered/full-source/3897234846/CAB-00bad65b825d69c2507581fac21c8a3f/-1424511823083596682/Avatar_Female_Size02_Remielle_Origin_Ani_MC_TurnAround_R.json
e6b8458f733db61d52f074c1ccacf03be466454410d34e060bd145d4b55b2ae2,263000,animations/scalar-recovered/full-source/3897234846/CAB-00bad65b825d69c2507581fac21c8a3f/-1424511823083596682/acl-database-bulk.bin
2be915fccd4ba960fcb779c84099c783583bfdde056a299cace512ccaf324b0e,174816,animations/scalar-recovered/full-source/3897234846/CAB-00bad65b825d69c2507581fac21c8a3f/-1424511823083596682/native-object.raw
94f50670b4ef347a8bef49cc9d85c458b3f304f45357c2ea396e3f0682cdbf80,337,animations/scalar-recovered/full-source/3897234846/CAB-00bad65b825d69c2507581fac21c8a3f/-1424511823083596682/streaming-info.json
c91ef15b87ce0f477c17225661018e71bd5ebbbd06f1020fddfb5336ba5c7376,187366,animations/scalar-recovered/full-source/3897234846/CAB-014ed2210669c96321e970ccf568fdca/2636936515433909596/Avatar_Female_Size02_Remielle_Origin_Default_Ani_MC_Run_TurnBack.json
5316f5dfdb88e6adec122e6d7256a5a7a5bc470433fd9966bfb7772b8f5914f0,21847,animations/scalar-recovered/full-source/3897234846/CAB-014ed2210669c96321e970ccf568fdca/2636936515433909596/acl-database-bulk.bin
cf990592116a519c0ed4862dfdc78298230eece6654d46f17bb324c7999a7c6f,35940,animations/scalar-recovered/full-source/3897234846/CAB-014ed2210669c96321e970ccf568fdca/2636936515433909596/native-object.raw
45a86cae76ea617052e628c33058848840c9a6ac454bc8cd9a2bab7b73012fe2,335,animations/scalar-recovered/full-source/3897234846/CAB-014ed2210669c96321e970ccf568fdca/2636936515433909596/streaming-info.json
4944380bca118bb163345d6f439c324079aba81ec17baacbf03ff0882d20300b,921117,animations/scalar-recovered/full-source/3897234846/CAB-014ed2210669c96321e970ccf568fdca/5939319901927034172/Avatar_Female_Size02_Remielle_Origin_Ani_MC_Run_TurnBack.json
2705561bf08f304b1c6f8d79ec7a080ce1c9fc955d1709aa67a015f314c00510,144941,animations/scalar-recovered/full-source/3897234846/CAB-014ed2210669c96321e970ccf568fdca/5939319901927034172/acl-database-bulk.bin
57d2916d765378309f7dbffd9e9e0c7d1c02933543a73088af4d0de77460c678,126576,animations/scalar-recovered/full-source/3897234846/CAB-014ed2210669c96321e970ccf568fdca/5939319901927034172/native-object.raw
1b44819b5d43e0a6017a3f85370b20e40edde66f044f9568d26f7378d8492e56,341,animations/scalar-recovered/full-source/3897234846/CAB-014ed2210669c96321e970ccf568fdca/5939319901927034172/streaming-info.json
fb5eb3a550493263394a8966a22f16a2d652f64673feef7bfe82ad33ad11bc80,214372,animations/scalar-recovered/full-source/3897234846/CAB-22cdc4f9381774c37ea51d89d49f9f6b/-4343067724661485341/Avatar_Female_Size02_Remielle_Origin_Default_Ani_MC_Walk_End_L.json
21d9ab704a23eed529271034c4111a0bff118ebba91724c0f4aff39c3a2157f7,37061,animations/scalar-recovered/full-source/3897234846/CAB-22cdc4f9381774c37ea51d89d49f9f6b/-4343067724661485341/acl-database-bulk.bin
9a2b45de8df776e5fa3c47ce1f3965b99ad6c82e93a5badd30c71b39285b6d78,55732,animations/scalar-recovered/full-source/3897234846/CAB-22cdc4f9381774c37ea51d89d49f9f6b/-4343067724661485341/native-object.raw
8e58431b998973f5179466b559f14c83043bd579c5e2fffb6e108d3db833eb94,335,animations/scalar-recovered/full-source/3897234846/CAB-22cdc4f9381774c37ea51d89d49f9f6b/-4343067724661485341/streaming-info.json
356ed38cb5f6ad45ebfcf1bf1d20763df5258c22247e7010a4aec1392a067aed,977845,animations/scalar-recovered/full-source/3897234846/CAB-22cdc4f9381774c37ea51d89d49f9f6b/916858236484560991/Avatar_Female_Size02_Remielle_Origin_Ani_MC_Walk_End_L.json
a74935028a51c28b4ecf6901ef8ae70454368b0a401d9f8a8f4e5aa63eccb06f,264202,animations/scalar-recovered/full-source/3897234846/CAB-22cdc4f9381774c37ea51d89d49f9f6b/916858236484560991/acl-database-bulk.bin
66d0fc271f12601b76d950b073ededb8d0cfd4fbe71e22d1dfdb9420b407c529,169232,animations/scalar-recovered/full-source/3897234846/CAB-22cdc4f9381774c37ea51d89d49f9f6b/916858236484560991/native-object.raw
a8c8993b25615dc72ca0ad094c3bd5f780140df296c941a35e220d21175df477,341,animations/scalar-recovered/full-source/3897234846/CAB-22cdc4f9381774c37ea51d89d49f9f6b/916858236484560991/streaming-info.json
751e6d5d1fb75874ad62d685a70ec58abe17c00e93aaba642ff991f089e7b2e2,994317,animations/scalar-recovered/full-source/3897234846/CAB-5a8713e36cf9403c7f563779ca7e4880/-808183829747996247/Avatar_Female_Size02_Remielle_Origin_Ani_MC_Run_End_L.json
fa487c96cc82e2d7d4c4384915785ca5d2f5c4661b9272f5e8727bd55141be09,293895,animations/scalar-recovered/full-source/3897234846/CAB-5a8713e36cf9403c7f563779ca7e4880/-808183829747996247/acl-database-bulk.bin
ee115ea5e10c6d44e359962cefd9127d8100cf3b11ed48f85f25fe4873cb38c8,181092,animations/scalar-recovered/full-source/3897234846/CAB-5a8713e36cf9403c7f563779ca7e4880/-808183829747996247/native-object.raw
5e0823f747a325ef3f800f9f4e45b5cecd3e719a6c77879f4c679cbae3c49882,337,animations/scalar-recovered/full-source/3897234846/CAB-5a8713e36cf9403c7f563779ca7e4880/-808183829747996247/streaming-info.json
501297a14bbc466330c40f83b73ecdfbd583b657f9ce08de5b93fb953ca08674,219450,animations/scalar-recovered/full-source/3897234846/CAB-5a8713e36cf9403c7f563779ca7e4880/8531185833849127186/Avatar_Female_Size02_Remielle_Origin_Default_Ani_MC_Run_End_L.json
320493cbf643405b0e94810e99e526a189ac7619827c8156142867dd5c9e9313,40984,animations/scalar-recovered/full-source/3897234846/CAB-5a8713e36cf9403c7f563779ca7e4880/8531185833849127186/acl-database-bulk.bin
bf8e0fb895c14066c0cc2afce1981c190676881f74c6dbaede02ca4ce8ae286d,60004,animations/scalar-recovered/full-source/3897234846/CAB-5a8713e36cf9403c7f563779ca7e4880/8531185833849127186/native-object.raw
7b5facd3a897c7a3df475c447f2954a59b3847a60eb70d65a2a8d32d39121923,340,animations/scalar-recovered/full-source/3897234846/CAB-5a8713e36cf9403c7f563779ca7e4880/8531185833849127186/streaming-info.json
98e6acc80a3a4cf3e10ff4bd2298293f080b7822ccd7eff4e2e323b2170adc8b,877191,animations/scalar-recovered/full-source/3897234846/CAB-77cc6dc8396de31b951456b5a60ca2a5/-2147687977520797852/Avatar_Female_Size02_Remielle_Origin_Ani_MC_Run_Loop.json
87fc94f20a76446843217e874b322ca878ade545a03c3a526f44d822d8c2c73a,68749,animations/scalar-recovered/full-source/3897234846/CAB-77cc6dc8396de31b951456b5a60ca2a5/-2147687977520797852/acl-database-bulk.bin
ceee72652446f25d1fbf66af8dd903afe657df91c63d1a279cf10d7c709a1775,95624,animations/scalar-recovered/full-source/3897234846/CAB-77cc6dc8396de31b951456b5a60ca2a5/-2147687977520797852/native-object.raw
cb7f33195afc82e65190ec8bd3ea112319f192b98000910f71430ca39a050c48,338,animations/scalar-recovered/full-source/3897234846/CAB-77cc6dc8396de31b951456b5a60ca2a5/-2147687977520797852/streaming-info.json
7f8d951445e666d7f75fd363b3c6381c9ccb1ac862ad48f21efba5c5e1656660,172014,animations/scalar-recovered/full-source/3897234846/CAB-77cc6dc8396de31b951456b5a60ca2a5/-7671936509857743815/Avatar_Female_Size02_Remielle_Origin_Default_Ani_MC_Run_Loop.json
68427734fa4b6a0246b985d9489f5285b8ed549e86baf819348379255f1b180b,9940,animations/scalar-recovered/full-source/3897234846/CAB-77cc6dc8396de31b951456b5a60ca2a5/-7671936509857743815/acl-database-bulk.bin
dfd0794e6adc6bd19f65380d55c89e3e0a0ef5875141cb47fd197b9fdf23dd2b,24496,animations/scalar-recovered/full-source/3897234846/CAB-77cc6dc8396de31b951456b5a60ca2a5/-7671936509857743815/native-object.raw
26f6856c5763c23c68c7c5fea0acccb901ab12df2f6b7704622cb8db6b2473ef,334,animations/scalar-recovered/full-source/3897234846/CAB-77cc6dc8396de31b951456b5a60ca2a5/-7671936509857743815/streaming-info.json
9c2257ab77578dbf3d8fa523fb97d64c60836d6a1c34430fcee638e8c633d637,959594,animations/scalar-recovered/full-source/3897234846/CAB-81d751f71c65d9c353b761796b0723e2/-932027842686652035/Avatar_Female_Size02_Remielle_Origin_Ani_MC_Idle_Loop.json
649ab510b10898235026cc127a5b980ed6cf4a78e45415dce48552ea479f32ea,223934,animations/scalar-recovered/full-source/3897234846/CAB-81d751f71c65d9c353b761796b0723e2/-932027842686652035/acl-database-bulk.bin
39a520c79c8beea69b19e766e9369540cd3adce7e0898e15c0f11916ece511dd,157920,animations/scalar-recovered/full-source/3897234846/CAB-81d751f71c65d9c353b761796b0723e2/-932027842686652035/native-object.raw
63a554b5dc269f121b92fe271e361e8e94d3f3297b211c093de9b0175d4e809c,337,animations/scalar-recovered/full-source/3897234846/CAB-81d751f71c65d9c353b761796b0723e2/-932027842686652035/streaming-info.json
e6dd6977b6b9a216adbd4a69f99de9b373610c4334cab062342cb30171e6cd5b,198101,animations/scalar-recovered/full-source/3897234846/CAB-81d751f71c65d9c353b761796b0723e2/6925485287618988718/Avatar_Female_Size02_Remielle_Origin_Default_Ani_MC_Idle_Loop.json
c2ef6dc22b6d098a3a5baa7332fffac34f4bae1daa17c29062581bc869e718a6,30138,animations/scalar-recovered/full-source/3897234846/CAB-81d751f71c65d9c353b761796b0723e2/6925485287618988718/acl-database-bulk.bin
e0412ba70b95d8904afcf50c6c1c76a8a23462377e6ddc061906c4afb67cdc07,44084,animations/scalar-recovered/full-source/3897234846/CAB-81d751f71c65d9c353b761796b0723e2/6925485287618988718/native-object.raw
418112d937ec46d7aba02ee294ad80bcc874ef393d649b968e4a66c4aa3d8c8a,340,animations/scalar-recovered/full-source/3897234846/CAB-81d751f71c65d9c353b761796b0723e2/6925485287618988718/streaming-info.json
d974e83df022f561240c1e2b2daf01b3c43859c5cc0d53a5bbb230d1d1c44bd8,232180,animations/scalar-recovered/full-source/3897234846/CAB-83c6c76b27594a3a385257ac1c50925f/-7700514023790614926/Avatar_Female_Size02_Remielle_Origin_Default_Ani_MC_Walk_End_02_L.json
dcf45ed918b2cedb7014c2d5fb26d546d9a474799c97a636494490ab9769d0b3,50363,animations/scalar-recovered/full-source/3897234846/CAB-83c6c76b27594a3a385257ac1c50925f/-7700514023790614926/acl-database-bulk.bin
0ab76d4875dc70547501dab86d49b57b9028bb00fa6994948406bc367e39fd93,69320,animations/scalar-recovered/full-source/3897234846/CAB-83c6c76b27594a3a385257ac1c50925f/-7700514023790614926/native-object.raw
516af3bc78eabe1d9a9b5414c33bf7a27216946e870d04858ea8f7e1622ebca8,340,animations/scalar-recovered/full-source/3897234846/CAB-83c6c76b27594a3a385257ac1c50925f/-7700514023790614926/streaming-info.json
e39425778e5661edf1fa5d7d93e9db939bba9af5f8b37df229f33431fc340145,1014736,animations/scalar-recovered/full-source/3897234846/CAB-83c6c76b27594a3a385257ac1c50925f/-7718419266596640610/Avatar_Female_Size02_Remielle_Origin_Ani_MC_Walk_End_02_L.json
b741299dad518efc35c153e3186ed23672e4da73c943b4269e534b2c3a299add,341353,animations/scalar-recovered/full-source/3897234846/CAB-83c6c76b27594a3a385257ac1c50925f/-7718419266596640610/acl-database-bulk.bin
3556790515f623ce0ea0f15c78bf177fddf69c6b82c746bc729c082da25df563,196488,animations/scalar-recovered/full-source/3897234846/CAB-83c6c76b27594a3a385257ac1c50925f/-7718419266596640610/native-object.raw
43a6efe89170918cd8c9d419e656d97c80e9a8a17799e2afc984c343f730690b,337,animations/scalar-recovered/full-source/3897234846/CAB-83c6c76b27594a3a385257ac1c50925f/-7718419266596640610/streaming-info.json
ff02170ea5d7d08eec77c18ab8a1eb7d7d0ebd6c51e51ed06d55c956ec0063fc,945831,animations/scalar-recovered/full-source/3897234846/CAB-ddf3d681a79f9f93daff2e13fbf3a5b7/-7753903034760924689/Avatar_Female_Size02_Remielle_Origin_Ani_MC_Walk_Start.json
600486e3b14c1a22344c9b08c185f6e7bb6ac8ca788ff13953cd2dc8f77c39be,191686,animations/scalar-recovered/full-source/3897234846/CAB-ddf3d681a79f9f93daff2e13fbf3a5b7/-7753903034760924689/acl-database-bulk.bin
5fa08be6434f98b0879293ae611038bfb86c1b5c863f941bea0dfc5e222d1891,145372,animations/scalar-recovered/full-source/3897234846/CAB-ddf3d681a79f9f93daff2e13fbf3a5b7/-7753903034760924689/native-object.raw
f9ecc9ff346c5777948a0a1d62b5c9bc6d12f3cc77f87496dc2059342c27d66a,341,animations/scalar-recovered/full-source/3897234846/CAB-ddf3d681a79f9f93daff2e13fbf3a5b7/-7753903034760924689/streaming-info.json
aa7fcdea538f9b8a923aca59d6b2c1ed6b743cde0c56546c3128fdc479336f32,197861,animations/scalar-recovered/full-source/3897234846/CAB-ddf3d681a79f9f93daff2e13fbf3a5b7/-9147951519380201305/Avatar_Female_Size02_Remielle_Origin_Default_Ani_MC_Walk_Start.json
fa2b82c0308eac059c0d0edacedcb19423f7078cd95312beef7b3874baa7edb8,30527,animations/scalar-recovered/full-source/3897234846/CAB-ddf3d681a79f9f93daff2e13fbf3a5b7/-9147951519380201305/acl-database-bulk.bin
fa722882517930825c0e30c70e00baaac2babe0c7084e11a27ea12c3ae5d9536,43780,animations/scalar-recovered/full-source/3897234846/CAB-ddf3d681a79f9f93daff2e13fbf3a5b7/-9147951519380201305/native-object.raw
3f11a373fddd49c0f9834a6e7bf04d8ff0aae5eed03282b0afd20c4fa14d42bf,335,animations/scalar-recovered/full-source/3897234846/CAB-ddf3d681a79f9f93daff2e13fbf3a5b7/-9147951519380201305/streaming-info.json
ff8ac9a05a877e7d5954a62faccfc4fdb358648cc2d10b5fa3a0e1a8c4fe8556,878940,animations/scalar-recovered/full-source/3897234846/CAB-e63610f3a888364f2c4b60b184b5c06b/203974070185607223/Avatar_Female_Size02_Remielle_Origin_Ani_MC_Sprint_Loop.json
1b837e3abbad353d80dff516083724162bc79ee12a927f2e21ac7800ced27762,64904,animations/scalar-recovered/full-source/3897234846/CAB-e63610f3a888364f2c4b60b184b5c06b/203974070185607223/acl-database-bulk.bin
456508e292e993475a0468edc3621805682d193c9ef0579cb468d4c051a0393e,96600,animations/scalar-recovered/full-source/3897234846/CAB-e63610f3a888364f2c4b60b184b5c06b/203974070185607223/native-object.raw
3f8a2027a77964af6d7cc52cc5909a4985d2773fa7d1b64fa99bb79511caaf49,335,animations/scalar-recovered/full-source/3897234846/CAB-e63610f3a888364f2c4b60b184b5c06b/203974070185607223/streaming-info.json
b60c536817dafb46870b59c67780a11839bff02b2a4f3e4693fc3afc77a30507,171169,animations/scalar-recovered/full-source/3897234846/CAB-e63610f3a888364f2c4b60b184b5c06b/6568286455611578770/Avatar_Female_Size02_Remielle_Origin_Default_Ani_MC_Sprint_Loop.json
b9b5037a6353fd90d4f0c196fd237f42e4334daf2828b81402b79af7acaf4777,9403,animations/scalar-recovered/full-source/3897234846/CAB-e63610f3a888364f2c4b60b184b5c06b/6568286455611578770/acl-database-bulk.bin
83e94462d2153ab9be089563566bc4e63638015a2c57d8369264feb0893ed5b4,23892,animations/scalar-recovered/full-source/3897234846/CAB-e63610f3a888364f2c4b60b184b5c06b/6568286455611578770/native-object.raw
e828b566a085213209cf3c5daa7d2bf029956df4616f42845e9e163358f38303,338,animations/scalar-recovered/full-source/3897234846/CAB-e63610f3a888364f2c4b60b184b5c06b/6568286455611578770/streaming-info.json
86f8889f185caa239380569fb4bf2fd118969941b0159700f5dd46cb8d566177,1004177,animations/scalar-recovered/full-source/3897234846/CAB-f34adaf7a4ec2ecc82c73e0b06846837/6475800026644941160/Avatar_Female_Size02_Remielle_Origin_Ani_MC_Walk_End_02_R.json
bd419c737c36d00f2c2d03caf67c69ccf24691685a7be37f54e97847d117d5a8,306532,animations/scalar-recovered/full-source/3897234846/CAB-f34adaf7a4ec2ecc82c73e0b06846837/6475800026644941160/acl-database-bulk.bin
698160afb9d89d9893e916a719fdbb467b467f135caa0f8c17c8594e48fee162,188328,animations/scalar-recovered/full-source/3897234846/CAB-f34adaf7a4ec2ecc82c73e0b06846837/6475800026644941160/native-object.raw
6063ebb15c577b64b5b6f74b2dca82a60910a61d933af240020e06ea98c7a8a8,337,animations/scalar-recovered/full-source/3897234846/CAB-f34adaf7a4ec2ecc82c73e0b06846837/6475800026644941160/streaming-info.json
669ff0ebee43660e077f1f2e715c674d0ba43e90242fe686b6af005df9dd31af,221159,animations/scalar-recovered/full-source/3897234846/CAB-f34adaf7a4ec2ecc82c73e0b06846837/6486359966804659612/Avatar_Female_Size02_Remielle_Origin_Default_Ani_MC_Walk_End_02_R.json
e7c2876b8d28552e409a150321ce26a428d8c887322ce9b2316919772796a36e,43889,animations/scalar-recovered/full-source/3897234846/CAB-f34adaf7a4ec2ecc82c73e0b06846837/6486359966804659612/acl-database-bulk.bin
b2289299c0538fef034a9481094ae1f65c9f801e439a88b63677a32ca915614e,61272,animations/scalar-recovered/full-source/3897234846/CAB-f34adaf7a4ec2ecc82c73e0b06846837/6486359966804659612/native-object.raw
be5bb5c49292e773b0c3fb5ad2a0424c993438bb1261ca99bfe3ac59ec81c037,340,animations/scalar-recovered/full-source/3897234846/CAB-f34adaf7a4ec2ecc82c73e0b06846837/6486359966804659612/streaming-info.json
5f58db14a9934e62784e28fcc006fd18e9b1c7679d0e38e02144747e05ed119e,1217048,animations/scalar-recovered/full-source/3933241010/CAB-49d06079338c0071909bfb82a3189e3d/-7005642826011342594/Avatar_Female_Size02_Remielle_Origin_Ani_AC_Floater_RotateToFront.json
6b5f51043e55475012bccda55b079bdd9d30c724b20f9182c38b5bbd34e02cd1,2922,animations/scalar-recovered/full-source/3933241010/CAB-49d06079338c0071909bfb82a3189e3d/-7005642826011342594/acl-database-bulk.bin
638e6dafb7a223acb1a1fbac1c6e933e93316495c4b30e8cbaf8d188d9df3a88,110972,animations/scalar-recovered/full-source/3933241010/CAB-49d06079338c0071909bfb82a3189e3d/-7005642826011342594/native-object.raw
1531793ddf5a1b21739c149160a115583ba201ba825c94a04134bc6b4cdc6505,335,animations/scalar-recovered/full-source/3933241010/CAB-49d06079338c0071909bfb82a3189e3d/-7005642826011342594/streaming-info.json
af54ebdaaffd8ccc8dcde11866fb7677a35ddec3775249c203bf0ccb59514029,1217935,animations/scalar-recovered/full-source/3933241010/CAB-5f8656098d9a9fd7761fada5cc310302/-2160103625833557243/Avatar_Female_Size02_Remielle_Origin_Ani_AC_Floater_Idle_Loop.json
cedc86c32119cc33737627c662ae429c05c8c9d6da35c8137351d3fd76863d01,2911,animations/scalar-recovered/full-source/3933241010/CAB-5f8656098d9a9fd7761fada5cc310302/-2160103625833557243/acl-database-bulk.bin
60287e6d5b40a719723211965cb45e32be9624ea08dbc67ed7fb2be68960db74,111648,animations/scalar-recovered/full-source/3933241010/CAB-5f8656098d9a9fd7761fada5cc310302/-2160103625833557243/native-object.raw
defe336ffda4ea595d827a58c8d935c1801675460b59d20b7a63807c5458bb6e,335,animations/scalar-recovered/full-source/3933241010/CAB-5f8656098d9a9fd7761fada5cc310302/-2160103625833557243/streaming-info.json
95fc06790e3cb43f60834a947837712878c05edc43c067e188a593bd3469b752,1070796,animations/scalar-recovered/full-source/3933241010/CAB-66df26f45d6f0756043bb5d21a77ae9a/-5027944999039239597/Avatar_Female_Size02_Remielle_Origin_Ani_AC_Parry_B_R.json
757cc650113becbf6404f71b1b1dbb3399723604088a2a0dae447bd0d963c4fd,128281,animations/scalar-recovered/full-source/3933241010/CAB-66df26f45d6f0756043bb5d21a77ae9a/-5027944999039239597/acl-database-bulk.bin
7e74be3b4bbb9eafa0257bd748b5dc90f13b1e2e015eff32a0caec82a89d5f27,137608,animations/scalar-recovered/full-source/3933241010/CAB-66df26f45d6f0756043bb5d21a77ae9a/-5027944999039239597/native-object.raw
0e6b4e8541c95b46f6e2d1adfb70664fcbbc7233044a2be7a7ad2ca56cd5a6de,337,animations/scalar-recovered/full-source/3933241010/CAB-66df26f45d6f0756043bb5d21a77ae9a/-5027944999039239597/streaming-info.json
bcdcd54384871a605aa98ef6f1d525d41b1550130c6683fb61701d3dc2c1ea8d,1153925,animations/scalar-recovered/full-source/3933241010/CAB-66df26f45d6f0756043bb5d21a77ae9a/665705454090562466/Avatar_Female_Size02_Remielle_Origin_Ani_AC_Parry_B_R_End.json
55e885095d5b5d722f3b8654478b14f9c6f853c6131b6f0b092b6284bbf90f21,348297,animations/scalar-recovered/full-source/3933241010/CAB-66df26f45d6f0756043bb5d21a77ae9a/665705454090562466/acl-database-bulk.bin
abd9ff7a6dbd4155e7168907d20cfa521f17f5d688df0860f224824092ecca55,204860,animations/scalar-recovered/full-source/3933241010/CAB-66df26f45d6f0756043bb5d21a77ae9a/665705454090562466/native-object.raw
823f9d0c7212a8b11279a5ae6f4b5b6ac4ca60fff299aeb54ad54640fe3a2374,342,animations/scalar-recovered/full-source/3933241010/CAB-66df26f45d6f0756043bb5d21a77ae9a/665705454090562466/streaming-info.json
2ddbff8b772cfded727058072537018c1c1e7320afcedde83bd4a5c1b9eb4387,1440319,animations/scalar-recovered/full-source/3933241010/CAB-770f5d8331a4bcd39fa2da4065bde1d5/-7027369149187383941/Avatar_Female_Size02_Remielle_Origin_Ani_AC_Hit_F_L.json
58aeef071234d7d89902031910e29ec69845dd4f4ba96d590a24a296bb0d9c47,415970,animations/scalar-recovered/full-source/3933241010/CAB-770f5d8331a4bcd39fa2da4065bde1d5/-7027369149187383941/acl-database-bulk.bin
5398cd5fc9e77011218959c54432b26e847c03ea7d3a26bd2b315877db90ec83,256676,animations/scalar-recovered/full-source/3933241010/CAB-770f5d8331a4bcd39fa2da4065bde1d5/-7027369149187383941/native-object.raw
ff35421843b789409b74337a027fc6d1ef5a1fb1f9f5dd3004778ea7cd45868c,337,animations/scalar-recovered/full-source/3933241010/CAB-770f5d8331a4bcd39fa2da4065bde1d5/-7027369149187383941/streaming-info.json
b2120bae771070caac245289c0f5a32328f624e03d8582d7d0605058fe48457a,2856006,animations/scalar-recovered/full-source/3933241010/CAB-a18d26aa93624f44bf94ed4a1cd876f1/449196560178998561/Avatar_Female_Size02_Remielle_Origin_Ani_AC_Floater_TurnRight_Loop.json
4b7a72dda25d72f978eeee9d503a3881afa9ca392fa3d03f18621d0bc0a42f95,5383,animations/scalar-recovered/full-source/3933241010/CAB-a18d26aa93624f44bf94ed4a1cd876f1/449196560178998561/acl-database-bulk.bin
f848efa8a16735f7db0ef2fcb31f134b85c20fd44e88f15f2125af9927fc26bc,257344,animations/scalar-recovered/full-source/3933241010/CAB-a18d26aa93624f44bf94ed4a1cd876f1/449196560178998561/native-object.raw
36ce2cbea9b401954cefcfa6e1007279b279618baa5a8cdd5c176f33f355c6cb,335,animations/scalar-recovered/full-source/3933241010/CAB-a18d26aa93624f44bf94ed4a1cd876f1/449196560178998561/streaming-info.json
230cbb0e9dcb1514394a153252f2f04caac76c668810333b987504ef1fd04bdd,1445245,animations/scalar-recovered/full-source/3933241010/CAB-a21202a1d30a3052827b73dc11341a24/-6574345231194527919/Avatar_Female_Size02_Remielle_Origin_Ani_AC_Hit_B_L.json
c42dfdc62b1611fd8750bfda0f192e154550261d5c5c55ae35af56ca5b3055d6,413944,animations/scalar-recovered/full-source/3933241010/CAB-a21202a1d30a3052827b73dc11341a24/-6574345231194527919/acl-database-bulk.bin
4bbbee82ca16590cc991450f38ec1fb6b4998844195806d3641a6d7458494a2a,259536,animations/scalar-recovered/full-source/3933241010/CAB-a21202a1d30a3052827b73dc11341a24/-6574345231194527919/native-object.raw
2074f7e18c373b9e88569d93223dc9a2685f6782943f79f6a3957cded1d73d76,337,animations/scalar-recovered/full-source/3933241010/CAB-a21202a1d30a3052827b73dc11341a24/-6574345231194527919/streaming-info.json
83514b080cc5c15110ef9bf0455a4618634c5f1d662d72ce2984c606fdbe1897,1157909,animations/scalar-recovered/full-source/3933241010/CAB-ac308c81e99b0b41e40b1c6836746a65/4238367545642899378/Avatar_Female_Size02_Remielle_Origin_Ani_AC_ReleaseFloater.json
b4137e3895090fc4c21652bdee4490e3d62854fd1250815b941b060dba7d3929,366034,animations/scalar-recovered/full-source/3933241010/CAB-ac308c81e99b0b41e40b1c6836746a65/4238367545642899378/acl-database-bulk.bin
3eed81b2c94ddd2de15ea239b9be483ed56549075754a32d33db4fdc5e53f35b,206764,animations/scalar-recovered/full-source/3933241010/CAB-ac308c81e99b0b41e40b1c6836746a65/4238367545642899378/native-object.raw
e1104e612db44879fdfdad2363eabc38ae9ff48881347ee4109d0e26dc4aa059,337,animations/scalar-recovered/full-source/3933241010/CAB-ac308c81e99b0b41e40b1c6836746a65/4238367545642899378/streaming-info.json
50298cce445aa0904d3da24ad252c3660991107991d15a22f30001eaa0a2ccac,1217041,animations/scalar-recovered/full-source/3933241010/CAB-c4ba8224cda1a570b87d8732501ca740/-558303721803508355/Avatar_Female_Size02_Remielle_Origin_Ani_AC_Floater_RotateToBack.json
cd948bd1568e5bbf570b945352050a7b2b84fbc5d0f576834af5fc4655c1bf66,2958,animations/scalar-recovered/full-source/3933241010/CAB-c4ba8224cda1a570b87d8732501ca740/-558303721803508355/acl-database-bulk.bin
5d62af56164336ff4e2821bc2bb32e5f83d4bdaf211897c17e7f89d3c2eed19d,110968,animations/scalar-recovered/full-source/3933241010/CAB-c4ba8224cda1a570b87d8732501ca740/-558303721803508355/native-object.raw
947c0d4087ac2514d26472bb06cd094d1ad5fd302f55005278df2d08af2e920d,335,animations/scalar-recovered/full-source/3933241010/CAB-c4ba8224cda1a570b87d8732501ca740/-558303721803508355/streaming-info.json
eff294bd65768d33a6f6b06ec626ae2e2f11abab28988899058efa9771cf48ff,2855999,animations/scalar-recovered/full-source/3933241010/CAB-d6bfb8d65913a86dcd01d4174dcd7ba5/7374790833252239698/Avatar_Female_Size02_Remielle_Origin_Ani_AC_Floater_TurnLeft_Loop.json
8f11eadcd83017ceafda776a453186130aa17533d51d520427e445d8373fd683,5355,animations/scalar-recovered/full-source/3933241010/CAB-d6bfb8d65913a86dcd01d4174dcd7ba5/7374790833252239698/acl-database-bulk.bin
194b02c916c8890e27bcb791fc48100e186bb044aadaa74a3a7ae3d07e9c2dc8,257344,animations/scalar-recovered/full-source/3933241010/CAB-d6bfb8d65913a86dcd01d4174dcd7ba5/7374790833252239698/native-object.raw
b5daf07638bc072fd51fc5509b45775aa224c861595d083194359af5796e114f,335,animations/scalar-recovered/full-source/3933241010/CAB-d6bfb8d65913a86dcd01d4174dcd7ba5/7374790833252239698/streaming-info.json
660e032623a385d6a48c5459fa49ac78402fb64dde0d426ff9baff0237c731f3,1217985,animations/scalar-recovered/full-source/3933241010/CAB-d97d6d9d9c53e49101cf47f72188e83f/15796100208661372/Avatar_Female_Size02_Remielle_Origin_Ani_AC_Floater_Idle_Back_Loop.json
ee5ceef0217aa1b45e8d5e0681993e85657263c5492de4ddacee8497d8d32af2,2911,animations/scalar-recovered/full-source/3933241010/CAB-d97d6d9d9c53e49101cf47f72188e83f/15796100208661372/acl-database-bulk.bin
ed7ac2e5aa76ae58932bb930570421ecd931b74f02359418c2170bae3b49f871,111652,animations/scalar-recovered/full-source/3933241010/CAB-d97d6d9d9c53e49101cf47f72188e83f/15796100208661372/native-object.raw
3571376f0115b1aa8df50e14e27cde1aee9b27f4877094fbf1afbdb87181afe9,335,animations/scalar-recovered/full-source/3933241010/CAB-d97d6d9d9c53e49101cf47f72188e83f/15796100208661372/streaming-info.json
e2424b2ce42e0de300faada80dee682a3dac5957a1bca9a72bdd6bc103efcf96,1303172,animations/scalar-recovered/full-source/3933241010/CAB-fa83ba1502420e6fe6e9a83731281814/-8412784876667809433/Avatar_Female_Size02_Remielle_Origin_Ani_AC_Parry_F_L.json
9a6872efd0bb9d3f61cbc13586d269e6b5d88002001800de28c1bc1cc6b261ba,131151,animations/scalar-recovered/full-source/3933241010/CAB-fa83ba1502420e6fe6e9a83731281814/-8412784876667809433/acl-database-bulk.bin
cd1479397fc057c144587ab0b419794e6a4767219eece1e65d987f720e388a88,156076,animations/scalar-recovered/full-source/3933241010/CAB-fa83ba1502420e6fe6e9a83731281814/-8412784876667809433/native-object.raw
e41e775c7fd6edde3f65c4e34aa7c63ee5a27e1faeb08940f57d15d438e22875,337,animations/scalar-recovered/full-source/3933241010/CAB-fa83ba1502420e6fe6e9a83731281814/-8412784876667809433/streaming-info.json
0b3cc92c0246024deb1a0c3bbaaaad4a4e11fa0fd7a02ebb985f8e6f8a5558d0,1436675,animations/scalar-recovered/full-source/3933241010/CAB-fa83ba1502420e6fe6e9a83731281814/2831195224024944086/Avatar_Female_Size02_Remielle_Origin_Ani_AC_Parry_F_L_End.json
2a5d48851b46d0c5cb55707a5f6aa7e24b84186a855cad08f79631692514d6ab,448400,animations/scalar-recovered/full-source/3933241010/CAB-fa83ba1502420e6fe6e9a83731281814/2831195224024944086/acl-database-bulk.bin
b9ad8ffd161e465eaacc7ff84a4f41d1712714bc031e6f7248b2422754e211ba,257620,animations/scalar-recovered/full-source/3933241010/CAB-fa83ba1502420e6fe6e9a83731281814/2831195224024944086/native-object.raw
19e7ce939391daf5c15a0108030e0f4b1e2c66acf0510d664a9028a21728b18a,342,animations/scalar-recovered/full-source/3933241010/CAB-fa83ba1502420e6fe6e9a83731281814/2831195224024944086/streaming-info.json
de5435df0f56653455f1f370c7410d7de8f5e96fb3ed0799d38c9b33f2e36062,1116197,animations/scalar-recovered/full-source/3939520730/CAB-11bac5858f0750c9fc555308d7de4636/-5148514638459531173/Avatar_Female_Size02_Remielle_Origin_Ani_Evade_Front_02.json
52ef5611e065b42e21944786ae17de53702615af94e4c8a01c2971db506eeabc,345758,animations/scalar-recovered/full-source/3939520730/CAB-11bac5858f0750c9fc555308d7de4636/-5148514638459531173/acl-database-bulk.bin
a50ee8aedc9eaf7bc37c4eeb8f3515e0d60367f4c573f7b450ca474158314dcc,268332,animations/scalar-recovered/full-source/3939520730/CAB-11bac5858f0750c9fc555308d7de4636/-5148514638459531173/native-object.raw
06f12a2e5e1cd1050ba4eacdfcc4dfdf2a4cc8a3581f717efed1cf33ab42d5f1,337,animations/scalar-recovered/full-source/3939520730/CAB-11bac5858f0750c9fc555308d7de4636/-5148514638459531173/streaming-info.json
bc1b248e0147c5a140b6192ecffc6ba5c47dc0efb3bf249201aa63312f42064e,239543,animations/scalar-recovered/full-source/3939520730/CAB-11bac5858f0750c9fc555308d7de4636/7512003096561204612/Avatar_Female_Size02_Remielle_Origin_Default_Ani_Evade_Front_02.json
21a3a78d16d5fe7b6b47cf0469dd3e90460612d7d6e52bddc75e8011ea0edf55,42611,animations/scalar-recovered/full-source/3939520730/CAB-11bac5858f0750c9fc555308d7de4636/7512003096561204612/acl-database-bulk.bin
e1e2f6121e6880686f824bd5fd5a5846d2f7e55cf1642adf4d3ddce12660aeef,74964,animations/scalar-recovered/full-source/3939520730/CAB-11bac5858f0750c9fc555308d7de4636/7512003096561204612/native-object.raw
3169aa544c246cb9c40dc990e4120a73a6cb3acf68a488541123016cffd071d3,340,animations/scalar-recovered/full-source/3939520730/CAB-11bac5858f0750c9fc555308d7de4636/7512003096561204612/streaming-info.json
dcc826e5c86215594942da5633a60504481bdb212ba77f3d452bab779d3c5c91,178518,animations/scalar-recovered/full-source/3939520730/CAB-14487361ca6d026f007ae055437d8c62/-6075153213465150356/Avatar_Female_Size02_Remielle_Origin_Default_Ani_Hit_Shake.json
accd56e453ef51d683484ec11324999bcf3acd4bd0f83b2eef039b7e15c249f0,3725,animations/scalar-recovered/full-source/3939520730/CAB-14487361ca6d026f007ae055437d8c62/-6075153213465150356/acl-database-bulk.bin
0d4e081081a8a201e69cdee4b9fc2a68049d164cd8dc203e7dfe2b4535bbc7e2,22000,animations/scalar-recovered/full-source/3939520730/CAB-14487361ca6d026f007ae055437d8c62/-6075153213465150356/native-object.raw
3f53a15a01ed9b06efe8cc0207fbbe6bcffc17047e96a92f617139ed41dce293,334,animations/scalar-recovered/full-source/3939520730/CAB-14487361ca6d026f007ae055437d8c62/-6075153213465150356/streaming-info.json
80543229af8b0963a0cc30f5f84c85e605397f3683f72f21458d792e785d63ec,949906,animations/scalar-recovered/full-source/3939520730/CAB-14487361ca6d026f007ae055437d8c62/4740247050420525063/Avatar_Female_Size02_Remielle_Origin_Ani_Hit_Shake.json
c69924b3eba61ff47b474831ef981ed989f6b50f658b6ca71dc0f56aa00367bd,26354,animations/scalar-recovered/full-source/3939520730/CAB-14487361ca6d026f007ae055437d8c62/4740247050420525063/acl-database-bulk.bin
a357b0d38668d8d601794720b613e6f20f603304747a1ff4eaf86b824dcd10ea,104668,animations/scalar-recovered/full-source/3939520730/CAB-14487361ca6d026f007ae055437d8c62/4740247050420525063/native-object.raw
dd22ae1779a22f3552ea558369c958dead90dd03ee1743dce10587bf4cd36181,339,animations/scalar-recovered/full-source/3939520730/CAB-14487361ca6d026f007ae055437d8c62/4740247050420525063/streaming-info.json
5f9b645446decb18a3b75ccb759bc1c4b43bef2db0e17c5e8feed03857a77b88,1026339,animations/scalar-recovered/full-source/3939520730/CAB-5becc2924ae52b26780a7e1b716b7c51/-5003968194027421535/Avatar_Female_Size02_Remielle_Origin_Ani_Attack_Burst_01_End.json
8f49565d2a0922765aae2d993688de2959097d6022b49db6b59fbea636d7009b,239260,animations/scalar-recovered/full-source/3939520730/CAB-5becc2924ae52b26780a7e1b716b7c51/-5003968194027421535/acl-database-bulk.bin
2b5849f1fcab29d163604a245c607f27566a49fa40fff3c55be219a5500f4699,202912,animations/scalar-recovered/full-source/3939520730/CAB-5becc2924ae52b26780a7e1b716b7c51/-5003968194027421535/native-object.raw
5953db3332bf4cb98f9e8f39a525ff86d5b39f0a4440950994c91718017a6dfd,337,animations/scalar-recovered/full-source/3939520730/CAB-5becc2924ae52b26780a7e1b716b7c51/-5003968194027421535/streaming-info.json
f298b5da95b51b6060d85543bc6b08243fe6802be2f3971db8fec2d1524837f2,209468,animations/scalar-recovered/full-source/3939520730/CAB-5becc2924ae52b26780a7e1b716b7c51/-988806869361687557/Avatar_Female_Size02_Remielle_Origin_Default_Ani_Attack_Burst_01_End.json
6762b480ea746e6f58901d84b50cbf57f37c86e4637aa56fa7b32912a8009f41,30922,animations/scalar-recovered/full-source/3939520730/CAB-5becc2924ae52b26780a7e1b716b7c51/-988806869361687557/acl-database-bulk.bin
e4e271985fc70d3a104313b567dc893479497b837b8f7eb96c372dc078b785d2,52440,animations/scalar-recovered/full-source/3939520730/CAB-5becc2924ae52b26780a7e1b716b7c51/-988806869361687557/native-object.raw
bb7df6eaceb93fff3d2e1375874fb338c4cdad4a37313023275658717210d8b3,340,animations/scalar-recovered/full-source/3939520730/CAB-5becc2924ae52b26780a7e1b716b7c51/-988806869361687557/streaming-info.json
1f33157c082b68c90279089dc3d52f8b2d4fdf41b9db32da5687fb4087b14b81,964840,animations/scalar-recovered/full-source/3939520730/CAB-5becc2924ae52b26780a7e1b716b7c51/1651874841318095758/Avatar_Female_Size02_Remielle_Origin_Ani_Attack_Burst_01.json
0d35317f7ab5cc265d3f96676f46c7601362b135c9bc537ada91864eff7f0a8a,188741,animations/scalar-recovered/full-source/3939520730/CAB-5becc2924ae52b26780a7e1b716b7c51/1651874841318095758/acl-database-bulk.bin
22f3a8cfecddd533122b384b58b44952a44bc5e6d6d43b7d4813f15480010cc3,158528,animations/scalar-recovered/full-source/3939520730/CAB-5becc2924ae52b26780a7e1b716b7c51/1651874841318095758/native-object.raw
995c53bf971b998ebbd021584b52316973753eb249eff58c915b6ef3e8f7ecc7,342,animations/scalar-recovered/full-source/3939520730/CAB-5becc2924ae52b26780a7e1b716b7c51/1651874841318095758/streaming-info.json
75faca4ece8a4647362b845cb2ef1cfebd4903f2eb1a621b96a5b6b96bdb78f5,194800,animations/scalar-recovered/full-source/3939520730/CAB-5becc2924ae52b26780a7e1b716b7c51/3294078110782917591/Avatar_Female_Size02_Remielle_Origin_Default_Ani_Attack_Burst_01.json
3a0c0282fd0f0f6fdb274501f6389fed217fb1f610084034a318643734130f29,25989,animations/scalar-recovered/full-source/3939520730/CAB-5becc2924ae52b26780a7e1b716b7c51/3294078110782917591/acl-database-bulk.bin
84bafdedeea414072d6d6512639cb64740f8635636822241691906d7bc48b9dc,41492,animations/scalar-recovered/full-source/3939520730/CAB-5becc2924ae52b26780a7e1b716b7c51/3294078110782917591/native-object.raw
2985e766f4c2116a860c2dc85f829315b0bd49160bf0fc3b3125aa3b28d1b98a,340,animations/scalar-recovered/full-source/3939520730/CAB-5becc2924ae52b26780a7e1b716b7c51/3294078110782917591/streaming-info.json
c8fcb2d2d5cc04b2c602bfefe176fc38069a3a5ada84e8e2f2f6030ebd0813cf,958238,animations/scalar-recovered/full-source/3939520730/CAB-7220c2a47b6cff41a653cd6ada5f7845/5764822136149515564/Avatar_Female_Size02_Remielle_Origin_Ani_Run_Transform_02.json
b0d743275b2ba6dbd328418720939e96b4689fad7e263152eb50c65bc9d169ad,177321,animations/scalar-recovered/full-source/3939520730/CAB-7220c2a47b6cff41a653cd6ada5f7845/5764822136149515564/acl-database-bulk.bin
7d2bcc00cc8af2c37d8d2591ad3e9c95df941d46181bf1f60da9d27b2ddc086d,152640,animations/scalar-recovered/full-source/3939520730/CAB-7220c2a47b6cff41a653cd6ada5f7845/5764822136149515564/native-object.raw
422cb42026bde95039577c5492a5b036da2aeeebdecd5618b717edb930f0b73c,337,animations/scalar-recovered/full-source/3939520730/CAB-7220c2a47b6cff41a653cd6ada5f7845/5764822136149515564/streaming-info.json
a16bd8d64f3d1e429342c4a301c31bb1ae8861726659fb886044b78ac1cabcb1,192939,animations/scalar-recovered/full-source/3939520730/CAB-7220c2a47b6cff41a653cd6ada5f7845/6377179083818052431/Avatar_Female_Size02_Remielle_Origin_Default_Ani_Run_Transform_02.json
e6975a0aefd1f564eb3dfc7fc856e1d316c76e56d81ebd8b9c89dbf442b4c672,23190,animations/scalar-recovered/full-source/3939520730/CAB-7220c2a47b6cff41a653cd6ada5f7845/6377179083818052431/acl-database-bulk.bin
25b8d5d6b6d5aa2ddf680180aa371947bbc182fbb63cd23969fd3f135d566ed8,40136,animations/scalar-recovered/full-source/3939520730/CAB-7220c2a47b6cff41a653cd6ada5f7845/6377179083818052431/native-object.raw
e6bc966e73f124f5ab8d0778b6c826f0b748a0b96113a4708e99c2b52cd47c80,340,animations/scalar-recovered/full-source/3939520730/CAB-7220c2a47b6cff41a653cd6ada5f7845/6377179083818052431/streaming-info.json
bb82f29e732bb9332f9f4330b8fb6b074a9dfbc16337285d4a1adb68834d82ba,1066469,animations/scalar-recovered/full-source/3939520730/CAB-b1b611c032529f61db30e5abd6f188d0/-8523207139652297125/Avatar_Female_Size02_Remielle_Origin_Ani_HitFly_Front.json
deb995dff52689f3982b9aa30fe6fcc84d27ecba00cf822c809e76a009df6bf7,311013,animations/scalar-recovered/full-source/3939520730/CAB-b1b611c032529f61db30e5abd6f188d0/-8523207139652297125/acl-database-bulk.bin
92cd895ab411cc0b6ef4b7f0ae22a00f10593cd6daeb5d618d01c7eb6dee8a3d,232464,animations/scalar-recovered/full-source/3939520730/CAB-b1b611c032529f61db30e5abd6f188d0/-8523207139652297125/native-object.raw
bae16889821c92d65abd886db77c569ee2e53eaa74c125ace99a2f83f738a2d1,337,animations/scalar-recovered/full-source/3939520730/CAB-b1b611c032529f61db30e5abd6f188d0/-8523207139652297125/streaming-info.json
ec39634d622cb58d20b653d704212a969d1dce02379d5dbb960c66af7b7bae0f,220639,animations/scalar-recovered/full-source/3939520730/CAB-b1b611c032529f61db30e5abd6f188d0/8780922446963993946/Avatar_Female_Size02_Remielle_Origin_Default_Ani_HitFly_Front.json
ccd0b102597c02c61dd5c256d80f07dc2f221319f4516068e65a911e36069195,37485,animations/scalar-recovered/full-source/3939520730/CAB-b1b611c032529f61db30e5abd6f188d0/8780922446963993946/acl-database-bulk.bin
dde8172368c83221e7be3ab6b950de83eab07374962c3f5610709bb6b737c00e,60644,animations/scalar-recovered/full-source/3939520730/CAB-b1b611c032529f61db30e5abd6f188d0/8780922446963993946/native-object.raw
59d73f72d2d29241eee5864fce90583f4290fea25dcf038ed7c60292bc02c76a,340,animations/scalar-recovered/full-source/3939520730/CAB-b1b611c032529f61db30e5abd6f188d0/8780922446963993946/streaming-info.json
af344dddb5aae0e74cff3d45678721212fd73de22b43f8930004c496e58b93dd,195211,animations/scalar-recovered/full-source/3939520730/CAB-c720eff5f67f57471d62c00eb1e1ba49/1885126624327457025/Avatar_Female_Size02_Remielle_Origin_Default_Ani_Run_Loop_01.json
97dbf599efd674fb928b779959444537a87bfadc573daea2354d38431b9bbac0,25924,animations/scalar-recovered/full-source/3939520730/CAB-c720eff5f67f57471d62c00eb1e1ba49/1885126624327457025/acl-database-bulk.bin
a29f765017d63f9095825378819e2e6a8e6f941bb92e840ba1243a13ce44b03a,42000,animations/scalar-recovered/full-source/3939520730/CAB-c720eff5f67f57471d62c00eb1e1ba49/1885126624327457025/native-object.raw
300bdd64541379942a8d669fb15e384bc428b2ef5bd7806b93b5817f1653768f,335,animations/scalar-recovered/full-source/3939520730/CAB-c720eff5f67f57471d62c00eb1e1ba49/1885126624327457025/streaming-info.json
1ac6a1894b8b120c2eccbeafe354afebf18a5a23638887822c2b925427af8774,959688,animations/scalar-recovered/full-source/3939520730/CAB-c720eff5f67f57471d62c00eb1e1ba49/7376968608536389763/Avatar_Female_Size02_Remielle_Origin_Ani_Run_Loop_01.json
ee0fc97900efa4d7c775496b42fdab056a95fbc810e7712365b61c0e614d58df,191455,animations/scalar-recovered/full-source/3939520730/CAB-c720eff5f67f57471d62c00eb1e1ba49/7376968608536389763/acl-database-bulk.bin
cf90a09f1f43ece68a0cb4a157b063f74a97b8c6c1207706b0150fc1ede6cf58,155964,animations/scalar-recovered/full-source/3939520730/CAB-c720eff5f67f57471d62c00eb1e1ba49/7376968608536389763/native-object.raw
84f5a35e35d8ceeb8413c7d8966cc41975f37485951ae8d8b890809d94c8a83b,341,animations/scalar-recovered/full-source/3939520730/CAB-c720eff5f67f57471d62c00eb1e1ba49/7376968608536389763/streaming-info.json
df71ad31d8194b3cf6c7713232c5bba66571177f5cc9f9bed3631557d5b960ce,974283,animations/scalar-recovered/full-source/3939520730/CAB-f0378a31b5534b9f9140ec561b61236e/-842668131940394539/Avatar_Female_Size02_Remielle_Origin_Ani_Dash_Evade.json
7d6a47e67b117700f20c52e801a8c9b9a200f6348dc4dc2d3325d68e4c13f3f4,267387,animations/scalar-recovered/full-source/3939520730/CAB-f0378a31b5534b9f9140ec561b61236e/-842668131940394539/acl-database-bulk.bin
8bae499452e60906c1059e89a2c1a057a2ea479d32dd01e7c6d0b53b15127562,168008,animations/scalar-recovered/full-source/3939520730/CAB-f0378a31b5534b9f9140ec561b61236e/-842668131940394539/native-object.raw
a9bfc23c9f1c037d0b1b721bac5ebd58f7967e44e83ed8e664724618acfbd173,341,animations/scalar-recovered/full-source/3939520730/CAB-f0378a31b5534b9f9140ec561b61236e/-842668131940394539/streaming-info.json
5eea0c1fb83f59cda86c36500b7c1d9bea4ff48a5c55ad63585d3288d7afef09,207120,animations/scalar-recovered/full-source/3939520730/CAB-f0378a31b5534b9f9140ec561b61236e/-975091415518682756/Avatar_Female_Size02_Remielle_Origin_Default_Ani_Dash_Evade.json
cecbb6a4e28d5ac62ef09b208effb476b6eda75d521595eba8b6cb4a3beacb16,38777,animations/scalar-recovered/full-source/3939520730/CAB-f0378a31b5534b9f9140ec561b61236e/-975091415518682756/acl-database-bulk.bin
d7ac75676fe165fbb7249c18453a25073be068cb0ef45aeba4deabb1c241f2ae,50960,animations/scalar-recovered/full-source/3939520730/CAB-f0378a31b5534b9f9140ec561b61236e/-975091415518682756/native-object.raw
14671e299e595548e5e6c09b90c4e9bee8101137f6184ffb427b953bee86ab0d,335,animations/scalar-recovered/full-source/3939520730/CAB-f0378a31b5534b9f9140ec561b61236e/-975091415518682756/streaming-info.json
b00ae9270796f53d56908cbe58e3775341cd49264f5307baa581d8496447f9e1,196450,animations/scalar-recovered/full-source/3939520730/CAB-fbd91208d3ced827585fbe8cdd407578/-1971826486191516812/Avatar_Female_Size02_Remielle_Origin_Default_Ani_Attack_Normal_01_End.json
090ca174e48cbf6a79feeff1372f77846370003cf4934c6c1bcc4fcf560adb62,22229,animations/scalar-recovered/full-source/3939520730/CAB-fbd91208d3ced827585fbe8cdd407578/-1971826486191516812/acl-database-bulk.bin
78567e1b61ac966760a7dc1510d19595b78320cb5422e68a4180fa0b2484f7f8,42732,animations/scalar-recovered/full-source/3939520730/CAB-fbd91208d3ced827585fbe8cdd407578/-1971826486191516812/native-object.raw
32f5e37a079ff6ffd8ed9d1278723cab06028d680438593f5ab6565aa37c960a,340,animations/scalar-recovered/full-source/3939520730/CAB-fbd91208d3ced827585fbe8cdd407578/-1971826486191516812/streaming-info.json
80a53dcd654c0e603e557c4f9a94ea271fbe399d29d2bb64b63ec8c060100f06,975284,animations/scalar-recovered/full-source/3939520730/CAB-fbd91208d3ced827585fbe8cdd407578/-8753138749665718629/Avatar_Female_Size02_Remielle_Origin_Ani_Attack_Normal_01_End.json
7f696b6cd4b5cb9afeaee00da99f5d9a34712694776e3619573eb12750ca0830,164892,animations/scalar-recovered/full-source/3939520730/CAB-fbd91208d3ced827585fbe8cdd407578/-8753138749665718629/acl-database-bulk.bin
77907eecebcaeb8115f9aac3586f6afa9bc2462477c924ce6631726b7a39b1af,164792,animations/scalar-recovered/full-source/3939520730/CAB-fbd91208d3ced827585fbe8cdd407578/-8753138749665718629/native-object.raw
d737dd7f2b271f8e5e94c2ad8ffc9ef392a413dd494dc6479e1361e6ea65da1c,337,animations/scalar-recovered/full-source/3939520730/CAB-fbd91208d3ced827585fbe8cdd407578/-8753138749665718629/streaming-info.json
e733c46be163d10e781e6f7b7bf4b2736ec5a5e4b27cb81131ca37395378df40,198587,animations/scalar-recovered/full-source/3939520730/CAB-fbd91208d3ced827585fbe8cdd407578/6736200449780151098/Avatar_Female_Size02_Remielle_Origin_Default_Ani_Attack_Normal_01.json
14f58f6ac86b95af7f4b48ded7909395617bb8cedffc70bae367daf2cfe06695,26725,animations/scalar-recovered/full-source/3939520730/CAB-fbd91208d3ced827585fbe8cdd407578/6736200449780151098/acl-database-bulk.bin
5ebb9b4e384a35f98b67d5d4fc044064fd63de1851e36f3a8b47aaa8928471da,44328,animations/scalar-recovered/full-source/3939520730/CAB-fbd91208d3ced827585fbe8cdd407578/6736200449780151098/native-object.raw
7170aea2a8004d6417ebb9679e721740f7278c4df25f89bfb8edad9bcef5561d,340,animations/scalar-recovered/full-source/3939520730/CAB-fbd91208d3ced827585fbe8cdd407578/6736200449780151098/streaming-info.json
ecda6ddad0929abce0d4dbd892ceb45036816f3803933f2a667f051466ab9f76,961498,animations/scalar-recovered/full-source/3939520730/CAB-fbd91208d3ced827585fbe8cdd407578/7100607445617743312/Avatar_Female_Size02_Remielle_Origin_Ani_Attack_Normal_01.json
983845d2d76e9b597c4271e7fee3980faa5272aa606e256005455da8f0e48c34,190463,animations/scalar-recovered/full-source/3939520730/CAB-fbd91208d3ced827585fbe8cdd407578/7100607445617743312/acl-database-bulk.bin
612ffc1dd79e99f632ba26385d45d4c9e50980bd6a75e5e1a607f2306f9ba94b,155788,animations/scalar-recovered/full-source/3939520730/CAB-fbd91208d3ced827585fbe8cdd407578/7100607445617743312/native-object.raw
252442121a8aed5d28fe52d80b95373f4b3ab30b46352ebc2188624b5b91cb3d,342,animations/scalar-recovered/full-source/3939520730/CAB-fbd91208d3ced827585fbe8cdd407578/7100607445617743312/streaming-info.json
e553dde0ba736231e2c6c5f41232142131728f6f7d4946a0604be4b6f8244334,1440018,animations/scalar-recovered/full-source/4128630151/CAB-cf0c8082e76d375e97000b074ed6c798/-7426947853720207402/TL_C31_SummerTideTreasure_01_Avatar_Remielle.json
11f7fd0a6ce3c4ff4d6834e6aa014d50c041d0833a18a5f1d47e1efd7e974541,272087,animations/scalar-recovered/full-source/4128630151/CAB-cf0c8082e76d375e97000b074ed6c798/-7426947853720207402/acl-database-bulk.bin
fe8559b450bba9805cfbf83e421fa94c76aec66d2604feaec7441c9e8fc1a0f5,228324,animations/scalar-recovered/full-source/4128630151/CAB-cf0c8082e76d375e97000b074ed6c798/-7426947853720207402/native-object.raw
837fc6d19ffd53fa6841d1da6998ba61a1c5836a286e905b5ff76d1097bd4003,337,animations/scalar-recovered/full-source/4128630151/CAB-cf0c8082e76d375e97000b074ed6c798/-7426947853720207402/streaming-info.json
67caddb148b1c17bb6883f6cd79ad2414d4119f67777592e62316cd2ee1901f6,124250,animations/scalar-recovered/full-source/600607555/CAB-111b206fdbb9e733e5c53e10494c6b9e/-5860761050635392647/Avatar_Female_Size02_Remielle_PasSeul_Ani_Evade_Back_02.json
a7f787bed7d58b2077e4a86d3ff425427dd36c10d31b4bb58a749b436fe2790d,14914,animations/scalar-recovered/full-source/600607555/CAB-111b206fdbb9e733e5c53e10494c6b9e/-5860761050635392647/acl-database-bulk.bin
f73ed29fa42dcacc91cc54aa9ec46bfd81209e3e183e4e678370570f340a513c,28600,animations/scalar-recovered/full-source/600607555/CAB-111b206fdbb9e733e5c53e10494c6b9e/-5860761050635392647/native-object.raw
191234fef45aac7f9bc675d010891765e09e8414dbfde860c0b5515778b5f8ac,335,animations/scalar-recovered/full-source/600607555/CAB-111b206fdbb9e733e5c53e10494c6b9e/-5860761050635392647/streaming-info.json
59b9b27248776b1c182c4f56c5df508fd1b45963bad943270fb9429853a81594,120524,animations/scalar-recovered/full-source/600607555/CAB-42a2f07a24b4452867367b09347b2cdb/2810563926534214632/Avatar_Female_Size02_Remielle_PasSeul_Ani_SwitchIn_Attack_End.json
498a85d22ebcc1efc11918f58af081700f3dc30272de1fe68993e339b8bb6d2e,13943,animations/scalar-recovered/full-source/600607555/CAB-42a2f07a24b4452867367b09347b2cdb/2810563926534214632/acl-database-bulk.bin
af58513224cfa89c2f113879e678d29d48308fb8a64e5bd90ad20e24ee8743fa,25824,animations/scalar-recovered/full-source/600607555/CAB-42a2f07a24b4452867367b09347b2cdb/2810563926534214632/native-object.raw
4123ca1a8a7ade9de07c2da7fa639bf94afa32f7a0a39a34e0984114d5ca3854,335,animations/scalar-recovered/full-source/600607555/CAB-42a2f07a24b4452867367b09347b2cdb/2810563926534214632/streaming-info.json
a03f6e26df4b52ab677c311174d5f21aec9327bae3f4d4dd535bec7e15db85ca,112683,animations/scalar-recovered/full-source/600607555/CAB-42a2f07a24b4452867367b09347b2cdb/5010123028938033529/Avatar_Female_Size02_Remielle_PasSeul_Ani_SwitchIn_Attack.json
39de7d26754dad1d23ca54144659a0a208bdb6c615472629661250e965367c08,7451,animations/scalar-recovered/full-source/600607555/CAB-42a2f07a24b4452867367b09347b2cdb/5010123028938033529/acl-database-bulk.bin
89d794fb1270ace7218cd2cca5a1ed45050ff253c797166a5151eca9a5aa7ec0,19948,animations/scalar-recovered/full-source/600607555/CAB-42a2f07a24b4452867367b09347b2cdb/5010123028938033529/native-object.raw
7262d7ccc9399ef7424286eb07bef6c672ccbb336438c5e3cd6430e14a4be792,338,animations/scalar-recovered/full-source/600607555/CAB-42a2f07a24b4452867367b09347b2cdb/5010123028938033529/streaming-info.json
043646b06e8caa7889cadf039f44f1db29dbe25eea6d4efa94d8bb26ab4cb12a,121078,animations/scalar-recovered/full-source/600607555/CAB-51098cd692c6a6a7354c28c86bf67b03/-1148570267233982173/Avatar_Female_Size02_Remielle_PasSeul_Ani_Skill03_AirState_Back.json
1b88b53034e564c3ee72b4fda8e0e3fc4854daedc956afcaa4af12a6bf74f030,12775,animations/scalar-recovered/full-source/600607555/CAB-51098cd692c6a6a7354c28c86bf67b03/-1148570267233982173/acl-database-bulk.bin
50ca851c044af1348198945272823c6d18e9e3b353e987d590f6c21c5e6e607f,26256,animations/scalar-recovered/full-source/600607555/CAB-51098cd692c6a6a7354c28c86bf67b03/-1148570267233982173/native-object.raw
697fd47e0c3cedc7746fbe98b8f624d5e3026f535e3528c008e48ba64793f79e,335,animations/scalar-recovered/full-source/600607555/CAB-51098cd692c6a6a7354c28c86bf67b03/-1148570267233982173/streaming-info.json
58615b4120706afbc650b67198bd95d2e072f750c840914acc045e68fc23175b,132410,animations/scalar-recovered/full-source/600607555/CAB-56dd56efd72a388f5374411a162e0f32/2436884201043006926/Avatar_Female_Size02_Remielle_Ani_Skill04_AirState_Back.json
c6578f7b4f419656403f2cf45ced868f26eef84e57e0f1c3a54155202c9cf728,19236,animations/scalar-recovered/full-source/600607555/CAB-56dd56efd72a388f5374411a162e0f32/2436884201043006926/acl-database-bulk.bin
0d0a314ab277f56bdc20685c71a3800d2b838682393e013d2b1b3c2500cbc877,34744,animations/scalar-recovered/full-source/600607555/CAB-56dd56efd72a388f5374411a162e0f32/2436884201043006926/native-object.raw
84b32ff407caebeaf9a80ce6e0e6ae2ec3c239e5e4ec11af8bc53a3abe975ef9,335,animations/scalar-recovered/full-source/600607555/CAB-56dd56efd72a388f5374411a162e0f32/2436884201043006926/streaming-info.json
43058bdf08a791d55f48c3bd0182a0f26ffec64a5c5ceb2eacc2eb2849e3132c,108950,animations/scalar-recovered/full-source/600607555/CAB-6fe34f658f3e39a354fae82d2fd5969e/-7093354816293938243/Avatar_Female_Size02_Remielle_PasSeul_Ani_Hit_Shake.json
d8804f4d3f703d40d594679ed4759aecfd0f4f6b9bbced18f961867a3efad2b1,1295,animations/scalar-recovered/full-source/600607555/CAB-6fe34f658f3e39a354fae82d2fd5969e/-7093354816293938243/acl-database-bulk.bin
9b4d409246560f47c62c0dcd9df977027da9cb79ac623a2bdc13daf2fdffb286,13068,animations/scalar-recovered/full-source/600607555/CAB-6fe34f658f3e39a354fae82d2fd5969e/-7093354816293938243/native-object.raw
8287a41e28e3eb343fe6eabd5d2b87c1d0997ce54d23cb71c9a3248babb42ccc,334,animations/scalar-recovered/full-source/600607555/CAB-6fe34f658f3e39a354fae82d2fd5969e/-7093354816293938243/streaming-info.json
f96d613a53e09a02ecc3e5fc8c2c6175055506597219ce7bf5c52140bd13e32b,111070,animations/scalar-recovered/full-source/600607555/CAB-77238dcbfbc8d9c2e8db9d6d90acac67/2960707942100986674/Avatar_Female_Size02_Remielle_PasSeul_Ani_Attack_ChangeState_02.json
2c194b6e3953784f3ce5283254c50e5c61f4d3aac5048c18567303d10d640b08,8070,animations/scalar-recovered/full-source/600607555/CAB-77238dcbfbc8d9c2e8db9d6d90acac67/2960707942100986674/acl-database-bulk.bin
231b994b98674ee2cd4c8de62d43921f7fcbded6fa4162d108a87e0bbf7c1d15,18736,animations/scalar-recovered/full-source/600607555/CAB-77238dcbfbc8d9c2e8db9d6d90acac67/2960707942100986674/native-object.raw
9db29f41604f246b380a845e76fb2ddf3ff1edc93d13e5d11858e55dc5fb331c,334,animations/scalar-recovered/full-source/600607555/CAB-77238dcbfbc8d9c2e8db9d6d90acac67/2960707942100986674/streaming-info.json
180cdab12e562e286070e219a00e2a35524ba8db9b78502dfd3f6c9ca7f12347,113038,animations/scalar-recovered/full-source/600607555/CAB-b9d573989ca42383ccf915380efa08c2/8157186775417845758/Avatar_Female_Size02_Remielle_PasSeul_Ani_Run_Transform_02.json
0edbbc8ec148ecba6f94f86d9d1c9fd892199bc021ff62d7a8cd80731ccb452b,8417,animations/scalar-recovered/full-source/600607555/CAB-b9d573989ca42383ccf915380efa08c2/8157186775417845758/acl-database-bulk.bin
2fa075fad3d98ea5f24ec36a6b44f7231eb02e7dd57ab4b7a8a006de589f08f9,20172,animations/scalar-recovered/full-source/600607555/CAB-b9d573989ca42383ccf915380efa08c2/8157186775417845758/native-object.raw
9681c8e5265a0fec044db516d02ac2430c2bbae5478db30b47072d2956e89680,334,animations/scalar-recovered/full-source/600607555/CAB-b9d573989ca42383ccf915380efa08c2/8157186775417845758/streaming-info.json
323714c3b1f1730e59f7d3dc5ff1da5497ba4a9460bba76499d689123f95b417,116961,animations/scalar-recovered/full-source/600607555/CAB-c833f0c42db82a0d081f2bc0efb275bc/4514995476636556440/Avatar_Female_Size02_Remielle_PasSeul_Ani_SwitchIn_Attack_Ex_Start.json
0b179dfc0986984ff2e4635dd36ad2000dda8ff1c48500de20e31aa792ab67b3,11860,animations/scalar-recovered/full-source/600607555/CAB-c833f0c42db82a0d081f2bc0efb275bc/4514995476636556440/acl-database-bulk.bin
7f4ac98f86ba2fa392a426832bf79abef9d8f7281689675f51128f2dc42d69af,23108,animations/scalar-recovered/full-source/600607555/CAB-c833f0c42db82a0d081f2bc0efb275bc/4514995476636556440/native-object.raw
55adad92d258f91fc005a5be7d6b27e0428feb70e049d53174bf53ce9df255a3,335,animations/scalar-recovered/full-source/600607555/CAB-c833f0c42db82a0d081f2bc0efb275bc/4514995476636556440/streaming-info.json
3211d1e3ea61f72d534dc990aa230b85c5c58e803c1bd26d239c3427dc17b44c,115243,animations/scalar-recovered/full-source/600607555/CAB-d5169750147f96ff44a9d1e3c742794a/-2578791015412501388/Avatar_Female_Size02_Remielle_PasSeul_Ani_Hit_L_Front.json
fe72b3704ea5619987ac78ec443dd1b291b3c211bd21ec439f37f23c55e55c80,10126,animations/scalar-recovered/full-source/600607555/CAB-d5169750147f96ff44a9d1e3c742794a/-2578791015412501388/acl-database-bulk.bin
241ee3e2be1d180ff91cf47e462082727ab37aeb89e1b48c1a9076459ba9a645,21848,animations/scalar-recovered/full-source/600607555/CAB-d5169750147f96ff44a9d1e3c742794a/-2578791015412501388/native-object.raw
27c9e2eab16f1bfa5d5a81c98f392ae8e21c6f3f8e89d4e6fd85967e6cd1c34e,335,animations/scalar-recovered/full-source/600607555/CAB-d5169750147f96ff44a9d1e3c742794a/-2578791015412501388/streaming-info.json
14b5801339bf44e5e6fe8bcb157d8d7b7d06f781e2674d94d56a4c6509a16008,115963,animations/scalar-recovered/full-source/600607555/CAB-df7bc76546e2854055b007783c6531bd/-2307136872908588732/Avatar_Female_Size02_Remielle_PasSeul_Ani_Walk_to_Run_01.json
45a2ee940614388630ea539af5d16f50727233ee7c07655da0e32749f41b00d4,10329,animations/scalar-recovered/full-source/600607555/CAB-df7bc76546e2854055b007783c6531bd/-2307136872908588732/acl-database-bulk.bin
bdc564ebbc1ebcbcdd70f0dfbd91b1a69915a6dc96e804c9ad4f9ccc18ae8208,22408,animations/scalar-recovered/full-source/600607555/CAB-df7bc76546e2854055b007783c6531bd/-2307136872908588732/native-object.raw
9fbecb8a6210641f70062d89b22c1f99c4fe1d4ec8fac4c2ce9162f8671a6d05,335,animations/scalar-recovered/full-source/600607555/CAB-df7bc76546e2854055b007783c6531bd/-2307136872908588732/streaming-info.json
2a8de2a97656346cc612905205f9f5a31250b17ac1beeadb77b33af72e3c40bb,105770,animations/scalar-recovered/full-source/600607555/CAB-eef74fd268416650bc6761f5bc400b90/7867767963925115843/Avatar_Female_Size02_Remielle_PasSeul_Ani_SwitchOut_Normal.json
ccfc028d9ec219147f54afbc8c7cf30b664bd7434b85f233b834e18b049c0077,4716,animations/scalar-recovered/full-source/600607555/CAB-eef74fd268416650bc6761f5bc400b90/7867767963925115843/acl-database-bulk.bin
51c0e7fcd3c2a5181a2ee9a931aa73d32e3b10bfdbe0354b46b7b2fe8d6b63f6,14748,animations/scalar-recovered/full-source/600607555/CAB-eef74fd268416650bc6761f5bc400b90/7867767963925115843/native-object.raw
213343fe7b7f574a04b38b7fe80dd794fe20f4bdfa4989a212fb79e892d9fce3,334,animations/scalar-recovered/full-source/600607555/CAB-eef74fd268416650bc6761f5bc400b90/7867767963925115843/streaming-info.json
4420e37be3920542db4cd252d44fd1df6ef1d95f874d23c999d6b1916cc5d31c,116553,animations/scalar-recovered/full-source/600607555/CAB-f4070d60bd0ad4e5318fdb3bc3d61aa0/872245757569127759/Avatar_Female_Size02_Remielle_PasSeul_Ani_Hit_L_Back.json
4b788bf562d17832b2e5b8b2b03d54b8757fc38e4f4e9ae75cd00492f70c8670,10824,animations/scalar-recovered/full-source/600607555/CAB-f4070d60bd0ad4e5318fdb3bc3d61aa0/872245757569127759/acl-database-bulk.bin
34a81e3690e6d42b9d207b1c5ba5bd9e3f056f7234aaedd2bcf0e44789b45a24,22852,animations/scalar-recovered/full-source/600607555/CAB-f4070d60bd0ad4e5318fdb3bc3d61aa0/872245757569127759/native-object.raw
a59d0c22569716af46f2aff7c74f063986ee14b6ffde1d344d1dc157650a94d2,335,animations/scalar-recovered/full-source/600607555/CAB-f4070d60bd0ad4e5318fdb3bc3d61aa0/872245757569127759/streaming-info.json
61c368c3cda469d7161c0a3f78ca39638e2abfd6a1259ad887599ba1bd5ad469,110768,animations/scalar-recovered/full-source/600607555/CAB-f4a3f83ab0cb0702bc035741fc6d2ff7/-1364113444982927454/Avatar_Female_Size02_Remielle_PasSeul_Ani_Attack_ChangeState.json
abff593e39fc8b582a2b15e23f901e90930769d60ee9b9bb92813562bf8674bd,7973,animations/scalar-recovered/full-source/600607555/CAB-f4a3f83ab0cb0702bc035741fc6d2ff7/-1364113444982927454/acl-database-bulk.bin
9bf2c2fac6cb443a09e17fc097d9c303b1e585e7da08166c5a5299782a2d8147,18476,animations/scalar-recovered/full-source/600607555/CAB-f4a3f83ab0cb0702bc035741fc6d2ff7/-1364113444982927454/native-object.raw
ec5a6e725fa86fc00eb44e732e400491f783f3560b85ef983ec69eb4e08a3c9e,334,animations/scalar-recovered/full-source/600607555/CAB-f4a3f83ab0cb0702bc035741fc6d2ff7/-1364113444982927454/streaming-info.json
d496e9b8ccf7537ded5045d2b609a2c2cbaa9ddbdaca89dc66462dc110e89746,123834,animations/scalar-recovered/full-source/600607555/CAB-f5b48814f167ff0fc72acff4306a503e/-1865946034244102170/Avatar_Female_Size02_Remielle_PasSeul_Ani_Skill02_AirState_Front.json
757cd9c1109fcda4855b1dd126f1bfe4c6a88c9cb68f996560e9de86ef03d315,13473,animations/scalar-recovered/full-source/600607555/CAB-f5b48814f167ff0fc72acff4306a503e/-1865946034244102170/acl-database-bulk.bin
70c56992514d4be0f2fbe3aecce94e5e5cb7f5480f68ef9e9bf19fcc7cbea1f4,28288,animations/scalar-recovered/full-source/600607555/CAB-f5b48814f167ff0fc72acff4306a503e/-1865946034244102170/native-object.raw
dc3ae84daad38ae17b9a1a7d7719f928f34e4f036b1d1170b8d5b05e75f32e4e,335,animations/scalar-recovered/full-source/600607555/CAB-f5b48814f167ff0fc72acff4306a503e/-1865946034244102170/streaming-info.json
333a5054913b3551456461355cbf82fb3217f5422d678eff344b18252950d1e8,17852,animations/scalar-recovered/full-source/666175487/CAB-a9241bab0980321f96f6426f12adb57b/-5826758644050304125/Avatar_Female_Size02_Remielle_Origin_Default_Ani_MC_Stand_TouchingPose.json
fa0e8984d53ee5ad099ddd8b108507bf187baa203a42c4bbd6078cfe2b5dee3e,47,animations/scalar-recovered/full-source/666175487/CAB-a9241bab0980321f96f6426f12adb57b/-5826758644050304125/acl-database-bulk.bin
de73baf22929b93dac9abe76c2a2c97d01347b5c64a28a6813708a3b47a3f864,2588,animations/scalar-recovered/full-source/666175487/CAB-a9241bab0980321f96f6426f12adb57b/-5826758644050304125/native-object.raw
40b48fd7f45659c97987990fe276189cbbdb0b093aedf8de9de3e8af3e7630e6,331,animations/scalar-recovered/full-source/666175487/CAB-a9241bab0980321f96f6426f12adb57b/-5826758644050304125/streaming-info.json
9375b5ddb1fbe807216bb5bcd1a992b47e2d32ff727b39e4dff386c5063d7534,767918,animations/scalar-recovered/full-source/666175487/CAB-a9241bab0980321f96f6426f12adb57b/-663445028083566834/Avatar_Female_Size02_Remielle_Origin_Ani_MC_Stand_TouchingPose.json
68c54171ed61d58f2b69cd8f51d4536f8aa37b56ea712567a1652f69296dc078,67,animations/scalar-recovered/full-source/666175487/CAB-a9241bab0980321f96f6426f12adb57b/-663445028083566834/acl-database-bulk.bin
96f6464b1bbe937efb04a225ec66adaa6152499ebcf8b9dbed946d5aa772f7b8,70240,animations/scalar-recovered/full-source/666175487/CAB-a9241bab0980321f96f6426f12adb57b/-663445028083566834/native-object.raw
eab33ceb30eea8240f6fbfbb3c6ec8ad9268fd3a95518e35ef265ef56ebf04da,333,animations/scalar-recovered/full-source/666175487/CAB-a9241bab0980321f96f6426f12adb57b/-663445028083566834/streaming-info.json
4383e090c8bf4938e0f8b67aea292161f0cc0ffe4171b03bc64e87ed2d280bc4,121641,animations/scalar-recovered/full-source/666175487/CAB-d165498d011e758b4b433f69e2c1e41b/5044068262566936292/Avatar_Female_Size02_Remielle_Origin_Default_Ani_MC_Stand_LookingPose.json
3d9460656f07ffb11fb30e163180be971e62f80a219fe4548b7a1142eabfc965,47,animations/scalar-recovered/full-source/666175487/CAB-d165498d011e758b4b433f69e2c1e41b/5044068262566936292/acl-database-bulk.bin
7fbe69dac9330d85c5cd045d01e4a63812b31db209fde52dbcbd80fa38791245,11956,animations/scalar-recovered/full-source/666175487/CAB-d165498d011e758b4b433f69e2c1e41b/5044068262566936292/native-object.raw
2459ffe3dc67222cd0476c67b5f0a13cfc5680418ad54814db409d231ec0bc2d,332,animations/scalar-recovered/full-source/666175487/CAB-d165498d011e758b4b433f69e2c1e41b/5044068262566936292/streaming-info.json
3db4a9bcf9b24553e2116dc27f2f6da6d6cdd186b80c2eb04ad7c02a8dd70c40,845015,animations/scalar-recovered/full-source/666175487/CAB-d165498d011e758b4b433f69e2c1e41b/5538955482570295788/Avatar_Female_Size02_Remielle_Origin_Ani_MC_Stand_LookingPose.json
e9c68e85873514f5883838622c5e692d3f4894a2111ae9088c8cde297ad3ee3e,67,animations/scalar-recovered/full-source/666175487/CAB-d165498d011e758b4b433f69e2c1e41b/5538955482570295788/acl-database-bulk.bin
8501cf7d167bbe05663aa733db31b4e39b83fccc77c9a1d8f15f0077d0208587,77224,animations/scalar-recovered/full-source/666175487/CAB-d165498d011e758b4b433f69e2c1e41b/5538955482570295788/native-object.raw
ba50c4bb1df01857f57b3e9ec350fd72a12a6e9f6c3cef7e31dcc7366eeeac32,333,animations/scalar-recovered/full-source/666175487/CAB-d165498d011e758b4b433f69e2c1e41b/5538955482570295788/streaming-info.json
856cc97116c62d68cb44721bb2309a5b73fda66b55c775db20246ffdb030b3b8,767344,animations/scalar-recovered/full-source/666175487/CAB-e6f753bf1eb06603f5476f27b173c082/-8386307440703630106/Avatar_Female_Size02_Remielle_Origin_Ani_MC_Stand_StandingPose.json
4a169a3cb659b7430d6cdd13ed82691955dfb8758750f6d58334177d10d5b01e,67,animations/scalar-recovered/full-source/666175487/CAB-e6f753bf1eb06603f5476f27b173c082/-8386307440703630106/acl-database-bulk.bin
66025c5ce4a9068b55198d74025f696e4349d7c43eebeb3eef02b7e228cf180a,70156,animations/scalar-recovered/full-source/666175487/CAB-e6f753bf1eb06603f5476f27b173c082/-8386307440703630106/native-object.raw
624bcc182ed6dfe8394154a08abfc0fddd8941f680cf76f2f72484f66538c2d3,332,animations/scalar-recovered/full-source/666175487/CAB-e6f753bf1eb06603f5476f27b173c082/-8386307440703630106/streaming-info.json
7e14053d9e8e4c5552eb052607c76bdb22909f0295e51af6fc92525e8a97d38f,17852,animations/scalar-recovered/full-source/666175487/CAB-e6f753bf1eb06603f5476f27b173c082/6883306053484340476/Avatar_Female_Size02_Remielle_Origin_Default_Ani_MC_Stand_StandingPose.json
fa0e8984d53ee5ad099ddd8b108507bf187baa203a42c4bbd6078cfe2b5dee3e,47,animations/scalar-recovered/full-source/666175487/CAB-e6f753bf1eb06603f5476f27b173c082/6883306053484340476/acl-database-bulk.bin
ade6a35b34a0d286549cfe00611258dc41229ac5a1fc92c0db36b183e2c83a28,2588,animations/scalar-recovered/full-source/666175487/CAB-e6f753bf1eb06603f5476f27b173c082/6883306053484340476/native-object.raw
4db5e3b512a44c97bdb76ece0507c17cd9a7e54796b793b9cabdd364411d3516,332,animations/scalar-recovered/full-source/666175487/CAB-e6f753bf1eb06603f5476f27b173c082/6883306053484340476/streaming-info.json
a17b207d2d1086fb02d6fa4a10f9c9b12b524119e1abac60e6cbc29098d46033,972651,animations/scalar-recovered/full-source/688857604/CAB-0420a2cf9421fc6637dbefcfd5e2f378/-749745014657950354/Avatar_Female_Size02_Remielle_Origin_Ani_UI_S2toE.json
7ef017ac72afc005a17f6b083cec957965b87e6d2bd919617b020bb064d438dc,217806,animations/scalar-recovered/full-source/688857604/CAB-0420a2cf9421fc6637dbefcfd5e2f378/-749745014657950354/acl-database-bulk.bin
673cd951afc65d78870e9ac1e19ca6300fcd781e7cc29044e17df03ef2de2b36,161756,animations/scalar-recovered/full-source/688857604/CAB-0420a2cf9421fc6637dbefcfd5e2f378/-749745014657950354/native-object.raw
82455f18b4eafecbedc8ed1d0747703ff2b5588722a7f7477afb286644bae217,337,animations/scalar-recovered/full-source/688857604/CAB-0420a2cf9421fc6637dbefcfd5e2f378/-749745014657950354/streaming-info.json
bde6245d45a2a150560176d5ec71820c7b65e820307ad6e024231996a2569af1,203814,animations/scalar-recovered/full-source/688857604/CAB-0420a2cf9421fc6637dbefcfd5e2f378/8641581539995145310/Avatar_Female_Size02_Remielle_Origin_Default_Ani_UI_S2toE.json
eb7b3065dde70e9424ac130803907305869c6b9464528fe75f927bff64ae7c04,30639,animations/scalar-recovered/full-source/688857604/CAB-0420a2cf9421fc6637dbefcfd5e2f378/8641581539995145310/acl-database-bulk.bin
c2520b4728ea0f8ce47a19000a3df6b4fbe8ae2dbbfb92a67bcb2f7b61ef0cd2,48208,animations/scalar-recovered/full-source/688857604/CAB-0420a2cf9421fc6637dbefcfd5e2f378/8641581539995145310/native-object.raw
a4e77b73444780d8be75e88bf10b131a6371abed709d7addc9c677137968b071,340,animations/scalar-recovered/full-source/688857604/CAB-0420a2cf9421fc6637dbefcfd5e2f378/8641581539995145310/streaming-info.json
00976f5c9a09e15133a84e049ae8e543ee9ba72afad9f709829a31a0337b6da9,971573,animations/scalar-recovered/full-source/688857604/CAB-196673d3a8261e8d6f3d40dd8671fe6d/1493186699832253526/Avatar_Female_Size02_Remielle_Origin_Ani_UI_EtoS2.json
57068da274f1455186a2ddf3cf5c8ed3ac1ec33ca6a63b71ed47424439bcb87f,215402,animations/scalar-recovered/full-source/688857604/CAB-196673d3a8261e8d6f3d40dd8671fe6d/1493186699832253526/acl-database-bulk.bin
8ba4157d1a7bbebeb1b2c739b27a1e3bfe486792aba6736918a8e5d6872c64c0,161300,animations/scalar-recovered/full-source/688857604/CAB-196673d3a8261e8d6f3d40dd8671fe6d/1493186699832253526/native-object.raw
c80531d73d142b34efd0a151f7d166e47af3e72aa2e9adf34beac2dff0e5eb95,337,animations/scalar-recovered/full-source/688857604/CAB-196673d3a8261e8d6f3d40dd8671fe6d/1493186699832253526/streaming-info.json
cd7db033b7838f543ab0b49010a35633b1acfc87fa2a73d92b321920d51ea4d1,204314,animations/scalar-recovered/full-source/688857604/CAB-196673d3a8261e8d6f3d40dd8671fe6d/6583524813328223737/Avatar_Female_Size02_Remielle_Origin_Default_Ani_UI_EtoS2.json
84b0232a0de0ba28a930bdf63fdc9aa20c1c8c6b051b54c74c87f3dbd00eadb2,33116,animations/scalar-recovered/full-source/688857604/CAB-196673d3a8261e8d6f3d40dd8671fe6d/6583524813328223737/acl-database-bulk.bin
61bf3e2196360276de99a32e1b630e6114fbb0cae7ddbd5c0eb80a1cf9b1ded3,48608,animations/scalar-recovered/full-source/688857604/CAB-196673d3a8261e8d6f3d40dd8671fe6d/6583524813328223737/native-object.raw
d077c01f2030ef88103a12f3ed0edd85695e28ff4b4dafc5293e8c2e795c1e1b,340,animations/scalar-recovered/full-source/688857604/CAB-196673d3a8261e8d6f3d40dd8671fe6d/6583524813328223737/streaming-info.json
f475fef686e05b831a9c4eed4b7869bde923317aef444e4e05b6b61542f8ddf4,221099,animations/scalar-recovered/full-source/688857604/CAB-28eb1bd05c8f08451827d774a9983ec7/-2854873065606486302/Avatar_Female_Size02_Remielle_Origin_Default_Ani_MC_Stand_Think_Loop.json
1385b535190543ef86fc892d7a12d11c468b63cc2f187404fad7dffcd50901a6,46373,animations/scalar-recovered/full-source/688857604/CAB-28eb1bd05c8f08451827d774a9983ec7/-2854873065606486302/acl-database-bulk.bin
4888e5b64e19307826d2c0acde39bf2b73d1dc1bc0cc604369e328f711f4308e,61336,animations/scalar-recovered/full-source/688857604/CAB-28eb1bd05c8f08451827d774a9983ec7/-2854873065606486302/native-object.raw
6798ee9279dc077f88575297421585886ff86eee187c68eef62e0bab22ee3edc,335,animations/scalar-recovered/full-source/688857604/CAB-28eb1bd05c8f08451827d774a9983ec7/-2854873065606486302/streaming-info.json
2d27f5a31b3f7e151ce3600c687c769bd9df950a6a065149343ef5a1bbda7672,1013848,animations/scalar-recovered/full-source/688857604/CAB-28eb1bd05c8f08451827d774a9983ec7/6107497321571588808/Avatar_Female_Size02_Remielle_Origin_Ani_MC_Stand_Think_Loop.json
5b9f32515a6ebf1209f0f84f7b8835473f6438445a30840e571eb9f4dd8e6b6d,355551,animations/scalar-recovered/full-source/688857604/CAB-28eb1bd05c8f08451827d774a9983ec7/6107497321571588808/acl-database-bulk.bin
e47ca6ceb8de4eac8950c54c88fdf148e376822b162c65b1b91cb4221ba5525a,199536,animations/scalar-recovered/full-source/688857604/CAB-28eb1bd05c8f08451827d774a9983ec7/6107497321571588808/native-object.raw
d3cf4c8acef18ce21d95b8aca56305231b06e3bbc32b04083d9812e0899f285e,341,animations/scalar-recovered/full-source/688857604/CAB-28eb1bd05c8f08451827d774a9983ec7/6107497321571588808/streaming-info.json
24ff30a9b7894be2a049230500f26defa5dd68c07627f20858787bddd5008b9e,946208,animations/scalar-recovered/full-source/688857604/CAB-2d6716ee44e0cc9c4e82f31d18471b5e/-2943091409813890838/Avatar_Female_Size02_Remielle_Origin_Ani_MC_Run_Start_End.json
05f775bf94eeed52fb2fdbb257c7ccf0218558d1f99113421ce70d95fb30498f,212073,animations/scalar-recovered/full-source/688857604/CAB-2d6716ee44e0cc9c4e82f31d18471b5e/-2943091409813890838/acl-database-bulk.bin
a8528be41156c82360857863c141ca93536fc2a57860c2b35a1b92d64265a2b3,145820,animations/scalar-recovered/full-source/688857604/CAB-2d6716ee44e0cc9c4e82f31d18471b5e/-2943091409813890838/native-object.raw
18f2ebbe99d86d97d557c1c9c010b3f2f6f47d99d0ea62f1ef57f83231ce4d2c,337,animations/scalar-recovered/full-source/688857604/CAB-2d6716ee44e0cc9c4e82f31d18471b5e/-2943091409813890838/streaming-info.json
9e2b6425672823a5ede02169fc308da4beea07d82a86d69bcbe577de7547c9e7,201207,animations/scalar-recovered/full-source/688857604/CAB-2d6716ee44e0cc9c4e82f31d18471b5e/5398068560509781131/Avatar_Female_Size02_Remielle_Origin_Default_Ani_MC_Run_Start_End.json
020e99257985987e91e476276fb11068d8f36e404a4546a7b524b235b3827f98,29181,animations/scalar-recovered/full-source/688857604/CAB-2d6716ee44e0cc9c4e82f31d18471b5e/5398068560509781131/acl-database-bulk.bin
7599eb6f1a8dc7af848ebf6e8456bf2a8b1a42115f3cb23ec0c8bad5cfaf0f1b,46376,animations/scalar-recovered/full-source/688857604/CAB-2d6716ee44e0cc9c4e82f31d18471b5e/5398068560509781131/native-object.raw
919a99407403502cd01acc38f6b158d3bdc6b102aae51e342a8634b88b162ffa,340,animations/scalar-recovered/full-source/688857604/CAB-2d6716ee44e0cc9c4e82f31d18471b5e/5398068560509781131/streaming-info.json
89e076019c4028421c0a0c66eff9748d56cb08747d61575e5f51eb6c07fa3c21,1034341,animations/scalar-recovered/full-source/688857604/CAB-4d31a0cc18243e656b92b796e41a94c0/-5674996729635622394/Avatar_Female_Size02_Remielle_Origin_Ani_MC_Stand_Idle01_Loop.json
ce23f73c635d66d7b92344474bfed8525ae3c135d04ba99ea44e979457bbaf77,395361,animations/scalar-recovered/full-source/688857604/CAB-4d31a0cc18243e656b92b796e41a94c0/-5674996729635622394/acl-database-bulk.bin
600c0a58cd0f0296e524ef3de532d5058f963eb46bb99c2e10c47169ed5cd74b,215548,animations/scalar-recovered/full-source/688857604/CAB-4d31a0cc18243e656b92b796e41a94c0/-5674996729635622394/native-object.raw
0055e54225c27d51685bf08cd18e03bade1e290a7ad65f9c4c5b64e7a22b7a86,337,animations/scalar-recovered/full-source/688857604/CAB-4d31a0cc18243e656b92b796e41a94c0/-5674996729635622394/streaming-info.json
0134dfaa94a4a798d5e3c9667464fab970d0159f95f498c02e97e6875a933883,230634,animations/scalar-recovered/full-source/688857604/CAB-4d31a0cc18243e656b92b796e41a94c0/3060573428898120933/Avatar_Female_Size02_Remielle_Origin_Default_Ani_MC_Stand_Idle01_Loop.json
df35633bdb52150ef9e7edd2b030c16203cf67c5916c7905d3da929b308e7a2d,54374,animations/scalar-recovered/full-source/688857604/CAB-4d31a0cc18243e656b92b796e41a94c0/3060573428898120933/acl-database-bulk.bin
c5b1c02234c110118d39b1e3d69372f98588e617713cfb53c5bef6f1a770f79b,68508,animations/scalar-recovered/full-source/688857604/CAB-4d31a0cc18243e656b92b796e41a94c0/3060573428898120933/native-object.raw
2c689c8658449c2240415885ea56ac49dcbacf189f6a601597f21586750f6016,340,animations/scalar-recovered/full-source/688857604/CAB-4d31a0cc18243e656b92b796e41a94c0/3060573428898120933/streaming-info.json
afece3e3fc314aac82d201db867c2d327172cb77b2b4278b5e461fa7714662c2,192736,animations/scalar-recovered/full-source/688857604/CAB-5fa60fbae47069ddd965faecae89371f/-7726258737048939600/Avatar_Female_Size02_Remielle_Origin_Default_Ani_MC_Run_Start.json
f8c3db3890eeb57aa42ccdba310e6c501a83fad7da6975dcde566723681b488b,25930,animations/scalar-recovered/full-source/688857604/CAB-5fa60fbae47069ddd965faecae89371f/-7726258737048939600/acl-database-bulk.bin
e34c94c4b1e03537f0b87cd8972886c276d36725cbc8a7155d38ffd0ced7fd2b,39652,animations/scalar-recovered/full-source/688857604/CAB-5fa60fbae47069ddd965faecae89371f/-7726258737048939600/native-object.raw
d210f7cabc8ad55483c32b2ba80cc3c22552b6209c5e4b8efb8b07d3b4b01d26,335,animations/scalar-recovered/full-source/688857604/CAB-5fa60fbae47069ddd965faecae89371f/-7726258737048939600/streaming-info.json
092e3c0cf8be487b9c283dcdea228782920e42284927434b317e6a2add335856,935180,animations/scalar-recovered/full-source/688857604/CAB-5fa60fbae47069ddd965faecae89371f/7034018613371007621/Avatar_Female_Size02_Remielle_Origin_Ani_MC_Run_Start.json
e18d913a9e7713e39462c490298455c33d1a4f5b8e74166ac0c592bb9af5140c,175300,animations/scalar-recovered/full-source/688857604/CAB-5fa60fbae47069ddd965faecae89371f/7034018613371007621/acl-database-bulk.bin
d33dfb00743724b3cc7bc8fcb47a1b4fc1e3ea4ac1e16b12611afa7d772f3765,136184,animations/scalar-recovered/full-source/688857604/CAB-5fa60fbae47069ddd965faecae89371f/7034018613371007621/native-object.raw
886d621529280af9cb4a66fef5f6b52fd027e1a8c63b5187dadceae278c25bc3,341,animations/scalar-recovered/full-source/688857604/CAB-5fa60fbae47069ddd965faecae89371f/7034018613371007621/streaming-info.json
93889d795e9e9d0857bfe27ebee1deada0ef5c21579daf05eb3432b924f684bd,273047,animations/scalar-recovered/full-source/688857604/CAB-927cb61f019f86386f26de289b0c80d2/-8492613319132631384/Avatar_Female_Size02_Remielle_Origin_Default_Ani_UI_MainPage_01.json
0057330441c7568276b9ff3c4e1201f6c13b57ef4fe67d7e727ea5267bf117f1,88683,animations/scalar-recovered/full-source/688857604/CAB-927cb61f019f86386f26de289b0c80d2/-8492613319132631384/acl-database-bulk.bin
3e0c955450179d3338cbe2839bd087214584e63440ec5468b7c75fb7b8323ac5,100772,animations/scalar-recovered/full-source/688857604/CAB-927cb61f019f86386f26de289b0c80d2/-8492613319132631384/native-object.raw
2baeb5adb19b44cc5ea36b0f76e2bdac60ce998c89b3461a70bf6037fc9ddf0a,336,animations/scalar-recovered/full-source/688857604/CAB-927cb61f019f86386f26de289b0c80d2/-8492613319132631384/streaming-info.json
f17dee45b9ea16f404ee04b7368bf6cddb29880fefb4a91617adc544d8bea259,1089867,animations/scalar-recovered/full-source/688857604/CAB-927cb61f019f86386f26de289b0c80d2/6370634618021253365/Avatar_Female_Size02_Remielle_Origin_Ani_UI_MainPage_01.json
5e4eb93190f239ea4e8ac6e33074a8d9906879c046b5729e133334b02a28059a,527008,animations/scalar-recovered/full-source/688857604/CAB-927cb61f019f86386f26de289b0c80d2/6370634618021253365/acl-database-bulk.bin
65eb807375f9a393ba5740df442fcde5677bb5d96d8710ce64463a0e4badb09c,256856,animations/scalar-recovered/full-source/688857604/CAB-927cb61f019f86386f26de289b0c80d2/6370634618021253365/native-object.raw
a62166e04f62b38e12b826f97401db212ba8773507dc068454a4cb7ccc67511b,341,animations/scalar-recovered/full-source/688857604/CAB-927cb61f019f86386f26de289b0c80d2/6370634618021253365/streaming-info.json
a885f40d9537e6893c1a2243ce56acf47030be9456dd66fb3cc18ef586d7ea83,201768,animations/scalar-recovered/full-source/688857604/CAB-fe62c01e4f3d84db1f8da3988ac5bda9/-2033928463246329224/Avatar_Female_Size02_Remielle_Origin_Default_Ani_Gacha_Loop_02.json
8818649d63aa800ab4c835517c53650d425a9243cf275c79bc8ed213441cd636,32007,animations/scalar-recovered/full-source/688857604/CAB-fe62c01e4f3d84db1f8da3988ac5bda9/-2033928463246329224/acl-database-bulk.bin
25fe59b78305e15ec1b24af6c1b27a6cc7fca8b0951fc0e4c2d2cde66aab7067,46916,animations/scalar-recovered/full-source/688857604/CAB-fe62c01e4f3d84db1f8da3988ac5bda9/-2033928463246329224/native-object.raw
ab7007610535a05c6e94a3c4a9b30bcb50e6aae1185d3405f9bdca343a1da233,335,animations/scalar-recovered/full-source/688857604/CAB-fe62c01e4f3d84db1f8da3988ac5bda9/-2033928463246329224/streaming-info.json
c0e1ac97098e5caea81b082d5972a4bd9d0bbe9e4307565cd3d5bfccdb847114,971635,animations/scalar-recovered/full-source/688857604/CAB-fe62c01e4f3d84db1f8da3988ac5bda9/8065264095570095513/Avatar_Female_Size02_Remielle_Origin_Ani_Gacha_Loop_02.json
1afab4599946621a1f2db3d120d7d2bc35537fa8a0fd652d0e470ca58273a8b2,243666,animations/scalar-recovered/full-source/688857604/CAB-fe62c01e4f3d84db1f8da3988ac5bda9/8065264095570095513/acl-database-bulk.bin
5a1d177c98cbbfe07e2f846cdc2c253408dd2115624201a14f28879b1b3c5869,165856,animations/scalar-recovered/full-source/688857604/CAB-fe62c01e4f3d84db1f8da3988ac5bda9/8065264095570095513/native-object.raw
068e90f1a011f857a674e6b68a9031a919436201b3a9951d362155bdf56e4167,341,animations/scalar-recovered/full-source/688857604/CAB-fe62c01e4f3d84db1f8da3988ac5bda9/8065264095570095513/streaming-info.json
a6da72315e4a354582bb37d03269f2524730c6f1a429e1c27042a666d8b92e4c,1137328,animations/scalar-recovered/full-source/743950099/CAB-0307c26d10e901a6c57b4193e3c645f4/-3969743430469522361/Avatar_Female_Size02_Remielle_Origin_Ani_AC_Boost_R_Loop.json
84622b27803deabf048c3a68e28146f3396a1d904c6e88ccf1c9ae99dfb4484f,316380,animations/scalar-recovered/full-source/743950099/CAB-0307c26d10e901a6c57b4193e3c645f4/-3969743430469522361/acl-database-bulk.bin
9cc79ca311735622337e15c99e310eb46faf4286ffe419bb24f257cf6963a077,194116,animations/scalar-recovered/full-source/743950099/CAB-0307c26d10e901a6c57b4193e3c645f4/-3969743430469522361/native-object.raw
ad502dca78d716ddc6478aede193ecf42e16e39f7f4ade34e15d258b13717513,337,animations/scalar-recovered/full-source/743950099/CAB-0307c26d10e901a6c57b4193e3c645f4/-3969743430469522361/streaming-info.json
eecf9b12370dafd5f42862d7285ba3d984d50c828ba7576252c178ac88b6acfb,1137580,animations/scalar-recovered/full-source/743950099/CAB-28cd8551a043aa1fec927e1c6a4fd764/-1831461666187654718/Avatar_Female_Size02_Remielle_Origin_Ani_AC_Boost_L_Loop.json
6273d885e06c2ee3f5a0574691bde330f621b522f9e121b9d46fc9f3257ecbfb,316455,animations/scalar-recovered/full-source/743950099/CAB-28cd8551a043aa1fec927e1c6a4fd764/-1831461666187654718/acl-database-bulk.bin
2865b25a69426c7eaa1a0b0c6fbcb386066ded38c82373459edac6c5168f9966,194116,animations/scalar-recovered/full-source/743950099/CAB-28cd8551a043aa1fec927e1c6a4fd764/-1831461666187654718/native-object.raw
b2c9891e714e34507332a4a8aa6999feabb851f0c0f206ad4905d44663200a8c,337,animations/scalar-recovered/full-source/743950099/CAB-28cd8551a043aa1fec927e1c6a4fd764/-1831461666187654718/streaming-info.json
42031977ebe32dd302cf7b3951450f63e27d3c60f4ba62d76e551180d1d6e91a,1449374,animations/scalar-recovered/full-source/743950099/CAB-900f8ec88976c3b104319c364aa90e19/1119873529688951936/Avatar_Female_Size02_Remielle_Origin_Ani_AC_Hit_B_R.json
cb3974721db5532d69c9e2754afbe20d7475fc669943e55e0747803f814d9960,422845,animations/scalar-recovered/full-source/743950099/CAB-900f8ec88976c3b104319c364aa90e19/1119873529688951936/acl-database-bulk.bin
4841de5bc37e8488bb558b2639bc5631f132c8d247726f7447cef19bc18b59d3,262368,animations/scalar-recovered/full-source/743950099/CAB-900f8ec88976c3b104319c364aa90e19/1119873529688951936/native-object.raw
afb17467086d644292d412f75f45525b6cf56c1c4f7da4539b3c657121a4657f,337,animations/scalar-recovered/full-source/743950099/CAB-900f8ec88976c3b104319c364aa90e19/1119873529688951936/streaming-info.json
f4b68816868ff32ef8077026a07ab0c3a392b79e9ac1384b9440f1b52a4ec994,1389645,animations/scalar-recovered/full-source/743950099/CAB-b8afba1667e538ea1c728929cf16fca6/5893225612305477988/Avatar_Female_Size02_Remielle_Origin_Ani_AC_Boost_Start.json
1e5a65983c9f766a9f1b1a36c9956ad5008f84ff43d70058091ea6d2f3768263,383469,animations/scalar-recovered/full-source/743950099/CAB-b8afba1667e538ea1c728929cf16fca6/5893225612305477988/acl-database-bulk.bin
ef05f848abcf89278d4c09f748ef260b8c69b478ffcc71ed2c511abfc73bfdf1,235324,animations/scalar-recovered/full-source/743950099/CAB-b8afba1667e538ea1c728929cf16fca6/5893225612305477988/native-object.raw
e96c29cea95c32f42997ef75f9452b9c9a8fb11d5ddc938f61f0d5b0d5c9c907,337,animations/scalar-recovered/full-source/743950099/CAB-b8afba1667e538ea1c728929cf16fca6/5893225612305477988/streaming-info.json
627c74f4e0c03f0adb2c8449eebfc5a54f7608a699b6408b20145e033a065a04,1389595,animations/scalar-recovered/full-source/743950099/CAB-c0e684251a2941fec6d5f78b550e42e6/8626172897604399891/Avatar_Female_Size02_Remielle_Origin_Ani_AC_Boost_L_Start.json
9f6650e68dd02a59b98120deb9cff78ac33fc18e0a368f6a28c382e439e2cf1b,381504,animations/scalar-recovered/full-source/743950099/CAB-c0e684251a2941fec6d5f78b550e42e6/8626172897604399891/acl-database-bulk.bin
5adc4184de37690da43f9ce09c83b300ad2cfaec4f7302a862bd52400776f851,235168,animations/scalar-recovered/full-source/743950099/CAB-c0e684251a2941fec6d5f78b550e42e6/8626172897604399891/native-object.raw
c50ed77373488e7aa5123c28944b0101d768c0d60ef895d4f6c3b25e51eb5892,337,animations/scalar-recovered/full-source/743950099/CAB-c0e684251a2941fec6d5f78b550e42e6/8626172897604399891/streaming-info.json
3b2f080aeeec3b18484bdb5419198fd0ca2ea168765d6b078df678b24b392c3e,1185706,animations/scalar-recovered/full-source/743950099/CAB-ec8c49dc537a403fdaecdcd7224055ef/2575081414563872535/Avatar_Female_Size02_Remielle_Origin_Ani_AC_Boost_Backflip.json
5eea7403c01605b2f8cb15eab8ff25f410dd9e1eeafff27cb0aa92955a603f2b,418734,animations/scalar-recovered/full-source/743950099/CAB-ec8c49dc537a403fdaecdcd7224055ef/2575081414563872535/acl-database-bulk.bin
9ddeae9fbcefaa2108832481c51420c46d9d753a433d463e307ab3d1dfebbff3,226664,animations/scalar-recovered/full-source/743950099/CAB-ec8c49dc537a403fdaecdcd7224055ef/2575081414563872535/native-object.raw
6d3011f1eaaf73d789bd495e3e471d0951fa0f432ac61cc265c9a855aaef19c5,337,animations/scalar-recovered/full-source/743950099/CAB-ec8c49dc537a403fdaecdcd7224055ef/2575081414563872535/streaming-info.json
f431c3103bd978fb8e357c6e794023c144db57f7c175b5f8104439e490ba41d4,1057089,animations/scalar-recovered/full-source/743950099/CAB-f6e0f945ef7b548c7d383748abea5791/2851850261613305529/Avatar_Female_Size02_Remielle_Origin_Ani_AC_Parry_F_R.json
b5ad213d85a7d3d2dfef58869d7f01559e6f4c2e717a9f9b718b4133ceeaa313,122063,animations/scalar-recovered/full-source/743950099/CAB-f6e0f945ef7b548c7d383748abea5791/2851850261613305529/acl-database-bulk.bin
d2a3020f9777ec431d1382c9cf1dae74bbb29163f96751f8c26edf7d89993e81,130756,animations/scalar-recovered/full-source/743950099/CAB-f6e0f945ef7b548c7d383748abea5791/2851850261613305529/native-object.raw
9e49f981d5fd6e60ea3f361f9f5d6127f004fcd550f400be567b6980bd3196bd,337,animations/scalar-recovered/full-source/743950099/CAB-f6e0f945ef7b548c7d383748abea5791/2851850261613305529/streaming-info.json
2cb33d1465d36aa1d3352555fcc93b977b30383645477316c5c0e11280c6a113,1171223,animations/scalar-recovered/full-source/743950099/CAB-f6e0f945ef7b548c7d383748abea5791/8172080903107082230/Avatar_Female_Size02_Remielle_Origin_Ani_AC_Parry_F_R_End.json
23af5f1963e3beda46ca4f5f4ff83580a9a4f64ae07b4a74bb6e8c1d6c2dc555,367223,animations/scalar-recovered/full-source/743950099/CAB-f6e0f945ef7b548c7d383748abea5791/8172080903107082230/acl-database-bulk.bin
38b0de8b1d3df82d250e41533a44bf75d3e123bf9dba8395f6fca1ab59e96792,217980,animations/scalar-recovered/full-source/743950099/CAB-f6e0f945ef7b548c7d383748abea5791/8172080903107082230/native-object.raw
0edbb5ea06c7c6a7fd3ba6a52147d0c7632b354ba3e986626765166bad2c55da,342,animations/scalar-recovered/full-source/743950099/CAB-f6e0f945ef7b548c7d383748abea5791/8172080903107082230/streaming-info.json
91d43637a6ec693f65b22fdca6b9e416cc3da184a1f0b69921e1fb6a98b21f60,16570,animations/scalar-recovered/full-source/748631265/CAB-0507d44c93ee865629ddd2eadf780ece/8393460245208546331/Eff_RemielleOrigin_Attack_ExQTE_Start_01_Aura.json
fc47185d9ace514587b2e25f534f4811567ef74a3260fbfe57df7fdec7fb8caf,2196,animations/scalar-recovered/full-source/748631265/CAB-0507d44c93ee865629ddd2eadf780ece/8393460245208546331/native-object.raw
2236eb7b52ba08613627e9b76dd7513f6dc536eba9db7c7061b1e53bcd1c5e25,89030,animations/scalar-recovered/full-source/748631265/CAB-05c488d68d24fb1a41e24ad1f8f18d37/-3576463779812647057/Eff_RemielleOrigin_Attack_ExQTE_Start_02_Aura.json
15f230d032e9367afb53252975e22bad4271b2b6bab081a759d1df1ff5ac65d2,7916,animations/scalar-recovered/full-source/748631265/CAB-05c488d68d24fb1a41e24ad1f8f18d37/-3576463779812647057/native-object.raw
dc63f728412377d854226f4165be0a3383b1a0cc3688a742d8c11626a4edde5f,13453,animations/scalar-recovered/full-source/748631265/CAB-161ebb34620a9a32c864799765e09900/810876769388262370/Eff_RemielleOrigin_Attack_ExQTE_30_Trail.json
a2fe16cdf3f65a7984cdc1276396a23241cf736ee9071340db0e3cf63f2e7f8a,1892,animations/scalar-recovered/full-source/748631265/CAB-161ebb34620a9a32c864799765e09900/810876769388262370/native-object.raw
ced2e4a5dbab5f54130bfceaabfa0ee1020dd66813b8b5ab81c0f1f359100c39,26254,animations/scalar-recovered/full-source/748631265/CAB-183a39af38c06247e21e595bb4f6f6ce/-5379901821219294996/Eff_RemielleOrigin_Attack_ExQTE_Start_22_Aura.json
877a100eb9e7e15be58f2b9d0c34ae2bc17f84b834f09e8f3648bb481dfbb739,2760,animations/scalar-recovered/full-source/748631265/CAB-183a39af38c06247e21e595bb4f6f6ce/-5379901821219294996/native-object.raw
7d3daa9bd16c72607249d69a96fabb4ac9aa6a85fbacad891415ac81ff3778fa,21100,animations/scalar-recovered/full-source/748631265/CAB-3517beff286947a9dd02c3c217b7e60f/2091719630621697512/Eff_RemielleOrigin_Attack_ExQTE_15_Trail.json
7c4d61c32731ef4ff751ef1517579fc920a7ed4147906a0b221eeb4a90be2d08,2640,animations/scalar-recovered/full-source/748631265/CAB-3517beff286947a9dd02c3c217b7e60f/2091719630621697512/native-object.raw
a15c981f5a132e932b86a36847fdab734cd00141d8896593d0073025b5589159,120728,animations/scalar-recovered/full-source/748631265/CAB-3fb655b4449bf5ddef40f816fbc1e86f/5214059258134236712/Eff_RemielleOrigin_Attack_Counter_01_Trail.json
8e44136c839f0ba591c3c8ca2fbe496dc9a6c10b02ea416736a89bde74d4ebc5,12032,animations/scalar-recovered/full-source/748631265/CAB-3fb655b4449bf5ddef40f816fbc1e86f/5214059258134236712/native-object.raw
97850b2256817612654a2c5c502fcf270940a5f9c6ca26725ad9be6472a4e0ab,23067,animations/scalar-recovered/full-source/748631265/CAB-43eb7f8b4de6dd62a2989b161b42dc57/-2394530986900238608/Eff_RemielleOrigin_Attack_ExQTE_38_Trail.json
1142a3cb53afd2b1fc4921501bc6d5f506a6c4f3db27b1a1e7a128f0dcacc9d1,2816,animations/scalar-recovered/full-source/748631265/CAB-43eb7f8b4de6dd62a2989b161b42dc57/-2394530986900238608/native-object.raw
e8017d431779970e87e9faf7e48aecbd03f94fae7f77b360539ca06c0c3211b5,21100,animations/scalar-recovered/full-source/748631265/CAB-56563b3145bd82a9228c017eb9383d37/7574005456282231987/Eff_RemielleOrigin_Attack_ExQTE_14_Trail.json
262c114f6890eb9d88678c8c45f499c2c286f27b52c28809622daa6260aedac0,2640,animations/scalar-recovered/full-source/748631265/CAB-56563b3145bd82a9228c017eb9383d37/7574005456282231987/native-object.raw
a31279975494b411c78e428bee29ef968211380f098bfaaeaafe0fb8e5aea8c4,22098,animations/scalar-recovered/full-source/748631265/CAB-829f95a475d3a12f87174ecc7177889d/-1851519967795351097/Eff_RemielleOrigin_Attack_ExQTE_08_Trail.json
bbd089e7af242ec2dc48f5814c3565d54a2447909846b241aaf0d1bd452ca4e9,2736,animations/scalar-recovered/full-source/748631265/CAB-829f95a475d3a12f87174ecc7177889d/-1851519967795351097/native-object.raw
1c840b2783bdc9ad49aba6a2c1769ff7c70df5932ec0335732f7fa7d93ffe8d3,61215,animations/scalar-recovered/full-source/748631265/CAB-a27f3b7892534ed4b661bdda82515c61/-1032840305016315703/Eff_RemielleOrigin_Attack_EXQTE_01_Glow.json
d1042334c5e02dadec59f0a6ab0cc5d299d2029fa3bfda706563de55039fdafb,6424,animations/scalar-recovered/full-source/748631265/CAB-a27f3b7892534ed4b661bdda82515c61/-1032840305016315703/native-object.raw
113f76bdbb41c48b15ddc9cfb396562fdbde4d03c2054f823e1d900bbaf9fd13,23344,animations/scalar-recovered/full-source/748631265/CAB-a983284ac5d2dc5730ff82c9f4f8b7d8/-6863990158037872939/Eff_RemielleOrigin_SwitchIn_Attack_Ex_Start_13_Glow.json
a4048beed36f7c66978d99c97fb122dd33b33c3fc3e5295567f1669dfda75e4f,2812,animations/scalar-recovered/full-source/748631265/CAB-a983284ac5d2dc5730ff82c9f4f8b7d8/-6863990158037872939/native-object.raw
977401c49fd6018bbbec161023fc574a7d5685e61582a3a817acd7bda36707d8,16558,animations/scalar-recovered/full-source/748631265/CAB-ab85498ed9ee19ce2e6a4b4280127f35/-6962481093569282396/Eff_RemielleOrigin_Attack_EXQTE_08_Glow.json
ee33694a7416475583413ff522b4c35f2e5e8f3391696e53bebe620b2ef89002,2188,animations/scalar-recovered/full-source/748631265/CAB-ab85498ed9ee19ce2e6a4b4280127f35/-6962481093569282396/native-object.raw
362014cc930b59cc322973fcfbe1bbb2c49d4e78e0f3068075e92a4a0da45fda,26274,animations/scalar-recovered/full-source/748631265/CAB-dcb6ff94bb095dc852f40483fb88b50a/-2035570354416442693/Eff_RemielleOrigin_Attack_ExQTE_32_Trail.json
4629b274b0ecb19315a3e599a82fd4969d600d775634a76850c125446a9a6728,2996,animations/scalar-recovered/full-source/748631265/CAB-dcb6ff94bb095dc852f40483fb88b50a/-2035570354416442693/native-object.raw
1e32c2a4180534da0b11cbabde7706b703097c378cfca63117115c416ca53a56,33598,animations/scalar-recovered/full-source/748631265/CAB-dd3d4407f43cead2c7cb27b4905c28bb/-3176850696165388956/Eff_RemielleOrigin_Attack_ExQTE_09_Trail.json
b35362475f26071af734f5fb3ea541f3afa92c81c2ec60930b017a7afc995a87,3860,animations/scalar-recovered/full-source/748631265/CAB-dd3d4407f43cead2c7cb27b4905c28bb/-3176850696165388956/native-object.raw
7c80399be8e247d499d645998399cc869c822380db5ae52d9549ae3f269f708a,86319,animations/scalar-recovered/full-source/748631265/CAB-e50d7342ecc8552bfe570ed40a91479a/-6440576457818798202/Eff_RemielleOrigin_SwitchIn_Attack_Ex_Start_03_Glow.json
e94c2710b9133d42139060f79b35a80adb8406354adda74b3ad742741d5054bc,8928,animations/scalar-recovered/full-source/748631265/CAB-e50d7342ecc8552bfe570ed40a91479a/-6440576457818798202/native-object.raw
65d6273aeec87db174fc49d0d52393ef714ab669eeeaf6a56fbed91b2c989995,24987,animations/scalar-recovered/full-source/760203698/CAB-199590ddb2067773d7f0001d791a0a97/1767536476939972933/Eff_RemielleOrigin_Skill01_AirState_Front_01_Trail.json
cf73aa400bfe5c2e2fa2aa4bff615d40607e1a44c2858fcb2510fc015a9b8066,3068,animations/scalar-recovered/full-source/760203698/CAB-199590ddb2067773d7f0001d791a0a97/1767536476939972933/native-object.raw
068193f75a15ae565b015af7c38ce464b11b5db5e112b818ed35e6710baab66f,27152,animations/scalar-recovered/full-source/760203698/CAB-1efe5187a0e15aa469a75876dfd26403/6174194877989737561/Eff_RemielleOrigin_Skill03_AirState_Front_01_Trail.json
5dbd69957b3db615d9d181b09c74cf02362b1136a708e93809ae3168319e8d5b,3288,animations/scalar-recovered/full-source/760203698/CAB-1efe5187a0e15aa469a75876dfd26403/6174194877989737561/native-object.raw
9ad2a0829b74a8bc1ae0cdc0782860ae2ec07a2d27dcde90b6f61cf36f2440ed,1096942,animations/scalar-recovered/full-source/760203698/CAB-2eb2f69c3de9f6d02d2428142b1c31ef/1584512548644244069/Eff_RemielleOrigin_Finish_Ex_AirState_Back_Start_25_Glow.json
f68c406f7e8651daaec4b90d7e387924148a634ba8c3448fd5264dd895db75d5,100076,animations/scalar-recovered/full-source/760203698/CAB-2eb2f69c3de9f6d02d2428142b1c31ef/1584512548644244069/native-object.raw
f0b4da8ad0b964b2a65807d0d969d63dc81ef7e077f347b1d2fb70003fc9d028,13471,animations/scalar-recovered/full-source/760203698/CAB-300406a286d31d289e8d9dd2e7a6c335/-2255783145484329139/Eff_RemielleOrigin_Skill04_AirState_Back_05_Flash.json
ed6282d18e0728920c504d454165feaee54d72f334aa8e9bac7ee4e9a8ddd433,1904,animations/scalar-recovered/full-source/760203698/CAB-300406a286d31d289e8d9dd2e7a6c335/-2255783145484329139/native-object.raw
83997642bd2741b6471c6c487da63de55a3837cc763ec0c3f96b28cafc57aded,39966,animations/scalar-recovered/full-source/760203698/CAB-3b598617e2e6a006c08b9308afc5f1cf/-3596303697635656007/Eff_RemielleOrigin_Finish_Ex_AirState_Back_Start_27_Glow.json
350aeef34f0409bb9487bc3e3aaba2c2bf83368eec843704c6e2290272caefd3,4412,animations/scalar-recovered/full-source/760203698/CAB-3b598617e2e6a006c08b9308afc5f1cf/-3596303697635656007/native-object.raw
cb373379684f7154046cfb01eac8b3c57a2dc43a9c479f35b285795bbae2face,33641,animations/scalar-recovered/full-source/760203698/CAB-47e23e52143094ca972015063978d39c/3930841820908214308/Avatar_Female_Size02_Remielle_Ani_Gacha_Start_羽毛.json
c772c1345a7e55049b3c877e1e2b16e2289061d7535e3f1d6fba38eda8fe2f6f,10040,animations/scalar-recovered/full-source/760203698/CAB-47e23e52143094ca972015063978d39c/3930841820908214308/native-object.raw
0b0272f899e74bf853a9c2a9488b28165e13c1195e543c0f54f2f2226fb32c19,124869,animations/scalar-recovered/full-source/760203698/CAB-5be52f019980f13217745ef16728f914/-8096285292636011474/Eff_RemielleOrigin_Skill02_AirState_Front_06_Weapon.json
317909b3fa1f2daea80f4f36857cceb05bf9f41ac8fcd907c8920bdf595d067c,12372,animations/scalar-recovered/full-source/760203698/CAB-5be52f019980f13217745ef16728f914/-8096285292636011474/native-object.raw
56c16c113f264f0433d5a8a2b30b9f5f5900def5071e825730c85294022ea721,22496,animations/scalar-recovered/full-source/760203698/CAB-689ba3f445f93dc093bf93ba56818e16/-8334938266231792911/Eff_RemielleOrigin_Finish_Ex_AirState_Back_Start_26_Glow.json
f53150ac48b972e86e9c9b7b724d48c5ae486c9d30ad0d16be3c7d117b0dcd01,2664,animations/scalar-recovered/full-source/760203698/CAB-689ba3f445f93dc093bf93ba56818e16/-8334938266231792911/native-object.raw
a1bb616147ae15260920938c8b33bc8179103cd1c2b701cc3a157b94e6b18434,348461,animations/scalar-recovered/full-source/760203698/CAB-730bf060677668d0495c3bce1a5a9409/-1180981532209791411/Eff_RemielleOrigin_Gacha_Start_12_Trail.json
260786cfee876d0f97224653cc1aaf389aa7e471a5b50938f8e377947ea3091a,33508,animations/scalar-recovered/full-source/760203698/CAB-730bf060677668d0495c3bce1a5a9409/-1180981532209791411/native-object.raw
60307a412787e9b8d829663382f5cfa672a45cfa803d1775543f6de3eea9df71,1296347,animations/scalar-recovered/full-source/760203698/CAB-95c27f70069eb70b92bd26ee005251f5/-7319884124182340423/Eff_RemielleOrigin_Finish_Ex_AirState_Back_Start_32_Glow.json
fb29462ecd9e29cf7a1b720c0c35cc7c7cccd6ce5fb4faad879df9c6e42633f1,117680,animations/scalar-recovered/full-source/760203698/CAB-95c27f70069eb70b92bd26ee005251f5/-7319884124182340423/native-object.raw
cd6fd63e1888da9ba9854417e38b1c763d18c94357e211ec45ed0a707d2a8a71,38107,animations/scalar-recovered/full-source/760203698/CAB-a7e7bfb8aeb1c9f1e4b61a0272fe389d/3370131762381616631/Eff_RemielleOrigin_Skill01_AirState_Front_03_Trail.json
089e4aec63b2af535e31068045abbfd665a2c4fbe9f8246649bb257eceee4d05,4384,animations/scalar-recovered/full-source/760203698/CAB-a7e7bfb8aeb1c9f1e4b61a0272fe389d/3370131762381616631/native-object.raw
a541e93840eeda0ea7792b655bc384946297cbea199e3f76e565e9f6cef93d86,19257,animations/scalar-recovered/full-source/760203698/CAB-b928ccb0ee25d8ca365cfb06b23ca806/8297811452953167877/Eff_RemielleOrigin_Finish_Ex_AirState_Back_Start_29_Glow.json
fa1d4010c1efd255197df71c6d1b42ac778668aa79af628818d7df5d9a139061,2480,animations/scalar-recovered/full-source/760203698/CAB-b928ccb0ee25d8ca365cfb06b23ca806/8297811452953167877/native-object.raw
ec0f77ec4d494f14bb15506385b58913f6116d198c80daf183c3c680f0623080,441196,animations/scalar-recovered/full-source/760203698/CAB-c29acf9c10b78e573053e1d1701c938a/3012431295950081486/Eff_RemielleOrigin_Finish_Ex_AirState_Back_Start_33_Glow.json
7a8a08666b41085a48628ed4e5935ade669f46b9816feece0c4612d7cc168719,41552,animations/scalar-recovered/full-source/760203698/CAB-c29acf9c10b78e573053e1d1701c938a/3012431295950081486/native-object.raw
ff62976b53a475fed5067e50e368dbef3afb5d57ba1a34e3fc34a93bb502e203,1288457,animations/scalar-recovered/full-source/760203698/CAB-d5c1e58b97c7b12ca116223b26296e96/-4125393785547237058/Eff_RemielleOrigin_Gacha_Start_10_Trail.json
6761a93dc7e087f578d410445b13954519a2981d347e9e529baf07fc33c9e784,115468,animations/scalar-recovered/full-source/760203698/CAB-d5c1e58b97c7b12ca116223b26296e96/-4125393785547237058/native-object.raw
b32b5691bf2e4f2baa0f97a552b97e2fcc301f55b5c3134ab432231585c86357,389886,animations/scalar-recovered/full-source/760203698/CAB-d9c440c186b827f16cc5e243fe763366/-5415047867519864533/Eff_RemielleOrigin_Finish_Ex_AirState_Back_Start_34_Glow.json
27324f7d5c26b5ea49b3a71b215df89831884256ef01b237b87da4a7028a0035,36748,animations/scalar-recovered/full-source/760203698/CAB-d9c440c186b827f16cc5e243fe763366/-5415047867519864533/native-object.raw
16e50ed4d0f8c793e8365ab0b7d6c92c6bba7ed9b1e8f6a0d22590b877d726eb,24722,animations/scalar-recovered/full-source/760203698/CAB-dfd36030ee0e39d4e91f21db9accc23f/4897817527261312693/Eff_RemielleOrigin_Finish_Ex_AirState_Back_Start_28_Glow.json
5bb1046c6edb1d224e1c93e8f93d3d8a05e008d66d654a2ec4781c19bc1bbc99,3012,animations/scalar-recovered/full-source/760203698/CAB-dfd36030ee0e39d4e91f21db9accc23f/4897817527261312693/native-object.raw
ea7671eaae0070c87652da52a3bc2a755de2738f35e7f1d140a3201ad33db8fd,357347,animations/scalar-recovered/full-source/760203698/CAB-e15a0c48288d8b3dc81748bb9b12181c/1567346303640584405/Eff_RemielleOrigin_Gacha_Start_13_Trail.json
34812dceb65eec260af9488c5825ae6a306ff3d4455a1d476f0f63abf286869f,34328,animations/scalar-recovered/full-source/760203698/CAB-e15a0c48288d8b3dc81748bb9b12181c/1567346303640584405/native-object.raw
2d7eaf6feeb77fab854e0c20ee87bea8eac5a3910c4102a38aab0ae6f50a3eb6,148312,animations/scalar-recovered/full-source/760203698/CAB-e30f1495d676def7150f384183a3435e/-1132240869361224321/Eff_RemielleOrigin_Finish_Ex_AirState_Back_Start_38_Glow.json
a910b9c4b844d3d4627118f3aa01d57a15a7e34d2aeabe8361d7a47fabe03285,14496,animations/scalar-recovered/full-source/760203698/CAB-e30f1495d676def7150f384183a3435e/-1132240869361224321/native-object.raw
41264f115bd750b91154c41db096a4c90abd55f4d721199212bda76b97e8838b,16581,animations/scalar-recovered/full-source/760203698/CAB-e7278f1d66076a2a3049b429588d7fea/6133593371687625691/Eff_RemielleOrigin_Skill05_AirState_Back_06_Flash.json
92afa308f90a196d66bd8b006373af085a5cd81e4f05152b73ad1cdc79400a01,2204,animations/scalar-recovered/full-source/760203698/CAB-e7278f1d66076a2a3049b429588d7fea/6133593371687625691/native-object.raw
c4ffc7f047ebe9efa6b13d9fb70d421f2dce744ee12bdf178ae457bb43ad62a9,18753,animations/scalar-recovered/full-source/760203698/CAB-f352fc8fd02d6a7ec60f8b3dfcbdb689/8500287467771028033/Eff_RemielleOrigin_Skill02_AirState_Back_05_Trail.json
416ff73d5b0ebf99db52d6bdc80be6d1d5edbef79d4f2aedc32cfbce9656e0e1,2416,animations/scalar-recovered/full-source/760203698/CAB-f352fc8fd02d6a7ec60f8b3dfcbdb689/8500287467771028033/native-object.raw
6e93946d1f0a64372a55590db65a8ae8334bff8ef9ef86266d1e8eb157f9ed2b,54105,animations/scalar-recovered/full-source/760203698/CAB-ff260896853ea06fc9074868b37a073d/-8953266966282804744/Eff_RemielleOrigin_Skill04_AirState_Front_01_Trail.json
4553745ee10160bc894998c49260d255899f0b085b6f444636778090017feb85,5820,animations/scalar-recovered/full-source/760203698/CAB-ff260896853ea06fc9074868b37a073d/-8953266966282804744/native-object.raw
3dbbc127caac3e03febbd63cbba0a99bbf62c0029274cb9019626e9703c6162d,27218,animations/scalar-recovered/full-source/760203698/CAB-ffbd22513846388e1ed92a57ff170ec0/-4593306247280313244/Eff_RemielleOrigin_Skill04_AirState_Back_03_Trail.json
6f82ed07ef9728edacc0c1821cb29b1f0a795d0f46b7935a38ce6243fd896d1f,3208,animations/scalar-recovered/full-source/760203698/CAB-ffbd22513846388e1ed92a57ff170ec0/-4593306247280313244/native-object.raw
33ba2200319d1ca8e809ff1954a2ae1a345fb9bcdad75195b5d6584bbda11843,986645,animations/scalar-recovered/full-source/857420442/CAB-062d3958e034d94f1f34094c4ae9283a/7846804033022012985/Avatar_Female_Size02_Remielle_PasSeul_Ani_MC_Beach_Shake.json
a738a7d00bfcb0be06470dfa4e706618c3567650eb591d19b109fb7781468906,51821,animations/scalar-recovered/full-source/857420442/CAB-062d3958e034d94f1f34094c4ae9283a/7846804033022012985/acl-database-bulk.bin
6b10f4b8ff421f355bfbf8a78db7579e6b22d5ce83977db43afe0ba375c8a17e,104180,animations/scalar-recovered/full-source/857420442/CAB-062d3958e034d94f1f34094c4ae9283a/7846804033022012985/native-object.raw
01021ea0410ac0c98ce33553c3c9334d90e45ca2b24ba99ca1469d9c9dd5d27c,336,animations/scalar-recovered/full-source/857420442/CAB-062d3958e034d94f1f34094c4ae9283a/7846804033022012985/streaming-info.json
a9e49df8fd25b60ca367342ae0f8bb154def6e89d54533907fcf98c896dcc085,127047,animations/scalar-recovered/full-source/857420442/CAB-0dfc011dab19d6cf39f86d83d413afe2/-8184528657815807237/Avatar_Female_Size02_Remielle_PasSeul_Ani_MC_Walk_End_02_R.json
ece7a7bbe241086152de241919067b368395725707d59aeb047f2cc4690a6df1,19675,animations/scalar-recovered/full-source/857420442/CAB-0dfc011dab19d6cf39f86d83d413afe2/-8184528657815807237/acl-database-bulk.bin
265320d08f65591f4aa584f035d54dd2ac3cbc6b09db013f6b19ea05d910586a,30620,animations/scalar-recovered/full-source/857420442/CAB-0dfc011dab19d6cf39f86d83d413afe2/-8184528657815807237/native-object.raw
668a806f0fe4a0cf8fa0933d4c6587d60bf5a546d4db5e6a06a1e9858abc82ce,335,animations/scalar-recovered/full-source/857420442/CAB-0dfc011dab19d6cf39f86d83d413afe2/-8184528657815807237/streaming-info.json
8f7c13086e43d4006f5cfc3915d652277a1c8137f72d5acc019726cb62fe78eb,1036396,animations/scalar-recovered/full-source/857420442/CAB-107ca62a6e889f9214141a7dfe440119/-6414773544322857082/Avatar_Female_Size02_Remielle_PasSeul_Ani_MC_Beach_Run_Stop.json
5fcd813c59fe062a8ce7db87c5fd0256b2335662d5163487631c081a02e99ee5,265692,animations/scalar-recovered/full-source/857420442/CAB-107ca62a6e889f9214141a7dfe440119/-6414773544322857082/acl-database-bulk.bin
d1112d1eb93d86a81457d75d4f02b20e5fc7585581f155fce6cbee8f4a59e40e,171016,animations/scalar-recovered/full-source/857420442/CAB-107ca62a6e889f9214141a7dfe440119/-6414773544322857082/native-object.raw
14437f62550f1f49f37b227ba8fe31c4abee5c4e2d9a4254b738c6199b7c4fd1,337,animations/scalar-recovered/full-source/857420442/CAB-107ca62a6e889f9214141a7dfe440119/-6414773544322857082/streaming-info.json
a65916740d0aa4d264be4df7c4c4f4cb38007b4f9da19349f9793be1da8b6539,115421,animations/scalar-recovered/full-source/857420442/CAB-130f8a9d82584111933c3c0c89d71700/-3511414337619192718/Avatar_Female_Size02_Remielle_PasSeul_Ani_MC_RunToWalk.json
5ad7c9e9d6ce4459795a0574ab76059cd72fc46c93f6e3d92fffcf91586579de,13205,animations/scalar-recovered/full-source/857420442/CAB-130f8a9d82584111933c3c0c89d71700/-3511414337619192718/acl-database-bulk.bin
e206f611b30ce4f4b31579e1befb2176734bfe4d5b2c1846832883982afad81e,21960,animations/scalar-recovered/full-source/857420442/CAB-130f8a9d82584111933c3c0c89d71700/-3511414337619192718/native-object.raw
94c5772d763d313af34dc810ec2e62c80d370d58a910562fea063bf243a33cc2,335,animations/scalar-recovered/full-source/857420442/CAB-130f8a9d82584111933c3c0c89d71700/-3511414337619192718/streaming-info.json
d791e92237d71e6273671782074778f33ec3b5972fe9f4fa4e7541bbf95a147a,1020429,animations/scalar-recovered/full-source/857420442/CAB-22dd1fe7556c788b53f1f4525e784d4c/-7911876158808846913/Avatar_Female_Size02_Remielle_PasSeul_Ani_MC_Beach_Idle_Loop.json
6c8772a93c0d430866670223bb5910da66d6010f5092ebd83c4f8c02ac178fb5,193911,animations/scalar-recovered/full-source/857420442/CAB-22dd1fe7556c788b53f1f4525e784d4c/-7911876158808846913/acl-database-bulk.bin
d42a9a9a1c5c2be6bf616ab936da602f95ca176fb4d845d553c79621f2649364,159408,animations/scalar-recovered/full-source/857420442/CAB-22dd1fe7556c788b53f1f4525e784d4c/-7911876158808846913/native-object.raw
b37b9164955cceea9bade4e000f466448a7a69de470cf53ef894d61e39506f2b,337,animations/scalar-recovered/full-source/857420442/CAB-22dd1fe7556c788b53f1f4525e784d4c/-7911876158808846913/streaming-info.json
9e4cec3ca623090121062eb7837813b3fed4421f9ff07e01d2051993a10b2e6f,217670,animations/scalar-recovered/full-source/857420442/CAB-2f6ad309289fee0bf19cf7470de70267/-1245308895446290242/Avatar_Female_Size02_Remielle_PasSeul_Ani_MC_Stand_Photo.json
c2558f307d2252034f202ce5aea031db115ddb9a237caf42fea9da587c8a0b4c,77043,animations/scalar-recovered/full-source/857420442/CAB-2f6ad309289fee0bf19cf7470de70267/-1245308895446290242/acl-database-bulk.bin
f11b22f629e2e167a3266ffd72d4cfbc0c86d952913b73b528494ce7cfcdfb62,98648,animations/scalar-recovered/full-source/857420442/CAB-2f6ad309289fee0bf19cf7470de70267/-1245308895446290242/native-object.raw
4180be4047f5319a70847178dbc4e0fdde38260a4911227b6839bb62bcff6c68,335,animations/scalar-recovered/full-source/857420442/CAB-2f6ad309289fee0bf19cf7470de70267/-1245308895446290242/streaming-info.json
03ca41f42dfbb0bf961aec75031b306e27e377a2c1371cb0f4063ffd32a4c9c6,1000002,animations/scalar-recovered/full-source/857420442/CAB-4422bcfbff5939759061ccba73d1f178/1590318240472557121/Avatar_Female_Size02_Remielle_PasSeul_Ani_MC_Beach_Walk_Loop.json
bdf655246ee0ab6d03474aae87011fb1777872e0738344462381428411a3f6cd,80263,animations/scalar-recovered/full-source/857420442/CAB-4422bcfbff5939759061ccba73d1f178/1590318240472557121/acl-database-bulk.bin
007b83cd3653cb90fdac1ef9d811b771cc33d940925c6c10775055181e5274d0,113464,animations/scalar-recovered/full-source/857420442/CAB-4422bcfbff5939759061ccba73d1f178/1590318240472557121/native-object.raw
0a8109916375c0f54b5ff1a9500532254764c592a428c5191f677b2f33d72fb8,336,animations/scalar-recovered/full-source/857420442/CAB-4422bcfbff5939759061ccba73d1f178/1590318240472557121/streaming-info.json
4e6e83904c5c52cfe8add3a1019079c44a08265a83491d9987d16b3c2ba05839,116435,animations/scalar-recovered/full-source/857420442/CAB-4a93bfec7676bf4f11198a88b63e75ce/-4118330245921752828/Avatar_Female_Size02_Remielle_PasSeul_Ani_MC_Idle_Loop.json
2805b8c758bb057290f1fc5bba6299e2cfdee231b2e2964b07623bc8af3412ef,11167,animations/scalar-recovered/full-source/857420442/CAB-4a93bfec7676bf4f11198a88b63e75ce/-4118330245921752828/acl-database-bulk.bin
3d3150289e0c663bcb854a6a9c5354a2987acedd6d5ac60451840e3eb421639e,22744,animations/scalar-recovered/full-source/857420442/CAB-4a93bfec7676bf4f11198a88b63e75ce/-4118330245921752828/native-object.raw
014ae81969c7b53e29008e7fb69fea246572cf40397014a1234bacfc63ded928,335,animations/scalar-recovered/full-source/857420442/CAB-4a93bfec7676bf4f11198a88b63e75ce/-4118330245921752828/streaming-info.json
abdb3dde06fe0cda0606c9efab6b66ea0eb6802ecbdb440624ce0c34b29b7a78,123707,animations/scalar-recovered/full-source/857420442/CAB-5054eac14fb4b7e8cea0e17a7adf2e95/6226003965403640995/Avatar_Female_Size02_Remielle_PasSeul_Ani_MC_Stand_Idle01_Loop.json
8142d0a73015b28995f371a80d68f073f8d8c9a843e884289960fdba73a6308c,15467,animations/scalar-recovered/full-source/857420442/CAB-5054eac14fb4b7e8cea0e17a7adf2e95/6226003965403640995/acl-database-bulk.bin
bb662a7a0f6ba7041784f5e0febcbd1929e2bff603589ae7f46fe0517a4787a8,28160,animations/scalar-recovered/full-source/857420442/CAB-5054eac14fb4b7e8cea0e17a7adf2e95/6226003965403640995/native-object.raw
5f8b4c96e398af1aa780b2cca7eda780d090c466f45b6ec676cb97953aa35533,335,animations/scalar-recovered/full-source/857420442/CAB-5054eac14fb4b7e8cea0e17a7adf2e95/6226003965403640995/streaming-info.json
5d90ecc5ed4b939d0c219ff7196ea1099c862eff8ff47b0e75211dd637523d6c,119168,animations/scalar-recovered/full-source/857420442/CAB-55bc6abaf0f2493313fc1d01b065d018/-795361855130684516/Avatar_Female_Size02_Remielle_PasSeul_Ani_MC_TurnAround_R.json
4d6f0b2d6ff3ebcf9f0ad4ac6e33414b1668012c639f7881d8bf883c94e12adc,12864,animations/scalar-recovered/full-source/857420442/CAB-55bc6abaf0f2493313fc1d01b065d018/-795361855130684516/acl-database-bulk.bin
c3b699ae1e2ae9ae10b5debe4588a29a49d566d04a4b285a8104cb5cf4b272dd,24748,animations/scalar-recovered/full-source/857420442/CAB-55bc6abaf0f2493313fc1d01b065d018/-795361855130684516/native-object.raw
ddb0c01110d901e0b93d2ac2d80dda14e291cdb02e38fec4e54f6286ef802112,335,animations/scalar-recovered/full-source/857420442/CAB-55bc6abaf0f2493313fc1d01b065d018/-795361855130684516/streaming-info.json
2c1c42710d3d60e9ed3ee82230f0b719a5095eec31fc7219c9dc69b5e7a1660e,125402,animations/scalar-recovered/full-source/857420442/CAB-64b379e94f627ee1cd92da39ae0f8d2a/-2720451829318592545/Avatar_Female_Size02_Remielle_PasSeul_Ani_MC_Run_End_L.json
de35b4de6d5e33dac017e7d41d38f3b9ee68042b399b9c0f4d24e3df8aee7f6e,17028,animations/scalar-recovered/full-source/857420442/CAB-64b379e94f627ee1cd92da39ae0f8d2a/-2720451829318592545/acl-database-bulk.bin
892b7cea3cfcfd8de79ed8d17fedc834fbfdb6cd80e62545e29c2c72169360a3,29416,animations/scalar-recovered/full-source/857420442/CAB-64b379e94f627ee1cd92da39ae0f8d2a/-2720451829318592545/native-object.raw
73d12258b0845c7967a3ba821f915670c3e0c85b92cda201cb5313d71110e259,335,animations/scalar-recovered/full-source/857420442/CAB-64b379e94f627ee1cd92da39ae0f8d2a/-2720451829318592545/streaming-info.json
a06c044648fb750a8b6d427e19d14ceb973e4c4151249f2f4a8fe0864b55eb08,125693,animations/scalar-recovered/full-source/857420442/CAB-6af40f9899f9009d4b9b5d1eaa772008/3390052436546175802/Avatar_Female_Size02_Remielle_PasSeul_Ani_MC_Run_End_R.json
a697e8f6aa935bc84730998ca3ce8d6abeddb6e79a7dd7680abd3a3eed59f100,16675,animations/scalar-recovered/full-source/857420442/CAB-6af40f9899f9009d4b9b5d1eaa772008/3390052436546175802/acl-database-bulk.bin
94783262e8b1670ff054a91ec210fa4afccb26dcb8c92e82d8c82a74ff7205b9,29672,animations/scalar-recovered/full-source/857420442/CAB-6af40f9899f9009d4b9b5d1eaa772008/3390052436546175802/native-object.raw
e92793df6aeb3098a4facf98d98250dc597888a9199e31ca19693508c81fcf73,335,animations/scalar-recovered/full-source/857420442/CAB-6af40f9899f9009d4b9b5d1eaa772008/3390052436546175802/streaming-info.json
7d98af9f792a5d349ede69298e74fb0c00e064ef0b5013b956a8151c4bb70849,119948,animations/scalar-recovered/full-source/857420442/CAB-75fb2ab09f87c3e515b4810012cb55f0/7086238358935337882/Avatar_Female_Size02_Remielle_PasSeul_Ani_MC_TurnAround_L.json
99ac4455313a9c31106b98cf3bb4920d6a6d09a9fe82d4c16c752f9d3ad0673c,13908,animations/scalar-recovered/full-source/857420442/CAB-75fb2ab09f87c3e515b4810012cb55f0/7086238358935337882/acl-database-bulk.bin
045816c8e832e20364d674869d2bce5c098bd125e3bb6157c39a54c344802db1,25340,animations/scalar-recovered/full-source/857420442/CAB-75fb2ab09f87c3e515b4810012cb55f0/7086238358935337882/native-object.raw
2305413cdef664ccb4a7aa7b9a0588ccce44368dc4154db82fbf35521d6348f1,335,animations/scalar-recovered/full-source/857420442/CAB-75fb2ab09f87c3e515b4810012cb55f0/7086238358935337882/streaming-info.json
f2346ee1143727a6378ae7359bb0615b4bca039c6d22ebb35942d7a33f736ab2,1125388,animations/scalar-recovered/full-source/857420442/CAB-810861b865dc79b607b71052d029169e/1335056934340752049/Avatar_Female_Size02_Remielle_PasSeul_Ani_MC_Beach_Run_End.json
8c50dc85c4f9150b601f11ccc7f708c2d75b6d0ea82c5d81e51f8be94f05b087,345295,animations/scalar-recovered/full-source/857420442/CAB-810861b865dc79b607b71052d029169e/1335056934340752049/acl-database-bulk.bin
64242af10eadda538198b78ce3b19e5c641d6f29846d435f6167f3746755d921,207100,animations/scalar-recovered/full-source/857420442/CAB-810861b865dc79b607b71052d029169e/1335056934340752049/native-object.raw
59979a78c07f9d38c0463cfaa31872716479d88116322b50aad86009721b7be6,337,animations/scalar-recovered/full-source/857420442/CAB-810861b865dc79b607b71052d029169e/1335056934340752049/streaming-info.json
42d253729910548ac7f37e55a8ebfeacc2f86ba34adde1cc72ec4d9f7f59e09f,112542,animations/scalar-recovered/full-source/857420442/CAB-85f8e4d28c62eb1ee7413c6545d1c5a7/-6962455290466281826/Avatar_Female_Size02_Remielle_PasSeul_Ani_MC_Run_TurnBack.json
c7c3f0859ecbbd051a10a7ff4c88f7eff67fa94e5c92e5f0b61851b0197aecf7,10782,animations/scalar-recovered/full-source/857420442/CAB-85f8e4d28c62eb1ee7413c6545d1c5a7/-6962455290466281826/acl-database-bulk.bin
ebb2e699183f05384c12ac48580d60a953f555310f47f96130c246774e283e2d,19820,animations/scalar-recovered/full-source/857420442/CAB-85f8e4d28c62eb1ee7413c6545d1c5a7/-6962455290466281826/native-object.raw
f07db0694c39124c7a2d890c6e28ba31c2171b678d544b26a58b5d1ecc0f89ae,335,animations/scalar-recovered/full-source/857420442/CAB-85f8e4d28c62eb1ee7413c6545d1c5a7/-6962455290466281826/streaming-info.json
e6bb69a3bfa8642b1bf3b94d19897235dc24ff19dfaddc7eb84fa5e75590f2ef,1096401,animations/scalar-recovered/full-source/857420442/CAB-8709b7794dbd614654c305c541b69b3d/-5167791503700290923/Avatar_Female_Size02_Remielle_PasSeul_Ani_MC_Beach_Walk_End_R.json
d557b763744a73bf4f13547771e0c8eb875cdbb87ea7cb84d449892204c3b950,228380,animations/scalar-recovered/full-source/857420442/CAB-8709b7794dbd614654c305c541b69b3d/-5167791503700290923/acl-database-bulk.bin
75eea6ec218d48c43ec205a37eada7a5941592da0a7a44caf130a6b39c1dab4a,181280,animations/scalar-recovered/full-source/857420442/CAB-8709b7794dbd614654c305c541b69b3d/-5167791503700290923/native-object.raw
7b2e5699e4703e0c5f3f6d764a049e1df2f7770bd1dcd2dcfd869122840a90d4,337,animations/scalar-recovered/full-source/857420442/CAB-8709b7794dbd614654c305c541b69b3d/-5167791503700290923/streaming-info.json
3bf0c8a72e1e24634831007d31802784b723e5503cf49cb32b494c2b10d14de9,129827,animations/scalar-recovered/full-source/857420442/CAB-97c0803e604c6e7be971c63b158aa477/4717391796780699438/Avatar_Female_Size02_Remielle_PasSeul_Ani_MC_Walk_End_02_L.json
1d2f2b8ad7ec87e9057a2d9abe0f865aa4b46ab1547758a3fedbcd4dbc52c02b,20911,animations/scalar-recovered/full-source/857420442/CAB-97c0803e604c6e7be971c63b158aa477/4717391796780699438/acl-database-bulk.bin
ebbfc8b49235a91bd21d271de4c96f87937418856c9873df5ea62bd093dec6fe,32812,animations/scalar-recovered/full-source/857420442/CAB-97c0803e604c6e7be971c63b158aa477/4717391796780699438/native-object.raw
1101ddd47eeff36525bedf1021bd2a77731f56e0063780152d8e4066b283042e,335,animations/scalar-recovered/full-source/857420442/CAB-97c0803e604c6e7be971c63b158aa477/4717391796780699438/streaming-info.json
58e2c47a7e43f2775b388705a0f6fb2ae06266a58098ac9f2c0da4e2cff2252f,115085,animations/scalar-recovered/full-source/857420442/CAB-a050c500f5f6b5dd218809d36a6fb798/-35880293659132669/Avatar_Female_Size02_Remielle_PasSeul_Ani_MC_Run_Start.json
1d24bbca3171227566850ac48c84f89c6cce69c36160c96445662b3bf65a5e58,12915,animations/scalar-recovered/full-source/857420442/CAB-a050c500f5f6b5dd218809d36a6fb798/-35880293659132669/acl-database-bulk.bin
b7c0d54083be2e989375ec74d8aba07b58da274d7f312f87b17aea324e5e8b2f,21656,animations/scalar-recovered/full-source/857420442/CAB-a050c500f5f6b5dd218809d36a6fb798/-35880293659132669/native-object.raw
b06b25c06a7bbce7cbb78fa92883bb4fb732b38c7a0b61af9e5c9e6a3fa799c1,335,animations/scalar-recovered/full-source/857420442/CAB-a050c500f5f6b5dd218809d36a6fb798/-35880293659132669/streaming-info.json
6bfdf7008258be9fc8b0809929472a675369cfb3a8db9dde6cd4acda37f60291,105800,animations/scalar-recovered/full-source/857420442/CAB-ae752e4c7e95bd00e940c11aa420b149/-4613625707551148887/Avatar_Female_Size02_Remielle_PasSeul_Ani_MC_Run_Loop.json
7f6c9fb753b5fb58d49ff61b829c5dd1206b6b4da143cf628cbdc5d260e24beb,4952,animations/scalar-recovered/full-source/857420442/CAB-ae752e4c7e95bd00e940c11aa420b149/-4613625707551148887/acl-database-bulk.bin
f7e0d6cfeb1fdce883029d41f610dcf20149901ec85571fb4a9120edf015157d,14728,animations/scalar-recovered/full-source/857420442/CAB-ae752e4c7e95bd00e940c11aa420b149/-4613625707551148887/native-object.raw
394bdb19e302d63a09d24b175fd32c50087b5c17f82e77fdd664d77dd8b90750,334,animations/scalar-recovered/full-source/857420442/CAB-ae752e4c7e95bd00e940c11aa420b149/-4613625707551148887/streaming-info.json
4433b36da25f461f562138fb38ec541a99138efca0a552523baea19486671d1e,1165588,animations/scalar-recovered/full-source/857420442/CAB-b23704b2b951ca22293000e291177af4/-6051929730229281194/Avatar_Female_Size02_Remielle_PasSeul_Ani_MC_Beach_Winning.json
ce41def3dfdef0db01c649afa3929d52ca8bae80b43cb47d95e289af61e4b631,452336,animations/scalar-recovered/full-source/857420442/CAB-b23704b2b951ca22293000e291177af4/-6051929730229281194/acl-database-bulk.bin
52d72215dc1eb5aa57068347fc362fff8639e92ff6c7ac7ba7653c3293a56fa7,237136,animations/scalar-recovered/full-source/857420442/CAB-b23704b2b951ca22293000e291177af4/-6051929730229281194/native-object.raw
9e690d7023b2c5d493eab348eb96fed2a95f8b5732d4691a0ab7ac5f6cefedcf,337,animations/scalar-recovered/full-source/857420442/CAB-b23704b2b951ca22293000e291177af4/-6051929730229281194/streaming-info.json
d8764a7a1bcb569ebceb202525db64e3f7d8dc06f0481c0f6f656b17ec6a1883,117684,animations/scalar-recovered/full-source/857420442/CAB-bff6803d31846e6182294c2d1151d651/2892547470333788774/Avatar_Female_Size02_Remielle_PasSeul_Ani_MC_Walk_Start.json
096fd3c83b8c86dd556ca58142b947f7b8f306006ffd68b82211ffc3c83ca190,14488,animations/scalar-recovered/full-source/857420442/CAB-bff6803d31846e6182294c2d1151d651/2892547470333788774/acl-database-bulk.bin
efba14a87a944019f65b2649c14eda0e281acd8491eecee1c02749226959bdba,23672,animations/scalar-recovered/full-source/857420442/CAB-bff6803d31846e6182294c2d1151d651/2892547470333788774/native-object.raw
a6052c0ae66286a909699654cbd6bd64c0c10efca43f237169c5a9b33e1e05fb,335,animations/scalar-recovered/full-source/857420442/CAB-bff6803d31846e6182294c2d1151d651/2892547470333788774/streaming-info.json
93dd10317380cfa6f617e7884d5e667b1184d32be1c9d284780bd19a01d94146,121455,animations/scalar-recovered/full-source/857420442/CAB-c0000cb3083685f1bb8c5e30ead079ab/-7386739026381825732/Avatar_Female_Size02_Remielle_PasSeul_Ani_MC_Stand_Think_Loop.json
897e0bad0d19cd3f6636b3d32c26f3514742edb3cf703edec24c7c4dea840d7a,14518,animations/scalar-recovered/full-source/857420442/CAB-c0000cb3083685f1bb8c5e30ead079ab/-7386739026381825732/acl-database-bulk.bin
e79c7f1f369b48c4b49d8becb8b3d0689d48e7640286d6d415921ed199e5db12,26496,animations/scalar-recovered/full-source/857420442/CAB-c0000cb3083685f1bb8c5e30ead079ab/-7386739026381825732/native-object.raw
f86ab1d3bdf0b990ccbcc0aa1696294bbc3f13d9e13edce055a99b0ecca9a4ce,335,animations/scalar-recovered/full-source/857420442/CAB-c0000cb3083685f1bb8c5e30ead079ab/-7386739026381825732/streaming-info.json
48992cb173b0ce01bca6ef6434c985e1ae9b2fc424eb6365abe1f6a85a70fd51,991701,animations/scalar-recovered/full-source/857420442/CAB-d186fac75acbe6ed97161a0baa16f276/5324957557180481423/Avatar_Female_Size02_Remielle_PasSeul_Ani_MC_Beach_Run_Loop.json
2357d1e40f8b18ee79f6a1db592c04897aa7eec3178a94e70e653a0ef8750f70,74068,animations/scalar-recovered/full-source/857420442/CAB-d186fac75acbe6ed97161a0baa16f276/5324957557180481423/acl-database-bulk.bin
5f0cf61d592940d7e56d53ac15d5b79c6018cb5b8907dd67d0de4d778ff45d8e,107256,animations/scalar-recovered/full-source/857420442/CAB-d186fac75acbe6ed97161a0baa16f276/5324957557180481423/native-object.raw
bbae67e143212f07777af9330e86e846239401f6a73025a0286bf88deec53236,336,animations/scalar-recovered/full-source/857420442/CAB-d186fac75acbe6ed97161a0baa16f276/5324957557180481423/streaming-info.json
999045a3b436c60b8be730479f570866ef4bcdf33fa6fb2fe837f6991bf2611e,1028616,animations/scalar-recovered/full-source/857420442/CAB-d386fad25d1ca40782545fa843a21a34/7787218017007325855/Avatar_Female_Size02_Remielle_PasSeul_Ani_MC_Beach_Walk_Start.json
ba0813604e18474b9f3e3abd22625bfbc97fe658f98f24ebc1ee54f246aff2ad,125250,animations/scalar-recovered/full-source/857420442/CAB-d386fad25d1ca40782545fa843a21a34/7787218017007325855/acl-database-bulk.bin
958147dd2133e067dc8f3f8fe71e9ea77f9223fae801019cf37c1b568f93d936,132196,animations/scalar-recovered/full-source/857420442/CAB-d386fad25d1ca40782545fa843a21a34/7787218017007325855/native-object.raw
5f71acb1b36a368e397372236e6625c3689084ebdf6331ab4d11b4a648a1452f,337,animations/scalar-recovered/full-source/857420442/CAB-d386fad25d1ca40782545fa843a21a34/7787218017007325855/streaming-info.json
c1e39ded8934466de41a22d96ba9c114bc12242f5bc09fddaf993c337ea0dfda,105101,animations/scalar-recovered/full-source/857420442/CAB-da8fa781fdec243bb179e07194701108/-6165172696553186535/Avatar_Female_Size02_Remielle_PasSeul_Ani_MC_Sprint_Loop.json
5e7aa41daad211c3dd558eace5c04dc2e55c5aa365b608c9ef541cc73dc95b3b,4744,animations/scalar-recovered/full-source/857420442/CAB-da8fa781fdec243bb179e07194701108/-6165172696553186535/acl-database-bulk.bin
c4554ed8914d3aed569e9a4c6580168ba07852f80052c95593c01a0e9776b70a,14232,animations/scalar-recovered/full-source/857420442/CAB-da8fa781fdec243bb179e07194701108/-6165172696553186535/native-object.raw
5bc5e46d82361aaaa35e0b5c8ca3e94842ba4e0179c9d7518c2cf3b18414ef22,334,animations/scalar-recovered/full-source/857420442/CAB-da8fa781fdec243bb179e07194701108/-6165172696553186535/streaming-info.json
a43bfcb6a45e54444e3c5bbce4f70d9c5a4fe1e01ac1f533fc10ab21159a297c,110116,animations/scalar-recovered/full-source/857420442/CAB-dcfaf06aa481c149f18e165e20c9da4b/696131882447222744/Avatar_Female_Size02_Remielle_PasSeul_Ani_MC_Walk_Loop.json
e9aab61f2adb2f0b7b9b1c4accafc9d0185928ff6f2fe5a02b190635138baf4f,8277,animations/scalar-recovered/full-source/857420442/CAB-dcfaf06aa481c149f18e165e20c9da4b/696131882447222744/acl-database-bulk.bin
18a2370e570e771aad4d175beb467e18e7bbb4fedc90349f9167f098d90c59ed,17928,animations/scalar-recovered/full-source/857420442/CAB-dcfaf06aa481c149f18e165e20c9da4b/696131882447222744/native-object.raw
416a2f8f7851148fda8dacc007b4f1d753867e87809e6f035cc1b15844c8771d,334,animations/scalar-recovered/full-source/857420442/CAB-dcfaf06aa481c149f18e165e20c9da4b/696131882447222744/streaming-info.json
bfb47ee2d64fd49a60a9c1e6033396022adf2e971f7887fd25957e3f489788cb,118719,animations/scalar-recovered/full-source/857420442/CAB-f62dce109aa60e6cccca93b2f20a3c4c/-3139449507405813414/Avatar_Female_Size02_Remielle_PasSeul_Ani_MC_Run_Start_End.json
94d2721aa32d41ca59e371e09ba4bcee0898a0e10edcbded51db92b26d3e4830,12830,animations/scalar-recovered/full-source/857420442/CAB-f62dce109aa60e6cccca93b2f20a3c4c/-3139449507405813414/acl-database-bulk.bin
ceb504ea75d69ee5320d03b612343795aa1b463075d53b7ed3b8d84760ad0d8d,24428,animations/scalar-recovered/full-source/857420442/CAB-f62dce109aa60e6cccca93b2f20a3c4c/-3139449507405813414/native-object.raw
c27ee7fee2e9cdfab81ce06a195770f6481df9ec1c4aa7953ada36057f329735,335,animations/scalar-recovered/full-source/857420442/CAB-f62dce109aa60e6cccca93b2f20a3c4c/-3139449507405813414/streaming-info.json
f31945bc79086704dc852f4822a182e6ae721db50af7f72b2e914d2f55b5c302,132164,animations/scalar-recovered/full-source/925645607/CAB-21a7ee6b5a3cca3897150f4849d91f69/-1610740489754958034/RemielleMovePath_R1.json
b0f179d5b4fac406e3f163ebb181f10d7ac8bddde2c32fe6f558dbd2fa7681fd,84108,animations/scalar-recovered/full-source/925645607/CAB-21a7ee6b5a3cca3897150f4849d91f69/-1610740489754958034/native-object.raw
51382aaad58b2b4287653639ec03e5bf2d22250dc578422c784af1aa4eba4406,108468,animations/scalar-recovered/full-source/925645607/CAB-28773d45e0524b958af0bcc1fb18863e/656742445551050623/Avatar_Female_Size02_Remielle_PasSeul_Ani_Walk_Start.json
c8ff8627a34d8ef0b3624388e6582d61cb30f223e5219c39d78a7df7df673f09,7047,animations/scalar-recovered/full-source/925645607/CAB-28773d45e0524b958af0bcc1fb18863e/656742445551050623/acl-database-bulk.bin
759c50785565804443da0d03c9868cfcf5be812621389e86b87ab2412f108670,16740,animations/scalar-recovered/full-source/925645607/CAB-28773d45e0524b958af0bcc1fb18863e/656742445551050623/native-object.raw
a592ea83532d0552c56591b0e62e2889075922c0d8bc0bab32eab60dcc4cda9d,334,animations/scalar-recovered/full-source/925645607/CAB-28773d45e0524b958af0bcc1fb18863e/656742445551050623/streaming-info.json
0cb6156ae66d690d888f17a73cbcc35f693bd12ac75c52c6549490828bf63adc,81343,animations/scalar-recovered/full-source/925645607/CAB-5641217341234e927ec11a59c22e5a4d/1430414761173537661/RemielleMovePath_R2.json
54730f8e9ee65b7a9900b2d025c6642d74d410c0d6e4263e237a9ca9ff7f6ac7,47336,animations/scalar-recovered/full-source/925645607/CAB-5641217341234e927ec11a59c22e5a4d/1430414761173537661/native-object.raw
1652425f66e7a1a2df315dd632172dddb59d5b43d19be8edecd42602803f700d,1144688,animations/scalar-recovered/full-source/manifest.ndjson
22385f4dd8c1a1b4355f7db25a8c7fe6c365dae3428419510d1cfbe5177a7f75,887658,animations/scalar-recovered/source-json/102847481/CAB-00e8dae3c8695a5fec36908196b88b5a/-929057884553090256/Avatar_Female_Size02_Remielle_Origin_Ani_SwitchOut_AirState_Back.json
10315e2caaef497a6c56da39a90647518508f52c3753583d5786eca0cbb5358d,1002590,animations/scalar-recovered/source-json/102847481/CAB-1c77d52a1225dc8eb72e210ec8ff54f5/-5487044827770026367/Avatar_Female_Size02_Remielle_Origin_Ani_Hit_L_Front.json
52b386cbdda09991a8c57e9e55c772b9062826dbd15a5abbb44df6f3f1fe7d45,1121433,animations/scalar-recovered/source-json/102847481/CAB-5429044575e0ff50fab2b8b898ad357d/6889733307893748972/Avatar_Female_Size02_Remielle_Origin_Ani_Evade_Front.json
468d3e8268779564cc4dec87cb9a3a719aa786cde0ffd1ae10b278d1382c42ca,958115,animations/scalar-recovered/source-json/102847481/CAB-8a2af431202af655544c1f6939a6e526/3246741233040945598/Avatar_Female_Size02_Remielle_Origin_Ani_Attack_Burst_Ex_02_End.json
fb527e1ce2f71112ab22447016212190856593819d330fd58dac74644e0e710e,1038130,animations/scalar-recovered/source-json/102847481/CAB-9af1ea5d8a69568e15a5ea4b98240113/-1644446915680665024/Avatar_Female_Size02_Remielle_Origin_Ani_Attack_Counter_End.json
5d04c823e20cde576596c537ea10bc3a974de9e74002fb7dd8541fc7c47ba059,910417,animations/scalar-recovered/source-json/102847481/CAB-9af1ea5d8a69568e15a5ea4b98240113/5225909447599136991/Avatar_Female_Size02_Remielle_Origin_Ani_Attack_Counter.json
55eb138079779b5098f595406cd7a4774b827a86b5890e3feb78d111154aa41c,958497,animations/scalar-recovered/source-json/102847481/CAB-a6983a3896095e5d0d0ca7300e520f51/-4405432581584559684/Avatar_Female_Size02_Remielle_Origin_Ani_Finish_Ex_AirState.json
7eb5d7df9b3d5177f9f89fb3380f4c21bcb4b1dbc24c15fabf439912e209c2d8,1068985,animations/scalar-recovered/source-json/102847481/CAB-a6983a3896095e5d0d0ca7300e520f51/8462630438214950599/Avatar_Female_Size02_Remielle_Origin_Ani_Finish_Ex_AirState_End.json
a88f83e382949160bb5207421920b960ded31e60adfdb771745fa027b27ad1cd,938592,animations/scalar-recovered/source-json/102847481/CAB-b618c17e0ed2d6f851f86ae5aef2ecd2/2420885211496853281/Avatar_Female_Size02_Remielle_Origin_Ani_Move_F_AirBack_Loop.json
4c3e0af7d126d367e005fbe4c907c7ad71bebfd4b9219660900a446f43f36c9b,1081959,animations/scalar-recovered/source-json/102847481/CAB-cbb7d42202fed0705a9c77c2ef34be2a/8521723471483421154/Avatar_Female_Size02_Remielle_Origin_Ani_Walk_End.json
a68bb95422a90ddfa7813a9835db0efb4f127a4008e0e9de10d7a397d844bf2f,946748,animations/scalar-recovered/source-json/1186972585/CAB-025ec63081710535a751715600ae5afc/6811696467375545514/Avatar_Female_Size02_Remielle_Origin_Ani_UI_Equipment.json
f1e07c73b62cb69529c4f503c38aa9409dbe113b9bcdcffb24a91925068ab1c8,946388,animations/scalar-recovered/source-json/1186972585/CAB-611b1b8a6d2293f56d406ad34f154181/-5130596990700648998/Avatar_Female_Size02_Remielle_Origin_Ani_Gal_Think_Loop.json
c8b66107bb55990ba00f0ab085eb124cd93784fa8690240aa6abdc19aee35393,938170,animations/scalar-recovered/source-json/1186972585/CAB-69f28d52a67ea219a2c69ad5a7ac4d06/-4170381540393360754/Avatar_Female_Size02_Remielle_Origin_Ani_Gal_Happy_End.json
964cfda3ec5f5d19ab1cacb4d419f85f5817cb8138fe1123b4cf61cd46dc148c,946479,animations/scalar-recovered/source-json/1186972585/CAB-6db348098761db4032082455b032f42f/1253384568466234109/Avatar_Female_Size02_Remielle_Origin_Ani_Gal_Idle.json
6142a430615bf97b09b6d8e4db757b1141db0cc10475f9c0895cc07db1b04676,947039,animations/scalar-recovered/source-json/1186972585/CAB-977e42edf66c0e48afb9bbc0b7490d91/5878337502696187076/Avatar_Female_Size02_Remielle_Origin_Ani_Gal_Sad_End.json
348183904ae2146874fca49088e1b4407561b90e344cfd334799789b67b0c124,969347,animations/scalar-recovered/source-json/1186972585/CAB-b239bb2c6995b6391056baf7e0580bba/-2912069511717118028/Avatar_Female_Size02_Remielle_Origin_Ani_UI_S1toE.json
219033e3ea6da3c0f4d12e92d202c07af0346cc2986b84643a37cc631ab877b4,954033,animations/scalar-recovered/source-json/1186972585/CAB-bdb8d9e84a389a38d42a00e37b98ca22/-8200816506748520153/Avatar_Female_Size02_Remielle_Origin_Ani_Gal_Special_Start.json
e6abefacd6dd423d2c24cd51f2c13b5d5d9ef0d5c5b61b4079924debb84a33b1,965955,animations/scalar-recovered/source-json/1186972585/CAB-bf111adf0be9e1a866f4509d03f887f2/-4696264967594137980/Avatar_Female_Size02_Remielle_Origin_Ani_UI_Detail.json
91adfbc3c73484a584978cc8ffed18ecb9baa3e755b4961f148943020ef96327,940050,animations/scalar-recovered/source-json/1186972585/CAB-d006774c3d8ee56af752784bb4bb810b/-3244033172409104278/Avatar_Female_Size02_Remielle_Origin_Ani_Gal_Shy_End.json
bd70937f70823912d916092a39dc07cf9cf49cdc5f82794dccc070e28d6c5c02,936830,animations/scalar-recovered/source-json/1186972585/CAB-e89fce5b362afe40ee71e40798b09205/2788974981811062752/Avatar_Female_Size02_Remielle_Origin_Ani_Gal_Surprise_End.json
881d9c6f79556c4b1b4a9b99b55fc197836a6c7f5f09819b3265d9b348ad90c0,985901,animations/scalar-recovered/source-json/1186972585/CAB-f9e136273b9f4bdce72935ed724fcb43/-5491137950491540181/Avatar_Female_Size02_Remielle_Origin_Ani_UI_S2toD.json
dd560ae2b4769af6b3cad934308607e858a48588c2a04ae70db927b076c0215f,1019757,animations/scalar-recovered/source-json/166455023/CAB-ecd553c66a81e5a42fb13f88e9688494/-8967589269667655798/Avatar_Female_Size02_Remielle_Origin_Ani_MC_Stand_Weak_Loop.json
0330021bed69a0fad5bb21da914b5450b596cadfbc2f2cfcdef3978325dd690a,1044516,animations/scalar-recovered/source-json/1704382549/CAB-032223020f5c723eefc3368416cbd5e1/515039831682801160/Avatar_Female_Size02_Remielle_Ramiel_Ani_Gal_Angry_End.json
443686fb80d1b376a8c733af788157ed78375d9614a0024c70c1e662bcf20382,1046792,animations/scalar-recovered/source-json/1704382549/CAB-312fe475e3415d379846d064fcaf8957/-6389968001128065014/Avatar_Female_Size02_Remielle_Ramiel_Ani_Gal_Sad_Loop.json
8066f15ee279a6254e7d56d0eda7ece9215b08591e5edc38bce5245c61062297,1043200,animations/scalar-recovered/source-json/1704382549/CAB-46f5c52613b243a526e08069a4af4b96/-2178446478776927915/Avatar_Female_Size02_Remielle_Ramiel_Ani_Gal_Surprise_End.json
ba085b0ebcad043fdc18cf77ece2f81a24ed8ed992bbf2a37ae00496ebe79cf9,1041257,animations/scalar-recovered/source-json/1704382549/CAB-875afd9fb592fdc8e124cb89fc0d8b27/8179446946906836718/Avatar_Female_Size02_Remielle_Ramiel_Ani_Gal_Sad_Start.json
1cad7239b39096788042fba2b36e89cbafdd6e153790b985ddccad0117425035,1048172,animations/scalar-recovered/source-json/1704382549/CAB-ad419a240b335cde1da75370aaf5a0f8/-4532001091464511097/Avatar_Female_Size02_Remielle_Ramiel_Ani_Gal_Angry_Loop.json
56078f518d00198a5c5acf314707ea05f499664feebda59b2bc588c06acce5d5,1046669,animations/scalar-recovered/source-json/1704382549/CAB-e7d532f162f21b569d1ae4099b93d072/-2343199801225763205/Avatar_Female_Size02_Remielle_Ramiel_Ani_Gal_Think_Loop.json
e3fc8f41fc6ef9818320ca07f757afec6d1bd6cce384d2aa3a4a3313f5db128c,1047558,animations/scalar-recovered/source-json/1704382549/CAB-fba945e6756a0e2cf7d145c968291b84/1367766434552027700/Avatar_Female_Size02_Remielle_Ramiel_Ani_Gal_Shy_Loop.json
c00bfef7281f7603c157182d98a73cf58275312b8a22cdaf15a5e30d2e45cebb,955977,animations/scalar-recovered/source-json/1715600529/CAB-0733cdaad7735f0d021d846ab41f7f37/1440121578779192547/Avatar_Female_Size02_Remielle_Origin_Ani_Dash_Loop.json
c4c85940333c5e3431d7f72cb24ce27f1e78c4ca338c796f4279b708f2e467df,883908,animations/scalar-recovered/source-json/1715600529/CAB-37a2e82010a74c1af5e91ce696540eff/-2893577299971434832/Avatar_Female_Size02_Remielle_Origin_Ani_Walk_Loop.json
4f96afd9594b46ca0d0eaa5ba5c7439cd1085c1aab55bc7c290234a8a2b14c56,1000165,animations/scalar-recovered/source-json/1715600529/CAB-7087c1c761ef8a84da8d07b67a642115/8307318319186089469/Avatar_Female_Size02_Remielle_Origin_Ani_Skill03_AirState_Back.json
9ef0fcbe92f450b33dedb868324ce4f7354817e854cf65c51fb541d70923f508,1097209,animations/scalar-recovered/source-json/1715600529/CAB-7895f618aaad46091d0eabaa8838f0c9/-4712315809483842211/Avatar_Female_Size02_Remielle_Origin_Ani_Run_End.json
1c16fb0e6e51c7d41889ed1d4b0bbd9371f251650023902f398e4bc1385d95ec,963379,animations/scalar-recovered/source-json/1715600529/CAB-ad03df6b944ebc6d94acf235fb58356b/-3374308206746047625/Avatar_Female_Size02_Remielle_Origin_Ani_Run_Loop_02.json
48765ac72519ff3798f1b3345f30532ca30e4bfa683725fde24f4943a5a459ef,1252983,animations/scalar-recovered/source-json/1715600529/CAB-e309f311f32845499196484ef821cb3f/3904083204131904281/Avatar_Female_Size02_Remielle_Origin_Ani_QuestStart.json
1749c7a4db00ef57f3676d6e0828d51898d64e3d8ff033a35b1de15c76e118a3,973462,animations/scalar-recovered/source-json/1715600529/CAB-e3904b61fb0c015c0af3e7eb785ce1ae/-402973070275490428/Avatar_Female_Size02_Remielle_Origin_Ani_Dash_Start.json
be749095b9130e3effaa7aa1347eb4f619df2891da34c6a33b513fa9e3b0b3c0,963512,animations/scalar-recovered/source-json/1715600529/CAB-e60b1813519d286ca38b9838f44b4630/-9199533477340216773/Avatar_Female_Size02_Remielle_Origin_Ani_Attack_Normal_02.json
dc66173166ec6badaeb6c82b649637afc0f187f0e2bb5023f73a099fec116437,967880,animations/scalar-recovered/source-json/1715600529/CAB-e60b1813519d286ca38b9838f44b4630/1562909486031391805/Avatar_Female_Size02_Remielle_Origin_Ani_Attack_Normal_02_End.json
21fb8315c76652fed261daa8a35625b2ffa2b00a91e25affc0de037713f7fb37,983587,animations/scalar-recovered/source-json/1860708741/CAB-2306941d57f7544f7d5a39105e114edf/321527116734104337/Avatar_Female_Size02_Remielle_Origin_Ani_MC_Run_End_R.json
fd0f2aae037c13e3b47cda792d3620b5a622065e0c02644c909c9c566bf94e69,931719,animations/scalar-recovered/source-json/1860708741/CAB-494bd5c08978d90b9e429e89eefd3afe/-3648239661755005706/Avatar_Female_Size02_Remielle_Origin_Ani_MC_RunToWalk.json
bef966ac9cfc21d318cd006a31d5c5d65d3c54dbbdf3a606f97334270bea3070,965415,animations/scalar-recovered/source-json/1860708741/CAB-65578e3cddc52b0bd391b580c5885c28/-7957749517175371076/Avatar_Female_Size02_Remielle_Origin_Ani_MC_Walk_End_R.json
b849b10541bbd91fbc30a158b3443db2cd33ded306d8348feec364a7257d8d50,1510531,animations/scalar-recovered/source-json/1860708741/CAB-b7c0e0ef400c5932687047f20f402217/-7520317271572137748/Avatar_Female_Size02_Remielle_Origin_Ani_MC_Stand_Photo.json
10cd79fe644a1a7ffdee63135be96f592a25c577c3a3298d785ac7497c4d3e1a,895416,animations/scalar-recovered/source-json/1860708741/CAB-bbf4c01a537179d93199e7204bb4f544/6549233636137054704/Avatar_Female_Size02_Remielle_Origin_Ani_MC_Walk_Loop.json
f5816301c472f382bb3e1edfd0b179442dc3f3c4be7a5d3c64fd403962062ef9,974175,animations/scalar-recovered/source-json/1860708741/CAB-cd1a70e4cc6d0ca6529ca9f313fe5d89/-2198007012778656735/Avatar_Female_Size02_Remielle_Origin_Ani_MC_TurnAround_L.json
abf22ba2d8df7e922d6445ab193f9c858b911031a0d1f366438aa9a276d54698,919243,animations/scalar-recovered/source-json/1876963883/CAB-0959ef4accf36578df1c91884f1734f1/-8534133473829246735/Avatar_Female_Size02_Remielle_Origin_Ani_Move_R_AirFront_Loop.json
b730553cda655dd519203457bbf32c2228cae8e2e8f9791d10f1ec8defbb821c,1054862,animations/scalar-recovered/source-json/1876963883/CAB-241fbaf4fd60b205539b13de2a17245b/-2784842692007170474/Avatar_Female_Size02_Remielle_Origin_Ani_Evade_Back.json
319705d8eeb7527e48aa7a74bff7ab72e68e1793c10f4fb1941f64cb6939763d,942361,animations/scalar-recovered/source-json/1876963883/CAB-4fa0b31c2ead4193c24efccdab012a68/5751198730476278853/Avatar_Female_Size02_Remielle_Origin_Ani_Move_R_AirBack_Loop.json
eb2e2b18c548facb7a1929f896267edf9a24db7b663eb5cda172acae77eac66d,981556,animations/scalar-recovered/source-json/1876963883/CAB-c22c2d1c569babc26368ba110771de3c/9167602165747736858/Avatar_Female_Size02_Remielle_Origin_Ani_Evade_to_Run_01.json
ae77d5292bfd17a396a25b95fcbbfaa403e7e813ca26aecb30f01ed9157afd78,951248,animations/scalar-recovered/source-json/1876963883/CAB-d8fbebcff3461c85f6e8e3d656faadcf/-2053451558984455083/Avatar_Female_Size02_Remielle_Origin_Ani_SwitchIn_Attack.json
1e8f5a69ad2cc62981f94486ef8505888e1cc973de981ee19d69ec2a519bb300,1038839,animations/scalar-recovered/source-json/1876963883/CAB-d8fbebcff3461c85f6e8e3d656faadcf/5634588132277865150/Avatar_Female_Size02_Remielle_Origin_Ani_SwitchIn_Attack_End.json
74163d97d30c527b7ced08a2782bac6d5cc17ad0ef04151f459ebcbc642ac07f,1213980,animations/scalar-recovered/source-json/1916835551/CAB-72af46e231ac1c92c740e6efa20a3946/-9218743410937264583/Avatar_Female_Size02_Remielle_Origin_Ani_MC_TL_TurnAround.json
d6d7fe68ab6fdf6a063a6c5904c7b9ebf345360859389143791eadc943b071f5,1047253,animations/scalar-recovered/source-json/2006710238/CAB-00a0aeebf8545327f25f5674b93c05d4/3571753758861711803/Avatar_Female_Size02_Remielle_Origin_Ani_Attack_ParryAid_L_End.json
55b492a7b1e962cab9a2dd288f50632181a2eba3ca5f89bca4446ef7b6dca65d,885710,animations/scalar-recovered/source-json/2006710238/CAB-00a0aeebf8545327f25f5674b93c05d4/955851873304441410/Avatar_Female_Size02_Remielle_Origin_Ani_Attack_ParryAid_L.json
833db09622ce9dc02b583f7775db717a6dcd2f195f4e1fa2a9b8ac6ed6ec74c6,988866,animations/scalar-recovered/source-json/2006710238/CAB-0353b71bd01a780f3970689d4b8aa030/-409771880834856509/Avatar_Female_Size02_Remielle_Origin_Ani_Attack_Normal_04_End.json
6cc03769572fb35f4b19e96c8c1337835077981cc5454f70dcbb3cb6cf0cfdfd,961460,animations/scalar-recovered/source-json/2006710238/CAB-0353b71bd01a780f3970689d4b8aa030/2897952514858722300/Avatar_Female_Size02_Remielle_Origin_Ani_Attack_Normal_04.json
ad80e26127d3103b6b019c75aaa2807baa87318b316351848a129ab4553f5d82,886110,animations/scalar-recovered/source-json/2006710238/CAB-29459d6b716e366147e997e02faf1fa1/-6844243640780810553/Avatar_Female_Size02_Remielle_Origin_Ani_SwitchOut_Normal.json
bb88177fc1a71e7645aa9f19b4cf63cbb6c35d6f9d50a028da73460eb149fc96,1047614,animations/scalar-recovered/source-json/2006710238/CAB-3f4c4dd48e40fbf7bf6cbb23796960bc/-929815099799922380/Avatar_Female_Size02_Remielle_Origin_Ani_Evade_Back_02.json
e71a7338bc9c6f560b4556b0befb376f8b29d7f6b5d6a6d2f31eefdd6f7e3510,1042988,animations/scalar-recovered/source-json/2006710238/CAB-833fd3d22127ff7228b525d40f997aa0/7065537084702335652/Avatar_Female_Size02_Remielle_Origin_Ani_Hit_H_Front.json
138b69243e556593b42a5f0be9cc3cb56f5f3afa0a2c2ddcfad816d70e7da9e8,909275,animations/scalar-recovered/source-json/2006710238/CAB-8e1edcaf001ec3c019aef205d32f0b80/2133478860367677187/Avatar_Female_Size02_Remielle_Origin_Ani_Attack_Special.json
063c15b762d79f0e9c9dcb565f69f6c0c5ccb14e15353b7654e239db2c51be0a,934861,animations/scalar-recovered/source-json/2006710238/CAB-8e1edcaf001ec3c019aef205d32f0b80/3343346788711538502/Avatar_Female_Size02_Remielle_Origin_Ani_Attack_Special_End.json
09bad816cc9f09c35e6dcce7e476feb940b7023ed9ee8fa5072221e888a57ce6,919395,animations/scalar-recovered/source-json/2006710238/CAB-c101e9fdd690dfbeca81c304d8d70e96/3805677695536517420/Avatar_Female_Size02_Remielle_Origin_Ani_Move_L_AirFront_Loop.json
a36b4de9dc9c1e318f347e0e341fdaa7bc393a0945a7a0824ad4e16bdf9f951e,988765,animations/scalar-recovered/source-json/2006710238/CAB-eb0cbd48e218dc6b8616a93d22822362/3724978590284937653/Avatar_Female_Size02_Remielle_Origin_Ani_Attack_ExSpecial.json
4cec33c14b2b7c284b968dd35f13445e3a7d05b345a248b2627ee31dc4204044,1012815,animations/scalar-recovered/source-json/2006710238/CAB-eb0cbd48e218dc6b8616a93d22822362/7852443070286253166/Avatar_Female_Size02_Remielle_Origin_Ani_Attack_ExSpecial_End.json
a03da3a8c7a4e93dc3ee59bce3fe89bac811bbcd3b368e9c50dbd7f7c4388b12,1011554,animations/scalar-recovered/source-json/2132654338/CAB-066993d8a5ff8d0ccef4a25cb579569a/2355478525442785719/Avatar_Female_Size02_Remielle_Origin_Ani_Finish_Ex_AirState_Start.json
acc4b7efc46606209b03077f5c655ff2ff8604a7c112f7975d8b1b401aa4def2,1095698,animations/scalar-recovered/source-json/2132654338/CAB-15a4232294e11c716d031bbb083d7624/-4084114386154507887/Avatar_Female_Size02_Remielle_Origin_Ani_Attack_ParryAid_Start.json
a4ae4ebe6a98825e9d26f6157446a027720064071dc47bee60a3833daccfcc2c,938276,animations/scalar-recovered/source-json/2132654338/CAB-2bb8c19b923ef6385b1ddfc59840a5d1/-6926137905584299039/Avatar_Female_Size02_Remielle_Origin_Ani_Move_B_AirBack_Loop.json
2313a66d12d52bfcc8f2596d7230588790639862e32c669d787a877e0df32620,1025661,animations/scalar-recovered/source-json/2132654338/CAB-975769008ea745b3b1120bf4040819d9/-1685276881627157094/Avatar_Female_Size02_Remielle_Origin_Ani_Skill05_AirState_Back.json
53d6e6a6aac97093223fd3014dfff70d6a4a59e83ab5462beb97732c8abddbcd,1040693,animations/scalar-recovered/source-json/2132654338/CAB-9b4af7685cf267f83ff85a5ec3bf63fa/2601924044941141242/Avatar_Female_Size02_Remielle_Origin_Ani_Attack_Burst_Ex_Max02_End.json
e4869f892ff8015738d8a0aef168c7b3aa4337af81651ac2b88cb63053c9f46b,896001,animations/scalar-recovered/source-json/2132654338/CAB-9b4af7685cf267f83ff85a5ec3bf63fa/6947939037786921133/Avatar_Female_Size02_Remielle_Origin_Ani_Attack_Burst_Ex_Max02.json
816c69679367f8c99906f50ddd269bc1107f9f9137dfaabf261e7ba042f87c65,935351,animations/scalar-recovered/source-json/2132654338/CAB-cbf6cc6406d5e1b3033b8596ae1c33cc/-1418419951338338821/Avatar_Female_Size02_Remielle_Origin_Ani_Attack_ChangeState_02.json
f322781a6fcd72b36d0dfd93c884437803cc833085d45ba549d1d47bc32e600b,1100662,animations/scalar-recovered/source-json/2132654338/CAB-cca7ec1a1760f2a8d6df50fccf3e7be7/-7674882666090462320/Avatar_Female_Size02_Remielle_Origin_Ani_Walk_Start_End.json
b60c5475c9727571832742e3234d884010f7c30fde12ae0cd9bb2f38a69b317f,1061804,animations/scalar-recovered/source-json/2132654338/CAB-d79218643cf93cba63ee791475ee3abf/3607275373443599767/Avatar_Female_Size02_Remielle_Origin_Ani_HitFly_Back.json
e878dc57eb0b628c306c20d9860cd5d3c4dfcccf63df885075dbb4e71dfc40d0,1095273,animations/scalar-recovered/source-json/2183785604/CAB-0b5dc51a094df03cf39a5e3f2451de2c/-259409272885186121/Avatar_Female_Size02_Remielle_PasSeul_Ani_MC_Beach_Walk_End_L.json
05865576fb5fdcd649c8d841a6738947fcb97b6147184d31182fb1a0ab2b1d95,985749,animations/scalar-recovered/source-json/2183785604/CAB-1bf1c7e6dafde66281b6d4c494f6e6ce/-8341292177973709198/Avatar_Female_Size02_Remielle_PasSeul_Ani_Gal_Think_Start.json
b73b8e5728eb68844386253951be5b30325d7fc23840f5b595d6789d10778eb6,1227968,animations/scalar-recovered/source-json/2183785604/CAB-2e943818f2dc143bc056a2dd73705886/5072287211732483410/Avatar_Female_Size02_Remielle_PasSeul_Ani_UI_MainPage_01.json
33dba2ee7243de01337e37a324d43017ff42a14f65a9fa442c928a523483b311,989726,animations/scalar-recovered/source-json/2183785604/CAB-6ce8f865ec68024843efa2e344a08a69/-2893357577079155099/Avatar_Female_Size02_Remielle_PasSeul_Ani_Gal_Think_Loop.json
9d9ecc60da0b29377c091df119abf919d129914d08f7643bd366add615a5414f,986465,animations/scalar-recovered/source-json/2183785604/CAB-ff06538f2cf37b3828c67f756843f5b6/-1511587253743835861/Avatar_Female_Size02_Remielle_PasSeul_Ani_Gal_Think_End.json
5c1fd894d79680c01b5563ec77b61e1cb13ebd37ade3a445df5a48def3f50bbf,1004816,animations/scalar-recovered/source-json/2195884044/CAB-1901aad6f689eed7044c69b77ff05e73/2272509558430219576/Avatar_Female_Size02_Remielle_Origin_Ani_Hit_L_Back.json
2f1fd712d9b0fbf27945c70de261c6c50a123fa90af0c09933076fda4624865c,980635,animations/scalar-recovered/source-json/2195884044/CAB-229aeeb264be1fa68db9456ba381a48a/1453475456654051085/Avatar_Female_Size02_Remielle_Origin_Ani_Attack_Burst_Ex_01.json
2ca7cae2994823ad83a7bf61d28e8edf4be6181ba669bbef8b9d8445e7835e4a,957065,animations/scalar-recovered/source-json/2195884044/CAB-229aeeb264be1fa68db9456ba381a48a/2844175604424413368/Avatar_Female_Size02_Remielle_Origin_Ani_Attack_Burst_Ex_01_End.json
445e83196cc1a1da4b03c9a37ee1474dadc7e33831ef9c3f240213d2e36d3822,918051,animations/scalar-recovered/source-json/2195884044/CAB-4779813d2e0f93afdf2d3edbe23f0e12/-7583903113054318161/Avatar_Female_Size02_Remielle_Origin_Ani_SwitchIn_Attack_Ex_Extra_End.json
2f22a765fafa58d49b16420896bf67263f75d9622921a545b6d55516ab8557f2,956224,animations/scalar-recovered/source-json/2195884044/CAB-4779813d2e0f93afdf2d3edbe23f0e12/-785317319300128836/Avatar_Female_Size02_Remielle_Origin_Ani_SwitchIn_Attack_Ex_Extra.json
f20f7a4a6223ca2cf37f76c69b7df7adeeec9f6ba4050b94faa940dc18706d0f,942345,animations/scalar-recovered/source-json/2195884044/CAB-5402ecb553c4ec8da345cdc0bc13adb1/8725240327005835744/Avatar_Female_Size02_Remielle_Origin_Ani_Move_L_AirBack_Loop.json
b0e415c075e5483bd77108911e1bc7ca3b2dd24551f61f21109f0e5dea75ae87,932713,animations/scalar-recovered/source-json/2195884044/CAB-56cdc34c66d3452fe297032ff33b5d11/7921310500411983711/Avatar_Female_Size02_Remielle_Origin_Ani_Idle_AirState_Back_Loop.json
e3036f300513b322cd6943ff59b1d37e73a966b74da58de30b2ffbaf77fb1f0b,975916,animations/scalar-recovered/source-json/2195884044/CAB-aaef6b4fb34ad0132dcd1e5b3b885498/-5934462831740013695/Avatar_Female_Size02_Remielle_Origin_Ani_Skill01_AirState_Front.json
b79ae73af96a1d7d5d15466807cfb2adc8166f1524da2bbbbb4f298f9a41db7e,965161,animations/scalar-recovered/source-json/2195884044/CAB-ac4906c6be59115fa632323c1195d7ec/2831988533405923158/Avatar_Female_Size02_Remielle_Origin_Ani_Skill03_AirState_Front.json
7237806feed0c9aa58fa65aa4c40a767558f227ccdf8974bd980950ae8bcc388,965738,animations/scalar-recovered/source-json/2195884044/CAB-c6ee2dec9eabf10ad92f7ab9a0e8aeca/8206013166952976172/Avatar_Female_Size02_Remielle_Origin_Ani_Walk_to_Run_01.json
c84a0984bbdc60b8e581cd738b58987e16efb2e9788a28df83aeaa9b81a92a3e,920693,animations/scalar-recovered/source-json/2195884044/CAB-fabacafb7ce5f06e406cf83e2501a46b/-1678135712426977003/Avatar_Female_Size02_Remielle_Origin_Ani_Walk_Start.json
a04ccb5d019be69568f4e81b4891e571dfaf09a6678af5a416b6dab60a8f5ea3,793329,animations/scalar-recovered/source-json/2329494380/CAB-77cc6dc8396de31b951456b5a60ca2a5/-2147687977520797852/Avatar_Female_Size02_Remielle_Origin_Ani_MC_Run_Loop.json
171231050e6f768a54aebde4ca6a36a9189079df15c80631766c52c70d7111e3,1763971,animations/scalar-recovered/source-json/2364458862/CAB-6cc26b479da3ddcf68c466973a389429/8371197707490341155/TL_C31_05_SC010_Avatar_Remielle.json
8f38ff7984966a45fbb2974dc276c9622c229dc520aae553f6d8996a7adecb9a,1406774,animations/scalar-recovered/source-json/2610841569/CAB-2f046a90429a94efe76223487d692d9c/-4050868662654625245/Avatar_Female_Size02_Remielle_Origin_Ani_AC_Parry_Start.json
130fc6dfb5dcdf69da46c44da6be1ac3365acad8de06e1fe88905e9f3fe14c48,1382231,animations/scalar-recovered/source-json/2610841569/CAB-3d445de816acf18a0dc25198fea80a1f/4081652107956174172/Avatar_Female_Size02_Remielle_Ani_AC_Gliding01_Loop.json
4c3efcd3393dd65eb904d476964c4983c3e48455ed03f027174799554d80f834,1367642,animations/scalar-recovered/source-json/2610841569/CAB-601e5a621ea301ca8efd7e2f6dd3422d/5586574592901943473/Avatar_Female_Size02_Remielle_Origin_Ani_AC_Boost_Loop.json
b7e94c612e08cdc20780e0675a9cdb001842b7a9b5105fdb0efaf5c033771309,1073570,animations/scalar-recovered/source-json/2610841569/CAB-6d11bce2e2ebe73d72053942f75ffea5/-4421204476606405950/Avatar_Female_Size02_Remielle_Origin_Ani_AC_Parry_B_L.json
d2bd6e02df52e94ed4f2a323ab28f8ba66d1f22f01c18671100fd0dfd0805ac9,1159749,animations/scalar-recovered/source-json/2610841569/CAB-6d11bce2e2ebe73d72053942f75ffea5/5032552157431355752/Avatar_Female_Size02_Remielle_Origin_Ani_AC_Parry_B_L_End.json
aba63c930cdd61caa623b870e87c1cbbcdede0b63c6c85e5a92fabc0321ba72e,1429283,animations/scalar-recovered/source-json/2610841569/CAB-7d698f00ce0637c53a95dd596c0a3040/-411820385411962245/Avatar_Female_Size02_Remielle_Origin_Ani_AC_Hit_F_R.json
46c98a9b4f184e361815877edd7c9d04281d5e27731bcf95f720636d975a6ef6,1382137,animations/scalar-recovered/source-json/2610841569/CAB-964265b72d94f57a0f60c5189c45839c/8651231539738646909/Avatar_Female_Size02_Remielle_Ani_AC_TurnLeft_Loop.json
75743bc43125a89fad26f714ea24d5288dafb46061413fb3a6a5a441c9264b22,1389608,animations/scalar-recovered/source-json/2610841569/CAB-c33dfb09f70c9b9a6323cbc5cea54e33/-8255307485684559138/Avatar_Female_Size02_Remielle_Origin_Ani_AC_Boost_R_Start.json
35ac2c104344bec746eef762f84ef67ec8dc3b25cefc16356260ef6bb7242830,1382081,animations/scalar-recovered/source-json/2610841569/CAB-dde6ea269dd6ca00ed59810c548dbcc9/-912985863855289716/Avatar_Female_Size02_Remielle_Ani_AC_TurnRight_Loop.json
bbfd3f221b2a4bf117cc40d05bf22298202ee1bbf7d52479fdfd36ede2622f74,1024198,animations/scalar-recovered/source-json/2644159928/CAB-21ac22c6737426f9c39e444f6f0e50de/-7694202204963503413/Avatar_Female_Size02_Remielle_Origin_Ani_Skill02_AirState_Back.json
cfde7f0c7adfac232e6ea88bc03f0e8817476def564122ce3dd1f08aa1be9455,913103,animations/scalar-recovered/source-json/2644159928/CAB-23dc2aff50dcc333b62e75a00b19f44e/-4075304502098626112/Avatar_Female_Size02_Remielle_Origin_Ani_Attack_Rush.json
a099fb8c7f0216fbea77a1fe52f9e8b0b20159b9f1a64bd8db1bc938375aafa0,982228,animations/scalar-recovered/source-json/2644159928/CAB-23dc2aff50dcc333b62e75a00b19f44e/-4558440314496780126/Avatar_Female_Size02_Remielle_Origin_Ani_Attack_Rush_End.json
cafe9afd2a9485f8c6a95ad64fc2c3dc3d58d07121c606b1272b44ea0b3908b5,1000700,animations/scalar-recovered/source-json/2644159928/CAB-2f1484948498c25d28dc4cd394c07627/-5535912060542682862/Avatar_Female_Size02_Remielle_Origin_Ani_Attack_ParryAid_H_End.json
de4951deafedf3d2b1a23044c99302ce721b4887e99df0ab991633dfe2c9f1e6,905698,animations/scalar-recovered/source-json/2644159928/CAB-2f1484948498c25d28dc4cd394c07627/9027952041783912923/Avatar_Female_Size02_Remielle_Origin_Ani_Attack_ParryAid_H.json
2262b3efb4b5e126c99df7ab57164c08bf01a45312032150e1cc647d45c6c849,946048,animations/scalar-recovered/source-json/2644159928/CAB-4acab430bbfe5bd8c384671b77382613/4185212377489378288/Avatar_Female_Size02_Remielle_Origin_Ani_Idle_AirState_Front_Loop.json
bb16c69bf016cb5e1816c6df1d62dfdfa28fb7bc343063f9ad4ebf112a14c013,1465715,animations/scalar-recovered/source-json/2644159928/CAB-551d7d2611f6e6559c0554b8ea0550c2/4544877087024896898/Avatar_Female_Size02_Remielle_Origin_Ani_Idle_AFK.json
d288c48b4507ac74294bb0bbe67abbfc8340ecee7f56f2a11d96063c78cba55c,1097453,animations/scalar-recovered/source-json/2644159928/CAB-c4f8350472212923ad4c63900277324e/6127760193621929348/Avatar_Female_Size02_Remielle_Origin_Ani_Dash_End.json
a3e2f28ec36229cca4d5d916cd4b912c977457cf468a9e14af88c89cf0f3aef1,982112,animations/scalar-recovered/source-json/2748134067/CAB-330bd96e19b96949e0b97c05a2ed7bef/3470092491637655077/Avatar_Female_Size02_Remielle_Origin_Ani_UI_S1toD.json
5af9211280486499043eed5923f19f0c5debfae3e15acc1e02b8fc05fd6cd761,944150,animations/scalar-recovered/source-json/2748134067/CAB-4294b85318c921ad883ebec57aab8813/-5303941321250447542/Avatar_Female_Size02_Remielle_Origin_Ani_Gal_Special_End.json
80cc1b94ba3662562dc4388e87e1795e0fb2a9aac9a2716d443a7e69632e8239,971361,animations/scalar-recovered/source-json/2748134067/CAB-4c326020d1d3fe61acc918c5faf5dbfe/8688461633297944011/Avatar_Female_Size02_Remielle_Origin_Ani_UI_DtoS1.json
41577be6ce09cfba130fe76d30c60ea8f681f58138d8dc0bb456d140a475b3e4,973197,animations/scalar-recovered/source-json/2748134067/CAB-4f8b83f6a49b94175bb6d9a90a2080bd/-2199317863621238853/Avatar_Female_Size02_Remielle_Origin_Ani_UI_EtoD.json
e0088a140c2418d11b35d28d3ab86f8ffdc533ab75f1a18063ffac14614b5487,944998,animations/scalar-recovered/source-json/2748134067/CAB-72ea75fbc9c7c8e99dfee30966e728cd/-3988673591889696710/Avatar_Female_Size02_Remielle_Origin_Ani_Gal_Happy_Start.json
dacee88b1716625f6d0600eb34dd35e780da190116ebd48fdd408cb6756bf356,996094,animations/scalar-recovered/source-json/2748134067/CAB-862044e831a368a0200f79bc21f0da2e/-335224074298200128/Avatar_Female_Size02_Remielle_Origin_Ani_UI_CharSel_Loop.json
5e17206eb23ec03c18d42c6dbd3fdb86e29baa9f52f2b2d82079e19b29cb0020,966220,animations/scalar-recovered/source-json/2748134067/CAB-8f25f35c718bd3f8a95fa36f7b383ca6/-2903405303067937652/Avatar_Female_Size02_Remielle_Origin_Ani_UI_DtoE.json
f50c639b2af1a82aa6847598f624c9731c439a67090897f0cb7debce1fac2658,949295,animations/scalar-recovered/source-json/2748134067/CAB-a4184ef1a7e5ec75129dfea901d4e282/6758021922457709705/Avatar_Female_Size02_Remielle_Origin_Ani_Gal_Special_Loop.json
08ded64b151d852da6d7849d20d6072361d968d443afa816214a96823319bf42,948815,animations/scalar-recovered/source-json/2748134067/CAB-d77415a594af7c627f07c9786086ce9b/-5613997075032444129/Avatar_Female_Size02_Remielle_Origin_Ani_Gal_Sad_Loop.json
68ad069254169029eb267313114fdfbd451fcbf551d53ecfdd04dfed9765457c,948269,animations/scalar-recovered/source-json/2748134067/CAB-d7e8a5de1954691b39f6fabb014a5ff9/8724263261004016611/Avatar_Female_Size02_Remielle_Origin_Ani_Gal_Think_End.json
8422a6a57055e6d3b78249909dc8d93380b6ea0abf7fe4145b608a1477cf3a78,939558,animations/scalar-recovered/source-json/2748134067/CAB-e41346e5c938a302fa0bc88d72422886/3783783322442903623/Avatar_Female_Size02_Remielle_Origin_Ani_Gal_Shy_Start.json
16880ed8ddd19863dcc2be839ddb3852eb434fc78e59f80ad3a93c478c1c57ff,1176879,animations/scalar-recovered/source-json/276809377/CAB-4209dbd24594d51d0fef06627bfab17e/-332086741542394480/Avatar_Female_Size02_Remielle_Ramiel_Ani_MC_Pose01.json
7a896ba0a0c3243bcc1fbfc3d6f7a0b9d3398cd30e018fd4bcb425db421214b9,919733,animations/scalar-recovered/source-json/2807369310/CAB-0c3d9fa0c1570b1ea8cfa3d77f3d98da/1900861627129385279/Avatar_Female_Size02_Remielle_Origin_Ani_Move_B_AirFront_Loop.json
353ad298f0eea1bc4b488cc720782e06e6f3945b1fa72c40e382cb226bb9320c,952677,animations/scalar-recovered/source-json/2807369310/CAB-1457f717633135624967a8f27090cb2c/-1625501374979292177/Avatar_Female_Size02_Remielle_Origin_Ani_Death.json
1e94980984446358d70e1b14a571e42aa3a1fc6fc29199bd58a27e44deca3a45,1107514,animations/scalar-recovered/source-json/2807369310/CAB-6164a4315dcc4fbe46999f7275e621f5/5202439334842570661/Avatar_Female_Size02_Remielle_Origin_Ani_SwitchIn_Normal.json
7f5ec59d7ba405a85e4b941753f07573f81596ddca24b4b810d7be3c58ab50ac,974175,animations/scalar-recovered/source-json/2807369310/CAB-6f9dab0b9eba9a6f9a37f015b82ea76d/-2991822547410715265/Avatar_Female_Size02_Remielle_Origin_Ani_Dash_Loop_02.json
87e561dd7f03d42c75e2caca30cc8d8d0882c692689f88185c63386f0d6a5277,967538,animations/scalar-recovered/source-json/2807369310/CAB-9d341d5f113b1b9a0ae9a2f40d39de0f/1246260342542111871/Avatar_Female_Size02_Remielle_Origin_Ani_Skill01_AirState_Back.json
282611592a0444985ef3e1c394cd82e12b02ded705d159c6ea4ec374edaddb84,1001197,animations/scalar-recovered/source-json/2807369310/CAB-b4bacb1509800f0dff18da91d92b6bfc/7794289617578359175/Avatar_Female_Size02_Remielle_Origin_Ani_Skill02_AirState_Front.json
0608efb1641da3f768a3a4418bf8737f8e4d762805d7b8939663e0890f02ae53,925698,animations/scalar-recovered/source-json/2807369310/CAB-c067dd7149b715a360f59abe904d4bb8/3822496042948580805/Avatar_Female_Size02_Remielle_Origin_Ani_Attack_AssaultAid.json
8fd27ee2991d6f7b9a3a44ca91f366cc8b350147c039f9ab6c3212bab07f9de7,1025853,animations/scalar-recovered/source-json/2807369310/CAB-c067dd7149b715a360f59abe904d4bb8/809512117277142328/Avatar_Female_Size02_Remielle_Origin_Ani_Attack_AssaultAid_End.json
955d2d192937f057ed1746bae88872c7f7a0730bd27d95e09c8fb5b18bb1347e,941461,animations/scalar-recovered/source-json/2807369310/CAB-c86b68f260025e9ed1686b85e305ac55/-2636976124880508438/Avatar_Female_Size02_Remielle_Origin_Ani_Attack_ChangeState.json
b58e8b213a05a9b8d53e435d3d29d55b070ddcd138a6526a402bd08081a76a05,886858,animations/scalar-recovered/source-json/2807369310/CAB-db435b080d88577d5eda3034f73da441/-5309517271134006713/Avatar_Female_Size02_Remielle_Origin_Ani_Skill04_AirState_Front.json
f3efe7cd7f853322a40d8dd9dc91ebbc6f666b43bfc49fac26dc20b90057504f,954585,animations/scalar-recovered/source-json/2849370921/CAB-073241c3afb1cf09196537b9c86a4f73/-795180483755165137/Avatar_Female_Size02_Remielle_Origin_Ani_UI_Skill_01.json
bc39f847eb22da4614a553533f7f0cb9c649459846e6c43cc62cbb5389130940,949319,animations/scalar-recovered/source-json/2849370921/CAB-0b0ed66386aafdfb0826e7680888c52b/-5431015789700717656/Avatar_Female_Size02_Remielle_Origin_Ani_Gal_Angry_End.json
843ae2f2862ab8e88325127abbee604800f2cdd4292daafcb6f872b97d259142,951289,animations/scalar-recovered/source-json/2849370921/CAB-33c8ecd840635007d9743bd6853ac9d3/4895482447231859671/Avatar_Female_Size02_Remielle_Origin_Ani_Gal_Angry_Start.json
423638f7986dcae562169549274dfe3acd6c95878906fb93ffcbe1b7fd2bcda9,951948,animations/scalar-recovered/source-json/2849370921/CAB-3dd93f2ee0affa84eb20ea36d21e2bb6/88525121001536157/Avatar_Female_Size02_Remielle_Origin_Ani_Gal_Sad_Start.json
edd3862f8921861bffaa601458726d2f86e02b1848acecc0cda6dc25723c4739,1031374,animations/scalar-recovered/source-json/2849370921/CAB-54d477c26f2d631c8936071f27b05196/-1671619181323828258/Avatar_Female_Size02_Remielle_Origin_Ani_UI_CharSel_Start.json
4107792886b67e72b95d9f9af749038ff8b32d660d27c53bc69e533ae90d7121,945086,animations/scalar-recovered/source-json/2849370921/CAB-8d82b594b6c64c553fb641f240cdc6e9/3813786785909743011/Avatar_Female_Size02_Remielle_Origin_Ani_Gal_Surprise_Loop.json
d3cf79eb5100c6a0942254c3a4fec7d23b979ba0818ade3bf7c5a50b680fd68d,969677,animations/scalar-recovered/source-json/2849370921/CAB-9bcb8d70234fad0f3d3156023394158e/4250699840072175340/Avatar_Female_Size02_Remielle_Origin_Ani_Gacha_Loop.json
5f4589611483cd3c3035387c362a1841ddee0ad5c99a3486be6d0e20ab5fbb2f,944161,animations/scalar-recovered/source-json/2849370921/CAB-aa04e6bf54c664ddec74e62da1cc9335/6120980313742102255/Avatar_Female_Size02_Remielle_Origin_Ani_Gal_Shy_Loop.json
fec9fd87c973d25fc262b4ebf69e4e4fdf34997890540cb106ba9f97e8fbd6fa,947943,animations/scalar-recovered/source-json/2849370921/CAB-b9db7a23cc8431e9a04649a31b2ed25e/5322396064761070247/Avatar_Female_Size02_Remielle_Origin_Ani_Gal_Happy_Loop.json
231caac3c697d6d20907dbf3ac41619e4d6b6bd13f4cb4f30e63103691842edb,953252,animations/scalar-recovered/source-json/2849370921/CAB-ca9b602b05a936f674d362cda26b886d/-7955931358041218420/Avatar_Female_Size02_Remielle_Origin_Ani_UI_Skill_02.json
0bc1ff7d727775716cdd6f2b582b1776d62a12feb238b1a84b8d2ffa7c166cd1,1145634,animations/scalar-recovered/source-json/2906705493/CAB-7a441f7265bb4e22d19419586538f431/-4754978034331838293/Avatar_Female_Size02_Remielle_Origin_Ani_SwitchIn_Attack_Ex.json
17206640d6cdea1a6bd88d4b791da28f5208736384b54dee45c8b4bf5ec222c4,943234,animations/scalar-recovered/source-json/2932222405/CAB-31c29d830b33476ec0810078df2c9521/901133478427205527/Avatar_Female_Size02_Remielle_Origin_Ani_Gal_Angry_Loop.json
ea317830bb43baed01f830c770c63d972a7e578ad178f39912c16e888a8941f4,1025549,animations/scalar-recovered/source-json/2932222405/CAB-62ed5c7d08282007932710f7846913f4/8480681007055211976/Avatar_Female_Size02_Remielle_Origin_Ani_Gacha_Start.json
ca97b6ebde23152e793731296ff243ba788e091580c0fcf54b177eeae2ecb9cc,945995,animations/scalar-recovered/source-json/2932222405/CAB-b707512f7cadd0d9c8040ed61ca33c12/-2888949661270690737/Avatar_Female_Size02_Remielle_Origin_Ani_Gal_Think_Start.json
6b0771b4331d2c9f52d31fe9ceccd2cc9ad48fc3832da62496c23c566dda2c2e,942192,animations/scalar-recovered/source-json/2932222405/CAB-ce3b218bc4a407efbc1d1610527eef6c/7219689378586941951/Avatar_Female_Size02_Remielle_Origin_Ani_Gal_Surprise_Start.json
440a69524054e10af90c5e54f50b2cec18796910941992f1edd2a495fc1effeb,1045406,animations/scalar-recovered/source-json/3278416766/CAB-054bc96f21c392775ad58eda0c3b56ce/-5622118941521754627/Avatar_Female_Size02_Remielle_Ramiel_Ani_Gal_Think_End.json
53ab924485a955c51a2f9f50c4c850155144d02864d24aef401e0c76594bc0c7,1043972,animations/scalar-recovered/source-json/3278416766/CAB-14f250a47959f0ba85045eff182fe317/921624685840654086/Avatar_Female_Size02_Remielle_Ramiel_Ani_Gal_Happy_End.json
463fe1a50b9839b8671eb599bd775daa275cdb8a93321f16849f8aacba3233c1,1043855,animations/scalar-recovered/source-json/3278416766/CAB-18723669dc13e3e1b13f6e2e45fe935b/5583199559579285834/Avatar_Female_Size02_Remielle_Ramiel_Ani_Gal_Special_Start.json
e251f65150bf5652a3a8ad5a06dc977e0e5d0c7cf5a35169842b795d2f2bf029,1042894,animations/scalar-recovered/source-json/3278416766/CAB-37c3fc35259d79a6df49f0fdbbe1f51e/11149147896977611/Avatar_Female_Size02_Remielle_Ramiel_Ani_Gal_Sad_End.json
142c95b5623dceb7ff544a27042a1d3596cbc69da7fd85a065899330112f3a58,1050038,animations/scalar-recovered/source-json/3278416766/CAB-4b6b10cd3f8f3d26206e9524cc3e6278/-7316839223823332493/Avatar_Female_Size02_Remielle_Ramiel_Ani_Gal_Special_Loop.json
ebf90a6b8e9b14ca557dc2ec994b3bb8d752b6138711b7e15b1b656d6f17924c,1043113,animations/scalar-recovered/source-json/3278416766/CAB-553907d726f7f5f8fe7fe0c44fb73f44/-3648252350136279357/Avatar_Female_Size02_Remielle_Ramiel_Ani_Gal_Shy_Start.json
9fdf86a0c94c85eacca8e0dc17a49f5ac78fa761e3aa29dfc1ec413c1086f665,1048915,animations/scalar-recovered/source-json/3278416766/CAB-718f96bc002296df11ecda783043005e/404332144766148870/Avatar_Female_Size02_Remielle_Ramiel_Ani_Gal_Idle.json
8e25527f12ad0819e7672a9d448dc9f62ae2c9e8ee9166655fb8a6af7dc0f0c0,1047000,animations/scalar-recovered/source-json/3278416766/CAB-8825d67f0be4cb8e9efb02a983e64ab6/-3865773439225484418/Avatar_Female_Size02_Remielle_Ramiel_Ani_Gal_Happy_Loop.json
5247884f1908512523fa886adfa667849d85fbbeb3fdc0f0ce994f5191d4e34d,1048770,animations/scalar-recovered/source-json/3278416766/CAB-8b28e3633d73843b3d11ce508ae58a5a/-2152356670641858221/Avatar_Female_Size02_Remielle_Ramiel_Ani_Gal_Surprise_Loop.json
a7fa7003985ecd5d511ca12aa4bd12df5d78f1542d06070331d634d4f008223b,1044643,animations/scalar-recovered/source-json/3278416766/CAB-8f1944b4606602d3a104866492443b54/-1615495386502112075/Avatar_Female_Size02_Remielle_Ramiel_Ani_Gal_Special_End.json
6d0212857fe5f9f3a40365a0e44abc1fcbf86529f9883254e3b9ed64339ed0ec,1044770,animations/scalar-recovered/source-json/3278416766/CAB-bc534dc2da9d378a5a8ee7fa411353db/4611403284854729406/Avatar_Female_Size02_Remielle_Ramiel_Ani_Gal_Think_Start.json
82e7afbd6bb2b2950a87a2fa7d860e89a3bb1b1c8876b00ac5f47e9a2339994a,1042740,animations/scalar-recovered/source-json/3278416766/CAB-d736ab159d79ecaa2ecc616ceb9f4a9b/-6899122251715677648/Avatar_Female_Size02_Remielle_Ramiel_Ani_Gal_Surprise_Start.json
c8a23ba06257f71670cbe1fd550460679540725ca98d39e884f0916053ccc973,1044062,animations/scalar-recovered/source-json/3278416766/CAB-e6d23dce06aa443a42104b70ab3ab488/2248653542039276037/Avatar_Female_Size02_Remielle_Ramiel_Ani_Gal_Shy_End.json
b231685a3669df62dade9104454491f18a05e5499577fb8269e7cae094f2feab,1043207,animations/scalar-recovered/source-json/3278416766/CAB-ec6bf1717f72b483b5bd0361e265a5f4/1288109669835231162/Avatar_Female_Size02_Remielle_Ramiel_Ani_Gal_Happy_Start.json
5a4ed0270cbb946b92c10a9ebaace6d8b626dac517b62af99d754b3c74926c0c,1044079,animations/scalar-recovered/source-json/3278416766/CAB-ee8bcbc745aa09cad2edcbf8dae6dd5d/3584744101156041026/Avatar_Female_Size02_Remielle_Ramiel_Ani_Gal_Angry_Start.json
b4c215bedf64c9b22c5bcb33603bace48b844fe7c76a9d6352f07ab22aa3558d,1010716,animations/scalar-recovered/source-json/3521808087/CAB-1af0146cd75f9b13ce59a92f3bd82fba/3943810936548701524/Avatar_Female_Size02_Remielle_Origin_Ani_Attack_Normal_03_End.json
bc39306f15a42c20c951695a31e6e8ee66fd68a66bfac9a6c2e77e3daa6dd999,944113,animations/scalar-recovered/source-json/3521808087/CAB-1af0146cd75f9b13ce59a92f3bd82fba/5861491352876732367/Avatar_Female_Size02_Remielle_Origin_Ani_Attack_Normal_03.json
eba82aeb66850a4e72fdaa4f0a56542b11e661e49f79393bb5c6de0f9600809a,1062930,animations/scalar-recovered/source-json/3521808087/CAB-270fbce06bdaf12b3e9e76c4cd6a257b/1799653042722582171/Avatar_Female_Size02_Remielle_Origin_Ani_Finish_AirState_Front.json
b0523a1eb38cb43f7c91c60d9a2325d8ed469b09bc4433dc6aca6e280c6e007f,919316,animations/scalar-recovered/source-json/3521808087/CAB-6aab398422cb12cbe802fb1c02420e49/-4729996155582485543/Avatar_Female_Size02_Remielle_Origin_Ani_Move_F_AirFront_Loop.json
fbcdd0a6572b921b02cdd4f2c04c320a7afb90f893721b3460a6fd753b2f9623,959664,animations/scalar-recovered/source-json/3521808087/CAB-7fe39a86385a797855268a81a7992c85/1831964020784875617/Avatar_Female_Size02_Remielle_Origin_Ani_Attack_Burst_Ex_Max01.json
4f27113a219ba4252d71d3491e04c70e18255b5622a173bf99cdbbc48bd92e25,952140,animations/scalar-recovered/source-json/3521808087/CAB-8e2d5bcc52165bda45bd205f2cb80332/-3494025788189807306/Avatar_Female_Size02_Remielle_Origin_Ani_Run_Transform_01.json
8b301ed2437d573f9ae4a094ff37e085bece39a1258019d4d4224d21be4d88fd,1047884,animations/scalar-recovered/source-json/3521808087/CAB-d1b52e8e0b797809b9c8e41a0b487813/6060083161734243057/Avatar_Female_Size02_Remielle_Origin_Ani_Hit_H_Back.json
d40952e688695e45dfc6f3520c05576a35a5a25111bcbe3069f4478018c9cda5,993418,animations/scalar-recovered/source-json/3521808087/CAB-e35cafd1a72a36b7f16d1b784177f553/5730101738945828718/Avatar_Female_Size02_Remielle_Origin_Ani_Start_AirState_Back.json
13cfdacaa22b23652b420f88a086abf048d3618e022077a2db93b2458cc9c75d,994957,animations/scalar-recovered/source-json/3521808087/CAB-ee2e548c5baaf184c07c906e30997663/3561100767826961103/Avatar_Female_Size02_Remielle_Origin_Ani_Idle_Loop.json
097668292bca0813dfdd12f14fb8ee96f01a00da768b423440ec7adc4c6dda6e,1034386,animations/scalar-recovered/source-json/3521808087/CAB-f7a7f8a4f87a50c83bacc29cbc8ad1d2/2849974368812954210/Avatar_Female_Size02_Remielle_Origin_Ani_SwitchIn_Attack_Ex_Start.json
c0d57862f7ce860d46ed104316dced49baddc941cbc442483e83990523505cf7,985619,animations/scalar-recovered/source-json/3897234846/CAB-00bad65b825d69c2507581fac21c8a3f/-1424511823083596682/Avatar_Female_Size02_Remielle_Origin_Ani_MC_TurnAround_R.json
4944380bca118bb163345d6f439c324079aba81ec17baacbf03ff0882d20300b,921117,animations/scalar-recovered/source-json/3897234846/CAB-014ed2210669c96321e970ccf568fdca/5939319901927034172/Avatar_Female_Size02_Remielle_Origin_Ani_MC_Run_TurnBack.json
356ed38cb5f6ad45ebfcf1bf1d20763df5258c22247e7010a4aec1392a067aed,977845,animations/scalar-recovered/source-json/3897234846/CAB-22cdc4f9381774c37ea51d89d49f9f6b/916858236484560991/Avatar_Female_Size02_Remielle_Origin_Ani_MC_Walk_End_L.json
751e6d5d1fb75874ad62d685a70ec58abe17c00e93aaba642ff991f089e7b2e2,994317,animations/scalar-recovered/source-json/3897234846/CAB-5a8713e36cf9403c7f563779ca7e4880/-808183829747996247/Avatar_Female_Size02_Remielle_Origin_Ani_MC_Run_End_L.json
98e6acc80a3a4cf3e10ff4bd2298293f080b7822ccd7eff4e2e323b2170adc8b,877191,animations/scalar-recovered/source-json/3897234846/CAB-77cc6dc8396de31b951456b5a60ca2a5/-2147687977520797852/Avatar_Female_Size02_Remielle_Origin_Ani_MC_Run_Loop.json
9c2257ab77578dbf3d8fa523fb97d64c60836d6a1c34430fcee638e8c633d637,959594,animations/scalar-recovered/source-json/3897234846/CAB-81d751f71c65d9c353b761796b0723e2/-932027842686652035/Avatar_Female_Size02_Remielle_Origin_Ani_MC_Idle_Loop.json
e39425778e5661edf1fa5d7d93e9db939bba9af5f8b37df229f33431fc340145,1014736,animations/scalar-recovered/source-json/3897234846/CAB-83c6c76b27594a3a385257ac1c50925f/-7718419266596640610/Avatar_Female_Size02_Remielle_Origin_Ani_MC_Walk_End_02_L.json
ff02170ea5d7d08eec77c18ab8a1eb7d7d0ebd6c51e51ed06d55c956ec0063fc,945831,animations/scalar-recovered/source-json/3897234846/CAB-ddf3d681a79f9f93daff2e13fbf3a5b7/-7753903034760924689/Avatar_Female_Size02_Remielle_Origin_Ani_MC_Walk_Start.json
ff8ac9a05a877e7d5954a62faccfc4fdb358648cc2d10b5fa3a0e1a8c4fe8556,878940,animations/scalar-recovered/source-json/3897234846/CAB-e63610f3a888364f2c4b60b184b5c06b/203974070185607223/Avatar_Female_Size02_Remielle_Origin_Ani_MC_Sprint_Loop.json
86f8889f185caa239380569fb4bf2fd118969941b0159700f5dd46cb8d566177,1004177,animations/scalar-recovered/source-json/3897234846/CAB-f34adaf7a4ec2ecc82c73e0b06846837/6475800026644941160/Avatar_Female_Size02_Remielle_Origin_Ani_MC_Walk_End_02_R.json
5f58db14a9934e62784e28fcc006fd18e9b1c7679d0e38e02144747e05ed119e,1217048,animations/scalar-recovered/source-json/3933241010/CAB-49d06079338c0071909bfb82a3189e3d/-7005642826011342594/Avatar_Female_Size02_Remielle_Origin_Ani_AC_Floater_RotateToFront.json
af54ebdaaffd8ccc8dcde11866fb7677a35ddec3775249c203bf0ccb59514029,1217935,animations/scalar-recovered/source-json/3933241010/CAB-5f8656098d9a9fd7761fada5cc310302/-2160103625833557243/Avatar_Female_Size02_Remielle_Origin_Ani_AC_Floater_Idle_Loop.json
95fc06790e3cb43f60834a947837712878c05edc43c067e188a593bd3469b752,1070796,animations/scalar-recovered/source-json/3933241010/CAB-66df26f45d6f0756043bb5d21a77ae9a/-5027944999039239597/Avatar_Female_Size02_Remielle_Origin_Ani_AC_Parry_B_R.json
bcdcd54384871a605aa98ef6f1d525d41b1550130c6683fb61701d3dc2c1ea8d,1153925,animations/scalar-recovered/source-json/3933241010/CAB-66df26f45d6f0756043bb5d21a77ae9a/665705454090562466/Avatar_Female_Size02_Remielle_Origin_Ani_AC_Parry_B_R_End.json
2ddbff8b772cfded727058072537018c1c1e7320afcedde83bd4a5c1b9eb4387,1440319,animations/scalar-recovered/source-json/3933241010/CAB-770f5d8331a4bcd39fa2da4065bde1d5/-7027369149187383941/Avatar_Female_Size02_Remielle_Origin_Ani_AC_Hit_F_L.json
b2120bae771070caac245289c0f5a32328f624e03d8582d7d0605058fe48457a,2856006,animations/scalar-recovered/source-json/3933241010/CAB-a18d26aa93624f44bf94ed4a1cd876f1/449196560178998561/Avatar_Female_Size02_Remielle_Origin_Ani_AC_Floater_TurnRight_Loop.json
230cbb0e9dcb1514394a153252f2f04caac76c668810333b987504ef1fd04bdd,1445245,animations/scalar-recovered/source-json/3933241010/CAB-a21202a1d30a3052827b73dc11341a24/-6574345231194527919/Avatar_Female_Size02_Remielle_Origin_Ani_AC_Hit_B_L.json
83514b080cc5c15110ef9bf0455a4618634c5f1d662d72ce2984c606fdbe1897,1157909,animations/scalar-recovered/source-json/3933241010/CAB-ac308c81e99b0b41e40b1c6836746a65/4238367545642899378/Avatar_Female_Size02_Remielle_Origin_Ani_AC_ReleaseFloater.json
50298cce445aa0904d3da24ad252c3660991107991d15a22f30001eaa0a2ccac,1217041,animations/scalar-recovered/source-json/3933241010/CAB-c4ba8224cda1a570b87d8732501ca740/-558303721803508355/Avatar_Female_Size02_Remielle_Origin_Ani_AC_Floater_RotateToBack.json
eff294bd65768d33a6f6b06ec626ae2e2f11abab28988899058efa9771cf48ff,2855999,animations/scalar-recovered/source-json/3933241010/CAB-d6bfb8d65913a86dcd01d4174dcd7ba5/7374790833252239698/Avatar_Female_Size02_Remielle_Origin_Ani_AC_Floater_TurnLeft_Loop.json
660e032623a385d6a48c5459fa49ac78402fb64dde0d426ff9baff0237c731f3,1217985,animations/scalar-recovered/source-json/3933241010/CAB-d97d6d9d9c53e49101cf47f72188e83f/15796100208661372/Avatar_Female_Size02_Remielle_Origin_Ani_AC_Floater_Idle_Back_Loop.json
e2424b2ce42e0de300faada80dee682a3dac5957a1bca9a72bdd6bc103efcf96,1303172,animations/scalar-recovered/source-json/3933241010/CAB-fa83ba1502420e6fe6e9a83731281814/-8412784876667809433/Avatar_Female_Size02_Remielle_Origin_Ani_AC_Parry_F_L.json
0b3cc92c0246024deb1a0c3bbaaaad4a4e11fa0fd7a02ebb985f8e6f8a5558d0,1436675,animations/scalar-recovered/source-json/3933241010/CAB-fa83ba1502420e6fe6e9a83731281814/2831195224024944086/Avatar_Female_Size02_Remielle_Origin_Ani_AC_Parry_F_L_End.json
de5435df0f56653455f1f370c7410d7de8f5e96fb3ed0799d38c9b33f2e36062,1116197,animations/scalar-recovered/source-json/3939520730/CAB-11bac5858f0750c9fc555308d7de4636/-5148514638459531173/Avatar_Female_Size02_Remielle_Origin_Ani_Evade_Front_02.json
80543229af8b0963a0cc30f5f84c85e605397f3683f72f21458d792e785d63ec,949906,animations/scalar-recovered/source-json/3939520730/CAB-14487361ca6d026f007ae055437d8c62/4740247050420525063/Avatar_Female_Size02_Remielle_Origin_Ani_Hit_Shake.json
5f9b645446decb18a3b75ccb759bc1c4b43bef2db0e17c5e8feed03857a77b88,1026339,animations/scalar-recovered/source-json/3939520730/CAB-5becc2924ae52b26780a7e1b716b7c51/-5003968194027421535/Avatar_Female_Size02_Remielle_Origin_Ani_Attack_Burst_01_End.json
1f33157c082b68c90279089dc3d52f8b2d4fdf41b9db32da5687fb4087b14b81,964840,animations/scalar-recovered/source-json/3939520730/CAB-5becc2924ae52b26780a7e1b716b7c51/1651874841318095758/Avatar_Female_Size02_Remielle_Origin_Ani_Attack_Burst_01.json
c8fcb2d2d5cc04b2c602bfefe176fc38069a3a5ada84e8e2f2f6030ebd0813cf,958238,animations/scalar-recovered/source-json/3939520730/CAB-7220c2a47b6cff41a653cd6ada5f7845/5764822136149515564/Avatar_Female_Size02_Remielle_Origin_Ani_Run_Transform_02.json
bb82f29e732bb9332f9f4330b8fb6b074a9dfbc16337285d4a1adb68834d82ba,1066469,animations/scalar-recovered/source-json/3939520730/CAB-b1b611c032529f61db30e5abd6f188d0/-8523207139652297125/Avatar_Female_Size02_Remielle_Origin_Ani_HitFly_Front.json
1ac6a1894b8b120c2eccbeafe354afebf18a5a23638887822c2b925427af8774,959688,animations/scalar-recovered/source-json/3939520730/CAB-c720eff5f67f57471d62c00eb1e1ba49/7376968608536389763/Avatar_Female_Size02_Remielle_Origin_Ani_Run_Loop_01.json
df71ad31d8194b3cf6c7713232c5bba66571177f5cc9f9bed3631557d5b960ce,974283,animations/scalar-recovered/source-json/3939520730/CAB-f0378a31b5534b9f9140ec561b61236e/-842668131940394539/Avatar_Female_Size02_Remielle_Origin_Ani_Dash_Evade.json
80a53dcd654c0e603e557c4f9a94ea271fbe399d29d2bb64b63ec8c060100f06,975284,animations/scalar-recovered/source-json/3939520730/CAB-fbd91208d3ced827585fbe8cdd407578/-8753138749665718629/Avatar_Female_Size02_Remielle_Origin_Ani_Attack_Normal_01_End.json
ecda6ddad0929abce0d4dbd892ceb45036816f3803933f2a667f051466ab9f76,961498,animations/scalar-recovered/source-json/3939520730/CAB-fbd91208d3ced827585fbe8cdd407578/7100607445617743312/Avatar_Female_Size02_Remielle_Origin_Ani_Attack_Normal_01.json
e553dde0ba736231e2c6c5f41232142131728f6f7d4946a0604be4b6f8244334,1440018,animations/scalar-recovered/source-json/4128630151/CAB-cf0c8082e76d375e97000b074ed6c798/-7426947853720207402/TL_C31_SummerTideTreasure_01_Avatar_Remielle.json
9375b5ddb1fbe807216bb5bcd1a992b47e2d32ff727b39e4dff386c5063d7534,767918,animations/scalar-recovered/source-json/666175487/CAB-a9241bab0980321f96f6426f12adb57b/-663445028083566834/Avatar_Female_Size02_Remielle_Origin_Ani_MC_Stand_TouchingPose.json
3db4a9bcf9b24553e2116dc27f2f6da6d6cdd186b80c2eb04ad7c02a8dd70c40,845015,animations/scalar-recovered/source-json/666175487/CAB-d165498d011e758b4b433f69e2c1e41b/5538955482570295788/Avatar_Female_Size02_Remielle_Origin_Ani_MC_Stand_LookingPose.json
856cc97116c62d68cb44721bb2309a5b73fda66b55c775db20246ffdb030b3b8,767344,animations/scalar-recovered/source-json/666175487/CAB-e6f753bf1eb06603f5476f27b173c082/-8386307440703630106/Avatar_Female_Size02_Remielle_Origin_Ani_MC_Stand_StandingPose.json
a17b207d2d1086fb02d6fa4a10f9c9b12b524119e1abac60e6cbc29098d46033,972651,animations/scalar-recovered/source-json/688857604/CAB-0420a2cf9421fc6637dbefcfd5e2f378/-749745014657950354/Avatar_Female_Size02_Remielle_Origin_Ani_UI_S2toE.json
00976f5c9a09e15133a84e049ae8e543ee9ba72afad9f709829a31a0337b6da9,971573,animations/scalar-recovered/source-json/688857604/CAB-196673d3a8261e8d6f3d40dd8671fe6d/1493186699832253526/Avatar_Female_Size02_Remielle_Origin_Ani_UI_EtoS2.json
2d27f5a31b3f7e151ce3600c687c769bd9df950a6a065149343ef5a1bbda7672,1013848,animations/scalar-recovered/source-json/688857604/CAB-28eb1bd05c8f08451827d774a9983ec7/6107497321571588808/Avatar_Female_Size02_Remielle_Origin_Ani_MC_Stand_Think_Loop.json
24ff30a9b7894be2a049230500f26defa5dd68c07627f20858787bddd5008b9e,946208,animations/scalar-recovered/source-json/688857604/CAB-2d6716ee44e0cc9c4e82f31d18471b5e/-2943091409813890838/Avatar_Female_Size02_Remielle_Origin_Ani_MC_Run_Start_End.json
89e076019c4028421c0a0c66eff9748d56cb08747d61575e5f51eb6c07fa3c21,1034341,animations/scalar-recovered/source-json/688857604/CAB-4d31a0cc18243e656b92b796e41a94c0/-5674996729635622394/Avatar_Female_Size02_Remielle_Origin_Ani_MC_Stand_Idle01_Loop.json
092e3c0cf8be487b9c283dcdea228782920e42284927434b317e6a2add335856,935180,animations/scalar-recovered/source-json/688857604/CAB-5fa60fbae47069ddd965faecae89371f/7034018613371007621/Avatar_Female_Size02_Remielle_Origin_Ani_MC_Run_Start.json
f17dee45b9ea16f404ee04b7368bf6cddb29880fefb4a91617adc544d8bea259,1089867,animations/scalar-recovered/source-json/688857604/CAB-927cb61f019f86386f26de289b0c80d2/6370634618021253365/Avatar_Female_Size02_Remielle_Origin_Ani_UI_MainPage_01.json
c0e1ac97098e5caea81b082d5972a4bd9d0bbe9e4307565cd3d5bfccdb847114,971635,animations/scalar-recovered/source-json/688857604/CAB-fe62c01e4f3d84db1f8da3988ac5bda9/8065264095570095513/Avatar_Female_Size02_Remielle_Origin_Ani_Gacha_Loop_02.json
a6da72315e4a354582bb37d03269f2524730c6f1a429e1c27042a666d8b92e4c,1137328,animations/scalar-recovered/source-json/743950099/CAB-0307c26d10e901a6c57b4193e3c645f4/-3969743430469522361/Avatar_Female_Size02_Remielle_Origin_Ani_AC_Boost_R_Loop.json
eecf9b12370dafd5f42862d7285ba3d984d50c828ba7576252c178ac88b6acfb,1137580,animations/scalar-recovered/source-json/743950099/CAB-28cd8551a043aa1fec927e1c6a4fd764/-1831461666187654718/Avatar_Female_Size02_Remielle_Origin_Ani_AC_Boost_L_Loop.json
42031977ebe32dd302cf7b3951450f63e27d3c60f4ba62d76e551180d1d6e91a,1449374,animations/scalar-recovered/source-json/743950099/CAB-900f8ec88976c3b104319c364aa90e19/1119873529688951936/Avatar_Female_Size02_Remielle_Origin_Ani_AC_Hit_B_R.json
f4b68816868ff32ef8077026a07ab0c3a392b79e9ac1384b9440f1b52a4ec994,1389645,animations/scalar-recovered/source-json/743950099/CAB-b8afba1667e538ea1c728929cf16fca6/5893225612305477988/Avatar_Female_Size02_Remielle_Origin_Ani_AC_Boost_Start.json
627c74f4e0c03f0adb2c8449eebfc5a54f7608a699b6408b20145e033a065a04,1389595,animations/scalar-recovered/source-json/743950099/CAB-c0e684251a2941fec6d5f78b550e42e6/8626172897604399891/Avatar_Female_Size02_Remielle_Origin_Ani_AC_Boost_L_Start.json
3b2f080aeeec3b18484bdb5419198fd0ca2ea168765d6b078df678b24b392c3e,1185706,animations/scalar-recovered/source-json/743950099/CAB-ec8c49dc537a403fdaecdcd7224055ef/2575081414563872535/Avatar_Female_Size02_Remielle_Origin_Ani_AC_Boost_Backflip.json
f431c3103bd978fb8e357c6e794023c144db57f7c175b5f8104439e490ba41d4,1057089,animations/scalar-recovered/source-json/743950099/CAB-f6e0f945ef7b548c7d383748abea5791/2851850261613305529/Avatar_Female_Size02_Remielle_Origin_Ani_AC_Parry_F_R.json
2cb33d1465d36aa1d3352555fcc93b977b30383645477316c5c0e11280c6a113,1171223,animations/scalar-recovered/source-json/743950099/CAB-f6e0f945ef7b548c7d383748abea5791/8172080903107082230/Avatar_Female_Size02_Remielle_Origin_Ani_AC_Parry_F_R_End.json
33ba2200319d1ca8e809ff1954a2ae1a345fb9bcdad75195b5d6584bbda11843,986645,animations/scalar-recovered/source-json/857420442/CAB-062d3958e034d94f1f34094c4ae9283a/7846804033022012985/Avatar_Female_Size02_Remielle_PasSeul_Ani_MC_Beach_Shake.json
8f7c13086e43d4006f5cfc3915d652277a1c8137f72d5acc019726cb62fe78eb,1036396,animations/scalar-recovered/source-json/857420442/CAB-107ca62a6e889f9214141a7dfe440119/-6414773544322857082/Avatar_Female_Size02_Remielle_PasSeul_Ani_MC_Beach_Run_Stop.json
d791e92237d71e6273671782074778f33ec3b5972fe9f4fa4e7541bbf95a147a,1020429,animations/scalar-recovered/source-json/857420442/CAB-22dd1fe7556c788b53f1f4525e784d4c/-7911876158808846913/Avatar_Female_Size02_Remielle_PasSeul_Ani_MC_Beach_Idle_Loop.json
03ca41f42dfbb0bf961aec75031b306e27e377a2c1371cb0f4063ffd32a4c9c6,1000002,animations/scalar-recovered/source-json/857420442/CAB-4422bcfbff5939759061ccba73d1f178/1590318240472557121/Avatar_Female_Size02_Remielle_PasSeul_Ani_MC_Beach_Walk_Loop.json
f2346ee1143727a6378ae7359bb0615b4bca039c6d22ebb35942d7a33f736ab2,1125388,animations/scalar-recovered/source-json/857420442/CAB-810861b865dc79b607b71052d029169e/1335056934340752049/Avatar_Female_Size02_Remielle_PasSeul_Ani_MC_Beach_Run_End.json
e6bb69a3bfa8642b1bf3b94d19897235dc24ff19dfaddc7eb84fa5e75590f2ef,1096401,animations/scalar-recovered/source-json/857420442/CAB-8709b7794dbd614654c305c541b69b3d/-5167791503700290923/Avatar_Female_Size02_Remielle_PasSeul_Ani_MC_Beach_Walk_End_R.json
4433b36da25f461f562138fb38ec541a99138efca0a552523baea19486671d1e,1165588,animations/scalar-recovered/source-json/857420442/CAB-b23704b2b951ca22293000e291177af4/-6051929730229281194/Avatar_Female_Size02_Remielle_PasSeul_Ani_MC_Beach_Winning.json
48992cb173b0ce01bca6ef6434c985e1ae9b2fc424eb6365abe1f6a85a70fd51,991701,animations/scalar-recovered/source-json/857420442/CAB-d186fac75acbe6ed97161a0baa16f276/5324957557180481423/Avatar_Female_Size02_Remielle_PasSeul_Ani_MC_Beach_Run_Loop.json
999045a3b436c60b8be730479f570866ef4bcdf33fa6fb2fe837f6991bf2611e,1028616,animations/scalar-recovered/source-json/857420442/CAB-d386fad25d1ca40782545fa843a21a34/7787218017007325855/Avatar_Female_Size02_Remielle_PasSeul_Ani_MC_Beach_Walk_Start.json
ea9f7fb85e7c233279fff7f2f95d3cb1ce62c2e6dabb706ff279b422074db8c0,176023,animations/scalar-recovered/source-json/manifest.ndjson
c5f494c30face0238b3ddadb4b1567120c06430653ec7d624b14540b2d29e47b,169828,animations/standalone-native/1142011360/CAB-0d2764bbd9198836d4bfd1899f3dd52f/6603020687848131403/Eff_RemielleOrigin_Skill_01_01_Feather.anim
24366256c59fb07b44030aba03c918ae305bca9df3dabdb0c2259d13b6a9778d,229770,animations/standalone-native/1142011360/CAB-1ce135978d09e031bb8aa60c1d3da48a/1497543314043906404/Eff_RemielleOrigin_DtoS1_01_Feather.anim
39e18b0411206fbe96f2f24ed90247e58c7385c8ae0cd852e13d16d86d312a68,127452,animations/standalone-native/1142011360/CAB-1eda398b5d574f1e3e15e88f8255c9b7/-7460524143110126118/Eff_RemielleOrigin_S1toE_01_Feather.anim
842b0bc1a1700140c8937b6060ab785978a0008974061d58737903af7966b16b,229768,animations/standalone-native/1142011360/CAB-2633c12e9540af229a2e0eb4707af800/6396369758570030598/Eff_RemielleOrigin_DtoS1_02_Flare.anim
4e471612e6ee6b4327a3b623493eb043dac95eccd535d8a83111a379099cf287,19347,animations/standalone-native/1142011360/CAB-40360f67660cfd7bcfdb87cd6b6d5d77/-3115126872824803177/Avatar_Female_Size02_Remielle_Ani_UI_S1toD.npz
a865555fd4b28d4514bd58e3bf369e5bfa2eb715e73da96320c1e7d85a28e463,292419,animations/standalone-native/1142011360/CAB-573fab6f699cbfa99ae0b18eb39499ce/-3149595177410234352/Eff_RemielleOrigin_S1toD_01_Feather.anim
c5bbb6a965ef3dae41ac01a4ff905af6a57e5ce62b13c31bfa7ec36476e97522,222672,animations/standalone-native/1142011360/CAB-8c5c571c9f4c668d726dab90381d46a1/-628611688075327520/Eff_RemielleOrigin_Skill_01_02_Flare.anim
70ecf90f8adc92c4f2bf6fa4e6761dfb20878ceb0b8b8a4070d9c628698064ae,85608,animations/standalone-native/1142011360/CAB-91de6474ea1d7f1621b96d3a4c8fc41b/-8680715957317207103/Eff_RemielleOrigin_S1toD_02_Flare.anim
6621afc5568634700845c1b8ca85d43165f1e20a0747ef39dd0b53e437a642b9,43531,animations/standalone-native/1142011360/CAB-aa60e94a0ac45618ac218bd885410a8f/9081749898512092679/Eff_RemielleOrigin_S1toE_02_Flare.anim
d13f63c58670460876f535bb1bcd2cc4c920caf17d4032e6e8972896f6f04f15,15019,animations/standalone-native/1142011360/CAB-e3882721d7998c399ffbd2175c4d4b00/-655282020600436675/Avatar_Female_Size02_Remielle_Ani_UI_DtoS1.npz
5b0ca52824967ee4913c94d7576cf47d2445f8bd8253b2abd7b6f7baa0f4dd44,53547,animations/standalone-native/1270699580/CAB-29d80b2f8837038ba1f7373645104440/-9168892364773005084/Avatar_Female_Size02_Remielle_Origin_Ani_Gal_Facial_Blink_Happy.anim
b7a5c2cfdfa940caf3dbb2b6319cd8cb386e6fc313e20e9dbe7968f14b19be47,105261,animations/standalone-native/1270699580/CAB-2c46ed1522cb8f784d34f4e4f9623e6c/868555754624779955/Avatar_Female_Size02_Remielle_Origin_Ani_Gal_Facial_Blink_Angry.anim
d0786f552ad79341affe0aeba416b74763c4db91064c1b1c54fe4d44fd738a9f,40440,animations/standalone-native/1270699580/CAB-557c9bde4053ddc382c3ac395efa662e/-768953278522618456/Avatar_Female_Size02_Remielle_Origin_Ani_Gal_Facial_Angry.anim
f6840b8a118bdaf9eaf17231a76a836abca9dff2fd3935b7591d3290321607b8,106810,animations/standalone-native/1270699580/CAB-6bb6a9e527a3467ff48ac0b25ce58b5a/4884361227967387302/Avatar_Female_Size02_Remielle_Origin_Ani_Gal_Facial_Blink_Idle.anim
30f38de8655dcc6826368612b2fdc99b3ea9bdd9818a972444ac91feac6ed3b4,40098,animations/standalone-native/1270699580/CAB-6fa42bb47d0b24c6e64b4def6a51676a/-1789725427887556319/Avatar_Female_Size02_Remielle_Origin_Ani_Gal_Facial_Happy.anim
618b92fc39dab309114ce399aa7c27a9c3c07464d91a767d66a664d6909de1ec,40120,animations/standalone-native/1270699580/CAB-86a0467579f1681954a048d233d57d1a/3457396463508420036/Avatar_Female_Size02_Remielle_Origin_Ani_Gal_Facial_Think.anim
9d238d780b922781c99f79589505f7c98803a8ceef0e60e25ad73924674d8208,40070,animations/standalone-native/1270699580/CAB-8891550b325567db97d20043b55e21d0/-1974677938893398952/Avatar_Female_Size02_Remielle_Origin_Ani_Gal_Facial_Shy.anim
3894386ce783ddd6a44283d33aaf0ff1417e7d66c7515e0bb9d36807cf27c8a0,40151,animations/standalone-native/1270699580/CAB-8ef15d0d44881a06e6374f346640a5ff/3896393776017035275/Avatar_Female_Size02_Remielle_Origin_Ani_Gal_Facial_Surprise.anim
a3a96af65fa5213b32a6635f85cbb0b1eaaabefd7b2f884771c9c8604bf1b898,40046,animations/standalone-native/1270699580/CAB-947296a7eff1965711d57b496baa67da/2335980500097434953/Avatar_Female_Size02_Remielle_Origin_Ani_Gal_Facial_Sad.anim
4f1fcfc9b9895af758f75eb0a23372fe06623474c9aed6ccc7bd51792afcb4b8,111416,animations/standalone-native/1270699580/CAB-bf1457c507ac1bfac0236d5f02ee3e7c/1485936507652923373/Avatar_Female_Size02_Remielle_Origin_Ani_Gal_Facial_Blink_Sad.anim
984ae5d89317594b9c6936310250918e053999d31bf285b4cd462153ed2c7423,39894,animations/standalone-native/1270699580/CAB-ce2559781a1bfba3fabcae7513c187d4/9000381212370747100/Avatar_Female_Size02_Remielle_Origin_Ani_Gal_Facial_Idle.anim
e1d2fe286c3409734f8cce45ada0164ed8ab20d2cd9e1993fb8bc68a945fff26,112334,animations/standalone-native/1270699580/CAB-d8cf9b330261fb9b635df064b652b55f/1510344946112537169/Avatar_Female_Size02_Remielle_Origin_Ani_Gal_Facial_Blink_Think.anim
3a984b5d0116e013623aa9d0af8d3daba378bae73228350b06e444cb14fdd043,55183,animations/standalone-native/1270699580/CAB-ea98614ef7888e06bcce9c516ba87c48/5611367713400840268/Avatar_Female_Size02_Remielle_Origin_Ani_Gal_Facial_Blink_Shy.anim
dd63ecebfaeefeed85a5e2083051ebbe0658d62f90a522d0759681ae5eca6882,110913,animations/standalone-native/1270699580/CAB-f4996bec1f1f5c1ef8d51fda4b7af2af/-5291742862441213808/Avatar_Female_Size02_Remielle_Origin_Ani_Gal_Facial_Blink_Surprise.anim
d30f1313184907fb7a1fcc06073ed2a22f8666eb15c8eac06d7b4eeaee11c5cf,506377,animations/standalone-native/1436584839/CAB-1d1372ae2df0ba5732f6f1523467e0fb/-1227961894300652073/TL_C30_ZiplineChasing_05_SC010_Avatar_MaxRemielleOriginCS.npz
ff77931bc84cddfc17b8dce02f5c08e2349a88927e29292dc5171e55a66dfe01,34048,animations/standalone-native/1475924805/CAB-69ac775c5e438746585e16627ceb520c/-1116204725081044891/Eff_RemielleOrigin_Skill05_AirState_Back_27_Trail.anim
0aaee8c88c8dfb5a103187120b2b15c3ce1d6b8ccb1e1d5ba2d2506762e93518,1786139,animations/standalone-native/1846016037/CAB-5cec44d12ff090f787ea26556dbb387f/-8336856029810138531/TL_C30_ZiplineChasing_04_SC010_Avatar_MaxRemielleOriginCS.npz
9a8101814e3da54914c34262ea81b0efde830332ff4aec0714dab0c70a7b6408,832335,animations/standalone-native/1846016037/CAB-86701be3b444797d6298bb85399b74bd/-3484664679815086756/TL_C30_ZiplineChasing_03_SC010_Avatar_MaxRemielleOriginCS.npz
e80d1edfe223ca12d648f21a8cb3c6e59c2ed239795affad360a1db9a3dd7f6c,8461,animations/standalone-native/1873273914/CAB-11cf926a8d80ffc49fc1f3074d2f0b78/925105147977907129/Eff_RemielleOrigin_Common_68_Light.anim
bf28b12b7e67f3638f41381e94a9705a45a172be648026c277c9014ea745c067,2382,animations/standalone-native/1873273914/CAB-252a4c5251f62ba43a000847a100fe11/-515826022834909475/Eff_RemielleOrigin_Finish_Ex_AirState_Back_Start_07_Glow.anim
638c0c27460ecf990c73ef745ede5d59c8b2801bc32c9645049a2201b08a9f7a,37995,animations/standalone-native/1873273914/CAB-2ba1e7fb6f4e823ca52d7d3a6d5954d5/8041209585093529604/Eff_RemielleOrigin_Finish_Ex_AirState_Back_Start_13_Glow.anim
af368283375ca13d6683f6142f921544273c94041c624e0a168d42d96a0c6ad7,991,animations/standalone-native/1873273914/CAB-4072e7ddfba69c1565f3b793e3adfcc8/-8988421056191507797/Eff_RemielleOrigin_Skill02_AirState_Front_07_Trail.anim
bcc2688e5ac88835df7d7031f21a4c98dc03a4879f4b6b1d87a7bc275b5bec5f,42402,animations/standalone-native/1873273914/CAB-439db914cf2b0aae64d48bc0061689ee/-7713167277379953582/Eff_RemielleOrigin_Finish_Ex_AirState_Back_Start_12_Glow.anim
9f9ed114f9f49d13dcdb595a48fac02fe575cd90ef3d8917cab406806012e2e3,376848,animations/standalone-native/1873273914/CAB-491b5a9b8b0d833b79c7e45bbfc3c0e3/-5300483605768689626/Eff_RemielleOrigin_Finish_Ex_AirState_Back_Start_23_Glow.anim
fdcd2d624b5784719f841598d205025941c704bb9b30c84ebb7de4dafaf1fdb5,408571,animations/standalone-native/1873273914/CAB-60df6300b1c549e348d7f057963167e1/7181514370539157732/Eff_RemielleOrigin_Finish_Ex_AirState_Back_03_Trail.anim
b589da3815060a023fa857ea834ee2c779a2aec7539ce360027502648578f825,2860,animations/standalone-native/1873273914/CAB-61c494f52021ee29f9ddeda944114fae/-7547288877936511865/Eff_RemielleOrigin_Common_11_Distor.anim
347baffddfa72069f51e2efbd68f02c9b54d0d4c1a189594850bce5c2a5906b3,7152,animations/standalone-native/1873273914/CAB-7b5007e95c860d2681d7b1786a0a3101/1016658305673763190/Eff_RemielleOrigin_Finish_Ex_AirState_Back_Start_09_Glow.anim
0f38d976a688a9e99abfd841f0c27fa834141a93f7656349f4a960d694fabde0,990,animations/standalone-native/1873273914/CAB-7ba6dd6b8936cd5c89733099ab884e0b/-423206523203858237/Eff_RemielleOrigin_Finish_AirState_Front_05_Trail.anim
da0772e290627a6fce282f67e5df52800b69f45bd8f36d1c13f31fa55f25229b,2095,animations/standalone-native/1873273914/CAB-863a1aae771079685a7ccdde4b9e5390/-6166064662974156864/Eff_RemielleOrigin_Finish_Ex_AirState_Back_Start_10_Glow.anim
98018d121e73cf1783970f05314f075ff9db5066c89b22262bbeb115b7a4776c,4445,animations/standalone-native/1873273914/CAB-a3773fd7b1983205dbe40f34d34bc6b8/8246008260516947076/Eff_RemielleOrigin_Finish_AirState_Front_09_Trail.anim
bc821d971f54e54bc17c09e4185c01c09ad303fd225c04c97cebf239e2a57b4b,123495,animations/standalone-native/1873273914/CAB-b1f8384c4e0ff3f9032b431331a864e3/-8819830023198649675/Eff_RemielleOrigin_Finish_Ex_AirState_Back_04_Trail.anim
789ac874507c880bdfbe5613527a7e3f4db48170e5ef76e63b28a6949bccc8f6,170885,animations/standalone-native/1873273914/CAB-ba3286a194f9243458070e7b1c9c7339/-3297334246295216203/Eff_RemielleOrigin_Finish_Ex_AirState_Back_Start_11_Glow.anim
d9c99c3938bc6ae7943580c671274950b6e029bf78d7308216d617b262cf69ed,2950,animations/standalone-native/1873273914/CAB-c3f60eeaac87ba031203af3354be7df7/-7003204707026630252/Eff_RemielleOrigin_Finish_AirState_Front_04_Trail.anim
e949428385bf7839fc84dc7de9c30ac06387371de621b5c2924261e2ce18610f,8228,animations/standalone-native/1873273914/CAB-e73d93d73455b24a169b690791675f46/5077256676362176258/Eff_RemielleOrigin_Finish_Ex_AirState_Back_13_Trail.anim
6b34f48274b9c429f73eb8718c033f6088343bf84936735425d0b9ccf2994766,53444784,animations/standalone-native/2104872804/CAB-65e465f547e81e3551250368c361cc70/6807886800973678470/Avatar_Female_Size02_Remielle_Origin_Ani_Attack_Burst_Ex_02.anim
4e9ac441f775ec5e932245503a56b8ec8f64444c80e6c98f2d5db62a79eca1a8,6045,animations/standalone-native/2104872804/CAB-eb26aa027a063c0df36a140698155d38/-7578572697436120055/Eff_RemielleOrigin_AirCombat_Parry_F_Start_01_Trail.anim
c264c48fb7439b27b599ff9a6cb6435b5a9da40589b864522cc3b6c1f275bb78,6116,animations/standalone-native/223229245/CAB-0a3e93111c2eb0bf9f21676ee06ff792/-1113393732956795757/RemiellePanelColor1Loop.anim
639c17dc98fd02d4e8e269f626ad55e5c5f25da66314cc46dbd664c7771eb630,26728,animations/standalone-native/223229245/CAB-16fff6d15318478706ce7deb6429c697/3825127937412900022/RemiellePanelChange.anim
3df0f6652dfb7e87b157ba47c9f27673ee9d9e3652e800f1ff92647b82a5474e,9623,animations/standalone-native/223229245/CAB-1cfb001771918c1d22f0bd7bb60598cd/6462429763415691437/RemiellePanelColor1FadeOut.anim
788246b7e28c1fc639457fcbbb346080b7868891ef94b633dc19f190682c33bd,490472,animations/standalone-native/223229245/CAB-1dd6e663d36015829cac2f2ace863462/2276293050020133359/ActivityRemielleBg_OB3_1Loop.anim
ca77c542dc61249d86fab00fbcfc0bd3ba2c7e793e5a3101c6a977e5b4438407,24718,animations/standalone-native/223229245/CAB-2d83631be2bdb469e82cbfa56ca1cd98/3287238408098467560/ActivityRemielleBg_OB3_1FadeIn.anim
7cb53c1f27f3856fff0e69fa32c0ca20b700b562ea49257483b7fc54ad9d75c1,3376,animations/standalone-native/223229245/CAB-4dee4a37752d67547fc7017eb734e94d/-2963353693618043305/RemiellePanelProgressLightLoop.anim
fbc0909c532c02ba13c1fc5ffe260cffeb618647296deca203ae43db85215185,110383,animations/standalone-native/223229245/CAB-826040ddd00b00f33d006e37cd882e2c/2953617126130754732/RemiellePanelWingFadeOut.anim
0563f1b1354c2ab89bcf7d0fe1a36bd2cde2ecd3bcc14b75a98d9810d8132e0c,1555,animations/standalone-native/223229245/CAB-86e1692e06cf543f09fa43024bd3458d/-6091618216383361258/ActivityDemoRemielleFadeOut.anim
a32866552df036f1701466e5b47d97aee538250bb9c477b8536f8442474f09ba,14930,animations/standalone-native/223229245/CAB-98083e4a0f956c601f1c922cf8896079/7680929885859757023/RemiellePanelWingLoop.anim
e3f95a11cbbbc5063a828813fdba441596672e42f95f0d4c243aa8fa5b5c642b,2158,animations/standalone-native/223229245/CAB-a3eb6c0a83fd6db9d22e1e42f7ee5c68/-273215908639208443/ActivityRemielleCameraPageFadeIn.anim
c267674d85c76cbe6ec5b05645c7952ffe95375c9a50b177a2a88a834aceb233,17793,animations/standalone-native/223229245/CAB-b3e0b8c4680d4ae6441ebd1ab11ddecd/-8282109692060178135/ActivityDemoRemielleLoop.anim
41cb7ccd2c8ea6959ee76c5b1db99a5f0729ad39aeb6fea9765839b13ab3230a,1564,animations/standalone-native/223229245/CAB-b647d7766cda4255b7dfa7ceb9c1e29e/-4867752301064075499/ActivityRemielleCameraPageFadeOut.anim
19482b363cccdaef17bcba2e251a9d52e49b3f50f05e56849c283680c5297e50,111013,animations/standalone-native/223229245/CAB-b72f4d083267e7b0b3d3498c138c587b/-5457763868280846014/ActivityDemoRemielleShowFadeIn.anim
305942099d079102d43ca6025a5f83acdcf743444078d238473b307e0d96eaae,13645,animations/standalone-native/223229245/CAB-bba49b5335b1faa89a5a69b6aecf4e70/-731734594868446418/RemiellePanelColor1FadeIn.anim
d4be901f2a72ed7ff01f1b3641bae50c8457b7442d06bc3d0cc6ff6839583a78,1566,animations/standalone-native/223229245/CAB-c75034754d58d772fdef75b9b93c5fe3/1048372404302456033/ActivityRemielleCameraMissionRowFadeIn.anim
71de230887a00226c6110b21dbb36ea26897600c9338c84e42fdff5b3e6c602c,170580,animations/standalone-native/223229245/CAB-debb31c4d53c4ffc7acf4beeadef7d29/-7645172094751853092/RemiellePanelWingFadeIn.anim
488588ca3050da2600027ba6aab8bc9ed28fc030fb9ea76e67cb78233ddddf7d,32861,animations/standalone-native/223229245/CAB-e2149a58521a1ecd40af05d00c3b2e31/1256502158490709456/ActivityDemoRemielleChangeFadeIn.anim
cd27ae3fc9cbec4bd70fc2ca06c015ac7217213c23109119f6e7e5f7885c7d60,40045,animations/standalone-native/2375779530/CAB-0047acc1e8eee635d68aa600539aa2f3/5430978919926539451/Eff_RemielleOrigin_Attack_Normal_02_01_Trail.anim
33907c48291a3899102fb9c8c061de84571ab9d17e497fd8413c3efa55fc22c3,979,animations/standalone-native/2375779530/CAB-09ef7a9f9219f904bae6ef5f9c7491b4/-3996965079858970057/Eff_RemielleOrigin_Attack_QTE_27_Trail.anim
098e3732a4ed40c225acff8c4907b394fd4c0514c20272887962ccf0fbbe0225,11960,animations/standalone-native/2375779530/CAB-0bbdfcc633c06f9a7d25a8ea2f9d1379/-905739567675742531/Eff_RemielleOrigin_Attack_QTE_29_Trail.anim
f36badb6d6ee1c22cc160d85835bc36a9ee5b7f15fda4909e534aa7193499825,11669,animations/standalone-native/2375779530/CAB-0f6804ef18d49904c392d50ec6aec5e7/-3240867522074318806/Eff_RemielleOrigin_Attack_Normal_04_11_Trail.anim
4c11849aa34f47aecc1d21a01ac9521459556700fea910d3863cf00e35ee518b,15464,animations/standalone-native/2375779530/CAB-0fe557bc38625ef90e729c9dada35a86/-5720079872551610091/Eff_RemielleOrigin_Attack_QTE_17_Trail.anim
35643193d1cf3a6aabbf3d355032e2cfd68fae9c4d63ad3b21236fa36097afa1,3901,animations/standalone-native/2375779530/CAB-25dce4ff58465e58646a4b45e8362c53/3196721469610947462/Eff_RemielleOrigin_Attack_Normal_04_20_Trail.anim
adf20ffdc70e9e3c0d8aadde97c82930027c989afb484144be54259e61703278,11304,animations/standalone-native/2375779530/CAB-3883affc862d136a4e049240e5399943/-4959015535686005058/Eff_RemielleOrigin_Attack_Normal_04_13_Trail.anim
ea16ab9156b1ddf5957d53c7be88a19492f5d2d20a0875c9b7e5141028a5c763,11714,animations/standalone-native/2375779530/CAB-6f45b089093a780a6ad80cca5e58be83/-6301200954761472238/Eff_RemielleOrigin_Attack_Normal_04_12_Trail.anim
e763a753bb7fb6c43ba37a05e489fb46db57e01ef0e127708332953e8e9757d2,12386,animations/standalone-native/2375779530/CAB-79ce0b956e89d4399a3f744500bcdda6/6181033030829262108/Eff_RemielleOrigin_Attack_Normal_03_01_Trail.anim
dea23dc412cbbc1c4017e832224b6097c3adf6ad6e0321936a36d6e95ed993b2,9297,animations/standalone-native/2375779530/CAB-8193a02d4a78f9617384a9e8c5ea21ee/-8217331349944557952/Eff_RemielleOrigin_Attack_QTE_28_Trail.anim
c62611ee7505144bb691ad3972f5a485f7c8daba284bd0c3917949c36a4bb272,10876,animations/standalone-native/2375779530/CAB-916b13b0130f208744c1b7fda2976888/6793959772589250853/Eff_RemielleOrigin_Attack_Normal_04_08_Trail.anim
8c6744d7920e9d2710ceed2c1901ebbb9b45792d8905602750bf45341086e626,15344,animations/standalone-native/2375779530/CAB-94e1567f225fb3d51f2c5cf57f3bbdf6/-267313892669967684/Eff_RemielleOrigin_Attack_Normal_01_02_Trail.anim
21d9e5b13ea255d942c62d2bc3db87b610a234b133f812587ce3a4b2a373686b,4458,animations/standalone-native/2375779530/CAB-954b1957e6e3a97cd629eff4386c99d8/-4583377599292899213/Eff_RemielleOrigin_Attack_Normal_04_01_Trail.anim
4b61277384bd06b7800efcb4329fd1e1e01a2b7b5516e73acae611792b106a07,4464,animations/standalone-native/2375779530/CAB-9d6345116776493cf934015e41f03c0e/4287534985516134702/Eff_RemielleOrigin_Attack_Normal_04_02_Trail.anim
a824bdaa5f5a694dd1a7b5dba7e51e8fcccc27e6c8dca06369faa809efd91d53,14468,animations/standalone-native/2375779530/CAB-a653bb162dbe15d132f570068fc4aea3/-5530751095851804544/Eff_RemielleOrigin_Attack_Normal_04_09_Trail.anim
bf62be29a833bdd0a8041bfb1d871fdd52478b35810cb69affb5937d037217e2,4280,animations/standalone-native/2375779530/CAB-a9830d212f4d966161fa0fc9ca42ac75/-1306471103285021502/Eff_RemielleOrigin_Attack_Normal_04_21_Trail.anim
43b9ff12d0882f16c347547472098d3d9a638110a6e5369f51669008a52e00ec,3475,animations/standalone-native/2375779530/CAB-c8b099547ec1dde2b4eaadda93a5a096/-8830877548122241294/Eff_RemielleOrigin_Attack_QTE_41_Trail.anim
6a66713af5bcfa82f6b18e0a912f91b6cae98083c66d0286044b4f94be211306,9205,animations/standalone-native/2375779530/CAB-d4bc13f9b423fa8a7e794eefeeb84f14/795126023960050005/Eff_RemielleOrigin_Attack_Normal_03_02_Trail.anim
a8baa2934e5e68118c6035ef6ded2600b807321213aaf3ae18e7c7e01d220201,11597,animations/standalone-native/2375779530/CAB-d7cf53303011d50a0e01494de0c0a645/7766852080392559764/Eff_RemielleOrigin_Attack_Normal_04_10_Trail.anim
753a10fd69f86d8f2e2c097ea83236fc104f9d4c993b7d0c025c40da08a809e4,3033,animations/standalone-native/2375779530/CAB-dfc0f6d91fdf361651b727aa5ff375cc/4393031062172593240/Eff_RemielleOrigin_Attack_QTE_33_Trail.anim
fd116a82a03b2c50d4b93250e0545151d2eb944c6f101f317c44b426ac7ebaf7,6553,animations/standalone-native/2375779530/CAB-f4f32e801ff3c5ab872b326eb85fa51b/-507688003647183474/Eff_RemielleOrigin_Attack_Rush_01_Trail.anim
b2204533b3bb75a7653be373f7aac0f6225af4f7c40cd4a53cea874c3adc05c3,11600,animations/standalone-native/2375779530/CAB-fbc21c224093a3b7b8317610dfb8036f/-4279113896162597068/Eff_RemielleOrigin_Attack_Normal_04_14_Trail.anim
ae121b7a3267664d29c3e1a4b16c2c8a2791c22043b089f4d84ba6f85ba1f36b,3603,animations/standalone-native/2375779530/CAB-fc30d5cbae994bb0a062aafb5d0113f7/-7099447057686430218/Eff_RemielleOrigin_Attack_Normal_01_01_Trail.anim
ab2a5e188da16c91ded3afbb840ab6a991ed00d00eb492d4164520064b8461d7,7770,animations/standalone-native/2628649539/CAB-1893c7216097f16e67ca22228a1b7717/-5716240445988633505/Eff_RemielleOrigin_Attack_ExQTE_Start_36_Wind.anim
649792bf3d4f8a65657c184d47451de576e1465045776e90ca6576068588f994,25106,animations/standalone-native/2628649539/CAB-2988e5c7b61d4e229d008758003eee1a/-6249365653953725821/Eff_RemielleOrigin_Attack_ExSpecial_10_Trail.anim
ac7298b7245cf84215759c0d045381d2565c3d8aa02a6cc7a1e7be09a5630571,4457,animations/standalone-native/2628649539/CAB-2e51fa9605a481767a87bc33b5d1b24e/4035578232825527934/Eff_RemielleOrigin_Attack_Normal_04_04_Trail.anim
22774467655e49ffc6e58464000c09d9b0c1cc49faaf15a503b104202b244083,17084,animations/standalone-native/2628649539/CAB-35c42486ad0468a8125ac4f60bf09e29/-1950704435603307102/Eff_RemielleOrigin_SwitchIn_Attack_Ex_Start_02_Glow.anim
69c4aec9af248e046cc3e6ca18594c11f41c696b7970621cb00411e60af9cfb2,3541,animations/standalone-native/2628649539/CAB-469bb140dddfc9f777123d363e1b8cc2/-458742249145494154/Eff_RemielleOrigin_Attack_ExQTE_Start_39_Wind.anim
df14e8a4d44b5b3416d13d878b15a0563adec4dec626afea9c11bee60ca9a05c,6944,animations/standalone-native/2628649539/CAB-4d20324ad6491c133fb93dc3e610b23b/-6722690454504360452/Eff_RemielleOrigin_Attack_ExSpecial_23_Trail.anim
750a0c98f834c2b4db1dce98fc2ae694c7059b790e0fdbf4e7c6460fbf34a610,5872,animations/standalone-native/2628649539/CAB-5e105c8498533f279cba05a64cda0b2f/4640188222508465235/Eff_RemielleOrigin_Attack_ExQTE_Start_33_Trail.anim
3e484be5ca4c95a8394007dbb02e6b8e9c84c825037eb426395db2f36261f3b5,6156,animations/standalone-native/2628649539/CAB-6b888d658688f7e7c76f91d55b1b64e5/3218882236358508583/Eff_RemielleOrigin_Attack_ExQTE_Start_24_Aura.anim
572a72bbc790775c655b2f273c2ef37365abbb28f69df05ce18c13bef9a35e1d,11288,animations/standalone-native/2628649539/CAB-6cffaf02172fb3627464caaf2a4868f7/7619614512728016855/Eff_RemielleOrigin_Attack_ExSpecial_33_Dust.anim
ef15bf7d004c27d8d6e33f26856cb8db1ba657c36a9b46caf67e6d443f1dfe13,4696,animations/standalone-native/2628649539/CAB-7cd01990e4c2d6efffef8da58974970e/-6768129164966183290/Eff_RemielleOrigin_Attack_ExQTE_Start_32_Trail.anim
f0c7f3bd814d57cd4df9a431ce4495955d51e9cf70eef344bc9fed4acc04a310,5640,animations/standalone-native/2628649539/CAB-8e843d253c5a2b788d9c5a4907eeec64/3881656774510654250/Eff_RemielleOrigin_Attack_ExQTE_Start_43_Line.anim
2eb9311bebd77a9289cb0cb07f24bcdd11e5d90e7bac919359ff9b1f4dd4e107,28563,animations/standalone-native/2628649539/CAB-96c10946d350313000e6bfcc57c63560/-8703796351755850308/Eff_RemielleOrigin_Attack_ExQTE_Start_34_Flash.anim
72c8b3bba59165d567610bc90fece5acaba88f65b5e91a74c096c15201c753cc,26448,animations/standalone-native/2628649539/CAB-ae9873df44c0867e7066a45b9f9dbbc1/2740870121364370669/Eff_RemielleOrigin_Attack_ExSpecial_24_Trail.anim
4230e68911c7f9ef9085ee54f306822bf2bebea54638d5ce1a911166b767d777,22951,animations/standalone-native/2628649539/CAB-b3ed84f77ab92569d5fd5d3e651efdde/6033759757265454327/Eff_RemielleOrigin_SwitchIn_Attack_Ex_Start_23_Aura.anim
95d449efa92415b64268a9f4542fd7ad0d038144ec10b2423ae4381b7c0b87d6,3926,animations/standalone-native/2628649539/CAB-b6e0cdfc5ed7ad6da31aa1dd6d7f1df3/5694802132380554332/Eff_RemielleOrigin_Attack_ExQTE_Start_40_Wind.anim
71a4138d286043f2de8b0ed6428371d7291c608f2310913d289826564ad8e9e0,25106,animations/standalone-native/2628649539/CAB-c01234435ae6754b19e4ba1167118dfc/8263246163424819483/Eff_RemielleOrigin_Attack_ExSpecial_07_Trail.anim
d7557b70684a49beb25da198c752e4bc2a3965b1bd7e3d62aeffc966238ca96b,3122,animations/standalone-native/2628649539/CAB-e94afef84db973c5a6f119a9fd59c90e/8837228314780817487/Eff_RemielleOrigin_Attack_ExQTE_Start_41_Wind.anim
73bb638aca213d13f28999b5cfb5214cbe8e511a165d04e0dc5739ea24d125a8,1557234,animations/standalone-native/3094050808/CAB-f7048970623d84f565eacd8a7a2bbdc0/6608155943822335795/TL_C30_ZiplineChasing_01_SC010_Avatar_MaxRemielleOriginCS.npz
260c0a90dea70d69d0bfb76b68304958366633bb8fd15a864be891c63b0c4763,66278,animations/standalone-native/3316514000/CAB-35d87940b27e5c4f8e527993dee4e66b/8292812980204926438/Avatar_Female_Size02_Remielle_Origin_Cam_Finish_Ex_AirState.anim
d80349d22f3711ff32c18770a64307b14a57267ece1d9a547f60163916ab7e44,94412,animations/standalone-native/3316514000/CAB-38d458e992fce16119ca9a55e17d6910/1646639187933548866/Avatar_Female_Size02_Remielle_Origin_Cam_Attack_Burst_Ex_Max01.anim
2c54858534ed5cd2e94124e6d7880d197d72ca7a2b9240bdd94a3b733b614b20,99941,animations/standalone-native/3316514000/CAB-9eb1d5d4f56b3a3e5240215727de0edc/-295552050544974194/Avatar_Female_Size02_Remielle_Origin_Cam_SwitchIn_Attack_Ex_Start.anim
4d4b2072311f0d1fb4b639766cfb49fae6bbcab9f810f114302c92feb9609d8d,73860,animations/standalone-native/3316514000/CAB-e68045e60f25e95dcf6f0f76f44ece50/7893086240092630223/Avatar_Female_Size02_Remielle_Origin_Cam_QuestStart.anim
fb586a4a18300333737b07bd2d174af85f8a757d219a9dc5425b353d661dd3e7,93123,animations/standalone-native/3316514000/CAB-f6943495f1b2fffd8960bc4dce6d3bd1/816171479261743885/Avatar_Female_Size02_Remielle_Origin_Cam_Finish_Ex_AirState_Start.anim
a5948102874e97d0e0409af3790ad80ed3074523bde759c75c7854fed9da7fe0,28867110,animations/standalone-native/3325839570/CAB-79f151e51c0447db369cfb59b21f2a10/-5822624941106295879/Ani_Cs_TL_C31_Explosion_04_SC010_Avatar_RemielleOrigin.anim
455e8c5c99df3d7e5fd7c04402070b050985debeadf12b138c532ed21a19220e,61297311,animations/standalone-native/3325839570/CAB-e5750cfba91f20b659b2157a7a107d33/-7211968816666491200/Ani_Cs_TL_C31_Explosion_04_SC020_Avatar_RemielleOrigin.anim
a961c69931429a7b37aedf6f384ed23f42b65fe9cdcb1cdbe70c84449aa51e49,5115,animations/standalone-native/3684114180/CAB-32be8d976e85476aabe71298156d824d/1993312827335343537/Eff_RemielleOrigin_Attack_Burst_Ex_Max_01_04_Trail.anim
3f5f4d9f710d4fe8800111a077d0f0d185ff704224db863a816b6786dfb03c11,31176,animations/standalone-native/3684114180/CAB-3d1b28c6a239c8a7b5fc728975bf5feb/8532985103770043957/Eff_RemielleOrigin_Attack_Burst_Ex_01_05_Trail.anim
186bdeaa8f687db965f755cbbc688cd63065857e99a6b14356a5990d6c0142dd,22435,animations/standalone-native/3684114180/CAB-4c23dcdeb7b70382d4dcd3873eb114fb/-57424972924323598/Eff_RemielleOrigin_Attack_Burst_01_01_Trail.anim
3c45e9c4ff8db171db5ba58a7b9094a77dfd87eb775d584c6b9a0d03e4a87b3d,7637,animations/standalone-native/3684114180/CAB-69df105df5c4f5d8fc046241d532031e/2065700709048511542/Eff_RemielleOrigin_Attack_Burst_01_03_Trail.anim
722d07a9b0e2f08400f03192b708a41863afe8ec8c9d454e4fba3b1c8173d96e,991,animations/standalone-native/3684114180/CAB-6c70c6a331e0588ffc49ea160426ed3e/2084628002586241414/Eff_RemielleOrigin_Attack_Burst_Ex_Max_01_03_Trail.anim
69cbe323f528717635ed0c5d61d864b5072a95142a917a35e7a89c900f538bae,57056,animations/standalone-native/3684114180/CAB-6cdffc4c26968f416951963f7ce4d14a/-8756282143680380827/Eff_RemielleOrigin_Attack_Burst_01_02_Trail.anim
bf822e0e162cd292abac30c1c9322667c8114cf1f6e8edf8b0624c1b164db595,987,animations/standalone-native/3684114180/CAB-6df334efb969fb68d3f5acd392959972/8644535845528444542/Eff_RemielleOrigin_Attack_Burst_Ex_02_11_Trail.anim
3e8f4256197208fbea220a663bcd00eb7a549d9da3ca658fd0ad035df8af5b21,4042,animations/standalone-native/3684114180/CAB-806205c93ae748ea5787297080cee6a4/-8793696663916723418/Eff_RemielleOrigin_Attack_AirState_Front_01_Trail.anim
8215299d772dfc509692268c76b2acdd45ff7f2c3cfed08e5b4f2eaf83848c8e,6019,animations/standalone-native/3684114180/CAB-8b76b57acef0fe4b111b65fe70bfc85a/-7850479730412562943/Eff_RemielleOrigin_Attack_Burst_Ex_Max_01_10_Trail.anim
01cb7fbf3360ac75ac7702f94491bc23f6bb147e98afcaa7f9d00d8d8d8e2156,46295,animations/standalone-native/3684114180/CAB-bcbcca4e0eac2363917f55ccc5c0e4c0/-8249970154498540806/Eff_RemielleOrigin_Attack_Burst_Ex_Max_01_08_Trail.anim
ed7e9d303dd9ef256cd34b8f46d59dc1015539f96215c6204a4af9ef7ac9810f,2776,animations/standalone-native/3684114180/CAB-cef66adceab7764284a358deec9e4823/-4092313400316802226/Eff_RemielleOrigin_Attack_AssaultAid_01_Trail.anim
ef2a80d5eb87e45802558d57be961330088b8c478cdebd58113d627a20fce234,36914,animations/standalone-native/3684114180/CAB-d47dea1218d6c225c9a95e025020303e/1924187739843157035/Eff_RemielleOrigin_Attack_Burst_Ex_Max_01_09_Light.anim
79a66d060f9cbb173fd1ceca6573ef9274785021f8b90c0951a484321e237907,1744,animations/standalone-native/3684114180/CAB-eb8b5652e51ea88ea21103265584ab33/755122686809888109/Eff_RemielleOrigin_Attack_Burst_Ex_02_01_Trail.anim
1751ce70f0c7c128e8f4c4091e5369104e506491ce2cc692567bfa02ababc271,18315,animations/standalone-native/3684114180/CAB-f1463bc4452f07df5a4db23e41eff8a9/5362489957480154463/Eff_RemielleOrigin_Attack_Burst_Ex_01_03_Trail.anim
19b4323f42913f0048c9867c1e083badda0bf2c20f693e48364f2b1bd9694f46,60590,animations/standalone-native/3684114180/CAB-fd281f5350af1bd3a292ac38eb4b92b5/6784347838717105871/Eff_RemielleOrigin_Attack_AssaultAid_02_Trail.anim
6d90b75239ec7f555689f24055a3b674e84a762373962960495d6438e77020ab,2466,animations/standalone-native/748631265/CAB-0507d44c93ee865629ddd2eadf780ece/8393460245208546331/Eff_RemielleOrigin_Attack_ExQTE_Start_01_Aura.anim
dbbe8fe504810bc600f270d68fe77e6d7a5a766c7d220087027989443ce88b24,35031,animations/standalone-native/748631265/CAB-05c488d68d24fb1a41e24ad1f8f18d37/-3576463779812647057/Eff_RemielleOrigin_Attack_ExQTE_Start_02_Aura.anim
27c9d83e84e8a994cf8faf2c8b2619c5ad6ed877d4425ed5d989d58a899ee48a,981,animations/standalone-native/748631265/CAB-161ebb34620a9a32c864799765e09900/810876769388262370/Eff_RemielleOrigin_Attack_ExQTE_30_Trail.anim
9f851d9b5aeb0b9f187191dc9117fd12bd163a83dea19aac54982bdd2eca77dd,6611,animations/standalone-native/748631265/CAB-183a39af38c06247e21e595bb4f6f6ce/-5379901821219294996/Eff_RemielleOrigin_Attack_ExQTE_Start_22_Aura.anim
2b9d0268819f62b06e8ff0c0ab0acf12d28f6797b199d8d2e7dc5156454061c9,4829,animations/standalone-native/748631265/CAB-3517beff286947a9dd02c3c217b7e60f/2091719630621697512/Eff_RemielleOrigin_Attack_ExQTE_15_Trail.anim
83c5b934377cbc3982d3c14a5bc6e32c185c62400441329594c0d6492576fb1e,55779,animations/standalone-native/748631265/CAB-3fb655b4449bf5ddef40f816fbc1e86f/5214059258134236712/Eff_RemielleOrigin_Attack_Counter_01_Trail.anim
55dece24a09208c857961e6eabb0fc3166e02735ef3dd7fb3b5dc28f04c1c1c8,5860,animations/standalone-native/748631265/CAB-43eb7f8b4de6dd62a2989b161b42dc57/-2394530986900238608/Eff_RemielleOrigin_Attack_ExQTE_38_Trail.anim
b3ac5b201a04fcdb1fe87fb99520afb798d50ccc9d5507e2a4e5911b809b07d0,4829,animations/standalone-native/748631265/CAB-56563b3145bd82a9228c017eb9383d37/7574005456282231987/Eff_RemielleOrigin_Attack_ExQTE_14_Trail.anim
28ce14edc8e3bf0a8c6123c73abff42586c8831101d7cf01a31de0e68e424650,5235,animations/standalone-native/748631265/CAB-829f95a475d3a12f87174ecc7177889d/-1851519967795351097/Eff_RemielleOrigin_Attack_ExQTE_08_Trail.anim
9bbd6dd2f684daa6324b858cb777bb0eab450cdb72b499eb9028c330eb52b7be,24469,animations/standalone-native/748631265/CAB-a27f3b7892534ed4b661bdda82515c61/-1032840305016315703/Eff_RemielleOrigin_Attack_EXQTE_01_Glow.anim
f8f30d5dee3fc61689d155e4f078810034e07014c098bd3050a193dac4d8a707,5775,animations/standalone-native/748631265/CAB-a983284ac5d2dc5730ff82c9f4f8b7d8/-6863990158037872939/Eff_RemielleOrigin_SwitchIn_Attack_Ex_Start_13_Glow.anim
372bef82168f99b18017f6d60b7872d6bdacc65723c36424759d2e6200626429,2460,animations/standalone-native/748631265/CAB-ab85498ed9ee19ce2e6a4b4280127f35/-6962481093569282396/Eff_RemielleOrigin_Attack_EXQTE_08_Glow.anim
b9b0390dbd98a777dc4c37ae1bd25fcfd3b3630ad5c9eec971e79f3cb67ddd28,6748,animations/standalone-native/748631265/CAB-dcb6ff94bb095dc852f40483fb88b50a/-2035570354416442693/Eff_RemielleOrigin_Attack_ExQTE_32_Trail.anim
dd02a5fed1d4b0750d1e1911929db740084335124fbd60a3fba0ebbcdcbef4bc,10592,animations/standalone-native/748631265/CAB-dd3d4407f43cead2c7cb27b4905c28bb/-3176850696165388956/Eff_RemielleOrigin_Attack_ExQTE_09_Trail.anim
0f0e95dc7106ede7c2a7df36738dcaa17c58dc2d846a0f0fbb1b14a4f9bba13e,35915,animations/standalone-native/748631265/CAB-e50d7342ecc8552bfe570ed40a91479a/-6440576457818798202/Eff_RemielleOrigin_SwitchIn_Attack_Ex_Start_03_Glow.anim
78a528deee4064abb1563dada06b8d4967bf2fea3948e4861f758467c7515844,6448,animations/standalone-native/760203698/CAB-199590ddb2067773d7f0001d791a0a97/1767536476939972933/Eff_RemielleOrigin_Skill01_AirState_Front_01_Trail.anim
51614e8a98fa0b0c7c46343e51fc149974ed593ed68d475e815a686ecccf6451,7720,animations/standalone-native/760203698/CAB-1efe5187a0e15aa469a75876dfd26403/6174194877989737561/Eff_RemielleOrigin_Skill03_AirState_Front_01_Trail.anim
233dca908bf3bd47383f746f10a7139f1c1dcb8ef9ed72afa0f45edcfdff3050,551871,animations/standalone-native/760203698/CAB-2eb2f69c3de9f6d02d2428142b1c31ef/1584512548644244069/Eff_RemielleOrigin_Finish_Ex_AirState_Back_Start_25_Glow.anim
84d351337d23d6c38cc3750056466b09293939fffea15cfff64e8322d7ec410a,990,animations/standalone-native/760203698/CAB-300406a286d31d289e8d9dd2e7a6c335/-2255783145484329139/Eff_RemielleOrigin_Skill04_AirState_Back_05_Flash.anim
eaaf9c358875bd1e0a08bd26ad53d6d8bd23d7874b6b44fce841913358b027b8,13411,animations/standalone-native/760203698/CAB-3b598617e2e6a006c08b9308afc5f1cf/-3596303697635656007/Eff_RemielleOrigin_Finish_Ex_AirState_Back_Start_27_Glow.anim
55bdff220ecd2437ec12a8dc4b2d97bf296f26715cabd3cf38834204e76f0450,22735,animations/standalone-native/760203698/CAB-47e23e52143094ca972015063978d39c/3930841820908214308/Avatar_Female_Size02_Remielle_Ani_Gacha_Start_羽毛.npz
0068846807bd9334115f0d10dc4cbfcf152767a8fcf532580aa57c2d1cdb67f6,55717,animations/standalone-native/760203698/CAB-5be52f019980f13217745ef16728f914/-8096285292636011474/Eff_RemielleOrigin_Skill02_AirState_Front_06_Weapon.anim
2ca0879aec2193d73b8fe5f09cdc7590f0ce576f40b5b4a1d037f1835aaf5311,5086,animations/standalone-native/760203698/CAB-689ba3f445f93dc093bf93ba56818e16/-8334938266231792911/Eff_RemielleOrigin_Finish_Ex_AirState_Back_Start_26_Glow.anim
380aed88684f338358cc8eda0a8d5dc5198d36174f119035b2e1273184dd48b4,170150,animations/standalone-native/760203698/CAB-730bf060677668d0495c3bce1a5a9409/-1180981532209791411/Eff_RemielleOrigin_Gacha_Start_12_Trail.anim
38c2869d1e19ce8808c389d6ab6d8cf337e237be191def0b594e9bae8f33ccec,653766,animations/standalone-native/760203698/CAB-95c27f70069eb70b92bd26ee005251f5/-7319884124182340423/Eff_RemielleOrigin_Finish_Ex_AirState_Back_Start_32_Glow.anim
23f81a237b9bf0f1dcefd74c120d444c34ed2c5b05e5538bdb13624168bb0ec3,12705,animations/standalone-native/760203698/CAB-a7e7bfb8aeb1c9f1e4b61a0272fe389d/3370131762381616631/Eff_RemielleOrigin_Skill01_AirState_Front_03_Trail.anim
f8854e55c259c8357b93b049812448054026f524c9b046f607a668a2e877c75e,3871,animations/standalone-native/760203698/CAB-b928ccb0ee25d8ca365cfb06b23ca806/8297811452953167877/Eff_RemielleOrigin_Finish_Ex_AirState_Back_Start_29_Glow.anim
fd0a9c62d1a626c3555280833a01b4fe065e0596d3ae8f7f77f0e57a5703d011,210633,animations/standalone-native/760203698/CAB-c29acf9c10b78e573053e1d1701c938a/3012431295950081486/Eff_RemielleOrigin_Finish_Ex_AirState_Back_Start_33_Glow.anim
cac72fce47e0c11ad41c230f57d98145e043154c5334805063771fae25e00459,654123,animations/standalone-native/760203698/CAB-d5c1e58b97c7b12ca116223b26296e96/-4125393785547237058/Eff_RemielleOrigin_Gacha_Start_10_Trail.anim
ea3cfb0bfa34a0d486dc1420208b8b6e78978c1a389e63203bf200fa9596f6d9,185289,animations/standalone-native/760203698/CAB-d9c440c186b827f16cc5e243fe763366/-5415047867519864533/Eff_RemielleOrigin_Finish_Ex_AirState_Back_Start_34_Glow.anim
821cacaa7fdf5fe255bc570a2011aa53b91b93fde79912fabe293a26b34cb02e,6294,animations/standalone-native/760203698/CAB-dfd36030ee0e39d4e91f21db9accc23f/4897817527261312693/Eff_RemielleOrigin_Finish_Ex_AirState_Back_Start_28_Glow.anim
c6469af6764fb6ccd57be2cd57c913d54caf0d07d0770afa0ced86729d9ca8c5,174635,animations/standalone-native/760203698/CAB-e15a0c48288d8b3dc81748bb9b12181c/1567346303640584405/Eff_RemielleOrigin_Gacha_Start_13_Trail.anim
6fe43a5f2729a8c600c0bb064616a429b5ba73bc0d87d38bfd224ff7fc9bec1a,64483,animations/standalone-native/760203698/CAB-e30f1495d676def7150f384183a3435e/-1132240869361224321/Eff_RemielleOrigin_Finish_Ex_AirState_Back_Start_38_Glow.anim
1f3e4c2a5b3cd52ea5637bfcd58bb07f9dd3b5b21eef19b2dc12c89cdc5885e8,2479,animations/standalone-native/760203698/CAB-e7278f1d66076a2a3049b429588d7fea/6133593371687625691/Eff_RemielleOrigin_Skill05_AirState_Back_06_Flash.anim
2787cd20e6ac9976d773732a95156e7fcc2969ea801d45d0fe6588cd643fb648,3466,animations/standalone-native/760203698/CAB-f352fc8fd02d6a7ec60f8b3dfcbdb689/8500287467771028033/Eff_RemielleOrigin_Skill02_AirState_Back_05_Trail.anim
67071dad04d24007d18f750781ede1d8868698cff29530c7e6534986af85f992,21082,animations/standalone-native/760203698/CAB-ff260896853ea06fc9074868b37a073d/-8953266966282804744/Eff_RemielleOrigin_Skill04_AirState_Front_01_Trail.anim
8a3d749339e8a21e0a19b4165c84f0fd1d974befe413cbb7a3bbcb6b07eef4ca,7771,animations/standalone-native/760203698/CAB-ffbd22513846388e1ed92a57ff170ec0/-4593306247280313244/Eff_RemielleOrigin_Skill04_AirState_Back_03_Trail.anim
de9fd882818ea608540714d5e336a1c9c396f79b67a54b0a01c4c4781640eb64,301845,animations/standalone-native/925645607/CAB-21a7ee6b5a3cca3897150f4849d91f69/-1610740489754958034/RemielleMovePath_R1.npz
cdb27ef33a4d7e257c3faa79ce2d0f9bf18cb529da58b401cd30408cdc0e5b67,144671,animations/standalone-native/925645607/CAB-5641217341234e927ec11a59c22e5a4d/1430414761173537661/RemielleMovePath_R2.npz
23bb2371c9a9f17e4d8835d8a1f277ae2698191e368f070768c5170b6edecfdb,122198,animations/standalone-native/manifest.ndjson
9680a221f6ac8de5051bd02b8479520a82437de00c1d73a2fefaa7d4f4eb3670,179944,animations/standalone-native/standalone_recovery_report.json
496aa214adda5af061d4840087ee57518795de0e7cf079541ed7c8030e68c3a6,46051496,ledger/json_asset_ledger.jsonl
e0bf8bcbbef0504b8eb2a72701552c62c0d953d0d45ad7d068d4a533e11f1d73,12103,ledger/recovery_ledger_report.json
b893af4444fc043dfa6f0509435878fa614e36dd1abc79f2945be2f7b7a9ccd2,4045,materials/by-source/Material/MAT_HairShadow.material.json
29bd4ec44584b36c0b4bfba522e274cff22fb30d054a573e017b93f9f69af9fc,37522,materials/by-source/Material/MAT_Remielle_Eye.material.json
4add595511eb2dbf723d5041f9430af03f5835096254c0379a6c6a009fb723a8,54713,materials/by-source/Material/MAT_Remielle_Eye_NPCFX.material.json
5e8f99ad9484bde9532fc73676c3d2ead3ca5b3682ba2ef4c3e398ab56ab182f,30930,materials/by-source/Material/MAT_Remielle_Eye_UI.material.json
c123560bac0401f616e632c29e9f1a6e07497bbb8f812c83c25e0e770b2227b2,43042,materials/by-source/Material/MAT_Remielle_Eyebrow.material.json
b3c2f700f5dfaebdce8abc69c85e288ae89f25998c9eaf5ee0083dd453e9697e,57410,materials/by-source/Material/MAT_Remielle_Eyebrow_NPCFX.material.json
81bdb604fff8a3985a1f208ba36bd5d4015f391575c25ab153c4063084af0386,40183,materials/by-source/Material/MAT_Remielle_Eyebrow_UI.material.json
f2de30a9f6d4af5bae00beb3deb625b4e56ce69acf118296e634afb1b7759c2e,43043,materials/by-source/Material/MAT_Remielle_Face.material.json
84cf52b5e6e66c6fa6575c03d3a89662204097194b24f3cb1271310ad14a38f6,38471,materials/by-source/Material/MAT_Remielle_Face_LOD3.material.json
114c1c39cebf75e100df8043d53ca777fe19248d4e2efc36c15d20aa5ffcac2f,57423,materials/by-source/Material/MAT_Remielle_Face_NPCFX.material.json
145da5ad0ddcf9e7611f8a70cb3170a2fee81c94b95421c1d9735775665392bf,40196,materials/by-source/Material/MAT_Remielle_Face_UI.material.json
e2e0a72988336e470dda8641f9002a87707d7308b99f9f108ea1da5e6036d21f,67166,materials/by-source/Material/MAT_Remielle_Hair.material.json
4726411df2ec0c7ba1fd75e05ca638dfbb776195109d2d77ea2bf5c94c1b1dcd,60207,materials/by-source/Material/MAT_Remielle_Hair_LOD3.material.json
10ffafa6ae4fd14e0e6a0a53fc8858f1f87457e8e4b26c970e733e17e09c04fd,65509,materials/by-source/Material/MAT_Remielle_Hair_NPCFX.material.json
7d16804db9285e46a0fa0f6f3c683a4a65c38ee7f3eaebefece32e51be8f81b4,68802,materials/by-source/Material/MAT_Remielle_Hair_T.material.json
15e3447eac9dc56654c31f893490b61140403d0c838f774103a02fc3f770dce7,63612,materials/by-source/Material/MAT_Remielle_Hair_T_NPCFX.material.json
4ffcff85540bada15d33e6b2e5871c288b39d11a134aaca6deaaeed65bf2bcce,63916,materials/by-source/Material/MAT_Remielle_Hair_T_UI.material.json
91f86986ddd4036800bc484b87d78dd74bde5972428e157fbd43ddeaa39ec9b2,62529,materials/by-source/Material/MAT_Remielle_Hair_UI.material.json
838d13c5fe544092fd50c8bbad7b0b35ef000f68c9d8c09e5648ed145aded3ba,73850,materials/by-source/Material/MAT_Remielle_Origin_Body_1.material.json
8290ffb117b7d74c0451e5a1f51b1c92df726930350a7c048be221ce26c276d9,60736,materials/by-source/Material/MAT_Remielle_Origin_Body_1_LOD3.material.json
89b13658a2a57c55dbdcf897fd082f11f981b6dec4256d4c41e03a4a6b2e7e78,75564,materials/by-source/Material/MAT_Remielle_Origin_Body_1_T.material.json
7c338268daad24e65d0f2dbd1da9fde8e82e04d8a47e0282bb328ac2aa4ab556,61036,materials/by-source/Material/MAT_Remielle_Origin_Body_1_T_LOD3.material.json
2afed761ffe227f10de82cc968c938ac42135abff80217150b4e37276b9e6a94,67461,materials/by-source/Material/MAT_Remielle_Origin_Body_1_T_UI.material.json
83e7fb26ec03e48982a824bb905c71359a36ec840ed4b86bfda59e7d7a75937a,67254,materials/by-source/Material/MAT_Remielle_Origin_Body_1_UI.material.json
be9ffdc8ad10daff3c9d7c4ba6ad165ee1003c76da6f9499cd9eaeb180d20143,79736,materials/by-source/Material/MAT_Remielle_Origin_Body_2.material.json
e8f03d71d10ce1cc7938cde57dadd255298e26d9d966c131ac7d0c9fca6c8d96,61058,materials/by-source/Material/MAT_Remielle_Origin_Body_2_LOD3.material.json
1dac8b139c78e06534e23c13138bf9fe167a7f3e1bceac1795035a4426c0f5fa,70810,materials/by-source/Material/MAT_Remielle_Origin_Body_2_UI.material.json
99159559277fff6464bccab363e3dbc72a23b735892b10c5446a8f1e76610322,69813,materials/by-source/Material/MAT_Remielle_PasSeul_Body_1.material.json
ffeb556e0b89a46df5c0b95baa1da6d03ea8009f5300f88c852d1dd227cd13d2,61774,materials/by-source/Material/MAT_Remielle_PasSeul_Body_1_LOD3.material.json
00191dbee969e1fe5d4f6a7e8170ba86956f748256849d14e8624d76f18caa73,61236,materials/by-source/Material/MAT_Remielle_PasSeul_Body_1_T.material.json
bb140d3542c799d3b3021c6216828756bd00dccfb7207e263d08cc0426fff654,61649,materials/by-source/Material/MAT_Remielle_PasSeul_Body_1_T_LOD3.material.json
99eed71040b763f60502092de22f528d6a08072e9c53a17f46a099dccd2f6136,68039,materials/by-source/Material/MAT_Remielle_PasSeul_Body_1_T_UI.material.json
2793d190f1ab7b8adc16d75fcb7c0f8284eb4ea8b595e8597c649149668bd252,68339,materials/by-source/Material/MAT_Remielle_PasSeul_Body_1_UI.material.json
7b12e58d3b13e91685a5f092904244db9526f59b2b36579d01b8b84bd6a83d29,70848,materials/by-source/Material/MAT_Remielle_PasSeul_Body_2.material.json
3aa3354483bf48ba5ca50123cee42d9dcce7245331bc7bc498fe67caad72c14c,60910,materials/by-source/Material/MAT_Remielle_PasSeul_Body_2_LOD3.material.json
dad5071c23511d16e4144fc3c242793bcfb3e6ae981bef201228b896a5a090fb,69112,materials/by-source/Material/MAT_Remielle_PasSeul_Body_2_T.material.json
63fc2f80f1dfb1df15b81c6eeef2280776946e85185d758b5e389e2e4fb485d8,61460,materials/by-source/Material/MAT_Remielle_PasSeul_Body_2_T_LOD3.material.json
25d052971741b5f74a911dbeee9dcab946f244a0af083f3a373ef282e0747a4e,66543,materials/by-source/Material/MAT_Remielle_PasSeul_Body_2_T_UI.material.json
940ae51a0db5054ac36e89a75c2dafb0149838d185f1c7f3d91aeb50772a6504,69460,materials/by-source/Material/MAT_Remielle_PasSeul_Body_2_UI.material.json
d43d9aff700756f24a03a6df589f951a9dabcb1c499d01a0bd5a95339ba2700b,73138,materials/by-source/Material/MAT_Remielle_Ramiel_Body_1.material.json
22c0094639b020110ccf0a65b4050a079dc197a6f18b5261e25eea7d013c8dbc,61376,materials/by-source/Material/MAT_Remielle_Ramiel_Body_1_LOD3.material.json
3f23727ff1f1f6159d72ab3d020ab6ba9699a99450f74be4a4b6ef648a8c7fdd,74444,materials/by-source/Material/MAT_Remielle_Ramiel_Body_1_NPCFX.material.json
23ebcd6aa6114f0e01c0d074540d1a226e80183d0740db219c911e53a1e97901,74177,materials/by-source/Material/MAT_Remielle_Ramiel_Body_1_T.material.json
428d3e1a06598378d7cc4ac1c20f74c21bbc7243f1c2dbaf96279a487623df91,61425,materials/by-source/Material/MAT_Remielle_Ramiel_Body_1_T_LOD3.material.json
a1cbaf855d0328c8d30021aa5f20bcaeafa174e9a527c02e5c42adedd01032b2,72557,materials/by-source/Material/MAT_Remielle_Ramiel_Body_1_T_NPCFX.material.json
22882853fdbe4210398f20582047ccddd3583a589d54ec4028057840eac933af,71742,materials/by-source/Material/MAT_Remielle_Ramiel_Body_1_T_UI.material.json
36e974722aab1c44acc8911755b5af26c449369db57c09e930f6490a54c912de,71561,materials/by-source/Material/MAT_Remielle_Ramiel_Body_1_UI.material.json
9a24d130d0d181a314ca082d4e57ead2e7907dc12d40fc58ba5246760f0d22a7,69991,materials/by-source/Material/MAT_Remielle_Ramiel_Body_2.material.json
760690035da7891a47c85287038d92da810a51838648a753e7ff0653c1f22f56,60707,materials/by-source/Material/MAT_Remielle_Ramiel_Body_2_LOD3.material.json
b27bafdf9ee8ab134230e0beaab3677892556e2b77b47fbb0c95b708e69497fa,71747,materials/by-source/Material/MAT_Remielle_Ramiel_Body_2_NPCFX.material.json
6108ff87b998d2a71ca1c826d735069e9e7a91b6dc138415d125786992874dac,67970,materials/by-source/Material/MAT_Remielle_Ramiel_Body_2_T.material.json
1a4e48d4e3ccd682d8af59002c5ee3d9709913b5e325c5d43674c21fdedfbb72,65988,materials/by-source/Material/MAT_Remielle_Ramiel_Body_2_T_NPCFX.material.json
f745740e7ac50957118624235f7f539425900e1b3874bc203b71a287a3bbd64f,65161,materials/by-source/Material/MAT_Remielle_Ramiel_Body_2_T_UI.material.json
8cf3d47e1c6a5d11fd7345d4ff55c64c34f4ecf636c802dff1553b9904f73faa,68856,materials/by-source/Material/MAT_Remielle_Ramiel_Body_2_UI.material.json
3f5dce1952559dbaee3f98166daf96442d56533730ddfb67eb468a55d61d58f8,69690,materials/by-source/Material/MAT_Remielle_Ramiel_Sticker.material.json
96d294501fc7d0b0e7ca725fa5cf41860a0ba2913bd17980eb1a36048d64e638,68215,materials/by-source/Material/MAT_Remielle_Ramiel_Weapon_01.material.json
204e3ec871188dafbef4c605bf357c5f596f87759cda950998ee171fad293cbc,60315,materials/by-source/Material/MAT_Remielle_Ramiel_Weapon_01_LOD3.material.json
0bbcc8fe6e971570db78cf831505e54bdaca5215999e803d155493a9df49bfdc,66909,materials/by-source/Material/MAT_Remielle_Ramiel_Weapon_01_UI.material.json
bf5bd2809cd7a54cb83ca8d3490bc74b73b5f3615d43c99757413d52ae27faab,66207,materials/by-source/Material/MAT_Remielle_Ramiel_Weapon_02.material.json
897415037b3305172e6a40f1baa8b0915c193734193727e57893fac63fe88397,60216,materials/by-source/Material/MAT_Remielle_Ramiel_Weapon_02_LOD3.material.json
5242d056525bbac56dbbc35c5bbe8b23cbdb9320deb7a1bea3a8cab75992d21b,64928,materials/by-source/Material/MAT_Remielle_Ramiel_Weapon_02_UI.material.json
7d4bbd57d063954202baf2ed888f37a14cd9099b78ea6751dfb5811147c45a09,64286,materials/by-source/Material/MAT_Remielle_Ramiel_Wings.material.json
49cf024135b9100b958cb178b1f465560fb7cd51542c707d45af6f52ed0e86e5,60825,materials/by-source/Material/MAT_Remielle_Ramiel_Wings_LOD3.material.json
472e550ccbc09c614ee6d405582b96367c48098911ac5388bbf3afdc61c4b8a2,64937,materials/by-source/Material/MAT_Remielle_Ramiel_Wings_NPCFX.material.json
e6995371c395922f17fb77e9b14d525a049eaf8a9f91b0701a8905236b0b6379,63011,materials/by-source/Material/MAT_Remielle_Ramiel_Wings_UI.material.json
efa680af9249d9773f95c2fd709365c7c8f4e170390e60f6875b79e88447ba56,74835,materials/by-source/Material/MAT_Remielle_Sticker.material.json
409b44131ea994b37ba69230d2daee8fa31c9882d56affc6e52eb67be16f8ba5,66814,materials/by-source/Material/MAT_Remielle_Sticker_UI.material.json
2528c6f60b7e59e4a08a1efafcc021951b0aa3b670924647b0308684acb3c8d4,76281,materials/by-source/Material/MAT_Remielle_Weapon_01.material.json
cc917db7cf027de2c304598b377db101eeb7fef01c08bc68d3a418a87ca3519d,60311,materials/by-source/Material/MAT_Remielle_Weapon_01_LOD3.material.json
dd9b3b5bf7a3b01a918f9c611a627e8657db3a066eea828bb0983e7e10ad8a63,68943,materials/by-source/Material/MAT_Remielle_Weapon_01_UI.material.json
83f0d7ae4a470344a0f4694b4648342e2f92b39f4340ea709760bf1ae039b6f6,73558,materials/by-source/Material/MAT_Remielle_Weapon_02.material.json
1b487f09fb083bb2ec3f82bad63e8145d3cf517023adb9f1b77ba95eb7190766,60315,materials/by-source/Material/MAT_Remielle_Weapon_02_LOD3.material.json
dd751684767f7d05ea80e369bcc528511984eddef3bcfb470fd696af76315026,67010,materials/by-source/Material/MAT_Remielle_Weapon_02_UI.material.json
aacc4d438c4d39454ce2fc5c3b0c379695f8ff4c5478805f8ab038b10ced2803,71234,materials/by-source/Material/MAT_Remielle_Wings.material.json
251a6a44332ee6e28c7e927f1aed7f0333309ccb0aa25fcef1720d581fb919a7,60844,materials/by-source/Material/MAT_Remielle_Wings_LOD3.material.json
637deb7876eeddad393d56d91b5d98c1b2a94e83b0efa89b3f01f42ecee06394,65354,materials/by-source/Material/MAT_Remielle_Wings_UI.material.json
99c8809486c18c2202a97b3c73115a72656e8ae6c1f2a76d5b7bff0261233e93,2753,materials/by-source/Material/MainPage_CovenantOfDayat02_RemielleDan_OceanMaterialFar.material.json
f54a06cf20ffbf87d868b34342f34774f3ea7f483526f83d91c4f9f7dfdfa68a,2758,materials/by-source/Material/MainPage_CovenantOfDayat02_RemielleDan_OceanMaterialNear.material.json
921adfd75a34a33556483551d6cc425a9772505bd428595ef633f0702e1eaf75,2768,materials/by-source/Material/MainPage_CovenantOfDayat02_RemielleDan_OceanMaterialNormal.material.json
da0b41b211f879002693f843f585f6a417b11369c72669ed9f6a44ed3c5589ae,82447,materials/by-source/Material/Mat_Item_Remielle_Origin_WeaponCrate.material.json
26a9b46e7a7e64472126659db37aadc7574d143ed1a2c3e874a7644da2d99031,11074,materials/by-source/Material/Remielle_UU_01.material.json
4fd0a6b520cb8ec35b0f871a859ec18be563285c839ac006d5261afe3951866d,9613,materials/by-source/Material/Remielle_UU_02.material.json
88501bfb9203ff216e793a007e10b4a157ec4a64078102cbf5475e0e738c1120,8353,materials/by-source/Material/Remielle_UU_03.material.json
f6c0d92addea981f03217af8d6d56bc348152bd76c45b13689bc2adc3980082a,30661,materials/by-source/Material/Remielle_UU_04.material.json
e03ca7722be45a5f79236eafc43da5f251c3a062bde0077c6fba633233bfc26a,33455,materials/by-source/Material/Remielle_UU_05.material.json
752740230ec8702ea7bfee13c2d06c2d89e402b10b8ce6e8e96354413f1accba,30675,materials/by-source/Material/Remielle_UU_06.material.json
d9674466f2e31d0bc8c68a8692463ae43b0a5ab2929b6ee70f9c718a127a3d7a,53474,materials/by-source/Material/Remielle_UU_07.material.json
d14cb7e22dba4c0e3e0c1e2de019e2f7291da58abf8d17123f098e9325cbbe52,30677,materials/by-source/Material/Remielle_UU_08.material.json
c8c6d4f50925aedcf736c71e28d820d6e55379f06aa495c3204464813a058d89,40203,materials/by-source/Material/Remielle_UU_09.material.json
185a44cb2087eeeaac6cc5626bd591ab53c979f232d38bddcc077ac26e61c945,50323,materials/by-source/Material/Remielle_UU_10.material.json
4173af19415bab132fd5018113ebcc72ab443c2d8601c728ea97ef1f33981be5,11072,materials/by-source/Material/Remielle_UU_11.material.json
c916f0c6f5e37f175e51d8a5224d0336621084ab57345d75863908a7e78e21a8,8351,materials/by-source/Material/Remielle_UU_12.material.json
7dfb74581758c6cfc5671151b9fa5efaa8eb371e24a6935ca9f8c48b20a8810c,9611,materials/by-source/Material/Remielle_UU_13.material.json
5e1cda2ecad0691c6365bf48e788448e1726184cbada2565ab73183ebc4df9cc,27247,materials/by-source/Material/Remielle_UU_14.material.json
f65f6d8424b48639334bf67f5374baa0bd38c4feaae52432535d5064295514b5,3712,materials/by-source/Material/UISpine_Remielle_Material.material.json
da702be30d5bbc869bc70ed8c5c246f4fe82418b7c79b4ed0a77b974363ab646,121841,materials/exact_texture_bindings.json
4db6752b66204d4f84d99da261087b772e8520e32733bdf4d03b7080e61ca8df,63302,materials/material_recovery_report.json
e236ff3610ec9e95441093173e4d76831e34909bb84c75421c0723f9a50cc602,1310376,meshes/by-source/1026692235/1026692235.blk_export/CAB-42ca8eaf6444ede0c455b363e766f819/Remielle_PasSeul_Body_1_LOD1.glb
b2a33d2c53a6d55d5061d8e2b9fae40c4c186bde1c5ae74ec30c5a0c4a5d7896,2431520,meshes/by-source/1026692235/1026692235.blk_export/CAB-5c53c317a1a207f3c7ff4c3d5e71e181/Remielle_Ramiel_Body_1.glb
b3382d891b15aa57fdad263b5cc412e21b922493f17fcd02a03762eeae25f219,781740,meshes/by-source/1026692235/1026692235.blk_export/CAB-b7705f6ac5913fa532f0cbc846cc05ce/Remielle_PasSeul_Body_1_LOD2.glb
0f54fc00cb2d1a9850f3da649c3ac5d1c6b9b061d58fdb712b21d13476a580d0,510204,meshes/by-source/1026692235/1026692235.blk_export/CAB-c47c1b789eaec78cf8d958c335f15492/Remielle_PasSeul_Body_2_LOD2.glb
c07499dcefa91d0209003fff9c85e87ad047c3cbfbab40de483ecc423d8246d0,1268340,meshes/by-source/1026692235/1026692235.blk_export/CAB-eb1a3714a406be5cfc06d2a64d411512/Remielle_PasSeul_Body_2.glb
ddce622753637a2c3fd8f1e6c8d52d9f9fde60e370e37a8b1b5ba7a48a005ad0,837404,meshes/by-source/1026692235/1026692235.blk_export/CAB-ed1394f651c173bc114ec348cf945f2b/Remielle_PasSeul_Body_2_LOD1.glb
8826d994ee76c64f6bbae429a974c8a44968de03dba712fbfb5822959b80068c,12920,meshes/by-source/1142011360/1142011360.blk_export/CAB-40360f67660cfd7bcfdb87cd6b6d5d77/Remielle_Feather_FX_004.glb
7660583f3241d2b801edc905d53f5d070f300e402e020c6f79cb7bcabd1b1084,12920,meshes/by-source/1142011360/1142011360.blk_export/CAB-e3882721d7998c399ffbd2175c4d4b00/Remielle_Feather_FX_004.glb
b463326fd8470f3fc573fb2c3a0315f7a50430f805a0b8599a62228b38f616c9,24148,meshes/by-source/1436584839/1436584839.blk_export/CAB-1d1372ae2df0ba5732f6f1523467e0fb/Remielle_Cannon_L_01.glb
c0d37cb115c857e501b2165e91b80c3a1da8fa9bafc197ffe1c2987ba9959b48,24168,meshes/by-source/1436584839/1436584839.blk_export/CAB-1d1372ae2df0ba5732f6f1523467e0fb/Remielle_Cannon_L_02.glb
a8d72393f424bf05146a9de051d673ae0519686f453f387b7b6e0d64a62b7a2e,24168,meshes/by-source/1436584839/1436584839.blk_export/CAB-1d1372ae2df0ba5732f6f1523467e0fb/Remielle_Cannon_L_03.glb
e0088cf5a908407989bde0deda51d3ca23274368e24479765d5d8d1f7fa3eff7,24176,meshes/by-source/1436584839/1436584839.blk_export/CAB-1d1372ae2df0ba5732f6f1523467e0fb/Remielle_Cannon_L_04.glb
f3aec97ade3b1ca99fd42ff7183e666f0132bf8b6b19dac29506b1dd95428d43,24152,meshes/by-source/1436584839/1436584839.blk_export/CAB-1d1372ae2df0ba5732f6f1523467e0fb/Remielle_Cannon_R_01.glb
b34a7f2a157e53fc3af35ccac7e5b1d07b868b024e4d62dd159722583bb95bd3,24164,meshes/by-source/1436584839/1436584839.blk_export/CAB-1d1372ae2df0ba5732f6f1523467e0fb/Remielle_Cannon_R_02.glb
01d387dd7f77123d6bf064f4c7ef6aba0e1abe10eb31099f34b87ecd083ccdbf,24168,meshes/by-source/1436584839/1436584839.blk_export/CAB-1d1372ae2df0ba5732f6f1523467e0fb/Remielle_Cannon_R_03.glb
314a896e7e6d5ed8929df3af37191598f6c9a82dd28d69587ef3dceb5b065f33,24168,meshes/by-source/1436584839/1436584839.blk_export/CAB-1d1372ae2df0ba5732f6f1523467e0fb/Remielle_Cannon_R_04.glb
1e167e5c137d7c48bfb8dab26db614c4461cb91ada7f9e50964171cb86dc6a22,9708,meshes/by-source/1436584839/1436584839.blk_export/CAB-1d1372ae2df0ba5732f6f1523467e0fb/Remielle_Eyebrow.glb
334241590a610c7863c347958758b375ba68cac1e06d44e111b7ad3d5348eecd,334772,meshes/by-source/1436584839/1436584839.blk_export/CAB-1d1372ae2df0ba5732f6f1523467e0fb/Remielle_Face.glb
46f5e9ad04926490815aff3976201a4ba7f4dc45b4db25c5123645b911c3c917,171840,meshes/by-source/1436584839/1436584839.blk_export/CAB-1d1372ae2df0ba5732f6f1523467e0fb/Remielle_Floater_02.glb
9a6f26a78df5165d26f52bf00011bca98f514cf32cfeffe9c85db1d4b87e27e6,702840,meshes/by-source/1436584839/1436584839.blk_export/CAB-1d1372ae2df0ba5732f6f1523467e0fb/Remielle_Hair.glb
21ea8424b1b3fe434bdc24d57c79d73fe9c2ede170e4e4bd870f00fcc1aa3746,1768828,meshes/by-source/1436584839/1436584839.blk_export/CAB-1d1372ae2df0ba5732f6f1523467e0fb/Remielle_Origin_Body_1.glb
524e713906ee907f6a963377ed41f8ccb0d67832e4b9f8894c4b0a413d914798,1223504,meshes/by-source/1436584839/1436584839.blk_export/CAB-1d1372ae2df0ba5732f6f1523467e0fb/Remielle_Origin_Body_2.glb
b2cdede723897e0643839fd5d67f0f61d2d92bd42981c1bfc6e0a29ffc097a2d,42964,meshes/by-source/1436584839/1436584839.blk_export/CAB-1d1372ae2df0ba5732f6f1523467e0fb/Remielle_Ramiel_Mask.glb
863fd26ee9035fe8743848154acb798cbaa9deb81f816ccf4abfcd3cc6e1d3fd,55156,meshes/by-source/1436584839/1436584839.blk_export/CAB-1d1372ae2df0ba5732f6f1523467e0fb/Remielle_Sticker_01.glb
88459ee72afe79c0a19c0be6a1c6ec9ffdd7fdcb815d1a8f1d0ac999ba1646ef,3976,meshes/by-source/1436584839/1436584839.blk_export/CAB-1d1372ae2df0ba5732f6f1523467e0fb/Remielle_Sticker_02_L.glb
4c11f0216e67213b1da5989ef47bd952a4827c303d3b35b4a4beaab70b94ce75,3964,meshes/by-source/1436584839/1436584839.blk_export/CAB-1d1372ae2df0ba5732f6f1523467e0fb/Remielle_Sticker_02_R.glb
e9c8c1bea715646c4c30d41666d8e9939063e6545fee9d2d0b501b891a03693f,1640840,meshes/by-source/1436584839/1436584839.blk_export/CAB-1d1372ae2df0ba5732f6f1523467e0fb/Remielle_Weapon_01.glb
990c0b93f7ccafa1699f60deaa7fd5a3f59a6f24201373e0ed5106f50176c871,32768,meshes/by-source/1436584839/1436584839.blk_export/CAB-1d1372ae2df0ba5732f6f1523467e0fb/Remielle_Weapon_02_L.glb
2d5659d15ac4af9c0d9894d92ad722cce8148e9bb4524a31abe9f7fa83a20d9f,31232,meshes/by-source/1436584839/1436584839.blk_export/CAB-1d1372ae2df0ba5732f6f1523467e0fb/Remielle_Weapon_02_R.glb
459e23626e2d83a354ad6e3ad63f3c94d8c723eef2fb1a2d911836854fb80345,18256,meshes/by-source/1436584839/1436584839.blk_export/CAB-1d1372ae2df0ba5732f6f1523467e0fb/Remielle_Weapon_03_L.glb
31ea3abe2608295e1df728abfe4b13b115871a68aeff539359ce3ae327d82b27,18252,meshes/by-source/1436584839/1436584839.blk_export/CAB-1d1372ae2df0ba5732f6f1523467e0fb/Remielle_Weapon_03_R.glb
32a500b4c75bf904fcdbe49e3d8b66bcdc0276778ffbd6a48eaf4087dc317047,14704,meshes/by-source/1436584839/1436584839.blk_export/CAB-1d1372ae2df0ba5732f6f1523467e0fb/Remielle_Weapon_04.glb
badf35aee7cc1d29e4c34e7875788256e04acae6636bc7ca360c6356cbc23bac,31416,meshes/by-source/1436584839/1436584839.blk_export/CAB-1d1372ae2df0ba5732f6f1523467e0fb/Remielle_Weapon_05_L.glb
02858fd0e84fb4e1085e5097ae739791fd2b88823579b228fea3768169d98dfc,29820,meshes/by-source/1436584839/1436584839.blk_export/CAB-1d1372ae2df0ba5732f6f1523467e0fb/Remielle_Weapon_05_R.glb
c105039598e2ca6ac25af71305f05d54854fa33f13a8b39c88236bde00e55a1d,429272,meshes/by-source/1436584839/1436584839.blk_export/CAB-1d1372ae2df0ba5732f6f1523467e0fb/Remielle_Wings.glb
563259116e892fceec28f291e85b58d69f9c0feeca16e67284a665345088fd82,40400,meshes/by-source/1684021637/1684021637.blk_export/CAB-485015f991f1d784b8be555865017bd7/Remielle_FaceMask.glb
cf6f92d549750aac6f66087d5e7f04aef21e9a0419f689c307bcbf8ef22d4492,374160,meshes/by-source/1838112281/1838112281.blk_export/CAB-7d081d986fdae9e771e4bcb8a1ae79f4/Remielle_Origin_WeaponCrateCS_01.glb
313b0b596bb87830ab18439d7416945d99e8966653c064a69cbb0683a379a693,74000,meshes/by-source/1838112281/1838112281.blk_export/CAB-7d081d986fdae9e771e4bcb8a1ae79f4/Remielle_Origin_WeaponCrateCS_02.glb
2ae27c5b1676c13d51016e68d19b59f35017364f02bdc7b892fe185fdefa8474,94452,meshes/by-source/1838112281/1838112281.blk_export/CAB-7d081d986fdae9e771e4bcb8a1ae79f4/Remielle_Origin_WeaponCrateCS_03.glb
6855156ac9e77dd79ce61d76689e85d548365ec5f78003bb82f0ee5357efd6f2,1791896,meshes/by-source/1838112281/1838112281.blk_export/CAB-7d081d986fdae9e771e4bcb8a1ae79f4/Remielle_Origin_WeaponCrateCS_04.glb
20c109eaddf60588b5a5ce4b67340fe9bf9a31b8ed130c1a614ead464a1cee93,11708,meshes/by-source/1846016037/1846016037.blk_export/CAB-86701be3b444797d6298bb85399b74bd/Remielle_Eyebrow.glb
d5053b8005c9371353e4a9bad89a513922fef3422d03a421aeb49afcf92f6823,274816,meshes/by-source/1846016037/1846016037.blk_export/CAB-86701be3b444797d6298bb85399b74bd/Remielle_Face.glb
f4abf2082e6c4291354264d9994cf05908f5cfec96d2baf86c3eea42005d6672,18236,meshes/by-source/1873273914/1873273914.blk_export/CAB-2e5bf5a463e275c9adcfe04e9f113a4f/Remielle_Feather_FX_004.glb
c48c2e51b5a50951f5490aa7c2350d5b1ce82b244f8189ff00fe3a94246b9d15,40416,meshes/by-source/1986759335/1986759335.blk_export/CAB-27ce52c5df56c3a578c898157ee541c8/Remielle_Ramiel_Mask.glb
56beb455c6b7397d601f61dd049410768498cf0feb1470471ed958de88348a31,1769416,meshes/by-source/1986759335/1986759335.blk_export/CAB-2ed774a695b97af14fa1f8b5a36e5b7c/Remielle_Ramiel_Body_1_LOD1.glb
468f82e8ba2617c77324725770e886a86ade63d49ee630eae9e9cf98fff44f21,449896,meshes/by-source/1986759335/1986759335.blk_export/CAB-399ffd936e58484e4b6b607f627af99a/Remielle_Ramiel_Body_2.glb
fcbcdd8565bf6f669a337d7d6c0a9ea6faa3ea744acae6c0f6a3b8e60c3af0ab,170920,meshes/by-source/1986759335/1986759335.blk_export/CAB-422a9420edce41a9680048d6123e5f1c/Remielle_Ramiel_Body_2_LOD2.glb
0d1ec6375b63eb33aa18c7ca143a9b09f76fd9a7ac8429af8f56a87c92494a69,279776,meshes/by-source/1986759335/1986759335.blk_export/CAB-d2f7f0b6052c32d8469c1095d5865c24/Remielle_Ramiel_Body_2_LOD1.glb
923ceba0d26adf27b592a17df64e02bfe7c313a3c908de0f2531ba7a9dc9d5b1,21496,meshes/by-source/1986759335/1986759335.blk_export/CAB-ec71d436d42c59b7b57e212a0fd0eab9/Remielle_Ramiel_Mask_LOD2.glb
01d8200c2cc441b7b9fe6a765dcfb933fbe69adcb6c0db37cff35d7d5bbe2b6c,1076924,meshes/by-source/1986759335/1986759335.blk_export/CAB-f27398f719a71a07172d6967e6aa5f99/Remielle_Ramiel_Body_1_LOD2.glb
ba3b623e7d82ba7294098f2550aec93775a56fb0b82ff646cb0384d5058f49bc,31148,meshes/by-source/1986759335/1986759335.blk_export/CAB-f60bd0500de3b31060499f1da7be9516/Remielle_Ramiel_Mask_LOD1.glb
5556af73e66961878e5f5212a34a2cbf9ad5bd72cb8fc58f69b9c0b7b2c26cd5,40416,meshes/by-source/2352393242/2352393242.blk_export/CAB-27ce52c5df56c3a578c898157ee541c8/Remielle_Ramiel_Mask.glb
9e31e793bdbb0d849f75ec6ef4ea8030497faaacc0cefacd9582c0352ac08430,449900,meshes/by-source/2352393242/2352393242.blk_export/CAB-399ffd936e58484e4b6b607f627af99a/Remielle_Ramiel_Body_2.glb
7f97057ced02ce2c1e54d99c4e5371e3eac399cfe506c6bbbdc8ddad9526407d,25892,meshes/by-source/2364458862/2364458862.blk_export/CAB-6cc26b479da3ddcf68c466973a389429/Remielle_Eyebrow.glb
74380c79e869b22441e83e35316ab5bf6d26df40f740293d4b9dcfb256d80a01,1740296,meshes/by-source/2364458862/2364458862.blk_export/CAB-6cc26b479da3ddcf68c466973a389429/Remielle_Face.glb
49e571cec5d66858a2dd5a115aa63a86521570bf20c8ee43ae5772b659280e88,23896,meshes/by-source/2583518027/2583518027.blk_export/CAB-0a2900c26ac799e994882ead00ab667c/Remielle_Cannon_R_04_LOD1.glb
2307a5fba4b16aeece39d7aba79897d81f7b8480b592eca5bf8a1a1d2d256785,33484,meshes/by-source/2583518027/2583518027.blk_export/CAB-0dfb0011e2925faaf7fe5a81827c2171/Remielle_Cannon_L_04.glb
476d876a396e1a005d5c1d88567368946b6848e227c358ea6ac13a235fcd5012,89252,meshes/by-source/2583518027/2583518027.blk_export/CAB-11db75d156da45baebb0a43a928c5c35/Remielle_Floater_02_LOD2.glb
90ea8346281bd8631013ceeb2a6779ba124ee96c4b102bef46d2d0c16c73cf9f,14220,meshes/by-source/2583518027/2583518027.blk_export/CAB-16bf3d51410ee5a172313f2437fc0e1c/Remielle_Cannon_L_01_LOD2.glb
7a0210ceac7d04cb89e4b2fb1a69d37419d93f73327d8b93ae1eb7cc75eff356,8040,meshes/by-source/2583518027/2583518027.blk_export/CAB-2e506ea05958a49a1f93fd128a50b533/Remielle_Eyebrow_LOD2.glb
ccdab83d9ae3486ff00e4fc2104ae2205d37a53cd22b111db3c9b72dc3d2da2e,1350572,meshes/by-source/2583518027/2583518027.blk_export/CAB-37f6f5c28b11ac3772f027ddc6c1e1d1/Remielle_Face.glb
2b7dbb56ba8f7f586747a2d44457885e7f649e317dea7c00a970655cd869cb2a,14236,meshes/by-source/2583518027/2583518027.blk_export/CAB-443a06b4f5bf20c584bd499580507e04/Remielle_Cannon_L_02_LOD2.glb
33b0b6b4732d29ebd44668a6306a0ce3320d61bf3ad088705909d4a07fd3fd74,31572,meshes/by-source/2583518027/2583518027.blk_export/CAB-52bab030ec299bba1e5d7703911863f3/Remielle_Eyebrow.glb
ca01f1762a988314541dfaa15df32a3223f3d0de6f9255ec7933543a6c7a7ca7,14236,meshes/by-source/2583518027/2583518027.blk_export/CAB-5ab0a18044d38ed502c05af209596bec/Remielle_Cannon_R_04_LOD2.glb
f9ae5c0e57c156868f1ecfafdf04b4c66236f8e64195dd43c749ead7a1eb7015,23892,meshes/by-source/2583518027/2583518027.blk_export/CAB-5fecda788ea9414069fbb333e959199a/Remielle_Cannon_L_02_LOD1.glb
b951fce1e984f082ac1951aa71e1b5132afc35f19817ef01c633c9d46647a992,86620,meshes/by-source/2583518027/2583518027.blk_export/CAB-6330eef86df2527dda5c6b5816499f90/Remielle_Face_LOD2.glb
a76f605eadce8cfacc77c21e36cbb5561c27fc26092d2aeb752da8567dfda4cc,33480,meshes/by-source/2583518027/2583518027.blk_export/CAB-712500d91af8b36e0304d832ced74e1d/Remielle_Cannon_R_04.glb
609eba0324086dfa3541d1bf01d374e80bb0b3b49a7b853ee39ba22f6b0928ba,14232,meshes/by-source/2583518027/2583518027.blk_export/CAB-727208eb1c8b4d4a4e9d7b0f9c69ef35/Remielle_Cannon_R_03_LOD2.glb
b27b9215232545544f0dd22247eda73f57dae767242eb52cf06c64d89c2bc8d1,23876,meshes/by-source/2583518027/2583518027.blk_export/CAB-753c9534234f11d58c7bfcfd9c8bc20d/Remielle_Cannon_R_01_LOD1.glb
1369fe7e26a3d1d27cf897a491123c0a2c6ffbeaafd4dbfb7dd6983c5187db5f,23888,meshes/by-source/2583518027/2583518027.blk_export/CAB-8970b889997de2eeea396ecd78b2dcac/Remielle_Cannon_R_02_LOD1.glb
747760c0c2ced2d7f9f3139af983e6101cb1eee57d06b717cf436bf6d8d925de,33460,meshes/by-source/2583518027/2583518027.blk_export/CAB-989a0509b42c8f4a751ba64916406f67/Remielle_Cannon_R_01.glb
fc74f58616cfed0ec59f984ed02d005e48821cf4ce533384c303ded4221416e0,23876,meshes/by-source/2583518027/2583518027.blk_export/CAB-98fdfb49d8bd6dae0b3c4d150269db0c/Remielle_Cannon_L_01_LOD1.glb
9026a277eaa16b4ab1cdb4e340a04e75509b4aa10118d561523e27b84f943889,243196,meshes/by-source/2583518027/2583518027.blk_export/CAB-9ad986a62737857983a2bccb677e3553/Remielle_Floater_02.glb
244de87d1b5901c53cd8864c515adbe21b5f2c1910502f082897e2b0e2f80fdb,835396,meshes/by-source/2583518027/2583518027.blk_export/CAB-9fc8bde953e0cc5bedb5d13203291759/Remielle_Hair.glb
4dd0e95be08138929c4e3ad49350a25878dddcd7dcafd4ab94b22a19503a9021,23888,meshes/by-source/2583518027/2583518027.blk_export/CAB-a245e1ff51d1948da512634d596f6cf5/Remielle_Cannon_R_03_LOD1.glb
5563a3e837af43584cedab38a3962ae3335bca5cdc3215e8fcf29f3c61be1c9d,33460,meshes/by-source/2583518027/2583518027.blk_export/CAB-b28d35e4deb668e83b3d784221ee94ff/Remielle_Cannon_L_01.glb
31d89c918783157703a4e3a63e88c6599e8cba651c8430ee9815fc8e73ae52e5,9388,meshes/by-source/2583518027/2583518027.blk_export/CAB-cc0612bf8cc496694900d1faf368f0db/Remielle_Eyebrow_LOD1.glb
9ba6e01de5993031742ad7ce08d9a5d9b27303febe2798a8159977ce1117e60c,295208,meshes/by-source/2583518027/2583518027.blk_export/CAB-cc5d7fcf3777dc460dcb9cb7b6bd4641/Remielle_Face_LOD1.glb
6a008db3a47773cc7208e94ffe523c01966197add0469e3d8d6d4f98b8a731ec,23900,meshes/by-source/2583518027/2583518027.blk_export/CAB-cd7809568bac4b46e4eef19178e05a6d/Remielle_Cannon_L_04_LOD1.glb
ac0a692b977cd27509d38734b4106bbd100eb3d2c46990667ff06eaa9b80db42,14216,meshes/by-source/2583518027/2583518027.blk_export/CAB-cf5470ce9ba3ecd7d064a945486c0e98/Remielle_Cannon_R_01_LOD2.glb
2f407298a54cb63f789c7a79d7555b01a805da21b32cbf888b1fd3e37f8630f0,166376,meshes/by-source/2583518027/2583518027.blk_export/CAB-d537d9436237e7df920251418e81fec5/Remielle_Floater_02_LOD1.glb
ee1187f1503e0f732a67d237cd7c5907db5a8762a116a2ac9786402dfc287598,33480,meshes/by-source/2583518027/2583518027.blk_export/CAB-d7db6e93731743aefdb82494ca0b0858/Remielle_Cannon_L_03.glb
bd47f06781353d031c7bdf9d52e48a431e88126902908240f6d0c9e72c8b6859,14232,meshes/by-source/2583518027/2583518027.blk_export/CAB-de2e307f7a8960209eccdbe123fc5914/Remielle_Cannon_R_02_LOD2.glb
f1265bdba3379f68b25c024356b2a44aa09b49b5a27b747108e61834321f3249,23888,meshes/by-source/2583518027/2583518027.blk_export/CAB-e1641db02efd07bfe289398e5cd3ffb7/Remielle_Cannon_L_03_LOD1.glb
64d4c9d6192e42c2daf4b19ab0bd1f70b7e58fb9f016c6059d96816a7e83ab6d,14244,meshes/by-source/2583518027/2583518027.blk_export/CAB-e2b0c2801370bb24442cc1b000e0bc04/Remielle_Cannon_L_04_LOD2.glb
b29513dd76492b47184c963372756db4d292ade037ffca2ca797ecd8f520aab5,14232,meshes/by-source/2583518027/2583518027.blk_export/CAB-e53012a437278a53f8f041fc629112f3/Remielle_Cannon_L_03_LOD2.glb
6372a46603e8b01065b419083e0b59bb5af344ebe42a4de012234e77a6cb4f4e,33476,meshes/by-source/2583518027/2583518027.blk_export/CAB-e5911150b0b07a712fc8297fe6a64cfb/Remielle_Cannon_R_02.glb
f6679e67968a136f76e486ccb042f17e6a9902efbcd013980404e5152ab51448,33476,meshes/by-source/2583518027/2583518027.blk_export/CAB-e610aa3c966fe15a2539b45ee4029af0/Remielle_Cannon_R_03.glb
e22381e2578101802d8747cd5a6d5191cf030f1db704203e28e8e0970d23f5d6,33480,meshes/by-source/2583518027/2583518027.blk_export/CAB-f1fa6dc40d6eee56563a400b4e615911/Remielle_Cannon_L_02.glb
a7e5610a1e43097025733ef3512c0c6d040147b3a5902a4e5ebd2572e28dab5a,242156,meshes/by-source/261957958/261957958.blk_export/CAB-0548582bffe6187b999c9acb5b2dc614/Remielle_HairShadow.glb
f0b00f6bc75f0ffcbca1f417d1ffa9649c691698f1b2b391a3ea663df077561a,1880700,meshes/by-source/261957958/261957958.blk_export/CAB-060271f061d155c881cf052414809d4d/Remielle_Origin_Body_1.glb
9bfef404f524509ecd3a87a1a87508e1711522fe3323bf39720f18da78582f9c,1409524,meshes/by-source/261957958/261957958.blk_export/CAB-23d15ea879353e5f3de1019040fd2bc1/Remielle_Origin_Body_1_LOD1.glb
7cc5ebfb5e8f82acda5c61cdf597be0e90b832d34478c99c939ad67102444e55,389252,meshes/by-source/261957958/261957958.blk_export/CAB-d9cd40ddc3ec383038efda23ad108af2/Remielle_Hair_LOD2.glb
2297f8f6122dbc42ef0ba3a81dcf97fb1bc3306ba7a94a72f861f5858d96eb45,894484,meshes/by-source/261957958/261957958.blk_export/CAB-d9ee12d9b1998e800b86c50ae29a478d/Remielle_Origin_Body_1_LOD2.glb
db37e3f69ee81a3b58be696c757f79f21b4385dc27a0c25d35a062a311ab132d,621924,meshes/by-source/261957958/261957958.blk_export/CAB-ea7c252110dc904e6bdd5607000ab5fc/Remielle_Hair_LOD1.glb
7faef61a853d85f4735305b7f5d8cdf6b0569bd714f41a89fae0e96504c71979,1704564,meshes/by-source/261957958/261957958.blk_export/CAB-f2d1bd42ab339e59b64c2b631135a868/Remielle_Origin_Body_2.glb
e60da9ad99446c1f46f589cd1dd560698b0bdaae83c1c4c1bf2aaed2cda9c588,11712,meshes/by-source/3094050808/3094050808.blk_export/CAB-f7048970623d84f565eacd8a7a2bbdc0/Remielle_Eyebrow.glb
839755c927e4ab19064cd11b1530881969ced1a25d5d1597f0d55741b9f0a6af,274824,meshes/by-source/3094050808/3094050808.blk_export/CAB-f7048970623d84f565eacd8a7a2bbdc0/Remielle_Face.glb
78fc2602b6763003af94f59385673c5a256a8b8890a784402ed3904ad72c57c5,25888,meshes/by-source/3325839570/3325839570.blk_export/CAB-79f151e51c0447db369cfb59b21f2a10/Remielle_Eyebrow.glb
3e7b3f36e95f5cfd4065e0b77366078b5870d2a00e21cfab6e82457d6ec6a5cb,1740300,meshes/by-source/3325839570/3325839570.blk_export/CAB-79f151e51c0447db369cfb59b21f2a10/Remielle_Face.glb
4b76dc5131d02ccd27288dfbdecc75296c630347a5702ecc4e7b1276ce727302,25892,meshes/by-source/3325839570/3325839570.blk_export/CAB-e5750cfba91f20b659b2157a7a107d33/Remielle_Eyebrow.glb
c87f1a3d7763b7ade43be545578cddf72c01de685115b737692601dba6b1b420,1740308,meshes/by-source/3325839570/3325839570.blk_export/CAB-e5750cfba91f20b659b2157a7a107d33/Remielle_Face.glb
10c40cc1a259b7a4b2327a85aa2f79839ffa463bfbd942b7ac2fb696166bf342,39012,meshes/by-source/3400898960/3400898960.blk_export/CAB-01f3987162d0db83b0898e2fc1237155/Remielle_Weapon_02_R.glb
78e3ebdf0a2b98c2d0819b829b9267e35ef32bca0a5c5d8a84f7fd54388f9d7a,4372,meshes/by-source/3400898960/3400898960.blk_export/CAB-05d060dff13cce0da479f238f053599f/Remielle_Sticker_02_R_LOD2.glb
8b92dd887e7ed09e1affff5f4957b11ec0309143fc06add1d7bd0a0f7b3502e2,212164,meshes/by-source/3400898960/3400898960.blk_export/CAB-0719780d139949037006419fb60c0361/Remielle_Wings_LOD2.glb
1c2c42b9e6b143c2a9ade3ccf64ef691ab0af688ba7a741752c3fbc1222eb4eb,380396,meshes/by-source/3400898960/3400898960.blk_export/CAB-0e3e93e263b6e939927c7e1e43532211/Remielle_Wings_LOD1.glb
08ff1c85af332c6fa4f7d850c526bb46919653fc715ba7f1d0cc0adc8e638273,59024,meshes/by-source/3400898960/3400898960.blk_export/CAB-130fa236ac330738f215738e7db46421/Remielle_Sticker_01_LOD2.glb
ee14e17122a25f03785720154bdbf7bd82a8b23bbc9910f07381341345e9ab19,30832,meshes/by-source/3400898960/3400898960.blk_export/CAB-14bc00338b15a5cf8ff71b63ad8e1cad/Remielle_Weapon_02_R_LOD1.glb
e70b7683568886dc5148fecdc98bfcbb0f2a65e1334814c6f877462299cc1ae3,40776,meshes/by-source/3400898960/3400898960.blk_export/CAB-24dfc634a438ec7c05b489a4cdc843a1/Remielle_Weapon_02_L.glb
79f4ea9262f49c5968b5daedfd08cb83b75f341337e55c8e5edeb698caa2373d,12456,meshes/by-source/3400898960/3400898960.blk_export/CAB-2668a7bffa76ef48291e4ba3b369de78/Remielle_Weapon_04_LOD2.glb
3d94fd57384a69afc6dfa27953064d80059a2896ae07c316d0aeb108dd2225ea,20140,meshes/by-source/3400898960/3400898960.blk_export/CAB-2741f2385c7f7c637cbd9e32a6823d9a/Remielle_Weapon_05_L_LOD2.glb
3432e09518c562b35b246f9a31bb4f94cd04e50a13cdc43b49f27b5003ae4fb8,21212,meshes/by-source/3400898960/3400898960.blk_export/CAB-31cdd3c81b09b17efbe5cff38cd28e96/Remielle_Weapon_02_L_LOD2.glb
3a9f07c84fd9d822299295eb45699a87362d47dd5984d7aaff32b0b318655d6f,4348,meshes/by-source/3400898960/3400898960.blk_export/CAB-4fccada6b4e0b0cd25017b750422a001/Remielle_Sticker_02_R.glb
474b1b45f581cc3b64119568e825fc005cee7d75be552596b3a5a62d3b7775c8,4380,meshes/by-source/3400898960/3400898960.blk_export/CAB-5f8299275d9ff4f44b59abebfda3b6fb/Remielle_Sticker_02_L_LOD1.glb
bf8f2e70ed0ebe127c25eb0ec304b4fde3d32a903d10d413797d370ed6c37506,22872,meshes/by-source/3400898960/3400898960.blk_export/CAB-6a9c81beef4671a6c27ffd56516c4e79/Remielle_Weapon_03_R.glb
465c8b881c320cd536c2e72796d6b3345f1044c75a9f0da1526a37058c775e10,22156,meshes/by-source/3400898960/3400898960.blk_export/CAB-6b8f99cebded223ddc4ee1d92756f0e6/Remielle_Weapon_02_R_LOD2.glb
d5520c5c83eb5280cba919006bf4581484559a8e3d34027f44f222e2e4369f9b,67256,meshes/by-source/3400898960/3400898960.blk_export/CAB-6f207f38bd15cd106c3ae629e212f7f2/Remielle_Sticker_01.glb
1601b708738c8fec60298b36e5bf5d8e0fd0c7b7f108493fb67f5123169edfce,500304,meshes/by-source/3400898960/3400898960.blk_export/CAB-6fe095f6ee3a4675af05f0894834be89/Remielle_Weapon_01_LOD2.glb
e8a16eeb4ac9617a915a3b29dfb8543b9284a18389ca36dd79a5e29556a44f38,826480,meshes/by-source/3400898960/3400898960.blk_export/CAB-6ff03b1aff33518de86aec7fcb2a4b65/Remielle_Weapon_01_LOD1.glb
bd8134602e6f31023a0a659b856954c8d33440ef47e2433b6c29dceb1b642569,22876,meshes/by-source/3400898960/3400898960.blk_export/CAB-783e7d00bcbcaa78c6064f0b2d6c352b/Remielle_Weapon_03_L.glb
c9211220dd00a2c34f51f8b6de441c7d10636f077f134f93e40e2d0ac4ce583f,4380,meshes/by-source/3400898960/3400898960.blk_export/CAB-8032712f56cc3ecacc247a66c206146a/Remielle_Sticker_02_L_LOD2.glb
d4f7ffdfefd81b7d865a3f3354280640d9c5b3c146e9c621c98b138d8eb9de72,20884,meshes/by-source/3400898960/3400898960.blk_export/CAB-826ff5f3ac4df0598fab228f0b89a063/Remielle_Weapon_05_R_LOD2.glb
1f841881cf040b6877c4e78d75c97461ce14586a13dacc3184255ddcf769196c,1139120,meshes/by-source/3400898960/3400898960.blk_export/CAB-8d81101caae9b658ce3bb026f5cc91ca/Remielle_Weapon_01.glb
9fd25746f9e30b67b8a631bf4cd4eac9b0f50dbf2f00be6bb0615c5f5dcea74f,17584,meshes/by-source/3400898960/3400898960.blk_export/CAB-9504022af3efdc9882ce4a026da5db21/Remielle_Weapon_03_L_LOD1.glb
8f031b1b72de6c58606ee3d21300a03ffd3c673245e7fdc1829b949e054e4828,16488,meshes/by-source/3400898960/3400898960.blk_export/CAB-98a97ab06824399e64f6d0eae991a7cd/Remielle_Weapon_04_LOD1.glb
f12b0ce2ba34321b6bb42c3b85d377dfc6f1a3ab0258bd96a11b2e5d8a16bbc4,4352,meshes/by-source/3400898960/3400898960.blk_export/CAB-996b785ae4bea17144ed4b4a1b603f8e/Remielle_Sticker_02_L.glb
01f04ea0dd2c4741fb003ae8f790690c91d928ad087c21f9982a0a82ddd5705c,29092,meshes/by-source/3400898960/3400898960.blk_export/CAB-9a80d25c3ea0be8a67371ca5c0c15c77/Remielle_Weapon_05_L_LOD1.glb
81e4e816c8a204101aa551619f3faf404698c087d7410c77b536b0c3de948439,30368,meshes/by-source/3400898960/3400898960.blk_export/CAB-9c0e4e510fd3a0e33880bb8d46382d96/Remielle_Weapon_02_L_LOD1.glb
44487303c15a4775fbab0af2fce110d20d9d79ee753b5762d3685808dd9d5e99,29564,meshes/by-source/3400898960/3400898960.blk_export/CAB-a17f549c08b37a0ad7883f113c008955/Remielle_Weapon_05_R_LOD1.glb
54bc2faec32967d9c66dde5e4ab3b91d70e9a20a8cc61d95250abd3968535086,17580,meshes/by-source/3400898960/3400898960.blk_export/CAB-ad9e796b62fd8938c391e604ed786ef8/Remielle_Weapon_03_R_LOD1.glb
ef7578c47d25cb2c749a4c19c44087c9c6a28f18b215c4d8332b3fc172ddabca,599896,meshes/by-source/3400898960/3400898960.blk_export/CAB-b6a8ff63fa79e3ed6930e5802cdb0ee1/Remielle_Origin_Body_2_LOD2.glb
07ff5d6bb8c9a9dbc53a0c8edca6936042db6b582287fb8fe4d6734dbc6bcba7,20084,meshes/by-source/3400898960/3400898960.blk_export/CAB-bc3603d99193fd4624887edd99f01000/Remielle_Weapon_04.glb
0853d8f55955939c03a4b4b5a0ea7dba95ba2ccea0c8787d5b329e3e109a29a9,13124,meshes/by-source/3400898960/3400898960.blk_export/CAB-c72267f104621ee44ab4401a90f8d56f/Remielle_Weapon_03_L_LOD2.glb
cdf059211145237cb7cecbcad6f4a25d26d446b8a9f2b519cc89413d242d48bc,2034556,meshes/by-source/3400898960/3400898960.blk_export/CAB-c7e02e810d5945c5a2b162324bbcc134/Remielle_PasSeul_Body_1.glb
a0009d10e208273e53e06d899d5bc4b421dcf27df21e17639bcf9d08133abf42,1075376,meshes/by-source/3400898960/3400898960.blk_export/CAB-d9dfd3abdac858eb93b1f97f67fd850f/Remielle_Origin_Body_2_LOD1.glb
9c192ab254f72a76c5ad4221158374e7aff38cad00710fa0dc0e2b4568e9e32c,602816,meshes/by-source/3400898960/3400898960.blk_export/CAB-de1e7bf1f931a82616ab5af638131c54/Remielle_Wings.glb
e5b88bf5e12a4356fb7bc004c5fd9e69f14f1da6aac847b83106100c6218587a,62128,meshes/by-source/3400898960/3400898960.blk_export/CAB-e391da3768199dfbb78fd79320b287d4/Remielle_Sticker_01_LOD1.glb
b077508289a1974ec3f7b010494355541facd8b5da54a56b1f373c6e3577094c,39200,meshes/by-source/3400898960/3400898960.blk_export/CAB-f2889cd7a6ebf912d6464e6b355393d7/Remielle_Weapon_05_L.glb
61e7b29385a083b7f36d334befeaff50c69887aaaac141ff92548df0a3682260,37344,meshes/by-source/3400898960/3400898960.blk_export/CAB-fac417d3e45d212f363fe9cb9734e9eb/Remielle_Weapon_05_R.glb
65550c373b0d4deb13ec2c9c3eb62cafecde72f13192134eba916f8bc75d9ec0,4372,meshes/by-source/3400898960/3400898960.blk_export/CAB-fbe58cc3d84330f245b9c9b1175b224a/Remielle_Sticker_02_R_LOD1.glb
1bb5eb3e64c69e7b141260097d78edf0b616d1cb21afe3cc5bae7ac7b6c5d15f,13120,meshes/by-source/3400898960/3400898960.blk_export/CAB-fd21da45eefd5c24b4cf7ddccc0c5d55/Remielle_Weapon_03_R_LOD2.glb
4ddd27c432860f5b1295e5dc8f297595ebf5c4492675d0da3ae90d6a4404fd25,12864,meshes/by-source/3684114180/3684114180.blk_export/CAB-99ea02f34c264e346c14ee31e5acedd4/Remielle_Feather_FX_04.glb
0aa98c081c1e37f38d8c0670a25d37569d1ba59e31f0aff0a4b7cde4f52e3d6a,12864,meshes/by-source/3684114180/3684114180.blk_export/CAB-ac280ad14bbb7a7da24d24fff1f54944/Remielle_Feather_FX_03.glb
1939f7adc51f35cacd22dc45e147e8a54655a241359ab259d94ab71224714c4b,189724,meshes/by-source/3897234846/3897234846.blk_export/CAB-6c5446c663f57e96c01692f12c77c377/Remielle_Floater_02.glb
82a672dd120514f726725fa64a92240eb029b3b163fb23ccf5f4ebe301cc687a,24152,meshes/by-source/4132213415/4132213415.blk_export/CAB-e349c574b0cf10f05eacb43fe21cc717/Remielle_Cannon_L_01.glb
8f08bda745bf48b42ea568fa60330aeb5792a320d0e5a586760f2fdb0df6bc54,24164,meshes/by-source/4132213415/4132213415.blk_export/CAB-e349c574b0cf10f05eacb43fe21cc717/Remielle_Cannon_L_02.glb
7092b20145d5983fec3116cbacdff5362703c9aef43f1e44274c98e80c1e440d,24168,meshes/by-source/4132213415/4132213415.blk_export/CAB-e349c574b0cf10f05eacb43fe21cc717/Remielle_Cannon_L_03.glb
378812cc3a570be9b001fe83d51485e91da97ecbb80dcd80abef7624d380c01d,24172,meshes/by-source/4132213415/4132213415.blk_export/CAB-e349c574b0cf10f05eacb43fe21cc717/Remielle_Cannon_L_04.glb
7e828d7331495f1b783eec94c0603962d1c1ab4e5ac5d6263f8acd6b0bbd80ae,24152,meshes/by-source/4132213415/4132213415.blk_export/CAB-e349c574b0cf10f05eacb43fe21cc717/Remielle_Cannon_R_01.glb
8a3a1e417b2b9a60c9e4753379bf1ab4f9d994c9acdff738b8a25673c4921ebd,24168,meshes/by-source/4132213415/4132213415.blk_export/CAB-e349c574b0cf10f05eacb43fe21cc717/Remielle_Cannon_R_02.glb
17f5062f6544a94a5dd478ecbb5e921cb8b747b998b0d1ea566cc4e8e2e13ce9,24164,meshes/by-source/4132213415/4132213415.blk_export/CAB-e349c574b0cf10f05eacb43fe21cc717/Remielle_Cannon_R_03.glb
21a045047a9c36fc7f6672b6bc00ebdebc3eed3f490880b87db6e6c2b88d209d,24168,meshes/by-source/4132213415/4132213415.blk_export/CAB-e349c574b0cf10f05eacb43fe21cc717/Remielle_Cannon_R_04.glb
53e5819a35370204b117be58e056580f1ffe4a7dd0bc93e22e7d0b102022db66,9708,meshes/by-source/4132213415/4132213415.blk_export/CAB-e349c574b0cf10f05eacb43fe21cc717/Remielle_Eyebrow.glb
1eb562dec6b91e13f00de840351bec3482aacb332895cf763d973b5502ba6093,334776,meshes/by-source/4132213415/4132213415.blk_export/CAB-e349c574b0cf10f05eacb43fe21cc717/Remielle_Face.glb
0a4ca5e1d3ba036067afcb0659ffc901273849152f454649a599fda762369da3,171840,meshes/by-source/4132213415/4132213415.blk_export/CAB-e349c574b0cf10f05eacb43fe21cc717/Remielle_Floater_02.glb
9f5f9d099c4b79e0b9972ff7d428cde0af2e7532a26dfb907b64604d703190de,702784,meshes/by-source/4132213415/4132213415.blk_export/CAB-e349c574b0cf10f05eacb43fe21cc717/Remielle_Hair.glb
080f75c5dadb87ede6086f348a410524d1dc014d11ac295c79ada8ada483e2bb,1768776,meshes/by-source/4132213415/4132213415.blk_export/CAB-e349c574b0cf10f05eacb43fe21cc717/Remielle_Origin_Body_1.glb
0f1ddbb08f1ab417919e77acd3055c8145d0019b177b43456353a1117444ec0f,1223488,meshes/by-source/4132213415/4132213415.blk_export/CAB-e349c574b0cf10f05eacb43fe21cc717/Remielle_Origin_Body_2.glb
bfd367438f60ce00e373126137d2c05f129dbcf7bde47bbb6fa4574c51d61ebe,42972,meshes/by-source/4132213415/4132213415.blk_export/CAB-e349c574b0cf10f05eacb43fe21cc717/Remielle_Ramiel_Mask.glb
f25607ab9554ec6f67cbb50c30541cefe35b0f5f69b13f1fd4ead409a10ae18e,55200,meshes/by-source/4132213415/4132213415.blk_export/CAB-e349c574b0cf10f05eacb43fe21cc717/Remielle_Sticker_01.glb
4fc84e3df695182a4fa99176f31ca45d29eda93c6f4c14d859e79c5892d6396a,3976,meshes/by-source/4132213415/4132213415.blk_export/CAB-e349c574b0cf10f05eacb43fe21cc717/Remielle_Sticker_02_L.glb
13b02ab519fcbe1b41e888911845a2de278be133021c588c354fee8994bce487,3968,meshes/by-source/4132213415/4132213415.blk_export/CAB-e349c574b0cf10f05eacb43fe21cc717/Remielle_Sticker_02_R.glb
830759eb91be1dd6f953c3f62558a5471d610b22f5f81741eecdf9e4773a5dd0,1640912,meshes/by-source/4132213415/4132213415.blk_export/CAB-e349c574b0cf10f05eacb43fe21cc717/Remielle_Weapon_01.glb
4bd063a1ec4d439e75a114735809d1c0b651f953a287c6be7a27d562cada74c3,32768,meshes/by-source/4132213415/4132213415.blk_export/CAB-e349c574b0cf10f05eacb43fe21cc717/Remielle_Weapon_02_L.glb
5818c125e24b5aa0dcfcc8935c0ce53516aa2147fe3544fc8b15886223eb4c9e,31232,meshes/by-source/4132213415/4132213415.blk_export/CAB-e349c574b0cf10f05eacb43fe21cc717/Remielle_Weapon_02_R.glb
db62a3aede707a67c8155e88f9f57e5de4d0a404abf918265aca0859f85cfddb,18260,meshes/by-source/4132213415/4132213415.blk_export/CAB-e349c574b0cf10f05eacb43fe21cc717/Remielle_Weapon_03_L.glb
36d74e4fd192ce0c34f2a4aa01a6e37158108fddebe752dce669ae544ae6f53b,18256,meshes/by-source/4132213415/4132213415.blk_export/CAB-e349c574b0cf10f05eacb43fe21cc717/Remielle_Weapon_03_R.glb
bddc9b4848b4623e1fe15da4fdb16cf9e8e3048f473fb59040034c7b8d295c6c,14704,meshes/by-source/4132213415/4132213415.blk_export/CAB-e349c574b0cf10f05eacb43fe21cc717/Remielle_Weapon_04.glb
5fd73be68b9536c077d527ea1f1fedd5d6c337c4b49939d4b8691fa1b6b62184,31416,meshes/by-source/4132213415/4132213415.blk_export/CAB-e349c574b0cf10f05eacb43fe21cc717/Remielle_Weapon_05_L.glb
604fb930558bc3ce1625abca92808b96a5b35cb0ce017ea800cdd2808e6a31eb,29816,meshes/by-source/4132213415/4132213415.blk_export/CAB-e349c574b0cf10f05eacb43fe21cc717/Remielle_Weapon_05_R.glb
dd57abdcc996b9852a48ce95c0f3b8541d171399460d8bd168371a487ae14a68,429288,meshes/by-source/4132213415/4132213415.blk_export/CAB-e349c574b0cf10f05eacb43fe21cc717/Remielle_Wings.glb
59c7484ab08b4f2db15b783f9dbe0b77a7910d6a2c15fd0825af35128d44b631,2550208,meshes/by-source/748631265/748631265.blk_export/CAB-a530dc7287b510b32aa8f5beb9832721/Remielle_Origin_Body_1_LOD003.glb
3c9743dc115ee4dd844ab1bc302efa0b9e9e0bb9edd3d642b463973cc58147d9,12920,meshes/by-source/760203698/760203698.blk_export/CAB-47e23e52143094ca972015063978d39c/Remielle_Feather_FX_004.glb
4173d4d9ffa41ee565df2dc26644924beaba8bec7c5154db09801e08e5852b2e,18236,meshes/by-source/760203698/760203698.blk_export/CAB-50e170dd1697931e56ef1523adc0b63d/Remielle_Feather_FX_004.glb
3788ce1b93b2645559b9db79a0e7cf8186be8a6fc07a474f6e66f54fefec8396,18240,meshes/by-source/760203698/760203698.blk_export/CAB-65dae225543fa1eff0fc748c2188e234/Remielle_Feather_FX_004.glb
8c9627714fe8c2a5a2d2984015e95e8b7f29d20114acb9eefaa9654f1784cf79,18236,meshes/by-source/760203698/760203698.blk_export/CAB-c6ed26e18ffe2e316c7feaebafa92ac8/Remielle_Feather_FX_004.glb
3d01f409d1625a6331d606f733898a1f709d871e966cf4724cd51ff54b759d4c,18240,meshes/by-source/760203698/760203698.blk_export/CAB-f10fbd038d617f8e9217b9e8617653ad/Remielle_Feather_FX_004.glb
aae4447349f160dac9f4b87f5420dddfef09df0ee50095d03bccd219468017b3,12856,meshes/by-source/776102776/776102776.blk_export/CAB-072aa1f214e88c06347bec47120c2e3d/Remielle_Feather_FX_01.glb
a5b3bd20bb1105988783ebc82dd0e9ef54e2a7f2202d48f16a77fc1c883e8f40,355876,meshes/by-source/mesh_recovery_report.json
4ee8cca3cee341d9a98cd91cda2bbbd7d36b9965eeadfa4bc08a76d313d12045,835420,meshes/by-source/runtime-qualified/2583518027/2583518027.blk_export/CAB-9fc8bde953e0cc5bedb5d13203291759/Remielle_Hair.glb
0cff7c410aebe00d00dfb28c90bcf91fe5fae974c565145108b3709253b6cfac,3914227,runtime-qualified-mesh-inputs/2583518027/2583518027.blk_export/CAB-9fc8bde953e0cc5bedb5d13203291759/Remielle_Hair.json
7fb24dc129531465246af24d15c53dc18155cc7b098c58b895b3162f0bb85b03,2019,runtime-qualified-mesh-inputs/2583518027/2583518027.blk_export/CAB-9fc8bde953e0cc5bedb5d13203291759/Remielle_Hair.provenance.json
635d3d2cea01e368f7ea15574962505b13d83f6fb085ab7e75622502824f38b1,1139,skeletons/hierarchy_recovery_report.json
e86ffb00608785b083e86803008231ffb9e1ac854adc3fbd7cd90492cde315ce,440969,skeletons/origin_animator_hierarchy.json
7da49778190d3f64e1926ab784c01af4e6838d4ee2e8ccd40a8790a4b1915d85,347784,skeletons/origin_native_bones.json
c5f4009f69105ca9f369286c2202eec74b37045e2fe7ec793a82fc0572481a60,408363,skeletons/passeul_animator_hierarchy.json
7f79c94807ecfe3b85e69e8808896b3c17117e1f9e9a12deaa56e45cda322eb4,437434,skeletons/ramiel_animator_hierarchy.json
9d292b6c42d6001d661e372b6e794c3121134629376736c8fbd81b2d3b1a458a,215749,textures/by-source/1027881052/CAB-9d1b1b49d5ed8bed6edf537ea18a59d1/-1827870300125293451_Eff_Noise_083.png
20c2b6a66a00a0880bdf9923545aeadbdc3863dc4db3ab57fef7a587cabd7d26,37205,textures/by-source/1368443762/CAB-174a44751e5fdb280af56e322c4a4300/-7846648603291362723_Eff_Matcap_115.png
158b97456fbdac654b60f2fbaf32c6f5e5ccddc464ab6a780ec149059e070668,8085,textures/by-source/1495869341/CAB-5526f0e750c17b9dfb325ce7aa997630/2484775573456017808_VX_Mask_40.png
126378b699b6bb4134b67e6feb327888858ff3cf9a0df849933f6d98b2750a1c,24604,textures/by-source/1655162282/CAB-3320d03d5a3e29c151e0d36f5b035ef4/6820996180836908343_Female_Face_Lightmap_02.png
6cb791ba880f746122209b7873b217cf923ec07335a07d6e95447f139527d613,34487,textures/by-source/1753046625/CAB-4c6f03a9888ee7d42237170e6ab7b86b/4116637714984099291_Eff_Matcap_092.png
a757c988eaedeef3c55387a09e751133684d353e53cc59aea05f84126db284dd,159949,textures/by-source/1833569847/CAB-9a4ef45f29464086267d1981079cf0e8/155291157718799162_Eff_Noise_085.png
7d8324375cfaa3c920b65d196e057f2375fc89d67b76947951f251d55a977456,93390,textures/by-source/1833569847/CAB-ddd7cb939f02cff8e87dcbfadaf63c44/-5240049680169584926_Eff_Noise_035.png
95c903f7b9abcde644a794aeca419e75c623a875fe77a14b4f3a6c541d0a8665,5808666,textures/by-source/2070197004/CAB-412fb3909f4ca0bf597f7aba4ca6797d/3467304070682014236_Item_Remielle_Origin_WeaponCrate_A.png
4233184e0cad164596484b95c2d199ce3ce17e589d48a66a8b8a2d64b072305f,105,textures/by-source/2139530915/CAB-08289adb7a98dfec5cec9d52e59b1730/-2899283720194288554_Remielle_Sticker_N.png
012e7f8b554665e5b861057debb6c4463261ba1fb17ccf873c801f1776f41a8a,145553,textures/by-source/2139530915/CAB-2c0f44109117773b8fc763b51ef7e5e6/3033422973299238809_Remielle_Sticker_D.png
5227e2131416d3c09444fccb1c9268543ec6e77e0e6ae6016f9d148ca81d6897,85666,textures/by-source/2139530915/CAB-741d1e495f33f8bc20cbd4c1af152227/-2210036353375352991_Remielle_Sticker_A.png
1b3c6f83116ebe48bcc80ad9049506745bb276afbe11e1998fded0336efba393,934797,textures/by-source/2139530915/CAB-77059141b3c7f73c75c89b79ecc398d7/2059020608341533256_Remielle_Weapon_01_A.png
370988341e0a2dfa407f3c7b949b5aa8ddedbb56a0cbfa65473f86aa1d76bc81,1625177,textures/by-source/2139530915/CAB-a051aa318091bbd626bae4900240918f/7814212627078805040_Remielle_Weapon_02_D.png
ce75997479da8e0c9f1239e8e04ff1e4758a1af985d2540f78585ed848132cde,104,textures/by-source/2139530915/CAB-c92507a9a28a45366cd6dd17c2c7da6e/5168871881092281580_Remielle_Sticker_M.png
b37d94f4fbfd4e06b715c367f2a4587aa653d86e63e9b937639b3964326544e4,338017,textures/by-source/2139530915/CAB-ca9a52a6322bc5341ac236332a77b109/-9184206753666364313_Remielle_Weapon_02_A.png
faaa3c5b98e0c1e38a52cac47083e33e4c21853930575c288f907ae591b357ec,954828,textures/by-source/2139530915/CAB-eb29b5265f6d1fc70597fcec3c54ece1/5145562542526546614_Remielle_Weapon_02_M.png
4bb563d29b5601ad0ac6696cdc19f34b23a452d916cf81306e42921aad25cb57,9979792,textures/by-source/2217709091/CAB-fbc0ec97a11d38f7e6c1cb4b8ea23f6d/-1303973794877313801_Item_Remielle_Origin_WeaponCrate_D.png
8b100806bb80ef945871c1023dfb650bc9cfa4aa2138a79eefdb42b8324cac7d,789206,textures/by-source/2243828476/CAB-5a7c8b21394381ab4f37898853f245e1/-1557654170351711781_Remielle_Origin_Body_1_M.png
d11066b7ff2e9968d216f7b68641f00013dd9f680b21ad77198548bff5bb9259,828772,textures/by-source/2243828476/CAB-8b91d4ae06ffbe3901fa882b3e0e6a6a/6867065344932187501_Remielle_Weapon_01_N.png
5cb80d4458b7b12295dad72b727accb9a87fdc16fc6fc94f3dbab201a0def7c2,904790,textures/by-source/2243828476/CAB-b8ca35a9a5fc2e8c6dc5718064eb6ab1/-1398628466716863791_Remielle_Origin_Body_1_A.png
dd208e74c40142fe2bd9a55afda40d53560e521537d45cb841bfe56cc510b86e,928496,textures/by-source/2243828476/CAB-d19bbd1b3a0dce72e1008cc316610885/-3219404502047425901_Remielle_Origin_Body_1_N.png
c953d67662e4d52f74714b9eaede754f93473301e930038462868a55b6d1c626,340344,textures/by-source/2281697586/CAB-1b1bd45265d67090339f65fca67d4c0b/-238539152519385724_VX_Lighting_UU_01.png
9fc26b03150db05c8f81791aeb3bdc884fd17455c2242cb27f6dcfbf2c66be5f,37152,textures/by-source/2339775720/CAB-1a12a6145bff07766aec94cd129bb32b/398119923418032420_Eff_MatCap_127.png
cdc9b7e51c4fd35baf7541b0f545db3d468873045ddc2f1fc0db101f6c8ae52c,3243185,textures/by-source/2339775720/CAB-75da1bc2f8f7ea60c32c9fa4edc92c8f/2497602039382778110_Remielle_Origin_Body_1_D.png
8a59d00417a5718c8767afea3dc41dc130e5930f08854a7d86e18d091279503f,3425403,textures/by-source/2339775720/CAB-ad06123ab597ffbf4e5deb28d4fd3714/-530721135492487991_Remielle_Origin_Body_2_D.png
0b92d06b5e04b684814bdbed8aa5a72662b24a37e5863d31c49638ed9c24cee6,24950,textures/by-source/2353311820/CAB-486ff362f0e2fc9ed68eccb6bb84f986/5075943231653877846_Eff_MatCap_021.png
cda6a85847170e28fb3e8b5df8d273bd4cd4aa19c93e5274d8930e7d1c39de55,3061577,textures/by-source/2414819008/CAB-44824a8ac0b53abf866d5b7fed4be585/8231411202528471166_Remielle_Hair_D.png
53f21ae71b968aac228bea884bde3e1ad3ffc924fbdcb7fdcbc553b2bf8816cc,396645,textures/by-source/2414819008/CAB-b9336b9621797357f6d944eff8e68228/-1073734788278161214_Remielle_Hair_A.png
4118ac6bcffa1595c6cced5394eeb12f3be4f58195ca3a3b467960ebd456d3b0,991937,textures/by-source/2414819008/CAB-db0e72b6f57522febd29d3f233feb1f1/4802007389546308218_Remielle_Face_D.png
d4ba99319ae77af31075f3c11054a3ec2e46e3a53c2d2c9bca3180ef2cb9bb65,2929308,textures/by-source/2416830657/CAB-e0a77be14ba0db66a8ab76acb92fd69e/2904421148968409635_Item_Remielle_Origin_WeaponCrate_M.png
f62465af2684989524f04444f778b0930c1e177fd6812a11157e7e50498b04c3,743010,textures/by-source/2525170729/CAB-281526e8d9ca89318a52bff1f11d84c2/5687068607083924731_Eff_Color_063_QPX_01.png
c776827b36987734738bc27bbdf4624e8aa4655002d28c7b8f581dfe2049e196,110,textures/by-source/2685514787/CAB-6afdb91c50b4911a6afc62ad478b8f6f/-339554144440625081_Eye_E.png
cfc8fb9a5521c662ef9bfc4c61c4e261c0d0f39b0c2651032561e300850449e3,76028,textures/by-source/2735517596/CAB-98d94369a3c1de46239832836d89337d/-807226201400800218_Eff_MatCap_019.png
db4274ef84c178b462ceb32411feadba51929abfaee3bdc2c16c5726ea8c13aa,817221,textures/by-source/2906705493/CAB-213174737e7446864ae08f6ec0b61a28/-7445831636080108919_Remielle_Origin_Body_2_A.png
d45c342474425f389ef909e031f69cf8495412cb1880513181c092d5e7fdd005,1019470,textures/by-source/2906705493/CAB-71b04ee91891af6310a14f040ccd403a/5360181581604083228_Remielle_Origin_Body_2_N.png
ef789d1baaade88745f8e653ec64718b4b43ca04e910464e38439de862fedabe,892564,textures/by-source/2906705493/CAB-fe410336d60060947ce0b68f0e2ee390/1866113004839022364_Remielle_Origin_Body_2_M.png
e9940f362b9598c37b26a14c74a5cb33a7d1c48431c252604c80a584201430bf,85660,textures/by-source/3212318446/CAB-0a2e6886e1a9b0fcb10a6133acb876ec/6032497980576422551_Eff_Matcap_047.png
0bc3c365fac74f6b380ff4e6c58da0ca4052aabb533757f447b9551be12ca0ad,88502,textures/by-source/3279732813/CAB-d0e584f19af4a29b976536f0bb353475/870431852457944231_Eff_Matcap_053.png
09eb73a00587fb394d313764fecb9f026537662dd9954df0d8dfab0d358e5ab5,32794,textures/by-source/3287422022/CAB-956362880515623655948ab834df38ff/-6831393057048828346_Eff_Matcap_Evelyn_WhiskeyGlass_1.png
75f0a9b94fc83058c76e2f677ef0acb97d4dbb58e5515ff1a892b169ac808262,28438,textures/by-source/3532168589/CAB-f7eeace54ef452c618f132a714bdf222/-7302508712727986833_Eff_Fire_013.png
e048ae196e5bd482eb8c07d8480dcb8346d3dcfc8fc9d9410c81de8a64fa7f54,3348232,textures/by-source/4042263993/CAB-1e4d9ff4089585fe4e9fc54915bd3198/2835862006335625197_Remielle_Weapon_01_D.png
b54b0f4660556aefc8f9f581be9d4a002356b7204c2bcd08fc898ccc39e5a0b8,996228,textures/by-source/4042263993/CAB-86b9e1ec1e6c0a315833c26bf1156517/5749498890099798461_Remielle_Weapon_01_M.png
e71a1a99c1e6499315e5b00bc6e9f6cd1b2b78d1a018799bc8fb34522146d9af,28513,textures/by-source/4094147995/CAB-c203906a1f87f67d6036f80a17c88024/3933624682994064574_Eff_MatCap_076.png
1e2db16612c8afccd2d45653024c98e468ef35c5a709c60571935bfbcdea0056,18269,textures/by-source/4232346216/CAB-9c8ba7e2bcf4d2c27ed5268e616f08c7/-1993236806094273248_VX_Flare_UU_65.png
f8df3db765b2107db67e6a3ecec9518b1f75f1e067ba6e5953df91d8f6485c2a,63735,textures/by-source/4244677818/CAB-278558f95624abddbda3de10a977eb49/401316003920725743_Eff_MatCap_077.png
145d3726b31b3df9063fc3b911221172db476e94ce8493b93312eb30e58b2b4e,266,textures/by-source/429715903/CAB-487a8a4a7540f9953a2a8843419c7b6c/619135497819127152_Color_UU_19.png
717f8cc2488391257732e670042c7bd4acfdc2e4feb6aef1d2035acbc4ca91d9,271,textures/by-source/44847257/CAB-ab7c5ff839c7c540a478f17ae6c035dc/5654155428155857928_Color_UU_01.png
f8985acc21a7fcb3b66cfce6112813ac1469d34850d9b7ababd964e16208c661,550534,textures/by-source/46458901/CAB-0f5837e31180d02406adeac410b90b28/1175066738606414406_Remielle_Wings_T.png
5cb1babe721cb2ec7cf6353cb5582b2b9f2d7e1afcc17eb5c06a9439059544fb,105,textures/by-source/46458901/CAB-11dc522a4626910303f81c0f23ed0485/-4232689453871674883_Remielle_Wings_A.png
dcb70b015325862e8df4e56f1cd62a22ef4d58380439825fae357c5d4c9b2a81,1057096,textures/by-source/46458901/CAB-4a7b74a9869c33d371966ae45003b7e2/-6750148455372938843_Remielle_Wings_D.png
894a704eb0ac29b9f2e299574e808c463340ddee3267876b2a730f39e9cad8d6,423510,textures/by-source/46458901/CAB-5a3b250bd3b460e259511a11faef3000/-8289832991287499186_Remielle_Weapon_02_N.png
dd676a4150bf23e811b88b68b57e10f37a855d30e3733731df3bde66d0a93242,778686,textures/by-source/46458901/CAB-68560ef6ee998f61569459819ddc0120/6531480064726840339_Remielle_Wings_N.png
ce75997479da8e0c9f1239e8e04ff1e4758a1af985d2540f78585ed848132cde,104,textures/by-source/46458901/CAB-ac1ba0f78b72c9bdbcd3cae6bfa4263c/-1920143575903464612_Remielle_Ramiel_Wings_M.png
26ec4c3f8fa195877a05209bb0f6d1218a52f2ad4d9941d7b882b15c0c0edcc3,75816,textures/by-source/46458901/CAB-ba562217c8f9445a9ba7e41b52275c0e/-3821159589127971782_Remielle_Hair_M.png
bfc92866f3b4e176ce20f66af4cec781287d85f248521d51d986b650e2755460,1058278,textures/by-source/46458901/CAB-cc3aa1d3ba48e833af171ee8f76ff585/-2986568945515778170_Remielle_Hair_N.png
c3d8ad96b3b49011fed0583baac6ff7de9aae31e58d4732e8d8668af0aecd527,63016,textures/by-source/464917324/CAB-5076da0e390bea39e9b7c4ebb80beba3/1944743740672637543_Eff_Mask_118_LYX_01.png
e49b14b759296909ef45fdce9d030f3ce063a095170842fc055194179eb66462,31070,textures/by-source/88216451/CAB-b96345e26445ffffde1c5875df1e11ce/-2340707176634078730_Eff_Fire_008.png
