sha256,size,path
fd1f71ea185b7030b331fd176930992e01e2c9edf9767be50f661c0f2182ff96,1902,20260904/REPORT.md
659440268f4d8cd1dc4d7a68617f7ac5ea84fa87b3dc6a33c714fefd60738f83,2330,20260904/acl-native-source/AnimeStudio.ACL/AnimeStudio.ACL.DB/AnimeStudio.ACL.DB.rc
7a5a7c35a1c13c56a5cebbd36931e6e7efedf324ce078ed09da6f8eb99aecf11,5794,20260904/acl-native-source/AnimeStudio.ACL/AnimeStudio.ACL.DB/AnimeStudio.ACL.DB.vcxproj
bc64bd9b0ceea011692788475ce589faef16cdaa3198d0c1c87301c022c71777,7837,20260904/acl-native-source/AnimeStudio.ACL/AnimeStudio.ACL.DB/acl/compression/compress.h
545c93fd9dcae949278428dcabd59489ecaa220c3576f5c85c84db8f171de2e3,3048,20260904/acl-native-source/AnimeStudio.ACL/AnimeStudio.ACL.DB/acl/compression/compression_level.h
8bc0b8ff9fe19b9644a4d5e7f9c5174d8d0e7c6bd16e41a6106632723294b4a7,12799,20260904/acl-native-source/AnimeStudio.ACL/AnimeStudio.ACL.DB/acl/compression/compression_settings.h
830719ed4f7573b638615754695783ea8867ea6bb34b80ce171123f2a67fca3c,2584,20260904/acl-native-source/AnimeStudio.ACL/AnimeStudio.ACL.DB/acl/compression/convert.h
213bf8b4796469c852dfe26f198ac335c0c30e65b43ae51fffda9cb083cc42da,3533,20260904/acl-native-source/AnimeStudio.ACL/AnimeStudio.ACL.DB/acl/compression/fwd.h
eb804084b22c57faa1ced31dea82c966d38264f0555e4eb8dcfff5addf609d2d,7995,20260904/acl-native-source/AnimeStudio.ACL/AnimeStudio.ACL.DB/acl/compression/impl/animated_track_utils.h
26b7324cf6a690af624407932843456058d5b4e9ebad196b5c1f2a795c97ba7f,9705,20260904/acl-native-source/AnimeStudio.ACL/AnimeStudio.ACL.DB/acl/compression/impl/clip_context.h
c9898c78abf7d2b07e4f4908bf388524e98e51af64d7e09b22edd8ad9e833467,13483,20260904/acl-native-source/AnimeStudio.ACL/AnimeStudio.ACL.DB/acl/compression/impl/clip_context.impl.h
ac6de50e47ac7cc0cfd840ed4ee4460608c600d6812a54f25c975ec4a9b47ab9,3079,20260904/acl-native-source/AnimeStudio.ACL/AnimeStudio.ACL.DB/acl/compression/impl/compact.scalar.h
95c9e3235c4131d1e2ecd8de66097cef4d9356b2a572bf66b7852c46aa97daad,35038,20260904/acl-native-source/AnimeStudio.ACL/AnimeStudio.ACL.DB/acl/compression/impl/compact.transform.h
7dc56574cd0f1d082d14ff9cbecc7d33bfcd6ffafcb35962996b28efe62a650a,74002,20260904/acl-native-source/AnimeStudio.ACL/AnimeStudio.ACL.DB/acl/compression/impl/compress.database.impl.h
20bc95867a8d3d0b21881946b532d0a444811c7f047c3d3046af26b4cca09b46,3738,20260904/acl-native-source/AnimeStudio.ACL/AnimeStudio.ACL.DB/acl/compression/impl/compress.impl.h
6d8a5537a944be60c64b0b4c6dde135a4373d0b374c3b89274eb90a1af68727c,12111,20260904/acl-native-source/AnimeStudio.ACL/AnimeStudio.ACL.DB/acl/compression/impl/compress.scalar.impl.h
d4d9530d9dbeb56a7754bea9aeaf4a2ba79ab0f5132414c4bc90e25ce2cfec2f,30974,20260904/acl-native-source/AnimeStudio.ACL/AnimeStudio.ACL.DB/acl/compression/impl/compress.transform.impl.h
77e336c67a0e53ae9123c7ce05041fb28810a22397d2464e4fd52aa537301368,4444,20260904/acl-native-source/AnimeStudio.ACL/AnimeStudio.ACL.DB/acl/compression/impl/compression_level.impl.h
281ea2185c183fd9a87248642a13fc81250ad5a018520610038b43f80630f7c2,6617,20260904/acl-native-source/AnimeStudio.ACL/AnimeStudio.ACL.DB/acl/compression/impl/compression_settings.impl.h
cf0ac3eff0617fbe9e44f7064c7afc48c8dcb4b2990c073ad116a5f4b5b98f1d,2453,20260904/acl-native-source/AnimeStudio.ACL/AnimeStudio.ACL.DB/acl/compression/impl/compression_stats.h
c52f3788c70f56e8a2055aadce2973bff18035eb97e89f2269cd43990d868f85,10082,20260904/acl-native-source/AnimeStudio.ACL/AnimeStudio.ACL.DB/acl/compression/impl/convert.impl.h
eac7e7a574f2a36dafdb8ef9c93046cec47678d7865f477f2b097650405e1921,5468,20260904/acl-native-source/AnimeStudio.ACL/AnimeStudio.ACL.DB/acl/compression/impl/convert_rotation.transform.h
9e3adb2fcc39c9c6407fca14876f5a888a6caa73c7c341253d5203fa51540721,7127,20260904/acl-native-source/AnimeStudio.ACL/AnimeStudio.ACL.DB/acl/compression/impl/keyframe_stripping.h
22884e0eeec40f424e360bad38a2e3e64452291af1cd88c51767be5c7596e9a3,4086,20260904/acl-native-source/AnimeStudio.ACL/AnimeStudio.ACL.DB/acl/compression/impl/normalize.scalar.h
8668c5f4a07c68f83bc69c1d6914fc5fd39637451522c5d0e27d5c56907c37fd,20987,20260904/acl-native-source/AnimeStudio.ACL/AnimeStudio.ACL.DB/acl/compression/impl/normalize.transform.h
05d097d1e86996fbd1cf256126e684184dcc30397ac5cc1b35ccfc90b53577f4,3970,20260904/acl-native-source/AnimeStudio.ACL/AnimeStudio.ACL.DB/acl/compression/impl/optimize_looping.scalar.h
3bf4573fff1c5348936edd2bae202bcdd71bfe66139163ea0d9a8d0fad0f2c3e,11150,20260904/acl-native-source/AnimeStudio.ACL/AnimeStudio.ACL.DB/acl/compression/impl/optimize_looping.transform.h
b5d77224a1b7de91f851488c35c0bf35ca32ba6f50be7c881d6b9a6041a49332,3991,20260904/acl-native-source/AnimeStudio.ACL/AnimeStudio.ACL.DB/acl/compression/impl/pre_process.common.h
d6a28dac878377eec50d7064355a24913d82092bdd2e9c52c7b711504bda3695,9568,20260904/acl-native-source/AnimeStudio.ACL/AnimeStudio.ACL.DB/acl/compression/impl/pre_process.impl.h
1dc6fb5d1391c9c4d6286b07fdeb0f4f01b81d4123201be57fc0cc3c5e20621b,4066,20260904/acl-native-source/AnimeStudio.ACL/AnimeStudio.ACL.DB/acl/compression/impl/pre_process.scalar.h
9b414f3d9fa7a81c3979421444e59dc0a89cff26277b9e32a1df39cf34183600,14629,20260904/acl-native-source/AnimeStudio.ACL/AnimeStudio.ACL.DB/acl/compression/impl/pre_process.transform.h
099513419304e732a8d442fc8e2ad633ae1ad8edd0ae549eb486f108bf95e1a8,7629,20260904/acl-native-source/AnimeStudio.ACL/AnimeStudio.ACL.DB/acl/compression/impl/quantize.scalar.h
f2b4cfede863ef94ebb09c7b89aad340e9cd6e4c4b98c7a0f756d4de30548188,98488,20260904/acl-native-source/AnimeStudio.ACL/AnimeStudio.ACL.DB/acl/compression/impl/quantize.transform.h
27ae963ca2983194a4b15d3c2fc3b0f0add9ba02014c7c3b0c87ada5c49985e5,14819,20260904/acl-native-source/AnimeStudio.ACL/AnimeStudio.ACL.DB/acl/compression/impl/rigid_shell_utils.h
4e260a815c0d945f797513ea1bbd74d6f035c3b0a01c8da84138d8e2e6effcad,27181,20260904/acl-native-source/AnimeStudio.ACL/AnimeStudio.ACL.DB/acl/compression/impl/sample_streams.h
44e4c97d6281cc3192910e6b2732e2977ba1a1ef57dedc0dd7d673db1b0f1fd5,12430,20260904/acl-native-source/AnimeStudio.ACL/AnimeStudio.ACL.DB/acl/compression/impl/segment.transform.h
c9c4c5f9935b7e07a8a34cd1b7e9e6f364845dc886dad2a2d86ef7f8a94e17f9,5167,20260904/acl-native-source/AnimeStudio.ACL/AnimeStudio.ACL.DB/acl/compression/impl/segment_context.h
b21860a5b05473a72832c6b58fcf5ac9f875e9e0a21eb2c3cae4d3e65b8ffca7,13152,20260904/acl-native-source/AnimeStudio.ACL/AnimeStudio.ACL.DB/acl/compression/impl/track.impl.h
bb0866e2e2e780b63737cfaaaab4d8026fcec438ef3777a9878bbbbc52c004a7,20546,20260904/acl-native-source/AnimeStudio.ACL/AnimeStudio.ACL.DB/acl/compression/impl/track_array.impl.h
36400d4067210ec286eb39cdf498e8f5393bb3d35fd015649a87d1d7c20ec2cf,36720,20260904/acl-native-source/AnimeStudio.ACL/AnimeStudio.ACL.DB/acl/compression/impl/track_bit_rate_database.h
2e51a9b8f420abe87e16d884ad57eca338740769c1a908ff6575a46e2a21f28d,37178,20260904/acl-native-source/AnimeStudio.ACL/AnimeStudio.ACL.DB/acl/compression/impl/track_error.impl.h
ac73581f40aba5e0700eadff1f1ce7443150fc4f494e9e65f9469a5be4ae9957,9629,20260904/acl-native-source/AnimeStudio.ACL/AnimeStudio.ACL.DB/acl/compression/impl/track_list_context.h
e16de4986f92900335ed1090689a40c4690a8828f4fe36a3cec2aec29e482e1e,4053,20260904/acl-native-source/AnimeStudio.ACL/AnimeStudio.ACL.DB/acl/compression/impl/track_range.h
ad39b3286b549d842164f2851b981be9e6fca924dd66c0c5742ef2e349f2ee1e,3062,20260904/acl-native-source/AnimeStudio.ACL/AnimeStudio.ACL.DB/acl/compression/impl/track_range_impl.h
e094c3c83df573771162eb37651a8b6154941b8a543257b8b125e7d5dd7136bb,17218,20260904/acl-native-source/AnimeStudio.ACL/AnimeStudio.ACL.DB/acl/compression/impl/track_stream.h
23a34ee6c4c8dd8d80935ca7d5c653de59e220530ea9f2f2e08d928b67878ff5,721689,20260904/acl-native-source/AnimeStudio.ACL/AnimeStudio.ACL.DB/acl/compression/impl/transform_bit_rate_permutations.h
291ba5b7e772ed61a83d5b652a3c1fe7543e89559bf5aedbc96bc1305ad3eabe,10348,20260904/acl-native-source/AnimeStudio.ACL/AnimeStudio.ACL.DB/acl/compression/impl/transform_clip_adapters.h
eba506bff9c6c1488e9d331ce4b652fa372cced10caddc1c242dfea4fc3afa9b,3060,20260904/acl-native-source/AnimeStudio.ACL/AnimeStudio.ACL.DB/acl/compression/impl/write_compression_stats_impl.h
22ea74a25a9018b7c188ade94bbc26a840184233df7743d4cab1cbcf3fdaa2ce,15963,20260904/acl-native-source/AnimeStudio.ACL/AnimeStudio.ACL.DB/acl/compression/impl/write_range_data.h
5d429ce1bffcf233c09c9100b4e5db3c2e60e2b042d058d709a3c2acb2ddc889,7951,20260904/acl-native-source/AnimeStudio.ACL/AnimeStudio.ACL.DB/acl/compression/impl/write_segment_data.h
5537b8bd2755184e7ca612a84fed7881ad16f7594bbbddb42b80eb1928d05afb,30684,20260904/acl-native-source/AnimeStudio.ACL/AnimeStudio.ACL.DB/acl/compression/impl/write_stats.h
ee3e802b26c4e33ade27731adaf879e9005bb77aad5aa7ca93682d4f0708af8f,23981,20260904/acl-native-source/AnimeStudio.ACL/AnimeStudio.ACL.DB/acl/compression/impl/write_stream_data.h
5787fd2ce6e15e47941525175d8208420ea238c2b1a65bbaf941deb47960b422,5641,20260904/acl-native-source/AnimeStudio.ACL/AnimeStudio.ACL.DB/acl/compression/impl/write_sub_track_types.h
895a3ccaa786f717c18ef0825feb5228363d058f64b174f6ddfd7da5d0ea6b86,7273,20260904/acl-native-source/AnimeStudio.ACL/AnimeStudio.ACL.DB/acl/compression/impl/write_track_data_impl.h
04ac9afa93f7618a8873f6ab998fe75879283b6f225cfe97c20a5335fac7e967,8432,20260904/acl-native-source/AnimeStudio.ACL/AnimeStudio.ACL.DB/acl/compression/impl/write_track_metadata.h
916628ff8a883d40a688304074cf2754e303e74b7ea402c7d1e0fcfad43d0290,2017,20260904/acl-native-source/AnimeStudio.ACL/AnimeStudio.ACL.DB/acl/compression/output_stats.h
337196e14c12193f41da35851f62d918a80e282aaf23f1d3e85cabc619fa330f,6201,20260904/acl-native-source/AnimeStudio.ACL/AnimeStudio.ACL.DB/acl/compression/pre_process.h
c815fcd56b37d468be4b4a40765d329e3cf76d0a4af7d4fd70cbb029af1974f6,17396,20260904/acl-native-source/AnimeStudio.ACL/AnimeStudio.ACL.DB/acl/compression/track.h
263f827a549721ec6ea215be37e182213eb2702dd2beea0f3c511761141264eb,15024,20260904/acl-native-source/AnimeStudio.ACL/AnimeStudio.ACL.DB/acl/compression/track_array.h
961391fd45835b6427687da55fec45ca84ba5f1b45f116cd4ad9ea8fe3d194c3,5796,20260904/acl-native-source/AnimeStudio.ACL/AnimeStudio.ACL.DB/acl/compression/track_error.h
cb807ec996d89ded1254158596d6920f4f91c38540068f246981adaae17dac22,25760,20260904/acl-native-source/AnimeStudio.ACL/AnimeStudio.ACL.DB/acl/compression/transform_error_metrics.h
a7be1afe75ec20838756dbd02113fbd9d32b4a5055be60b41fe2a324230fda4f,3207,20260904/acl-native-source/AnimeStudio.ACL/AnimeStudio.ACL.DB/acl/compression/transform_pose_utils.h
d0d8bb034a341256e55c48d0c47da5a53da7d565500ae6810d75a211887d8336,8460,20260904/acl-native-source/AnimeStudio.ACL/AnimeStudio.ACL.DB/acl/core/additive_utils.h
b1ba8fd60cba4503e95a9f89fdecbef5417d4f1d20f41af840b74ba757e40ef7,4303,20260904/acl-native-source/AnimeStudio.ACL/AnimeStudio.ACL.DB/acl/core/algorithm_types.h
3534baa6899f5ea7de263dfd81d72416754c46dc7432add036358e31b4076598,7866,20260904/acl-native-source/AnimeStudio.ACL/AnimeStudio.ACL.DB/acl/core/ansi_allocator.h
e9b9c067efa872d409c38966c01195fcad254cd2aa6ef7e8d27888a4e34142e6,7668,20260904/acl-native-source/AnimeStudio.ACL/AnimeStudio.ACL.DB/acl/core/bit_manip_utils.h
0d1b6f4f274b09b852d12d662336b6f96605e5a0984b07ab99cf99a5bfb26704,8875,20260904/acl-native-source/AnimeStudio.ACL/AnimeStudio.ACL.DB/acl/core/bitset.h
11b2edff773bf0e101d7a1b12bcdb7d8841ed336a2d5c065ebeb93efd8efe4de,2306,20260904/acl-native-source/AnimeStudio.ACL/AnimeStudio.ACL.DB/acl/core/buffer_tag.h
8f2fdb2a893478857efef3d72484c0389e2243273e2b5179ec0e71100106ef88,8476,20260904/acl-native-source/AnimeStudio.ACL/AnimeStudio.ACL.DB/acl/core/compressed_database.h
5b36bce0bd0e8bef13acfcc88c43cb162e95938704d129e1ca40f7e349b4ca7e,10907,20260904/acl-native-source/AnimeStudio.ACL/AnimeStudio.ACL.DB/acl/core/compressed_tracks.h
43903a6dd0e4c0e318c56cf30aea23ccbd25b537ec81577127d8f86a2674ca73,3928,20260904/acl-native-source/AnimeStudio.ACL/AnimeStudio.ACL.DB/acl/core/compressed_tracks_version.h
d4df74df668e91100e869f8728fcfc4d7c4f3268687d556a7ee60220bf75a0ba,4640,20260904/acl-native-source/AnimeStudio.ACL/AnimeStudio.ACL.DB/acl/core/enum_utils.h
03cd69ede2162698b2982132511f63651839acf4254023cdb6727f42c4e3c2c8,6887,20260904/acl-native-source/AnimeStudio.ACL/AnimeStudio.ACL.DB/acl/core/error.h
1a004f691d05f6852b54d6eca77676cc1f0d3cee0c6168ea66eb8870b0101a96,2344,20260904/acl-native-source/AnimeStudio.ACL/AnimeStudio.ACL.DB/acl/core/error_result.h
b516e4042f4110570fcc85551588407c4df7b7408e8ca5b871ef07a046c4c534,5679,20260904/acl-native-source/AnimeStudio.ACL/AnimeStudio.ACL.DB/acl/core/floating_point_exceptions.h
0b10296aea4c53f7934d63ee442729756aa770abe325f2e11fca66850d0e07de,4518,20260904/acl-native-source/AnimeStudio.ACL/AnimeStudio.ACL.DB/acl/core/fwd.h
616bf04f513d85d63490f6e2f601aaa80ec2c8eed169b5c911e60fdd43c11194,5696,20260904/acl-native-source/AnimeStudio.ACL/AnimeStudio.ACL.DB/acl/core/hash.h
b57fd286096e1f6c1ccd0b743eec7189b0a079b2d2b3d5f178b01ee51dc89c4e,6225,20260904/acl-native-source/AnimeStudio.ACL/AnimeStudio.ACL.DB/acl/core/iallocator.h
4430ac82a64b3fc59239368850cc601931e3fa71c4baedbfd2d96ebf61db0ccb,2448,20260904/acl-native-source/AnimeStudio.ACL/AnimeStudio.ACL.DB/acl/core/impl/atomic.impl.h
befc3863fd757558238ea85f96f3906eb0cb490ce93c307c78054f6909aecd98,1920,20260904/acl-native-source/AnimeStudio.ACL/AnimeStudio.ACL.DB/acl/core/impl/bit_cast.impl.h
da7bd0048514f8baed4a74d6378281f46eda88e06b84639baa98974616f3d54e,5354,20260904/acl-native-source/AnimeStudio.ACL/AnimeStudio.ACL.DB/acl/core/impl/compiler_utils.h
9e632e9df6754b1bd69f84873598633a5317de19b5adeeafac1911a1c5ce8f67,7928,20260904/acl-native-source/AnimeStudio.ACL/AnimeStudio.ACL.DB/acl/core/impl/compressed_database.impl.h
34ddf1b1be9e637c8df5a4cd4ea5245b33a1722a0c674c41d266bd3ecdbbbdb9,35233,20260904/acl-native-source/AnimeStudio.ACL/AnimeStudio.ACL.DB/acl/core/impl/compressed_headers.h
8be78c41afe240d74d6061b4b40efc655f226580f2b47af70ad442f1881225a5,14181,20260904/acl-native-source/AnimeStudio.ACL/AnimeStudio.ACL.DB/acl/core/impl/compressed_tracks.impl.h
421f24b133ddff56e69c2522e314c889266fe8f654fa5bd5722711131d84e8cd,13478,20260904/acl-native-source/AnimeStudio.ACL/AnimeStudio.ACL.DB/acl/core/impl/debug_track_writer.h
e6751dd07de861602bca4df232e0d22c4710e2c6c129efd52b626af0268127a2,13015,20260904/acl-native-source/AnimeStudio.ACL/AnimeStudio.ACL.DB/acl/core/impl/interpolation_utils.impl.h
55d4b3b115dad9e7afdda8bd6c70d42a5f6ba194e25feeda3e42858adcd7eafe,5133,20260904/acl-native-source/AnimeStudio.ACL/AnimeStudio.ACL.DB/acl/core/impl/time_utils.impl.h
7ff94773536918d2fd87c61ac53cb0dafe5ec23799cbc90d80fa14ed872f40fd,2471,20260904/acl-native-source/AnimeStudio.ACL/AnimeStudio.ACL.DB/acl/core/impl/track_desc.impl.h
34c916a654e100e0a2a5c4c7a7c03e6dbd980fb1580327fa372d35af13ad1648,5841,20260904/acl-native-source/AnimeStudio.ACL/AnimeStudio.ACL.DB/acl/core/impl/track_formats.impl.h
c9350a8b0d5cfe919c39feb5b2c7b102a85453f5a67a22a1e8c0fb21f6aff505,2892,20260904/acl-native-source/AnimeStudio.ACL/AnimeStudio.ACL.DB/acl/core/impl/variable_bit_rates.h
9ab07623bcbb711a7593b5a0165545e8810d76d7a3ad58bd0c03e6980579295e,5806,20260904/acl-native-source/AnimeStudio.ACL/AnimeStudio.ACL.DB/acl/core/interpolation_utils.h
8e575edfa686e42a88f3daeb2e5128266d610dc3986e6fa13704d539060371f0,5149,20260904/acl-native-source/AnimeStudio.ACL/AnimeStudio.ACL.DB/acl/core/iterator.h
bf351516e7ce440e06ee102ed9f081cbc00392e5189d9fdfe524c57284c78d42,13305,20260904/acl-native-source/AnimeStudio.ACL/AnimeStudio.ACL.DB/acl/core/memory_utils.h
e8b8cddcd976627cb2d028e62964d615d8483429fe20f005f2ee98a568a73d61,6308,20260904/acl-native-source/AnimeStudio.ACL/AnimeStudio.ACL.DB/acl/core/ptr_offset.h
da614c1d7b4c9aca0f443c3d73d9add983cd4460a75df1f6ad889b59aa004e59,2412,20260904/acl-native-source/AnimeStudio.ACL/AnimeStudio.ACL.DB/acl/core/quality_tiers.h
15c7d623a8fed83731eba62dca56975c8cea2b909f5ea3e246c7467afc58174c,4298,20260904/acl-native-source/AnimeStudio.ACL/AnimeStudio.ACL.DB/acl/core/range_reduction_types.h
fcddcfff602a597c1ea2c26195b77993c98b48d6fabac9b369362513dba426a2,4053,20260904/acl-native-source/AnimeStudio.ACL/AnimeStudio.ACL.DB/acl/core/sample_looping_policy.h
7ea31cdf95132492bf2e16c94efe37fb980360fb71d9fc9b61640746530a7453,6171,20260904/acl-native-source/AnimeStudio.ACL/AnimeStudio.ACL.DB/acl/core/sample_rounding_policy.h
4a5e186aee8907ca0e502baca1af6468b6ccb8dc013502de78c79f911a27362c,4636,20260904/acl-native-source/AnimeStudio.ACL/AnimeStudio.ACL.DB/acl/core/scope_profiler.h
4ee0e5c294a4441a0e69d714569513c784029badf66e9a1ff4315af3e9b7ddaf,5171,20260904/acl-native-source/AnimeStudio.ACL/AnimeStudio.ACL.DB/acl/core/string.h
42c4d92f729cb983ab98487d981e577a17b996c68d6cc305d2b4a13c94200dee,3761,20260904/acl-native-source/AnimeStudio.ACL/AnimeStudio.ACL.DB/acl/core/time_utils.h
e08bf64a7894639383e070472f9dd7cfcc0d49ddc1dfe3ba09c779ed14361a05,8923,20260904/acl-native-source/AnimeStudio.ACL/AnimeStudio.ACL.DB/acl/core/track_desc.h
7b163634231284074e51f3bd55e20abed0c2152f6d7f8477b2343fa5f52c9054,5023,20260904/acl-native-source/AnimeStudio.ACL/AnimeStudio.ACL.DB/acl/core/track_formats.h
3f16cc2f7b2f0611767be98e7fe8a70f790d9cecb1a0225deb402904a4887bed,4066,20260904/acl-native-source/AnimeStudio.ACL/AnimeStudio.ACL.DB/acl/core/track_traits.h
b3c93d3976c981119291009473416d11f3ff308443ba75666eb57ad09f76a31a,6646,20260904/acl-native-source/AnimeStudio.ACL/AnimeStudio.ACL.DB/acl/core/track_types.h
5d26f7b10be5d3999f04dd196765b5e20023c5cf110c98dbc4d3a73cdb5db3ea,10767,20260904/acl-native-source/AnimeStudio.ACL/AnimeStudio.ACL.DB/acl/core/track_writer.h
d2c7e77e32eab0e03438856f6d2f24c56ab7b4120011913a035b70064d558dc0,3064,20260904/acl-native-source/AnimeStudio.ACL/AnimeStudio.ACL.DB/acl/core/unique_ptr.h
776f28b52ca394c0d9edc1803daf2f546c1f65a0c07ca0e3e472137593ab50cf,1860,20260904/acl-native-source/AnimeStudio.ACL/AnimeStudio.ACL.DB/acl/core/utils.h
9e6133d3e21d27ce855c4ae6391c3b6c3a78a9dcba42ed6099fea878499e2090,3214,20260904/acl-native-source/AnimeStudio.ACL/AnimeStudio.ACL.DB/acl/core/variable_bit_rates.h
37a6867c6fa770a2dc09b070e17c55f7b7e15e0386c543750d7a1b4c3f3694da,9287,20260904/acl-native-source/AnimeStudio.ACL/AnimeStudio.ACL.DB/acl/decompression/database/database.h
8132397c04749c716b4bb141ab1f8b3e741b63e715779a579e9ff0e3584ca77a,3745,20260904/acl-native-source/AnimeStudio.ACL/AnimeStudio.ACL.DB/acl/decompression/database/database_settings.h
d0a510b21e5d70a0e8f04aaea75c0d4b604209d41f33c5e9eb1a04c37e952012,8174,20260904/acl-native-source/AnimeStudio.ACL/AnimeStudio.ACL.DB/acl/decompression/database/database_streamer.h
9ce63a3d59b2ea5b591aa5f47ad2f68ac6df1f1ce6e6407783126c58d83925cb,30371,20260904/acl-native-source/AnimeStudio.ACL/AnimeStudio.ACL.DB/acl/decompression/database/impl/database.impl.h
6032a6e2715d518e9171b4f62470956990caaf297d5e8c42e1f893b88103607a,3556,20260904/acl-native-source/AnimeStudio.ACL/AnimeStudio.ACL.DB/acl/decompression/database/impl/database_context.h
646dcb09315e2bd2353a776ffed865fafbcd8b6f519a1faff3b4f4a46ae10037,9186,20260904/acl-native-source/AnimeStudio.ACL/AnimeStudio.ACL.DB/acl/decompression/database/impl/database_streamer.impl.h
f88093cad01259fbdc943273a972fbed495177612cc371a15aafe9a32c3eb5f6,5080,20260904/acl-native-source/AnimeStudio.ACL/AnimeStudio.ACL.DB/acl/decompression/database/impl/debug_database_streamer.h
787e1551d8a1307cf3f24fc614e6cdc7e91d7267542e0eb115e04e9cb4603599,4248,20260904/acl-native-source/AnimeStudio.ACL/AnimeStudio.ACL.DB/acl/decompression/database/null_database_streamer.h
f25b41d94b70b1b4d994f9959739e1d046da2fd86ff111e94eafe2b3498944f5,11376,20260904/acl-native-source/AnimeStudio.ACL/AnimeStudio.ACL.DB/acl/decompression/decompress.h
b18d7c57fc9f0d0ab33e9975609eed04f8c924671d03fcc19859491d376f8294,12064,20260904/acl-native-source/AnimeStudio.ACL/AnimeStudio.ACL.DB/acl/decompression/decompression_settings.h
b0d013e9c4196c7b1ee5de2b31f2d81ff09663a759d6b0d0d45ea44eb086227d,2624,20260904/acl-native-source/AnimeStudio.ACL/AnimeStudio.ACL.DB/acl/decompression/fwd.h
1faa25731f93278e081a0f85d173afef32d53f58717a0fcdf85c778e8848fd65,118393,20260904/acl-native-source/AnimeStudio.ACL/AnimeStudio.ACL.DB/acl/decompression/impl/animated_track_cache.transform.h
d8e27f979b095c90f6f1bdad54fb5896492fba4236d1952d431a1c623fee64d7,15365,20260904/acl-native-source/AnimeStudio.ACL/AnimeStudio.ACL.DB/acl/decompression/impl/constant_track_cache.transform.h
96abe0d1905c80e0233701b7dd43afcf969be967261f39fe38ebc5279d216b6d,10416,20260904/acl-native-source/AnimeStudio.ACL/AnimeStudio.ACL.DB/acl/decompression/impl/decompress.impl.h
14cad61cb011ab7ee269a4a142c99d6d5225ae499aa6d4724e5ab2c231248b81,51013,20260904/acl-native-source/AnimeStudio.ACL/AnimeStudio.ACL.DB/acl/decompression/impl/decompression.scalar.h
4172d18969a53f2e8d9a00155bcbc3eb9efd1f87330fdb228fca1f1e4e5e7d62,96527,20260904/acl-native-source/AnimeStudio.ACL/AnimeStudio.ACL.DB/acl/decompression/impl/decompression.transform.h
f7d67164b3ed8e9d165181d958ffa781c07722e48bea34affb7df262ebd4f0f4,9826,20260904/acl-native-source/AnimeStudio.ACL/AnimeStudio.ACL.DB/acl/decompression/impl/decompression.universal.h
a68bf5accf83c6d58eec0ecc47747af4df75b9f5e974334df245e8d55bb34139,10606,20260904/acl-native-source/AnimeStudio.ACL/AnimeStudio.ACL.DB/acl/decompression/impl/decompression_context.transform.h
14606b7dee05eb91dae7bc8a9f327a1f94d0d0d278dc23ca056b94e0cf733fe2,2515,20260904/acl-native-source/AnimeStudio.ACL/AnimeStudio.ACL.DB/acl/decompression/impl/decompression_context_selector.h
e3fd284e8b982cf32344e4d94a32848a2bbabeaf0da662cb591ff70a38662749,12750,20260904/acl-native-source/AnimeStudio.ACL/AnimeStudio.ACL.DB/acl/decompression/impl/decompression_version_selector.h
46e4266e6596a600899ee640e7886bf6bb178a4155da8a8ae5dfa29276a15839,3622,20260904/acl-native-source/AnimeStudio.ACL/AnimeStudio.ACL.DB/acl/decompression/impl/track_cache.h
f845f44eee4640bf74e11f06b4ae526bc5b0c635eef63ad2e6cbaf66a75b5a45,1894,20260904/acl-native-source/AnimeStudio.ACL/AnimeStudio.ACL.DB/acl/fwd.h
5da8c907f9c06bf38245851f0e62d7b56ad3080bb4ba9a6bd1c0b36521d91941,39937,20260904/acl-native-source/AnimeStudio.ACL/AnimeStudio.ACL.DB/acl/io/clip_reader.h
bfb8d5b828c91ce93203f432328e4465d60b8d0f23c31f2d65ee7e7f9f12a411,3008,20260904/acl-native-source/AnimeStudio.ACL/AnimeStudio.ACL.DB/acl/io/clip_reader_error.h
d233173af0fd6c6c66ac2b991b7a89da06637a2cd912c2de1871baf858e02c6b,15988,20260904/acl-native-source/AnimeStudio.ACL/AnimeStudio.ACL.DB/acl/io/clip_writer.h
09e703a794bca2a8730aa10c8deae50ea2cc02e5874677adf8e49d2edf20baff,2039,20260904/acl-native-source/AnimeStudio.ACL/AnimeStudio.ACL.DB/acl/io/fwd.h
20373a2a5271689de8d11eac1959382bdbd472562b761cdef0100ac2ccab3a14,4067,20260904/acl-native-source/AnimeStudio.ACL/AnimeStudio.ACL.DB/acl/math/quat_packing.h
ae7c152b1f737af389b68d65a2fdf7748c0f1c0add9309b10882208ca643562b,11360,20260904/acl-native-source/AnimeStudio.ACL/AnimeStudio.ACL.DB/acl/math/quatf.h
5eac28366569bfc7eaab5ccbdbfc4775218f4f3b20c6e199b2ed87f4cd9c1054,1715,20260904/acl-native-source/AnimeStudio.ACL/AnimeStudio.ACL.DB/acl/math/qvvf.h
d37ff14112e8cf1ea275222aa4ea0e199f3a5dcc161b7ac39b01d612a877996c,7233,20260904/acl-native-source/AnimeStudio.ACL/AnimeStudio.ACL.DB/acl/math/scalar_packing.h
9bf55b4fd7ea147bb529981f839785e53e772115ae944d611f3bdfff8d96dc9f,51200,20260904/acl-native-source/AnimeStudio.ACL/AnimeStudio.ACL.DB/acl/math/vector4_packing.h
329a475a65baa85dd0aea30337b7d4ce0e1cd358fc0af9c802a9562a76ee8d32,1719,20260904/acl-native-source/AnimeStudio.ACL/AnimeStudio.ACL.DB/acl/math/vector4f.h
d3dfbe1d748fbeb8fcf32e29d9d5a3c4293fa0626490a5b9aab5b8e9c1906246,4312,20260904/acl-native-source/AnimeStudio.ACL/AnimeStudio.ACL.DB/acl/version.h
9acf2f676189b7d139a589ed4754c677ad0d1033c1e88d408bceb7e4f5fc45b6,216,20260904/acl-native-source/AnimeStudio.ACL/AnimeStudio.ACL.DB/cpp.hint
43d1838e1860e781ec1da38dd320391420076531c4f3f1f8f5da4b3dfdeda384,8686,20260904/acl-native-source/AnimeStudio.ACL/AnimeStudio.ACL.DB/dllmain.cpp
b323128293300f4985705fcf21434eb6a9133666d16cd4a439c5c2067f59d10f,1145,20260904/acl-native-source/AnimeStudio.ACL/AnimeStudio.ACL.DB/dllmain.h
e1ef127e52509a716e3c33d1510e59f663a67c7145a37ce2b0a4586ce265bc32,12908,20260904/acl-native-source/AnimeStudio.ACL/AnimeStudio.ACL.DB/rtm/camera_utilsd.h
524eddfe226372690304473ff14be5818d85536f0a3f4d300a44e27f7331afb1,12943,20260904/acl-native-source/AnimeStudio.ACL/AnimeStudio.ACL.DB/rtm/camera_utilsf.h
20ed7b123181a9b2ed556496c7626f4fd56251f17c010047bcc3a8c87536a1a5,13074,20260904/acl-native-source/AnimeStudio.ACL/AnimeStudio.ACL.DB/rtm/constants.h
64f9bb39a442cd205d895ab9e767fe03c8b37a5b8a65e7b3a85d16ca1824cec7,1910,20260904/acl-native-source/AnimeStudio.ACL/AnimeStudio.ACL.DB/rtm/fwd.h
be05aeb73f0ad4e8a6e999c1454d2594cc81dcc1e77c0b0bb5dd79117e187031,2209,20260904/acl-native-source/AnimeStudio.ACL/AnimeStudio.ACL.DB/rtm/impl/bit_cast.impl.h
1ca6b6414aee135bafcaa3df29ca2fd15b085131da294ca422cf581f77125e77,3284,20260904/acl-native-source/AnimeStudio.ACL/AnimeStudio.ACL.DB/rtm/impl/cmath.impl.h
86fd7f20aa3c33c09974f43d6290e6e6f2622396e79c75d0ca3ef23d4430a4c5,4350,20260904/acl-native-source/AnimeStudio.ACL/AnimeStudio.ACL.DB/rtm/impl/compiler_utils.h
9532bb206f1edb35b4f19b0c8fc9889bd11b6d4c34f95ecf4759f814e2b53c80,1824,20260904/acl-native-source/AnimeStudio.ACL/AnimeStudio.ACL.DB/rtm/impl/detect_arch.h
5e206a255b82f2a50e58e6aaa541af3e533ee78b3ceb858d95a7c189121bd185,2086,20260904/acl-native-source/AnimeStudio.ACL/AnimeStudio.ACL.DB/rtm/impl/detect_compiler.h
6d4d8c0bc60dc1e2d299b494ff9b6381c4fc4b30c0dc4670715960fd603deea4,2181,20260904/acl-native-source/AnimeStudio.ACL/AnimeStudio.ACL.DB/rtm/impl/detect_cpp_version.h
39b6724f9a0f48a0e243b342a462e95bf86c9fd7fc9cdbfb3f970de083aa5915,5821,20260904/acl-native-source/AnimeStudio.ACL/AnimeStudio.ACL.DB/rtm/impl/detect_features.h
8039eada6025b11ab416bc3306d1aeac49ef87641fcdb1873ae3dd6479a146fe,7154,20260904/acl-native-source/AnimeStudio.ACL/AnimeStudio.ACL.DB/rtm/impl/error.h
1e9cada800c6d2019813580730b130a78b33879b5518f96a1d5e1b4db71400b6,11738,20260904/acl-native-source/AnimeStudio.ACL/AnimeStudio.ACL.DB/rtm/impl/macros.mask4.impl.h
bb81e643dc674b4e2899544a04b9705b86669de52c0cd0ab6790acdb59d5ad2a,16760,20260904/acl-native-source/AnimeStudio.ACL/AnimeStudio.ACL.DB/rtm/impl/macros.matrix.impl.h
7232221ed9971760a0f6da0dbd5eb1ca64af31574f2a702f8f9e442ede503401,12989,20260904/acl-native-source/AnimeStudio.ACL/AnimeStudio.ACL.DB/rtm/impl/macros.vector4.impl.h
8a13c1aa7040ac8d8e3824f544fd487e58f5cb9882580376980b44d2abf629e6,11753,20260904/acl-native-source/AnimeStudio.ACL/AnimeStudio.ACL.DB/rtm/impl/mask_common.h
022e977b19c33ac8bf4161f406578f79f37c057694cba9050b4f52d5788ff45d,17599,20260904/acl-native-source/AnimeStudio.ACL/AnimeStudio.ACL.DB/rtm/impl/matrix_affine_common.h
4dd376b2b0e63cc6e1a2d1d321e51cb7cb370249d046e53172f11c96f51a2742,13643,20260904/acl-native-source/AnimeStudio.ACL/AnimeStudio.ACL.DB/rtm/impl/matrix_cast.h
ea203d15f21408097e2ec6ce81421bc6a819bcce8b6d4184c2f863cd55aae83f,8131,20260904/acl-native-source/AnimeStudio.ACL/AnimeStudio.ACL.DB/rtm/impl/matrix_common.h
a902c23099c1c82f9f2b0875e2b866dc81f9fc33f9190fec80b7e4ffdbbcf943,12271,20260904/acl-native-source/AnimeStudio.ACL/AnimeStudio.ACL.DB/rtm/impl/memory_utils.h
6b3a2e53d725b5b2c6a103bd39b25601730f2526f4ab4fcadc387d5c000b1c3b,3819,20260904/acl-native-source/AnimeStudio.ACL/AnimeStudio.ACL.DB/rtm/impl/quat_common.h
c1d0489da8f5b1fd026a4163813b61ee192e513b6b1bee2cb4022b9693e8fa15,3710,20260904/acl-native-source/AnimeStudio.ACL/AnimeStudio.ACL.DB/rtm/impl/qv_common.h
82a5fe7a59cc139c10032628734c9a865b43feee2689ca6e46c47cea0edc1a9b,5060,20260904/acl-native-source/AnimeStudio.ACL/AnimeStudio.ACL.DB/rtm/impl/qvs_common.h
8e8ae3aad1a2a9fea8e4fe247a4cf831d874347ed993c9560bcb875f2e34c8bc,3707,20260904/acl-native-source/AnimeStudio.ACL/AnimeStudio.ACL.DB/rtm/impl/qvv_common.h
54a57d792e10aee38c541d550c360715fcbaf492230de7362630f75426dd3f99,4969,20260904/acl-native-source/AnimeStudio.ACL/AnimeStudio.ACL.DB/rtm/impl/scalar_common.h
0552634ea91639b6746f95aa3e4d34938ae12f73d33fd8cf47a5c091c9efa439,2087,20260904/acl-native-source/AnimeStudio.ACL/AnimeStudio.ACL.DB/rtm/impl/type_args.h
0369be23ce8ead3d403b65e1b6063ec5ae3ed8df9845962e0e43f177784eb9f4,6665,20260904/acl-native-source/AnimeStudio.ACL/AnimeStudio.ACL.DB/rtm/impl/type_args.neon.impl.h
5d00052b1529b68898b9d499a995f87dd65863b9fae81d0b525fb1014be38a6b,6783,20260904/acl-native-source/AnimeStudio.ACL/AnimeStudio.ACL.DB/rtm/impl/type_args.neon64.impl.h
6c9b1deb508d154eb4e9f13bc4c6507ab6687af90b3288b9de49a879f8a6d520,6400,20260904/acl-native-source/AnimeStudio.ACL/AnimeStudio.ACL.DB/rtm/impl/type_args.other.impl.h
1161726e0defaeff3be07a19ef3773b74b1f365e9fd7e7db0d76122034e75018,6699,20260904/acl-native-source/AnimeStudio.ACL/AnimeStudio.ACL.DB/rtm/impl/type_args.vectorcall.impl.h
8bf46c91d6eb91deca69cbd0e11cb66f80e12c3a81b9cd1ed8ec9e418dfc1bb2,7096,20260904/acl-native-source/AnimeStudio.ACL/AnimeStudio.ACL.DB/rtm/impl/type_args.x64_clang.impl.h
ed90aafe23ec959f72f5eba1ac2f3c0e950bf8c2dea8fd15e31c6942a7f8c55e,6696,20260904/acl-native-source/AnimeStudio.ACL/AnimeStudio.ACL.DB/rtm/impl/type_args.x64_gcc.impl.h
471acb75b5da4b67fbe27111900f6324dce98e9374611b8118797a7b09c8053a,29594,20260904/acl-native-source/AnimeStudio.ACL/AnimeStudio.ACL.DB/rtm/impl/vector_common.h
b599e5b7aa9bd6bd14e29eceeb649fa57c78888071d1d0d3053036f2b14f9363,1473,20260904/acl-native-source/AnimeStudio.ACL/AnimeStudio.ACL.DB/rtm/macros.h
6af142a88187e01f04b863de2332e1c0683b760fae006c4db5261bb612046a65,16513,20260904/acl-native-source/AnimeStudio.ACL/AnimeStudio.ACL.DB/rtm/mask4d.h
8b1fe7013ecc7dcd59d398ed96be01659514fb74cdb911d490ee2ddf8a97ad64,15068,20260904/acl-native-source/AnimeStudio.ACL/AnimeStudio.ACL.DB/rtm/mask4f.h
1ec144463ed53071bc03b3d1e1158218399afbe09562f22a0ae1164933ff8bcf,17398,20260904/acl-native-source/AnimeStudio.ACL/AnimeStudio.ACL.DB/rtm/mask4i.h
b1e7b9ae298a15a2d92f848fbe788b08c4e6ded4f6bd9144f03d530d14a3bf02,14941,20260904/acl-native-source/AnimeStudio.ACL/AnimeStudio.ACL.DB/rtm/mask4q.h
e1463bb9950b9f7c50c42b2ca9f9a190438a165a770350a9e79379fcca49d515,4040,20260904/acl-native-source/AnimeStudio.ACL/AnimeStudio.ACL.DB/rtm/math.h
b95e3366367100a4c3b9d2177d50aeab2d9ba707d6f33bef962096df4e574cfb,24617,20260904/acl-native-source/AnimeStudio.ACL/AnimeStudio.ACL.DB/rtm/matrix3x3d.h
90b84e57ad6fb5384d5fb88d36cfff41a756b1252c2a376b41409a15ec78d640,24675,20260904/acl-native-source/AnimeStudio.ACL/AnimeStudio.ACL.DB/rtm/matrix3x3f.h
07ec50e64543fb145a0153f575bdf6b7b95f74aec18c48a1a27cad7adb0fd8bd,34821,20260904/acl-native-source/AnimeStudio.ACL/AnimeStudio.ACL.DB/rtm/matrix3x4d.h
70d69d3661c84741154f0c9dc1c9d21e303323ceeadcb98e2ceba1d966974412,34832,20260904/acl-native-source/AnimeStudio.ACL/AnimeStudio.ACL.DB/rtm/matrix3x4f.h
dc7c46ad787bc1f7985fc1243fbb26c0bc08fe76944c4efbda6b2a5bec11d386,31986,20260904/acl-native-source/AnimeStudio.ACL/AnimeStudio.ACL.DB/rtm/matrix4x4d.h
12d3c647f156c497b64d513af3f074784efc7cf714cd94a423edd1e3fcc0ebc4,29112,20260904/acl-native-source/AnimeStudio.ACL/AnimeStudio.ACL.DB/rtm/matrix4x4f.h
478dbcebc2a99537d3db0e7add7062944c14a613c5bb408fa3a99740c1d29b98,3488,20260904/acl-native-source/AnimeStudio.ACL/AnimeStudio.ACL.DB/rtm/packing/quatd.h
f60e14f68b72c0403de22b830c568ce68b88ebfbeab97a3652d5c3bcf99c5c3b,5928,20260904/acl-native-source/AnimeStudio.ACL/AnimeStudio.ACL.DB/rtm/packing/quatf.h
0c3f85db9a0a5938f66ec4aaaf6c2639ba856713e8252e3d9a2a2d1043ed4bf4,49059,20260904/acl-native-source/AnimeStudio.ACL/AnimeStudio.ACL.DB/rtm/quatd.h
603681d49853cf4aed6c90c6dd3b4b356fe6d0688e475ad5a3382a9b9c243732,72811,20260904/acl-native-source/AnimeStudio.ACL/AnimeStudio.ACL.DB/rtm/quatf.h
06e760d0cbfb0e7aae3dce2d64df1696ca27d1a4f38d3dcfb18c0aa1922d1c9b,15258,20260904/acl-native-source/AnimeStudio.ACL/AnimeStudio.ACL.DB/rtm/qvd.h
214a3ba42d258ffee9775c9e3d15cc2a4386461fcddeb9555f4cbb5f9db5ce45,15253,20260904/acl-native-source/AnimeStudio.ACL/AnimeStudio.ACL.DB/rtm/qvf.h
236bd622f13b9866c5cfbbc52e96820f4e0c646e5c1ef583d7674df2e738d406,24944,20260904/acl-native-source/AnimeStudio.ACL/AnimeStudio.ACL.DB/rtm/qvsd.h
11309c0fd5de8f94179b2ca27b53861f16a8199b0c1cc711a8d3cab1402393b9,24932,20260904/acl-native-source/AnimeStudio.ACL/AnimeStudio.ACL.DB/rtm/qvsf.h
0402bcde0b781ec2d7be569b18bfb186b17cc9ef17bfeb4c818b04f7c51a4339,29071,20260904/acl-native-source/AnimeStudio.ACL/AnimeStudio.ACL.DB/rtm/qvvd.h
86f0f88ff237105710a07e4494dfcbf831f332129774f784660287d2d0104630,29617,20260904/acl-native-source/AnimeStudio.ACL/AnimeStudio.ACL.DB/rtm/qvvf.h
629bc84ef2475fce147f763d0f0f5d1721e140f03b5f66f36ce61d24e2a63b55,46756,20260904/acl-native-source/AnimeStudio.ACL/AnimeStudio.ACL.DB/rtm/scalard.h
a50d7961ad69b455b42473ebd1165ba8678984bda9e8c0edb7d6be7da367766e,61764,20260904/acl-native-source/AnimeStudio.ACL/AnimeStudio.ACL.DB/rtm/scalarf.h
326b3eb2cdb20cf3d6c5e0200f17e86d720cbd3d83f526012a53d7aecf09dc4f,6856,20260904/acl-native-source/AnimeStudio.ACL/AnimeStudio.ACL.DB/rtm/type_traits.h
bc70a720d1441e48e4b59252b7405b8da10240cdfeee860a8363a98f74e4e60c,22365,20260904/acl-native-source/AnimeStudio.ACL/AnimeStudio.ACL.DB/rtm/types.h
cad261e358e0c5df8bcdc9e377419916bbd616c8e126316b37a06db06ac59b09,148525,20260904/acl-native-source/AnimeStudio.ACL/AnimeStudio.ACL.DB/rtm/vector4d.h
1a1d1373490ac0ae76fe47fac8d1b3ffb897d57ac2e77881cb94854f395bb83b,203441,20260904/acl-native-source/AnimeStudio.ACL/AnimeStudio.ACL.DB/rtm/vector4f.h
f33f4b7326ad96a4742cd814396ffd60aab8f2c592ac42235fd1c7f19458f018,4325,20260904/acl-native-source/AnimeStudio.ACL/AnimeStudio.ACL.DB/rtm/version.h
025733c1d222a118c43e25bf574cff36266a3ae25ab133618e4306c3341b730c,8132,20260904/acl-native-source/AnimeStudio.ACL/AnimeStudio.ACL.ZZZV2/ACLLibrary.cpp
659c53eb152883ffdc302436354c35c0dc1e7e1d54bb1e872dac90fffdfb34f1,1412,20260904/acl-native-source/AnimeStudio.ACL/AnimeStudio.ACL.ZZZV2/ACLLibrary.h
b7d798efa6f2def02f04cc797ffe02928e4304545f3b61d57d6f96bb469dd715,2326,20260904/acl-native-source/AnimeStudio.ACL/AnimeStudio.ACL.ZZZV2/AnimeStudio.ACL.ZZZV2.rc
3670a5df3a78b552bb2067db6f7d678042828fe30f0a0688f44b4340529cff1f,23790,20260904/acl-native-source/AnimeStudio.ACL/AnimeStudio.ACL.ZZZV2/AnimeStudio.ACL.ZZZV2.vcxproj
322ddca62bbf7989ad553ef8cf2143654f8112612d4724d2012beda0d1f661ca,37462,20260904/acl-native-source/AnimeStudio.ACL/AnimeStudio.ACL.ZZZV2/AnimeStudio.ACL.ZZZV2.vcxproj.filters
bc64bd9b0ceea011692788475ce589faef16cdaa3198d0c1c87301c022c71777,7837,20260904/acl-native-source/AnimeStudio.ACL/AnimeStudio.ACL.ZZZV2/acl/compression/compress.h
545c93fd9dcae949278428dcabd59489ecaa220c3576f5c85c84db8f171de2e3,3048,20260904/acl-native-source/AnimeStudio.ACL/AnimeStudio.ACL.ZZZV2/acl/compression/compression_level.h
8bc0b8ff9fe19b9644a4d5e7f9c5174d8d0e7c6bd16e41a6106632723294b4a7,12799,20260904/acl-native-source/AnimeStudio.ACL/AnimeStudio.ACL.ZZZV2/acl/compression/compression_settings.h
830719ed4f7573b638615754695783ea8867ea6bb34b80ce171123f2a67fca3c,2584,20260904/acl-native-source/AnimeStudio.ACL/AnimeStudio.ACL.ZZZV2/acl/compression/convert.h
213bf8b4796469c852dfe26f198ac335c0c30e65b43ae51fffda9cb083cc42da,3533,20260904/acl-native-source/AnimeStudio.ACL/AnimeStudio.ACL.ZZZV2/acl/compression/fwd.h
eb804084b22c57faa1ced31dea82c966d38264f0555e4eb8dcfff5addf609d2d,7995,20260904/acl-native-source/AnimeStudio.ACL/AnimeStudio.ACL.ZZZV2/acl/compression/impl/animated_track_utils.h
26b7324cf6a690af624407932843456058d5b4e9ebad196b5c1f2a795c97ba7f,9705,20260904/acl-native-source/AnimeStudio.ACL/AnimeStudio.ACL.ZZZV2/acl/compression/impl/clip_context.h
c9898c78abf7d2b07e4f4908bf388524e98e51af64d7e09b22edd8ad9e833467,13483,20260904/acl-native-source/AnimeStudio.ACL/AnimeStudio.ACL.ZZZV2/acl/compression/impl/clip_context.impl.h
ac6de50e47ac7cc0cfd840ed4ee4460608c600d6812a54f25c975ec4a9b47ab9,3079,20260904/acl-native-source/AnimeStudio.ACL/AnimeStudio.ACL.ZZZV2/acl/compression/impl/compact.scalar.h
9040b2a91664dd32e8fb7d3a1a80f0f365e06ece8b315bcbf3603f294ced01eb,34616,20260904/acl-native-source/AnimeStudio.ACL/AnimeStudio.ACL.ZZZV2/acl/compression/impl/compact.transform.h
acf870a3a69730def367e2339c2c79fa2d89b30e2cc04835ac122341eee91719,74128,20260904/acl-native-source/AnimeStudio.ACL/AnimeStudio.ACL.ZZZV2/acl/compression/impl/compress.database.impl.h
20bc95867a8d3d0b21881946b532d0a444811c7f047c3d3046af26b4cca09b46,3738,20260904/acl-native-source/AnimeStudio.ACL/AnimeStudio.ACL.ZZZV2/acl/compression/impl/compress.impl.h
6d8a5537a944be60c64b0b4c6dde135a4373d0b374c3b89274eb90a1af68727c,12111,20260904/acl-native-source/AnimeStudio.ACL/AnimeStudio.ACL.ZZZV2/acl/compression/impl/compress.scalar.impl.h
f313ba105b5005626c8000133413915e3da8c1f2731b6b5c7fe97afc03af3c75,30220,20260904/acl-native-source/AnimeStudio.ACL/AnimeStudio.ACL.ZZZV2/acl/compression/impl/compress.transform.impl.h
77e336c67a0e53ae9123c7ce05041fb28810a22397d2464e4fd52aa537301368,4444,20260904/acl-native-source/AnimeStudio.ACL/AnimeStudio.ACL.ZZZV2/acl/compression/impl/compression_level.impl.h
281ea2185c183fd9a87248642a13fc81250ad5a018520610038b43f80630f7c2,6617,20260904/acl-native-source/AnimeStudio.ACL/AnimeStudio.ACL.ZZZV2/acl/compression/impl/compression_settings.impl.h
c52f3788c70f56e8a2055aadce2973bff18035eb97e89f2269cd43990d868f85,10082,20260904/acl-native-source/AnimeStudio.ACL/AnimeStudio.ACL.ZZZV2/acl/compression/impl/convert.impl.h
1ab71220301a15376d5eaa7da36ad80b1c75275a0a525a98aa6d44bb774e7d09,5082,20260904/acl-native-source/AnimeStudio.ACL/AnimeStudio.ACL.ZZZV2/acl/compression/impl/convert_rotation.transform.h
0bbcd859eff898287e17bbf343078d32e328623b3947ff4160e51c14eea1c80b,6751,20260904/acl-native-source/AnimeStudio.ACL/AnimeStudio.ACL.ZZZV2/acl/compression/impl/keyframe_stripping.h
22884e0eeec40f424e360bad38a2e3e64452291af1cd88c51767be5c7596e9a3,4086,20260904/acl-native-source/AnimeStudio.ACL/AnimeStudio.ACL.ZZZV2/acl/compression/impl/normalize.scalar.h
3091a476ceec49e0e6bca8b02a0775c8d45a075e41a07b8b6f77a9702212fe97,19751,20260904/acl-native-source/AnimeStudio.ACL/AnimeStudio.ACL.ZZZV2/acl/compression/impl/normalize.transform.h
05d097d1e86996fbd1cf256126e684184dcc30397ac5cc1b35ccfc90b53577f4,3970,20260904/acl-native-source/AnimeStudio.ACL/AnimeStudio.ACL.ZZZV2/acl/compression/impl/optimize_looping.scalar.h
04f708f04012a22757d57049ddaa2306ec5343aa10625455df8333229f1656dd,10773,20260904/acl-native-source/AnimeStudio.ACL/AnimeStudio.ACL.ZZZV2/acl/compression/impl/optimize_looping.transform.h
b5d77224a1b7de91f851488c35c0bf35ca32ba6f50be7c881d6b9a6041a49332,3991,20260904/acl-native-source/AnimeStudio.ACL/AnimeStudio.ACL.ZZZV2/acl/compression/impl/pre_process.common.h
d6a28dac878377eec50d7064355a24913d82092bdd2e9c52c7b711504bda3695,9568,20260904/acl-native-source/AnimeStudio.ACL/AnimeStudio.ACL.ZZZV2/acl/compression/impl/pre_process.impl.h
1dc6fb5d1391c9c4d6286b07fdeb0f4f01b81d4123201be57fc0cc3c5e20621b,4066,20260904/acl-native-source/AnimeStudio.ACL/AnimeStudio.ACL.ZZZV2/acl/compression/impl/pre_process.scalar.h
f8a290e3815da567daec5882dd6a8583624db16e9f09ff93deca7fb5b41f09f7,14568,20260904/acl-native-source/AnimeStudio.ACL/AnimeStudio.ACL.ZZZV2/acl/compression/impl/pre_process.transform.h
099513419304e732a8d442fc8e2ad633ae1ad8edd0ae549eb486f108bf95e1a8,7629,20260904/acl-native-source/AnimeStudio.ACL/AnimeStudio.ACL.ZZZV2/acl/compression/impl/quantize.scalar.h
0712aa95c1f502727c521222ae1e5f34fbb05882ab527f7d4f1058b224fe6484,99938,20260904/acl-native-source/AnimeStudio.ACL/AnimeStudio.ACL.ZZZV2/acl/compression/impl/quantize.transform.h
c83e95ffb08c5951a26015f239c8d6a3cc5cc08b9abd3f0479fac992a97f2780,14759,20260904/acl-native-source/AnimeStudio.ACL/AnimeStudio.ACL.ZZZV2/acl/compression/impl/rigid_shell_utils.h
4e260a815c0d945f797513ea1bbd74d6f035c3b0a01c8da84138d8e2e6effcad,27181,20260904/acl-native-source/AnimeStudio.ACL/AnimeStudio.ACL.ZZZV2/acl/compression/impl/sample_streams.h
b6684e4b180090c3a9ca9c9d9afed88232bcc344c509707e85a9788c840f6d0c,12065,20260904/acl-native-source/AnimeStudio.ACL/AnimeStudio.ACL.ZZZV2/acl/compression/impl/segment.transform.h
c9c4c5f9935b7e07a8a34cd1b7e9e6f364845dc886dad2a2d86ef7f8a94e17f9,5167,20260904/acl-native-source/AnimeStudio.ACL/AnimeStudio.ACL.ZZZV2/acl/compression/impl/segment_context.h
b21860a5b05473a72832c6b58fcf5ac9f875e9e0a21eb2c3cae4d3e65b8ffca7,13152,20260904/acl-native-source/AnimeStudio.ACL/AnimeStudio.ACL.ZZZV2/acl/compression/impl/track.impl.h
1552c8f568a7478b84c620a01b1aabac5f5997759defd4f5eee5e13f78c93c33,20506,20260904/acl-native-source/AnimeStudio.ACL/AnimeStudio.ACL.ZZZV2/acl/compression/impl/track_array.impl.h
36400d4067210ec286eb39cdf498e8f5393bb3d35fd015649a87d1d7c20ec2cf,36720,20260904/acl-native-source/AnimeStudio.ACL/AnimeStudio.ACL.ZZZV2/acl/compression/impl/track_bit_rate_database.h
2e51a9b8f420abe87e16d884ad57eca338740769c1a908ff6575a46e2a21f28d,37178,20260904/acl-native-source/AnimeStudio.ACL/AnimeStudio.ACL.ZZZV2/acl/compression/impl/track_error.impl.h
552620aed52cc25cd9f79e614a233c0caac8048b721f9387c31d07c3f895dc70,9628,20260904/acl-native-source/AnimeStudio.ACL/AnimeStudio.ACL.ZZZV2/acl/compression/impl/track_list_context.h
e16de4986f92900335ed1090689a40c4690a8828f4fe36a3cec2aec29e482e1e,4053,20260904/acl-native-source/AnimeStudio.ACL/AnimeStudio.ACL.ZZZV2/acl/compression/impl/track_range.h
ad39b3286b549d842164f2851b981be9e6fca924dd66c0c5742ef2e349f2ee1e,3062,20260904/acl-native-source/AnimeStudio.ACL/AnimeStudio.ACL.ZZZV2/acl/compression/impl/track_range_impl.h
e094c3c83df573771162eb37651a8b6154941b8a543257b8b125e7d5dd7136bb,17218,20260904/acl-native-source/AnimeStudio.ACL/AnimeStudio.ACL.ZZZV2/acl/compression/impl/track_stream.h
e71ace7ee45e67c6277888a4c71811956aceeaa8b92b9137a71a303bcb3e4f37,720605,20260904/acl-native-source/AnimeStudio.ACL/AnimeStudio.ACL.ZZZV2/acl/compression/impl/transform_bit_rate_permutations.h
291ba5b7e772ed61a83d5b652a3c1fe7543e89559bf5aedbc96bc1305ad3eabe,10348,20260904/acl-native-source/AnimeStudio.ACL/AnimeStudio.ACL.ZZZV2/acl/compression/impl/transform_clip_adapters.h
eba506bff9c6c1488e9d331ce4b652fa372cced10caddc1c242dfea4fc3afa9b,3060,20260904/acl-native-source/AnimeStudio.ACL/AnimeStudio.ACL.ZZZV2/acl/compression/impl/write_compression_stats_impl.h
22ea74a25a9018b7c188ade94bbc26a840184233df7743d4cab1cbcf3fdaa2ce,15963,20260904/acl-native-source/AnimeStudio.ACL/AnimeStudio.ACL.ZZZV2/acl/compression/impl/write_range_data.h
5d429ce1bffcf233c09c9100b4e5db3c2e60e2b042d058d709a3c2acb2ddc889,7951,20260904/acl-native-source/AnimeStudio.ACL/AnimeStudio.ACL.ZZZV2/acl/compression/impl/write_segment_data.h
994fd106327a1001ea88e71d39599f057ccd3445047aa806d6980dab654722a4,29217,20260904/acl-native-source/AnimeStudio.ACL/AnimeStudio.ACL.ZZZV2/acl/compression/impl/write_stats.h
ee3e802b26c4e33ade27731adaf879e9005bb77aad5aa7ca93682d4f0708af8f,23981,20260904/acl-native-source/AnimeStudio.ACL/AnimeStudio.ACL.ZZZV2/acl/compression/impl/write_stream_data.h
5787fd2ce6e15e47941525175d8208420ea238c2b1a65bbaf941deb47960b422,5641,20260904/acl-native-source/AnimeStudio.ACL/AnimeStudio.ACL.ZZZV2/acl/compression/impl/write_sub_track_types.h
895a3ccaa786f717c18ef0825feb5228363d058f64b174f6ddfd7da5d0ea6b86,7273,20260904/acl-native-source/AnimeStudio.ACL/AnimeStudio.ACL.ZZZV2/acl/compression/impl/write_track_data_impl.h
04ac9afa93f7618a8873f6ab998fe75879283b6f225cfe97c20a5335fac7e967,8432,20260904/acl-native-source/AnimeStudio.ACL/AnimeStudio.ACL.ZZZV2/acl/compression/impl/write_track_metadata.h
916628ff8a883d40a688304074cf2754e303e74b7ea402c7d1e0fcfad43d0290,2017,20260904/acl-native-source/AnimeStudio.ACL/AnimeStudio.ACL.ZZZV2/acl/compression/output_stats.h
337196e14c12193f41da35851f62d918a80e282aaf23f1d3e85cabc619fa330f,6201,20260904/acl-native-source/AnimeStudio.ACL/AnimeStudio.ACL.ZZZV2/acl/compression/pre_process.h
c815fcd56b37d468be4b4a40765d329e3cf76d0a4af7d4fd70cbb029af1974f6,17396,20260904/acl-native-source/AnimeStudio.ACL/AnimeStudio.ACL.ZZZV2/acl/compression/track.h
263f827a549721ec6ea215be37e182213eb2702dd2beea0f3c511761141264eb,15024,20260904/acl-native-source/AnimeStudio.ACL/AnimeStudio.ACL.ZZZV2/acl/compression/track_array.h
961391fd45835b6427687da55fec45ca84ba5f1b45f116cd4ad9ea8fe3d194c3,5796,20260904/acl-native-source/AnimeStudio.ACL/AnimeStudio.ACL.ZZZV2/acl/compression/track_error.h
7418cc30c6e33d7e57eb2df9766d807641685378ae289d341299beb8b6201911,25646,20260904/acl-native-source/AnimeStudio.ACL/AnimeStudio.ACL.ZZZV2/acl/compression/transform_error_metrics.h
a7be1afe75ec20838756dbd02113fbd9d32b4a5055be60b41fe2a324230fda4f,3207,20260904/acl-native-source/AnimeStudio.ACL/AnimeStudio.ACL.ZZZV2/acl/compression/transform_pose_utils.h
d0d8bb034a341256e55c48d0c47da5a53da7d565500ae6810d75a211887d8336,8460,20260904/acl-native-source/AnimeStudio.ACL/AnimeStudio.ACL.ZZZV2/acl/core/additive_utils.h
b1ba8fd60cba4503e95a9f89fdecbef5417d4f1d20f41af840b74ba757e40ef7,4303,20260904/acl-native-source/AnimeStudio.ACL/AnimeStudio.ACL.ZZZV2/acl/core/algorithm_types.h
3534baa6899f5ea7de263dfd81d72416754c46dc7432add036358e31b4076598,7866,20260904/acl-native-source/AnimeStudio.ACL/AnimeStudio.ACL.ZZZV2/acl/core/ansi_allocator.h
e9b9c067efa872d409c38966c01195fcad254cd2aa6ef7e8d27888a4e34142e6,7668,20260904/acl-native-source/AnimeStudio.ACL/AnimeStudio.ACL.ZZZV2/acl/core/bit_manip_utils.h
0d1b6f4f274b09b852d12d662336b6f96605e5a0984b07ab99cf99a5bfb26704,8875,20260904/acl-native-source/AnimeStudio.ACL/AnimeStudio.ACL.ZZZV2/acl/core/bitset.h
11b2edff773bf0e101d7a1b12bcdb7d8841ed336a2d5c065ebeb93efd8efe4de,2306,20260904/acl-native-source/AnimeStudio.ACL/AnimeStudio.ACL.ZZZV2/acl/core/buffer_tag.h
8f2fdb2a893478857efef3d72484c0389e2243273e2b5179ec0e71100106ef88,8476,20260904/acl-native-source/AnimeStudio.ACL/AnimeStudio.ACL.ZZZV2/acl/core/compressed_database.h
5b36bce0bd0e8bef13acfcc88c43cb162e95938704d129e1ca40f7e349b4ca7e,10907,20260904/acl-native-source/AnimeStudio.ACL/AnimeStudio.ACL.ZZZV2/acl/core/compressed_tracks.h
38c59b04e01d5d12faeae95eb8cdb6a456fc78976de80acbfc5e25cb2dfdb67e,3909,20260904/acl-native-source/AnimeStudio.ACL/AnimeStudio.ACL.ZZZV2/acl/core/compressed_tracks_version.h
d4df74df668e91100e869f8728fcfc4d7c4f3268687d556a7ee60220bf75a0ba,4640,20260904/acl-native-source/AnimeStudio.ACL/AnimeStudio.ACL.ZZZV2/acl/core/enum_utils.h
03cd69ede2162698b2982132511f63651839acf4254023cdb6727f42c4e3c2c8,6887,20260904/acl-native-source/AnimeStudio.ACL/AnimeStudio.ACL.ZZZV2/acl/core/error.h
1a004f691d05f6852b54d6eca77676cc1f0d3cee0c6168ea66eb8870b0101a96,2344,20260904/acl-native-source/AnimeStudio.ACL/AnimeStudio.ACL.ZZZV2/acl/core/error_result.h
b516e4042f4110570fcc85551588407c4df7b7408e8ca5b871ef07a046c4c534,5679,20260904/acl-native-source/AnimeStudio.ACL/AnimeStudio.ACL.ZZZV2/acl/core/floating_point_exceptions.h
0b10296aea4c53f7934d63ee442729756aa770abe325f2e11fca66850d0e07de,4518,20260904/acl-native-source/AnimeStudio.ACL/AnimeStudio.ACL.ZZZV2/acl/core/fwd.h
616bf04f513d85d63490f6e2f601aaa80ec2c8eed169b5c911e60fdd43c11194,5696,20260904/acl-native-source/AnimeStudio.ACL/AnimeStudio.ACL.ZZZV2/acl/core/hash.h
b57fd286096e1f6c1ccd0b743eec7189b0a079b2d2b3d5f178b01ee51dc89c4e,6225,20260904/acl-native-source/AnimeStudio.ACL/AnimeStudio.ACL.ZZZV2/acl/core/iallocator.h
4430ac82a64b3fc59239368850cc601931e3fa71c4baedbfd2d96ebf61db0ccb,2448,20260904/acl-native-source/AnimeStudio.ACL/AnimeStudio.ACL.ZZZV2/acl/core/impl/atomic.impl.h
befc3863fd757558238ea85f96f3906eb0cb490ce93c307c78054f6909aecd98,1920,20260904/acl-native-source/AnimeStudio.ACL/AnimeStudio.ACL.ZZZV2/acl/core/impl/bit_cast.impl.h
da7bd0048514f8baed4a74d6378281f46eda88e06b84639baa98974616f3d54e,5354,20260904/acl-native-source/AnimeStudio.ACL/AnimeStudio.ACL.ZZZV2/acl/core/impl/compiler_utils.h
9e632e9df6754b1bd69f84873598633a5317de19b5adeeafac1911a1c5ce8f67,7928,20260904/acl-native-source/AnimeStudio.ACL/AnimeStudio.ACL.ZZZV2/acl/core/impl/compressed_database.impl.h
e83418cd1b27af9a0b7334fe8dbea61e5ffc9559e52fd6cb15706ca76cf2cb37,35314,20260904/acl-native-source/AnimeStudio.ACL/AnimeStudio.ACL.ZZZV2/acl/core/impl/compressed_headers.h
380364f80cf07d935c0cf630cca7b47b97b4fe8234f077471e68d9496a9d100e,14457,20260904/acl-native-source/AnimeStudio.ACL/AnimeStudio.ACL.ZZZV2/acl/core/impl/compressed_tracks.impl.h
421f24b133ddff56e69c2522e314c889266fe8f654fa5bd5722711131d84e8cd,13478,20260904/acl-native-source/AnimeStudio.ACL/AnimeStudio.ACL.ZZZV2/acl/core/impl/debug_track_writer.h
e6751dd07de861602bca4df232e0d22c4710e2c6c129efd52b626af0268127a2,13015,20260904/acl-native-source/AnimeStudio.ACL/AnimeStudio.ACL.ZZZV2/acl/core/impl/interpolation_utils.impl.h
55d4b3b115dad9e7afdda8bd6c70d42a5f6ba194e25feeda3e42858adcd7eafe,5133,20260904/acl-native-source/AnimeStudio.ACL/AnimeStudio.ACL.ZZZV2/acl/core/impl/time_utils.impl.h
7ff94773536918d2fd87c61ac53cb0dafe5ec23799cbc90d80fa14ed872f40fd,2471,20260904/acl-native-source/AnimeStudio.ACL/AnimeStudio.ACL.ZZZV2/acl/core/impl/track_desc.impl.h
34c916a654e100e0a2a5c4c7a7c03e6dbd980fb1580327fa372d35af13ad1648,5841,20260904/acl-native-source/AnimeStudio.ACL/AnimeStudio.ACL.ZZZV2/acl/core/impl/track_formats.impl.h
c9350a8b0d5cfe919c39feb5b2c7b102a85453f5a67a22a1e8c0fb21f6aff505,2892,20260904/acl-native-source/AnimeStudio.ACL/AnimeStudio.ACL.ZZZV2/acl/core/impl/variable_bit_rates.h
9ab07623bcbb711a7593b5a0165545e8810d76d7a3ad58bd0c03e6980579295e,5806,20260904/acl-native-source/AnimeStudio.ACL/AnimeStudio.ACL.ZZZV2/acl/core/interpolation_utils.h
3f6b748a308e666596ddb6e495ad72d3a4e0b87e91f4ccf3f6bb1a1a3405c54f,5129,20260904/acl-native-source/AnimeStudio.ACL/AnimeStudio.ACL.ZZZV2/acl/core/iterator.h
bf351516e7ce440e06ee102ed9f081cbc00392e5189d9fdfe524c57284c78d42,13305,20260904/acl-native-source/AnimeStudio.ACL/AnimeStudio.ACL.ZZZV2/acl/core/memory_utils.h
e8b8cddcd976627cb2d028e62964d615d8483429fe20f005f2ee98a568a73d61,6308,20260904/acl-native-source/AnimeStudio.ACL/AnimeStudio.ACL.ZZZV2/acl/core/ptr_offset.h
da614c1d7b4c9aca0f443c3d73d9add983cd4460a75df1f6ad889b59aa004e59,2412,20260904/acl-native-source/AnimeStudio.ACL/AnimeStudio.ACL.ZZZV2/acl/core/quality_tiers.h
15c7d623a8fed83731eba62dca56975c8cea2b909f5ea3e246c7467afc58174c,4298,20260904/acl-native-source/AnimeStudio.ACL/AnimeStudio.ACL.ZZZV2/acl/core/range_reduction_types.h
fcddcfff602a597c1ea2c26195b77993c98b48d6fabac9b369362513dba426a2,4053,20260904/acl-native-source/AnimeStudio.ACL/AnimeStudio.ACL.ZZZV2/acl/core/sample_looping_policy.h
7ea31cdf95132492bf2e16c94efe37fb980360fb71d9fc9b61640746530a7453,6171,20260904/acl-native-source/AnimeStudio.ACL/AnimeStudio.ACL.ZZZV2/acl/core/sample_rounding_policy.h
70890fafd423ac25ea7ba9566b4f703f5ce4d2222d9c6836baa6452ce7d8bb29,4242,20260904/acl-native-source/AnimeStudio.ACL/AnimeStudio.ACL.ZZZV2/acl/core/scope_profiler.h
4ee0e5c294a4441a0e69d714569513c784029badf66e9a1ff4315af3e9b7ddaf,5171,20260904/acl-native-source/AnimeStudio.ACL/AnimeStudio.ACL.ZZZV2/acl/core/string.h
42c4d92f729cb983ab98487d981e577a17b996c68d6cc305d2b4a13c94200dee,3761,20260904/acl-native-source/AnimeStudio.ACL/AnimeStudio.ACL.ZZZV2/acl/core/time_utils.h
e08bf64a7894639383e070472f9dd7cfcc0d49ddc1dfe3ba09c779ed14361a05,8923,20260904/acl-native-source/AnimeStudio.ACL/AnimeStudio.ACL.ZZZV2/acl/core/track_desc.h
7b163634231284074e51f3bd55e20abed0c2152f6d7f8477b2343fa5f52c9054,5023,20260904/acl-native-source/AnimeStudio.ACL/AnimeStudio.ACL.ZZZV2/acl/core/track_formats.h
3f16cc2f7b2f0611767be98e7fe8a70f790d9cecb1a0225deb402904a4887bed,4066,20260904/acl-native-source/AnimeStudio.ACL/AnimeStudio.ACL.ZZZV2/acl/core/track_traits.h
b3c93d3976c981119291009473416d11f3ff308443ba75666eb57ad09f76a31a,6646,20260904/acl-native-source/AnimeStudio.ACL/AnimeStudio.ACL.ZZZV2/acl/core/track_types.h
f69bc3d5ceda2a7154b3fcfa85ee4fc4ddda7e7737a6efe0c8423d6183bda5d9,10010,20260904/acl-native-source/AnimeStudio.ACL/AnimeStudio.ACL.ZZZV2/acl/core/track_writer.h
d2c7e77e32eab0e03438856f6d2f24c56ab7b4120011913a035b70064d558dc0,3064,20260904/acl-native-source/AnimeStudio.ACL/AnimeStudio.ACL.ZZZV2/acl/core/unique_ptr.h
776f28b52ca394c0d9edc1803daf2f546c1f65a0c07ca0e3e472137593ab50cf,1860,20260904/acl-native-source/AnimeStudio.ACL/AnimeStudio.ACL.ZZZV2/acl/core/utils.h
5ca0dfff2a690d213caaa53f6ffd54bf5dfd5d332acae202d4b7f422dc4369b7,3266,20260904/acl-native-source/AnimeStudio.ACL/AnimeStudio.ACL.ZZZV2/acl/core/variable_bit_rates.h
37a6867c6fa770a2dc09b070e17c55f7b7e15e0386c543750d7a1b4c3f3694da,9287,20260904/acl-native-source/AnimeStudio.ACL/AnimeStudio.ACL.ZZZV2/acl/decompression/database/database.h
8132397c04749c716b4bb141ab1f8b3e741b63e715779a579e9ff0e3584ca77a,3745,20260904/acl-native-source/AnimeStudio.ACL/AnimeStudio.ACL.ZZZV2/acl/decompression/database/database_settings.h
d0a510b21e5d70a0e8f04aaea75c0d4b604209d41f33c5e9eb1a04c37e952012,8174,20260904/acl-native-source/AnimeStudio.ACL/AnimeStudio.ACL.ZZZV2/acl/decompression/database/database_streamer.h
69547c6f651d5307a88bc9a8918a94f08226c8eab98b046ffd776134b6ea026a,30081,20260904/acl-native-source/AnimeStudio.ACL/AnimeStudio.ACL.ZZZV2/acl/decompression/database/impl/database.impl.h
6032a6e2715d518e9171b4f62470956990caaf297d5e8c42e1f893b88103607a,3556,20260904/acl-native-source/AnimeStudio.ACL/AnimeStudio.ACL.ZZZV2/acl/decompression/database/impl/database_context.h
646dcb09315e2bd2353a776ffed865fafbcd8b6f519a1faff3b4f4a46ae10037,9186,20260904/acl-native-source/AnimeStudio.ACL/AnimeStudio.ACL.ZZZV2/acl/decompression/database/impl/database_streamer.impl.h
f88093cad01259fbdc943273a972fbed495177612cc371a15aafe9a32c3eb5f6,5080,20260904/acl-native-source/AnimeStudio.ACL/AnimeStudio.ACL.ZZZV2/acl/decompression/database/impl/debug_database_streamer.h
787e1551d8a1307cf3f24fc614e6cdc7e91d7267542e0eb115e04e9cb4603599,4248,20260904/acl-native-source/AnimeStudio.ACL/AnimeStudio.ACL.ZZZV2/acl/decompression/database/null_database_streamer.h
cf3914dad72db8ba86f84461017119b21aca65ea9e85fa7025ee2cc45b511bfc,11450,20260904/acl-native-source/AnimeStudio.ACL/AnimeStudio.ACL.ZZZV2/acl/decompression/decompress.h
66011c51e1f09e75be6e1429638b858d920e33c4f6c6cfad492027ce4fbdfe2e,13268,20260904/acl-native-source/AnimeStudio.ACL/AnimeStudio.ACL.ZZZV2/acl/decompression/decompression_settings.h
b0d013e9c4196c7b1ee5de2b31f2d81ff09663a759d6b0d0d45ea44eb086227d,2624,20260904/acl-native-source/AnimeStudio.ACL/AnimeStudio.ACL.ZZZV2/acl/decompression/fwd.h
c90d77d755a90a6c4834f9a6a1308e2895dec67f8a35aad33d230e1c52359ced,118638,20260904/acl-native-source/AnimeStudio.ACL/AnimeStudio.ACL.ZZZV2/acl/decompression/impl/animated_track_cache.transform.h
d8e27f979b095c90f6f1bdad54fb5896492fba4236d1952d431a1c623fee64d7,15365,20260904/acl-native-source/AnimeStudio.ACL/AnimeStudio.ACL.ZZZV2/acl/decompression/impl/constant_track_cache.transform.h
86516781791b2de66343e74c571890acd69ad34e6216230b44025f59ff49b5fd,10512,20260904/acl-native-source/AnimeStudio.ACL/AnimeStudio.ACL.ZZZV2/acl/decompression/impl/decompress.impl.h
3d5cc52b071692a4bde34531a8d4634629d8f99a088febe46fae2be7277774ac,33986,20260904/acl-native-source/AnimeStudio.ACL/AnimeStudio.ACL.ZZZV2/acl/decompression/impl/decompression.hoyo.h
f97bf4f5e94f6b72f66e0a033b3c3b0d65dd224a301f7005a20aba9628136d2c,30661,20260904/acl-native-source/AnimeStudio.ACL/AnimeStudio.ACL.ZZZV2/acl/decompression/impl/decompression.scalar.h
4172d18969a53f2e8d9a00155bcbc3eb9efd1f87330fdb228fca1f1e4e5e7d62,96527,20260904/acl-native-source/AnimeStudio.ACL/AnimeStudio.ACL.ZZZV2/acl/decompression/impl/decompression.transform.h
7eaeed43ad10f3e36de54d18bbf802173cbe24e5320672f23198e1608ac5bd78,12211,20260904/acl-native-source/AnimeStudio.ACL/AnimeStudio.ACL.ZZZV2/acl/decompression/impl/decompression.universal.h
3a338fafefcee1648804989d2c4f087c01cd55fed8d0b213a0fb30b304593911,1549,20260904/acl-native-source/AnimeStudio.ACL/AnimeStudio.ACL.ZZZV2/acl/decompression/impl/decompression_context.hoyo.h
14a559614433907c53b485b9697ac1ef856059acbbc732c5abf6fbe96293ddd7,10648,20260904/acl-native-source/AnimeStudio.ACL/AnimeStudio.ACL.ZZZV2/acl/decompression/impl/decompression_context.transform.h
2b6a9d3da3d2dda234c0d989a2af1915000ebf99c48043cd284e14b52f8bec75,3009,20260904/acl-native-source/AnimeStudio.ACL/AnimeStudio.ACL.ZZZV2/acl/decompression/impl/decompression_context_selector.h
1aebf30f7f111692b4b630e2e90e641ed6a9aec13ae48a17b4cddf21b6d8c645,12842,20260904/acl-native-source/AnimeStudio.ACL/AnimeStudio.ACL.ZZZV2/acl/decompression/impl/decompression_version_selector.h
46e4266e6596a600899ee640e7886bf6bb178a4155da8a8ae5dfa29276a15839,3622,20260904/acl-native-source/AnimeStudio.ACL/AnimeStudio.ACL.ZZZV2/acl/decompression/impl/track_cache.h
f845f44eee4640bf74e11f06b4ae526bc5b0c635eef63ad2e6cbaf66a75b5a45,1894,20260904/acl-native-source/AnimeStudio.ACL/AnimeStudio.ACL.ZZZV2/acl/fwd.h
5da8c907f9c06bf38245851f0e62d7b56ad3080bb4ba9a6bd1c0b36521d91941,39937,20260904/acl-native-source/AnimeStudio.ACL/AnimeStudio.ACL.ZZZV2/acl/io/clip_reader.h
bfb8d5b828c91ce93203f432328e4465d60b8d0f23c31f2d65ee7e7f9f12a411,3008,20260904/acl-native-source/AnimeStudio.ACL/AnimeStudio.ACL.ZZZV2/acl/io/clip_reader_error.h
d233173af0fd6c6c66ac2b991b7a89da06637a2cd912c2de1871baf858e02c6b,15988,20260904/acl-native-source/AnimeStudio.ACL/AnimeStudio.ACL.ZZZV2/acl/io/clip_writer.h
09e703a794bca2a8730aa10c8deae50ea2cc02e5874677adf8e49d2edf20baff,2039,20260904/acl-native-source/AnimeStudio.ACL/AnimeStudio.ACL.ZZZV2/acl/io/fwd.h
20373a2a5271689de8d11eac1959382bdbd472562b761cdef0100ac2ccab3a14,4067,20260904/acl-native-source/AnimeStudio.ACL/AnimeStudio.ACL.ZZZV2/acl/math/quat_packing.h
ae7c152b1f737af389b68d65a2fdf7748c0f1c0add9309b10882208ca643562b,11360,20260904/acl-native-source/AnimeStudio.ACL/AnimeStudio.ACL.ZZZV2/acl/math/quatf.h
5eac28366569bfc7eaab5ccbdbfc4775218f4f3b20c6e199b2ed87f4cd9c1054,1715,20260904/acl-native-source/AnimeStudio.ACL/AnimeStudio.ACL.ZZZV2/acl/math/qvvf.h
3b89ecc6ec4fde80731f1e1868dc283b56341f83464b407ba46267818e0e7601,7235,20260904/acl-native-source/AnimeStudio.ACL/AnimeStudio.ACL.ZZZV2/acl/math/scalar_packing.h
181c61cc88def479e5b862d2c3a56c0833438698860c2d966d5074919da5dadb,51206,20260904/acl-native-source/AnimeStudio.ACL/AnimeStudio.ACL.ZZZV2/acl/math/vector4_packing.h
329a475a65baa85dd0aea30337b7d4ce0e1cd358fc0af9c802a9562a76ee8d32,1719,20260904/acl-native-source/AnimeStudio.ACL/AnimeStudio.ACL.ZZZV2/acl/math/vector4f.h
0aef04f7a42dde4a2c17344ceaccdddc92b470537f07ec0a16892062ede44a9c,4311,20260904/acl-native-source/AnimeStudio.ACL/AnimeStudio.ACL.ZZZV2/acl/version.h
5d362684eddabec801da20200c3ab2fb8e809a04f6490bcc99b52a35fee5bf9d,433,20260904/acl-native-source/AnimeStudio.ACL/AnimeStudio.ACL.ZZZV2/dllmain.cpp
d7e3273aca06ee9a2b47ec7f96fbf06fd9301849ebf26ba54a441f8fcde36bd6,149,20260904/acl-native-source/AnimeStudio.ACL/AnimeStudio.ACL.ZZZV2/framework.h
b20ad711fa06e3ef62f8e3c626e13b3bdc69cff08c60c8b358f38b09e16c99ef,186,20260904/acl-native-source/AnimeStudio.ACL/AnimeStudio.ACL.ZZZV2/pch.cpp
ae8edb9ed44e84db3a64ff02bb4e053d661dc19474d8e284bda1c4d625744a0b,563,20260904/acl-native-source/AnimeStudio.ACL/AnimeStudio.ACL.ZZZV2/pch.h
e1ef127e52509a716e3c33d1510e59f663a67c7145a37ce2b0a4586ce265bc32,12908,20260904/acl-native-source/AnimeStudio.ACL/AnimeStudio.ACL.ZZZV2/rtm/camera_utilsd.h
524eddfe226372690304473ff14be5818d85536f0a3f4d300a44e27f7331afb1,12943,20260904/acl-native-source/AnimeStudio.ACL/AnimeStudio.ACL.ZZZV2/rtm/camera_utilsf.h
20ed7b123181a9b2ed556496c7626f4fd56251f17c010047bcc3a8c87536a1a5,13074,20260904/acl-native-source/AnimeStudio.ACL/AnimeStudio.ACL.ZZZV2/rtm/constants.h
64f9bb39a442cd205d895ab9e767fe03c8b37a5b8a65e7b3a85d16ca1824cec7,1910,20260904/acl-native-source/AnimeStudio.ACL/AnimeStudio.ACL.ZZZV2/rtm/fwd.h
be05aeb73f0ad4e8a6e999c1454d2594cc81dcc1e77c0b0bb5dd79117e187031,2209,20260904/acl-native-source/AnimeStudio.ACL/AnimeStudio.ACL.ZZZV2/rtm/impl/bit_cast.impl.h
1ca6b6414aee135bafcaa3df29ca2fd15b085131da294ca422cf581f77125e77,3284,20260904/acl-native-source/AnimeStudio.ACL/AnimeStudio.ACL.ZZZV2/rtm/impl/cmath.impl.h
86fd7f20aa3c33c09974f43d6290e6e6f2622396e79c75d0ca3ef23d4430a4c5,4350,20260904/acl-native-source/AnimeStudio.ACL/AnimeStudio.ACL.ZZZV2/rtm/impl/compiler_utils.h
9532bb206f1edb35b4f19b0c8fc9889bd11b6d4c34f95ecf4759f814e2b53c80,1824,20260904/acl-native-source/AnimeStudio.ACL/AnimeStudio.ACL.ZZZV2/rtm/impl/detect_arch.h
e0d3c96c77d23f981e4098c3c10201686beccee9ba451995da19f941d322992d,2103,20260904/acl-native-source/AnimeStudio.ACL/AnimeStudio.ACL.ZZZV2/rtm/impl/detect_compiler.h
6d4d8c0bc60dc1e2d299b494ff9b6381c4fc4b30c0dc4670715960fd603deea4,2181,20260904/acl-native-source/AnimeStudio.ACL/AnimeStudio.ACL.ZZZV2/rtm/impl/detect_cpp_version.h
39b6724f9a0f48a0e243b342a462e95bf86c9fd7fc9cdbfb3f970de083aa5915,5821,20260904/acl-native-source/AnimeStudio.ACL/AnimeStudio.ACL.ZZZV2/rtm/impl/detect_features.h
7b9bbe42009f21c846e1a73e6952c4100c82030a396597513d3f7a0884da43e7,7234,20260904/acl-native-source/AnimeStudio.ACL/AnimeStudio.ACL.ZZZV2/rtm/impl/error.h
1e9cada800c6d2019813580730b130a78b33879b5518f96a1d5e1b4db71400b6,11738,20260904/acl-native-source/AnimeStudio.ACL/AnimeStudio.ACL.ZZZV2/rtm/impl/macros.mask4.impl.h
bb81e643dc674b4e2899544a04b9705b86669de52c0cd0ab6790acdb59d5ad2a,16760,20260904/acl-native-source/AnimeStudio.ACL/AnimeStudio.ACL.ZZZV2/rtm/impl/macros.matrix.impl.h
7232221ed9971760a0f6da0dbd5eb1ca64af31574f2a702f8f9e442ede503401,12989,20260904/acl-native-source/AnimeStudio.ACL/AnimeStudio.ACL.ZZZV2/rtm/impl/macros.vector4.impl.h
8a13c1aa7040ac8d8e3824f544fd487e58f5cb9882580376980b44d2abf629e6,11753,20260904/acl-native-source/AnimeStudio.ACL/AnimeStudio.ACL.ZZZV2/rtm/impl/mask_common.h
022e977b19c33ac8bf4161f406578f79f37c057694cba9050b4f52d5788ff45d,17599,20260904/acl-native-source/AnimeStudio.ACL/AnimeStudio.ACL.ZZZV2/rtm/impl/matrix_affine_common.h
4dd376b2b0e63cc6e1a2d1d321e51cb7cb370249d046e53172f11c96f51a2742,13643,20260904/acl-native-source/AnimeStudio.ACL/AnimeStudio.ACL.ZZZV2/rtm/impl/matrix_cast.h
ea203d15f21408097e2ec6ce81421bc6a819bcce8b6d4184c2f863cd55aae83f,8131,20260904/acl-native-source/AnimeStudio.ACL/AnimeStudio.ACL.ZZZV2/rtm/impl/matrix_common.h
a902c23099c1c82f9f2b0875e2b866dc81f9fc33f9190fec80b7e4ffdbbcf943,12271,20260904/acl-native-source/AnimeStudio.ACL/AnimeStudio.ACL.ZZZV2/rtm/impl/memory_utils.h
6b3a2e53d725b5b2c6a103bd39b25601730f2526f4ab4fcadc387d5c000b1c3b,3819,20260904/acl-native-source/AnimeStudio.ACL/AnimeStudio.ACL.ZZZV2/rtm/impl/quat_common.h
c1d0489da8f5b1fd026a4163813b61ee192e513b6b1bee2cb4022b9693e8fa15,3710,20260904/acl-native-source/AnimeStudio.ACL/AnimeStudio.ACL.ZZZV2/rtm/impl/qv_common.h
82a5fe7a59cc139c10032628734c9a865b43feee2689ca6e46c47cea0edc1a9b,5060,20260904/acl-native-source/AnimeStudio.ACL/AnimeStudio.ACL.ZZZV2/rtm/impl/qvs_common.h
8e8ae3aad1a2a9fea8e4fe247a4cf831d874347ed993c9560bcb875f2e34c8bc,3707,20260904/acl-native-source/AnimeStudio.ACL/AnimeStudio.ACL.ZZZV2/rtm/impl/qvv_common.h
54a57d792e10aee38c541d550c360715fcbaf492230de7362630f75426dd3f99,4969,20260904/acl-native-source/AnimeStudio.ACL/AnimeStudio.ACL.ZZZV2/rtm/impl/scalar_common.h
0552634ea91639b6746f95aa3e4d34938ae12f73d33fd8cf47a5c091c9efa439,2087,20260904/acl-native-source/AnimeStudio.ACL/AnimeStudio.ACL.ZZZV2/rtm/impl/type_args.h
0369be23ce8ead3d403b65e1b6063ec5ae3ed8df9845962e0e43f177784eb9f4,6665,20260904/acl-native-source/AnimeStudio.ACL/AnimeStudio.ACL.ZZZV2/rtm/impl/type_args.neon.impl.h
5d00052b1529b68898b9d499a995f87dd65863b9fae81d0b525fb1014be38a6b,6783,20260904/acl-native-source/AnimeStudio.ACL/AnimeStudio.ACL.ZZZV2/rtm/impl/type_args.neon64.impl.h
6c9b1deb508d154eb4e9f13bc4c6507ab6687af90b3288b9de49a879f8a6d520,6400,20260904/acl-native-source/AnimeStudio.ACL/AnimeStudio.ACL.ZZZV2/rtm/impl/type_args.other.impl.h
1161726e0defaeff3be07a19ef3773b74b1f365e9fd7e7db0d76122034e75018,6699,20260904/acl-native-source/AnimeStudio.ACL/AnimeStudio.ACL.ZZZV2/rtm/impl/type_args.vectorcall.impl.h
8bf46c91d6eb91deca69cbd0e11cb66f80e12c3a81b9cd1ed8ec9e418dfc1bb2,7096,20260904/acl-native-source/AnimeStudio.ACL/AnimeStudio.ACL.ZZZV2/rtm/impl/type_args.x64_clang.impl.h
ed90aafe23ec959f72f5eba1ac2f3c0e950bf8c2dea8fd15e31c6942a7f8c55e,6696,20260904/acl-native-source/AnimeStudio.ACL/AnimeStudio.ACL.ZZZV2/rtm/impl/type_args.x64_gcc.impl.h
471acb75b5da4b67fbe27111900f6324dce98e9374611b8118797a7b09c8053a,29594,20260904/acl-native-source/AnimeStudio.ACL/AnimeStudio.ACL.ZZZV2/rtm/impl/vector_common.h
b599e5b7aa9bd6bd14e29eceeb649fa57c78888071d1d0d3053036f2b14f9363,1473,20260904/acl-native-source/AnimeStudio.ACL/AnimeStudio.ACL.ZZZV2/rtm/macros.h
6af142a88187e01f04b863de2332e1c0683b760fae006c4db5261bb612046a65,16513,20260904/acl-native-source/AnimeStudio.ACL/AnimeStudio.ACL.ZZZV2/rtm/mask4d.h
8b1fe7013ecc7dcd59d398ed96be01659514fb74cdb911d490ee2ddf8a97ad64,15068,20260904/acl-native-source/AnimeStudio.ACL/AnimeStudio.ACL.ZZZV2/rtm/mask4f.h
1ec144463ed53071bc03b3d1e1158218399afbe09562f22a0ae1164933ff8bcf,17398,20260904/acl-native-source/AnimeStudio.ACL/AnimeStudio.ACL.ZZZV2/rtm/mask4i.h
b1e7b9ae298a15a2d92f848fbe788b08c4e6ded4f6bd9144f03d530d14a3bf02,14941,20260904/acl-native-source/AnimeStudio.ACL/AnimeStudio.ACL.ZZZV2/rtm/mask4q.h
e1463bb9950b9f7c50c42b2ca9f9a190438a165a770350a9e79379fcca49d515,4040,20260904/acl-native-source/AnimeStudio.ACL/AnimeStudio.ACL.ZZZV2/rtm/math.h
b95e3366367100a4c3b9d2177d50aeab2d9ba707d6f33bef962096df4e574cfb,24617,20260904/acl-native-source/AnimeStudio.ACL/AnimeStudio.ACL.ZZZV2/rtm/matrix3x3d.h
90b84e57ad6fb5384d5fb88d36cfff41a756b1252c2a376b41409a15ec78d640,24675,20260904/acl-native-source/AnimeStudio.ACL/AnimeStudio.ACL.ZZZV2/rtm/matrix3x3f.h
07ec50e64543fb145a0153f575bdf6b7b95f74aec18c48a1a27cad7adb0fd8bd,34821,20260904/acl-native-source/AnimeStudio.ACL/AnimeStudio.ACL.ZZZV2/rtm/matrix3x4d.h
70d69d3661c84741154f0c9dc1c9d21e303323ceeadcb98e2ceba1d966974412,34832,20260904/acl-native-source/AnimeStudio.ACL/AnimeStudio.ACL.ZZZV2/rtm/matrix3x4f.h
dc7c46ad787bc1f7985fc1243fbb26c0bc08fe76944c4efbda6b2a5bec11d386,31986,20260904/acl-native-source/AnimeStudio.ACL/AnimeStudio.ACL.ZZZV2/rtm/matrix4x4d.h
12d3c647f156c497b64d513af3f074784efc7cf714cd94a423edd1e3fcc0ebc4,29112,20260904/acl-native-source/AnimeStudio.ACL/AnimeStudio.ACL.ZZZV2/rtm/matrix4x4f.h
478dbcebc2a99537d3db0e7add7062944c14a613c5bb408fa3a99740c1d29b98,3488,20260904/acl-native-source/AnimeStudio.ACL/AnimeStudio.ACL.ZZZV2/rtm/packing/quatd.h
f60e14f68b72c0403de22b830c568ce68b88ebfbeab97a3652d5c3bcf99c5c3b,5928,20260904/acl-native-source/AnimeStudio.ACL/AnimeStudio.ACL.ZZZV2/rtm/packing/quatf.h
0c3f85db9a0a5938f66ec4aaaf6c2639ba856713e8252e3d9a2a2d1043ed4bf4,49059,20260904/acl-native-source/AnimeStudio.ACL/AnimeStudio.ACL.ZZZV2/rtm/quatd.h
603681d49853cf4aed6c90c6dd3b4b356fe6d0688e475ad5a3382a9b9c243732,72811,20260904/acl-native-source/AnimeStudio.ACL/AnimeStudio.ACL.ZZZV2/rtm/quatf.h
06e760d0cbfb0e7aae3dce2d64df1696ca27d1a4f38d3dcfb18c0aa1922d1c9b,15258,20260904/acl-native-source/AnimeStudio.ACL/AnimeStudio.ACL.ZZZV2/rtm/qvd.h
214a3ba42d258ffee9775c9e3d15cc2a4386461fcddeb9555f4cbb5f9db5ce45,15253,20260904/acl-native-source/AnimeStudio.ACL/AnimeStudio.ACL.ZZZV2/rtm/qvf.h
236bd622f13b9866c5cfbbc52e96820f4e0c646e5c1ef583d7674df2e738d406,24944,20260904/acl-native-source/AnimeStudio.ACL/AnimeStudio.ACL.ZZZV2/rtm/qvsd.h
11309c0fd5de8f94179b2ca27b53861f16a8199b0c1cc711a8d3cab1402393b9,24932,20260904/acl-native-source/AnimeStudio.ACL/AnimeStudio.ACL.ZZZV2/rtm/qvsf.h
0402bcde0b781ec2d7be569b18bfb186b17cc9ef17bfeb4c818b04f7c51a4339,29071,20260904/acl-native-source/AnimeStudio.ACL/AnimeStudio.ACL.ZZZV2/rtm/qvvd.h
86f0f88ff237105710a07e4494dfcbf831f332129774f784660287d2d0104630,29617,20260904/acl-native-source/AnimeStudio.ACL/AnimeStudio.ACL.ZZZV2/rtm/qvvf.h
629bc84ef2475fce147f763d0f0f5d1721e140f03b5f66f36ce61d24e2a63b55,46756,20260904/acl-native-source/AnimeStudio.ACL/AnimeStudio.ACL.ZZZV2/rtm/scalard.h
a50d7961ad69b455b42473ebd1165ba8678984bda9e8c0edb7d6be7da367766e,61764,20260904/acl-native-source/AnimeStudio.ACL/AnimeStudio.ACL.ZZZV2/rtm/scalarf.h
326b3eb2cdb20cf3d6c5e0200f17e86d720cbd3d83f526012a53d7aecf09dc4f,6856,20260904/acl-native-source/AnimeStudio.ACL/AnimeStudio.ACL.ZZZV2/rtm/type_traits.h
bc70a720d1441e48e4b59252b7405b8da10240cdfeee860a8363a98f74e4e60c,22365,20260904/acl-native-source/AnimeStudio.ACL/AnimeStudio.ACL.ZZZV2/rtm/types.h
cad261e358e0c5df8bcdc9e377419916bbd616c8e126316b37a06db06ac59b09,148525,20260904/acl-native-source/AnimeStudio.ACL/AnimeStudio.ACL.ZZZV2/rtm/vector4d.h
1a1d1373490ac0ae76fe47fac8d1b3ffb897d57ac2e77881cb94854f395bb83b,203441,20260904/acl-native-source/AnimeStudio.ACL/AnimeStudio.ACL.ZZZV2/rtm/vector4f.h
701df4972c958ec0f9dd71797bdd21a4ae149816c09259d9d1c30f004270ac23,4325,20260904/acl-native-source/AnimeStudio.ACL/AnimeStudio.ACL.ZZZV2/rtm/version.h
3ddaaba57d2f757d6cb09568fe1823949e45426d73f6baeb4ca8d8a2fe78121b,4012,20260904/acl-native-source/AnimeStudio.ACL/AnimeStudio.ACL.ZZZV2/spdlog/async.h
72bd9d919a549911f3aa3620472ce55e70935ac5e5aeba21a0bc40887825cf5f,2821,20260904/acl-native-source/AnimeStudio.ACL/AnimeStudio.ACL.ZZZV2/spdlog/async_logger-inl.h
6bb8528c33020e62b380ec1e3054491daecc6e13972d3f9b34b64ccbfd40cb53,2560,20260904/acl-native-source/AnimeStudio.ACL/AnimeStudio.ACL.ZZZV2/spdlog/async_logger.h
6f9aa40647fda08e2ad776598a7b5de1d1596ec9a73512c90c69504f6e347a2d,1219,20260904/acl-native-source/AnimeStudio.ACL/AnimeStudio.ACL.ZZZV2/spdlog/cfg/argv.h
d2afd153fe8a1b2826feb60ec62ea42811d1ca085471fda238d002fedf5bb1bc,1007,20260904/acl-native-source/AnimeStudio.ACL/AnimeStudio.ACL.ZZZV2/spdlog/cfg/env.h
46b9768f4521a81e6423825bc131d4056ff1845e63502a4a866e0daac555899e,3170,20260904/acl-native-source/AnimeStudio.ACL/AnimeStudio.ACL.ZZZV2/spdlog/cfg/helpers-inl.h
359b4175a464ae487c2e48c55be9abfcfe9f10599b99410d5d55df6ade7d588e,718,20260904/acl-native-source/AnimeStudio.ACL/AnimeStudio.ACL.ZZZV2/spdlog/cfg/helpers.h
c8c7db736c3fb61ccd84b1f5d5f9c748a1e3dbfe77a986bb820fcfe20da32751,2050,20260904/acl-native-source/AnimeStudio.ACL/AnimeStudio.ACL.ZZZV2/spdlog/common-inl.h
62bdfbe7c9d66836590f89fb116baaf87513c20e028e0f62dbaa714791d29e26,13053,20260904/acl-native-source/AnimeStudio.ACL/AnimeStudio.ACL.ZZZV2/spdlog/common.h
30891d3c75154cf278ac30dbce584bfa28dae17c0f93418c363483c7e9dc9431,2004,20260904/acl-native-source/AnimeStudio.ACL/AnimeStudio.ACL.ZZZV2/spdlog/details/backtracer-inl.h
e0d6f5f72d5936f0fddf681b590e87ee880a2ea40ed44551b8fdf59e0868a1e5,1165,20260904/acl-native-source/AnimeStudio.ACL/AnimeStudio.ACL.ZZZV2/spdlog/details/backtracer.h
0bc4025c81425023f4d58711d6aa6231a55ee606bb1fc88f4fb3e655e807e265,3377,20260904/acl-native-source/AnimeStudio.ACL/AnimeStudio.ACL.ZZZV2/spdlog/details/circular_q.h
3dced73dc2bc5eacc678eec34af6458f910740c8949fd1bc8449808d1345467a,603,20260904/acl-native-source/AnimeStudio.ACL/AnimeStudio.ACL.ZZZV2/spdlog/details/console_globals.h
80d9f430891e0c28207679e7040516d4519692ad5417175381c7fe22784ad0c5,4709,20260904/acl-native-source/AnimeStudio.ACL/AnimeStudio.ACL.ZZZV2/spdlog/details/file_helper-inl.h
b09a9a6543cc5703d0cdb054e15373a1d6619138f5e076a453f5830a1e2258ed,1758,20260904/acl-native-source/AnimeStudio.ACL/AnimeStudio.ACL.ZZZV2/spdlog/details/file_helper.h
d66b3ec0617a439ca7a4fd661046d5be54beed89c6fae2849d4d46c3f28ef8a9,4471,20260904/acl-native-source/AnimeStudio.ACL/AnimeStudio.ACL.ZZZV2/spdlog/details/fmt_helper.h
83e6c837a4f3094671d6745a835c718c5c0b922288be371a19429093ab856272,1396,20260904/acl-native-source/AnimeStudio.ACL/AnimeStudio.ACL.ZZZV2/spdlog/details/log_msg-inl.h
13a78b8cc0a8b71fd6a49633792f98453aeb8844d525d10bc55b22089a120281,1204,20260904/acl-native-source/AnimeStudio.ACL/AnimeStudio.ACL.ZZZV2/spdlog/details/log_msg.h
c4ca45a0401b17de9f57ea65462b44ea159d152d83bdd086ff675ef9e035456f,1668,20260904/acl-native-source/AnimeStudio.ACL/AnimeStudio.ACL.ZZZV2/spdlog/details/log_msg_buffer-inl.h
0d4b89aa2d47490f3d89d04fbba49cab751e696657f2857899f432a5919b9d26,935,20260904/acl-native-source/AnimeStudio.ACL/AnimeStudio.ACL.ZZZV2/spdlog/details/log_msg_buffer.h
f7949498a5d68c17a86abbccafd996ac98844e0d2a5287c0023c1e0b20a22ba4,5282,20260904/acl-native-source/AnimeStudio.ACL/AnimeStudio.ACL.ZZZV2/spdlog/details/mpmc_blocking_q.h
1377fde4b54417dca1b3d162d0f18c35f9418e1db91a333949952f1c877127b1,930,20260904/acl-native-source/AnimeStudio.ACL/AnimeStudio.ACL.ZZZV2/spdlog/details/null_mutex.h
1b9afac4f0fd1996448b8831af058bb812f33c4969894f87c9f31b8a9b0ff27f,18760,20260904/acl-native-source/AnimeStudio.ACL/AnimeStudio.ACL.ZZZV2/spdlog/details/os-inl.h
e563c3726d234e89d6944c55f84e521205a8460f795820778c2a9b9be17f755c,4110,20260904/acl-native-source/AnimeStudio.ACL/AnimeStudio.ACL.ZZZV2/spdlog/details/os.h
298c84f55ac417e43974d044f5055364b4aa59fec9d2c8d24a001b73f79ae113,620,20260904/acl-native-source/AnimeStudio.ACL/AnimeStudio.ACL.ZZZV2/spdlog/details/periodic_worker-inl.h
5e514551070364a20f35b076b83820a7e577b3b23f66aa254d8bd9ea0b8c7b17,1813,20260904/acl-native-source/AnimeStudio.ACL/AnimeStudio.ACL.ZZZV2/spdlog/details/periodic_worker.h
006ff6ed2150e3c1e575bbc935016d4d623fd730bdf347a94d9d144aac29c867,8897,20260904/acl-native-source/AnimeStudio.ACL/AnimeStudio.ACL.ZZZV2/spdlog/details/registry-inl.h
dd323eb0c7bf08c15899db8db4210255051462246351e1c1214e5b126f66c95b,4464,20260904/acl-native-source/AnimeStudio.ACL/AnimeStudio.ACL.ZZZV2/spdlog/details/registry.h
3fcfcc28aa4edc2998e9e00d218362600605b89e0c58ebf2c7267950412e1cdc,751,20260904/acl-native-source/AnimeStudio.ACL/AnimeStudio.ACL.ZZZV2/spdlog/details/synchronous_factory.h
c434fe70e201e1a8666b516f10c6fc9fbc0c194916623bf12eeb313f6bee16c8,4252,20260904/acl-native-source/AnimeStudio.ACL/AnimeStudio.ACL.ZZZV2/spdlog/details/tcp_client-windows.h
931f7aa6acc1a3a9c5929380e7fcd3ec9d170e99da4a179844eb87d1f83b501c,3885,20260904/acl-native-source/AnimeStudio.ACL/AnimeStudio.ACL.ZZZV2/spdlog/details/tcp_client.h
0f8a05bd78dde92fec86da73957dc3d42bb29218b564b103eb599ed9f1a342d5,4264,20260904/acl-native-source/AnimeStudio.ACL/AnimeStudio.ACL.ZZZV2/spdlog/details/thread_pool-inl.h
5e64567eb7a3b3b6624fce2aa05c7e7fb885c778618f5bc982d4d3683a53055f,3519,20260904/acl-native-source/AnimeStudio.ACL/AnimeStudio.ACL.ZZZV2/spdlog/details/thread_pool.h
4b3589ef5cd882bd322c9ecb10587ec7c1dc8ba497a12c874e12472a8ccfcf1f,3134,20260904/acl-native-source/AnimeStudio.ACL/AnimeStudio.ACL.ZZZV2/spdlog/details/udp_client-windows.h
c418b615351912eea40e041fd3e88b89a4520adf12ebf43fb1af105a4d7bbd79,2237,20260904/acl-native-source/AnimeStudio.ACL/AnimeStudio.ACL.ZZZV2/spdlog/details/udp_client.h
aaedb3b90bd662563d82887fedaf338167c951254f45f9ebfef27adade2bd186,188,20260904/acl-native-source/AnimeStudio.ACL/AnimeStudio.ACL.ZZZV2/spdlog/details/windows_include.h
0017988d8c8bfec7658bb9d9d03c540db6e9a5a07d06bc9981f7d50622aad682,7382,20260904/acl-native-source/AnimeStudio.ACL/AnimeStudio.ACL.ZZZV2/spdlog/fmt/bin_to_hex.h
cd2a4230a2b95db60f00673743769fe7372f0f708713520cab787173b5055187,7180,20260904/acl-native-source/AnimeStudio.ACL/AnimeStudio.ACL.ZZZV2/spdlog/fmt/bundled/args.h
13c8d953fb2d98dc955289dd166999bd22dbabfeba7f486b3693c2c6d9d627db,103990,20260904/acl-native-source/AnimeStudio.ACL/AnimeStudio.ACL.ZZZV2/spdlog/fmt/bundled/base.h
aa4f1189f00ca287a9e5585cc3b6b57dfa8f1a000efafa881432f46eafbddaed,79718,20260904/acl-native-source/AnimeStudio.ACL/AnimeStudio.ACL.ZZZV2/spdlog/fmt/bundled/chrono.h
fbc34d42af762cd4e45ef2c93d050802d956d406c5c9e4c92ea9b0749fd02d8a,24290,20260904/acl-native-source/AnimeStudio.ACL/AnimeStudio.ACL.ZZZV2/spdlog/fmt/bundled/color.h
10d648fbfbce99481eece2aaa4f9ec8ce8ab25fef0841442296b7149c386487a,18792,20260904/acl-native-source/AnimeStudio.ACL/AnimeStudio.ACL.ZZZV2/spdlog/fmt/bundled/compile.h
b2b6692145b11c7c2774db106078c97575a47d18e80c7783c68566475325ebb4,187,20260904/acl-native-source/AnimeStudio.ACL/AnimeStudio.ACL.ZZZV2/spdlog/fmt/bundled/core.h
07580f2a3b35709ce703d523f447b242f6dfec7582a8c0df102c7fa2849375f8,1431,20260904/acl-native-source/AnimeStudio.ACL/AnimeStudio.ACL.ZZZV2/spdlog/fmt/bundled/fmt.license.rst
7ac4d4907568ac99c28461881595053d2e4045ee81c89d0bddb779c718ee736c,80985,20260904/acl-native-source/AnimeStudio.ACL/AnimeStudio.ACL.ZZZV2/spdlog/fmt/bundled/format-inl.h
9ac34739eb99d5fe220c96d59519bf8da9fb0108d1cf5badbed157187e4c3cfb,157793,20260904/acl-native-source/AnimeStudio.ACL/AnimeStudio.ACL.ZZZV2/spdlog/fmt/bundled/format.h
031ecf02e65aaf1be16de4af179e1b3d11540f88a0989667d5f4138fe93e5938,12786,20260904/acl-native-source/AnimeStudio.ACL/AnimeStudio.ACL.ZZZV2/spdlog/fmt/bundled/os.h
c49f07be57b7fb2abc89e34284574740c24c2de6d6df0b08aff1a0b8f537c090,5024,20260904/acl-native-source/AnimeStudio.ACL/AnimeStudio.ACL.ZZZV2/spdlog/fmt/bundled/ostream.h
7a6ffac354daa137db9a4ed14dd817b7f7b5b6e5ecf46daf27431f41e7b2e5ef,20440,20260904/acl-native-source/AnimeStudio.ACL/AnimeStudio.ACL.ZZZV2/spdlog/fmt/bundled/printf.h
0960928778290c8125be3bcf92542ef68b31545b6b79a3c1930cd09eb5b34473,28211,20260904/acl-native-source/AnimeStudio.ACL/AnimeStudio.ACL.ZZZV2/spdlog/fmt/bundled/ranges.h
a20cdb81353109416ea43a33096006d3232159e895e90b6411b691d29f6347c0,22277,20260904/acl-native-source/AnimeStudio.ACL/AnimeStudio.ACL.ZZZV2/spdlog/fmt/bundled/std.h
d4aad2213ca59d6dac301570dbde00e0f0daa088bf8669070b0283de93f7b251,13636,20260904/acl-native-source/AnimeStudio.ACL/AnimeStudio.ACL.ZZZV2/spdlog/fmt/bundled/xchar.h
c423556694f9fba3cf43c2043dafe7b0a2c261341cbc2a78c456a44d6b5d4f38,551,20260904/acl-native-source/AnimeStudio.ACL/AnimeStudio.ACL.ZZZV2/spdlog/fmt/chrono.h
70a226919802f35566bc75535153007434ecef55b064840059149ca0d29c4d0f,559,20260904/acl-native-source/AnimeStudio.ACL/AnimeStudio.ACL.ZZZV2/spdlog/fmt/compile.h
5c287cb28728ae2ee9429484a9dd0273a870f96a610c171182d27dd9471e8f97,825,20260904/acl-native-source/AnimeStudio.ACL/AnimeStudio.ACL.ZZZV2/spdlog/fmt/fmt.h
64bcc67495d2d66a6feec40d1c14aebd86d99b8b064c32f034abe1b674aab5a4,554,20260904/acl-native-source/AnimeStudio.ACL/AnimeStudio.ACL.ZZZV2/spdlog/fmt/ostr.h
a1a416fc4f5e6096df0bf89390f79f6251c97a4b034a195dedb4d28c496fbba6,551,20260904/acl-native-source/AnimeStudio.ACL/AnimeStudio.ACL.ZZZV2/spdlog/fmt/ranges.h
801a8f4d3246b3488f51972213d72052b54ec7e4e67e9dd100060feec7e8c28b,641,20260904/acl-native-source/AnimeStudio.ACL/AnimeStudio.ACL.ZZZV2/spdlog/fmt/std.h
f29873210b20733d85c59cd43e18563f9b48aec6bd453b4d53c2dd5ee558438d,548,20260904/acl-native-source/AnimeStudio.ACL/AnimeStudio.ACL.ZZZV2/spdlog/fmt/xchar.h
213631628274dc6c26fcc9a3bed36a3a9a83edea5e6b9f027baea58ca9c5eff3,463,20260904/acl-native-source/AnimeStudio.ACL/AnimeStudio.ACL.ZZZV2/spdlog/formatter.h
246d2754fb77dcdcb7ed4be2328944659fd154599ee09df865db5cdb33cbe349,305,20260904/acl-native-source/AnimeStudio.ACL/AnimeStudio.ACL.ZZZV2/spdlog/fwd.h
2b6d6c11dce4bd4cceb4e724c6ffe6a508f3ae9cff8b44438ae92438c3c35470,6725,20260904/acl-native-source/AnimeStudio.ACL/AnimeStudio.ACL.ZZZV2/spdlog/logger-inl.h
b298ef3f9daea67f946781a6b73eec267b889191d06392b38bc602298f86e8a0,13412,20260904/acl-native-source/AnimeStudio.ACL/AnimeStudio.ACL.ZZZV2/spdlog/logger.h
86776b3367bd72e26a630e58d820b6f065e3b337668822139fcc173646ad43c0,1497,20260904/acl-native-source/AnimeStudio.ACL/AnimeStudio.ACL.ZZZV2/spdlog/mdc.h
1752698ce34d6d8dfc6b57d8c6181e3eb285d967ec495d341f7c8a09fa8dc2b6,46719,20260904/acl-native-source/AnimeStudio.ACL/AnimeStudio.ACL.ZZZV2/spdlog/pattern_formatter-inl.h
33c08b3918f7182df15d6f1bab3f9f93fc271c178c2cb2baba69a30e0ad6ea23,3758,20260904/acl-native-source/AnimeStudio.ACL/AnimeStudio.ACL.ZZZV2/spdlog/pattern_formatter.h
73031cdd8669c9f687fd9122bcb1da5dd741e9008b01f873ee392b27c9db565d,4777,20260904/acl-native-source/AnimeStudio.ACL/AnimeStudio.ACL.ZZZV2/spdlog/sinks/android_sink.h
a39143102c10fa8ca2c6dfdc9ee881df8306c805045d702b806041569e5b94b1,5099,20260904/acl-native-source/AnimeStudio.ACL/AnimeStudio.ACL.ZZZV2/spdlog/sinks/ansicolor_sink-inl.h
2062424fed0f02d2b74b3f1ccb54eb807f7212cc5acc0b2b3d2a7fa19f718a47,4029,20260904/acl-native-source/AnimeStudio.ACL/AnimeStudio.ACL.ZZZV2/spdlog/sinks/ansicolor_sink.h
b42fc2851ad76919aecea27cabb9487b6c6acd1522fe94751a138da55862d4f3,1808,20260904/acl-native-source/AnimeStudio.ACL/AnimeStudio.ACL.ZZZV2/spdlog/sinks/base_sink-inl.h
a46ed7cb900eb1c257f81122e3d4567e43b8b2f9ae72973b8f41b110763940c9,1604,20260904/acl-native-source/AnimeStudio.ACL/AnimeStudio.ACL.ZZZV2/spdlog/sinks/base_sink.h
6b95b4bbff5b849372b95b1934e276f643b6db70244716d6f26c4d1aa3968ca7,1391,20260904/acl-native-source/AnimeStudio.ACL/AnimeStudio.ACL.ZZZV2/spdlog/sinks/basic_file_sink-inl.h
39e2e1832c76afd5a23a9e3788bb010438489b560f6267246804df54c4455029,2316,20260904/acl-native-source/AnimeStudio.ACL/AnimeStudio.ACL.ZZZV2/spdlog/sinks/basic_file_sink.h
568eed97d5c29f942d811afe8614ceae6c110b74ffa4535123a5bd9db31f263f,1705,20260904/acl-native-source/AnimeStudio.ACL/AnimeStudio.ACL.ZZZV2/spdlog/sinks/callback_sink.h
ee32cbdd80b9fe51abe04ae290d199c46cec2ecbf35e7a2e796daf712b8520d2,9610,20260904/acl-native-source/AnimeStudio.ACL/AnimeStudio.ACL.ZZZV2/spdlog/sinks/daily_file_sink.h
fa6b8b53368b3cc9490046f1a207c3852835f0a00f6f677005c9e52799e86247,2373,20260904/acl-native-source/AnimeStudio.ACL/AnimeStudio.ACL.ZZZV2/spdlog/sinks/dist_sink.h
aded06d32de86861be0b07a7c1561cd1a9f1df80cdbc0eb15c4f9735c26cc309,3225,20260904/acl-native-source/AnimeStudio.ACL/AnimeStudio.ACL.ZZZV2/spdlog/sinks/dup_filter_sink.h
aa31439c3c3072e9b77acc2800005b586f6b6cdc2d790e0783050b8627a79411,7279,20260904/acl-native-source/AnimeStudio.ACL/AnimeStudio.ACL.ZZZV2/spdlog/sinks/hourly_file_sink.h
9bb10a5ea347f2400baadf0d794d5045169fae77388132bc0cf3dcf30ec00c08,4445,20260904/acl-native-source/AnimeStudio.ACL/AnimeStudio.ACL.ZZZV2/spdlog/sinks/kafka_sink.h
df9a5c34bef34a9a55f4bec51f98c3f0527fdc61bc8ee247a9b4f4149e8ff0f0,4003,20260904/acl-native-source/AnimeStudio.ACL/AnimeStudio.ACL.ZZZV2/spdlog/sinks/mongo_sink.h
3ccbad63ba8adc199fb06f4a8a424e48c8ca06f1cdf4c402d9c849dd354eb89a,2048,20260904/acl-native-source/AnimeStudio.ACL/AnimeStudio.ACL.ZZZV2/spdlog/sinks/msvc_sink.h
75d92f19d80ba59e15c8607e4c98a86a14e238e5ca9b5afd6150dcf9e86d10d6,1240,20260904/acl-native-source/AnimeStudio.ACL/AnimeStudio.ACL.ZZZV2/spdlog/sinks/null_sink.h
8a444e2537b82d6fe4a87c1162d4eb53f94ceb01acbc8d646828f2b24f869085,1222,20260904/acl-native-source/AnimeStudio.ACL/AnimeStudio.ACL.ZZZV2/spdlog/sinks/ostream_sink.h
04193b21cff77cd78d484dd1f79c1720abda08b10bf87af8737a05956d486143,12412,20260904/acl-native-source/AnimeStudio.ACL/AnimeStudio.ACL.ZZZV2/spdlog/sinks/qt_sinks.h
47446677a2d1239dea0248fbecf77be8c74b7f1b0c7d0b3d11d8aafde9eac412,2081,20260904/acl-native-source/AnimeStudio.ACL/AnimeStudio.ACL.ZZZV2/spdlog/sinks/ringbuffer_sink.h
517ec64698c119e837c7cc2a4bbb41ef862d5f7b7fac51e481eb507659e0d606,6091,20260904/acl-native-source/AnimeStudio.ACL/AnimeStudio.ACL.ZZZV2/spdlog/sinks/rotating_file_sink-inl.h
064a1e50e6d718989698d43f543fb174c03b3fbe8be3dc6b6868c45f92167189,3352,20260904/acl-native-source/AnimeStudio.ACL/AnimeStudio.ACL.ZZZV2/spdlog/sinks/rotating_file_sink.h
e3efbe6fc7b15fccc046b740b061f0ab5867f8bd7d6cf30ed2180a3cdb04aefb,725,20260904/acl-native-source/AnimeStudio.ACL/AnimeStudio.ACL.ZZZV2/spdlog/sinks/sink-inl.h
7fa4a5c69c42f9eee9d6cd5cc4d525be4beb77299cc88b09b4a01f155f3cc215,893,20260904/acl-native-source/AnimeStudio.ACL/AnimeStudio.ACL.ZZZV2/spdlog/sinks/sink.h
187e6472676773eb592cc4dfa9441c3aea64333be395dfc6f2741549e1da9141,1435,20260904/acl-native-source/AnimeStudio.ACL/AnimeStudio.ACL.ZZZV2/spdlog/sinks/stdout_color_sinks-inl.h
ba7831fa21239e6b52cda2b8d18c457ff1ee5e2afd730988e0b95b874939e21c,1792,20260904/acl-native-source/AnimeStudio.ACL/AnimeStudio.ACL.ZZZV2/spdlog/sinks/stdout_color_sinks.h
a043a07efc89c1381e4fd6d77ae38ae7cd11d0d96445dbc6fd310e31f05f7709,4384,20260904/acl-native-source/AnimeStudio.ACL/AnimeStudio.ACL.ZZZV2/spdlog/sinks/stdout_sinks-inl.h
eae56abfb446f3d17025e20a56861cf27cfe49139069f265715679b603ca709e,2429,20260904/acl-native-source/AnimeStudio.ACL/AnimeStudio.ACL.ZZZV2/spdlog/sinks/stdout_sinks.h
92dddbd22c8e62597eaef1d886093df50dbab19763a4d758b394227c68d55596,4248,20260904/acl-native-source/AnimeStudio.ACL/AnimeStudio.ACL.ZZZV2/spdlog/sinks/syslog_sink.h
3c9afc1eae8f317d341c05af01c9ccba687219ff36c536dfdf37fdaeade650f8,4872,20260904/acl-native-source/AnimeStudio.ACL/AnimeStudio.ACL.ZZZV2/spdlog/sinks/systemd_sink.h
5ee85948885be7001f50356c8c4415b83007e3ea24c124fd772a2d7e9125e40b,2127,20260904/acl-native-source/AnimeStudio.ACL/AnimeStudio.ACL.ZZZV2/spdlog/sinks/tcp_sink.h
cb5628c8daad4588e5bd3ba5ea0e6cb595cd1a5211deda1ec507f343c7b431f6,1858,20260904/acl-native-source/AnimeStudio.ACL/AnimeStudio.ACL.ZZZV2/spdlog/sinks/udp_sink.h
4783a96f7b89b19d48c14eea3f82f3ffd659e8faf34a4446659cd0c2d822e39c,8888,20260904/acl-native-source/AnimeStudio.ACL/AnimeStudio.ACL.ZZZV2/spdlog/sinks/win_eventlog_sink.h
8d9dac4bb1a163d6eb0913ff48ab7f59db54fbb60b7668a0a997530dded57139,7096,20260904/acl-native-source/AnimeStudio.ACL/AnimeStudio.ACL.ZZZV2/spdlog/sinks/wincolor_sink-inl.h
cbbdabbc9f7613b6c092ef1d3f279f65f0faa7a896f0a4ebb00350f477b7a72e,2716,20260904/acl-native-source/AnimeStudio.ACL/AnimeStudio.ACL.ZZZV2/spdlog/sinks/wincolor_sink.h
036ab0ed3ec1226973bc9cf52801ec269fc95f63dcf8a074093dbf582a74ae94,3268,20260904/acl-native-source/AnimeStudio.ACL/AnimeStudio.ACL.ZZZV2/spdlog/spdlog-inl.h
ced45d7625328739a33563d372bc897f7ec0b040a315e3bba8403aac97edf90d,12024,20260904/acl-native-source/AnimeStudio.ACL/AnimeStudio.ACL.ZZZV2/spdlog/spdlog.h
60f3aaed933185261ae603cc589cd39ebf93ef78321548871d469fb566903c44,1865,20260904/acl-native-source/AnimeStudio.ACL/AnimeStudio.ACL.ZZZV2/spdlog/stopwatch.h
8e641df000560090a11adb04eff3f1a18e814f6eb8f2a9a9a1f22c0dcc572f82,6610,20260904/acl-native-source/AnimeStudio.ACL/AnimeStudio.ACL.ZZZV2/spdlog/tweakme.h
91bcafad8231d69cecbd05e9d2a8f0d3cc39a4ad463703fcf001b686a2fc52ac,417,20260904/acl-native-source/AnimeStudio.ACL/AnimeStudio.ACL.ZZZV2/spdlog/version.h
6bae54b7358db8391f6995268c70f1911ab66ced0cca73bb37e7c445739aca1b,1130,20260904/acl-native-source/AnimeStudio.ACL/LICENSE.txt
7a5c41d29e88393aec92e8c6ceaada5ebe119655aa0047008d2fef10a56361ca,342,20260904/acl-native-source/AnimeStudio.ACL/version.h
a0486843b48f92bdff95e627e5cea726fa4e301a903b5396823c147fc8dc90dc,254,20260904/acl-native-source/build.cmd
fa7409d79762d463d60514573afec7ed0bfcb4b3468c59eae6018ed7438f5f86,96,20260904/acl-native-source/compile.log
bb47a23c9337283e12dd878b55ced96a82fbd7498319b947bcaeca2e703d9768,2711,20260904/acl-native-source/transform_decoder.cpp
b8ca1bcd4ffa19784e9ebee916d5c35f9d0c21868cc4cf70ea3ac2621434bc8e,414720,20260904/acl-native-source/transform_decoder.dll
99f87031be39a7149a1bf234e9228b1d126b9f2aa7d0704eac7c5247b033aa16,722,20260904/acl-native-source/transform_decoder.exp
5fdadaca93c902298c1290e0b0f7f3ce682530f835215c4e77f36448e80556a0,1944,20260904/acl-native-source/transform_decoder.lib
bea3a915fd12f39b05ea659fc104ae0f0e93f690ff1c7f19ed9779440425389f,3037882,20260904/acl-native-source/transform_decoder.obj
0364233a7793c4563272b4ec77c07cc99ea9c1b3816e5889074bad422386ca81,1699,20260904/acquire_all_animation_sources.py
bf4cc6bf8c023968f91e9525adb960b9ff7db21114902d65aff443688ec4dc82,279970,20260904/all-animation-targets.ndjson
9539973a652c323a1d03309c1e08f126a112d52663eae1433af453d9354edcb2,14251,20260904/animation-catalogs/1026692235.json
17f23f432a2eca425207bcc43e919a8a458a1bc79c06205350372ef15135e092,85,20260904/animation-catalogs/1026692235.log
d61560218a1e3e92377f65093ec222e1d435d6ef6fd68ac0584b1d7942c46b83,8262345,20260904/animation-catalogs/102847481.json
decbecd2133cfb0010022092825ab4de2003602895276dafb5c35aaff12c64ef,84,20260904/animation-catalogs/102847481.log
e22e16cd407f6b7d687ea0ff82d67cbcdd093343d5d40cc809304ba745337eea,20738094,20260904/animation-catalogs/1028955339.json
07e6086d30c27228ee4a00b34bf9dfe6fa927cd5624c443f1e8895bcbc88f419,85,20260904/animation-catalogs/1028955339.log
c94be1da164de81d2948aa43c093389fd65295bd439ee87b0eaa87d00ad8b5d4,7397633,20260904/animation-catalogs/1046828178.json
cb11ebafa9b020f0962a7c2ebce277d18ad352166c159e2d3c3741bfe332f688,85,20260904/animation-catalogs/1046828178.log
01f9c90b304e1b5ff4a1c479b0fe66859f2906dca86d897d720b8ba2eef2b454,12860124,20260904/animation-catalogs/1142011360.json
601f9dd9b7afe7d97433453b52e98713a71b5729bbc7251635bdf5da7a49aabb,85,20260904/animation-catalogs/1142011360.log
70e1f591509d555d0c61838919de0cbad0eed89139cc46c6c28a05adc10ca02b,67153055,20260904/animation-catalogs/1149549789.json
7d82210feccb7c8bc2051527156867394a14293608343e478c906ae7736bccb3,85,20260904/animation-catalogs/1149549789.log
d5ff7deab92ee92e3dbfbab04095c1f103b7271ec7e73fdfae32bbe4d7d72ba0,11346457,20260904/animation-catalogs/1186972585.json
4646aa4a018cc5f14dc0a3badda128657546c447bfac743d145fcd4aa45bb772,85,20260904/animation-catalogs/1186972585.log
3fd6c259687ba15feef06323bb47cf4d47706695e1b15bf57dff0bb8c2d56a0b,58472466,20260904/animation-catalogs/1254950121.json
ea56c629d4c44ea2148d1b1c912be59b4b5a3f65c100a7436a5e00e9880ba2c5,85,20260904/animation-catalogs/1254950121.log
77c9004a10c6d21673f93c7ba243b33ee36d801313d3b68607c8d44b549472eb,31076634,20260904/animation-catalogs/1268273491.json
0944f8d91da1c583f4c80bc3bacd4c373b88b2ee46ff34dfa045f8ea685e62f7,85,20260904/animation-catalogs/1268273491.log
84a200db67004ec4ac7b213052176ed3d658146e77538a013b2350e3de9c414a,51057,20260904/animation-catalogs/1270699580.json
c628b98faf4276282ce633109a13ebe63d43ef75b7d45c5a4f32c548a61e9c0c,85,20260904/animation-catalogs/1270699580.log
2b3cce34764233c49ec3bbb1c0da24c2dbfa928a076c4b29c4e019ee76142eb9,4954,20260904/animation-catalogs/1289821858.json
e7f007d3919f700c39748da20793403e961053d08c847352a0c3f87c1b14edef,85,20260904/animation-catalogs/1289821858.log
abfa5d85b7a0871cafd6d2383ebf8ff437cfcb81ccdc54d5a9befb54f9b15f30,55322782,20260904/animation-catalogs/1356588103.json
20157f49ec570b2e560f63dacd6a0c6ef755507a3a5c55202b60f6e2ade5c0be,85,20260904/animation-catalogs/1356588103.log
e8ec9c4320b78a7733145ae224c34171dac8cdd12e41ab247fee5394b2c51102,7979032,20260904/animation-catalogs/1436584839.json
1987d6a5b07987d2c6f26f28fe56e08014874fe138f184cde97424006bfa0b31,85,20260904/animation-catalogs/1436584839.log
8e5ad3a4d8d6f53d0e5babebef5543e725abaaeca811a1726806a518bf833332,44553019,20260904/animation-catalogs/1443375688.json
44ce6c2a53f3420f5869a7ebc7098f4cc07f95e9e99c58f7015477d813af2ef6,85,20260904/animation-catalogs/1443375688.log
c768dddc33dd841ad4496f6dcb4ea99189e1f90d7705b22967ecc78f02890e8c,117199,20260904/animation-catalogs/1457914485.json
16ff4b0e04fab13b37402c3506b7212e99a5698ec5f43e178f8a25ebf29b8c8e,85,20260904/animation-catalogs/1457914485.log
f0fab164b875a9a3e7c1f05e345708b807d67410b061c2548bac6bb168c79dea,3797335,20260904/animation-catalogs/1475924805.json
ea134f9f59d93ce92e2dfe33c85ab3f67d498ce87b50fd2c37868489b2fb8587,85,20260904/animation-catalogs/1475924805.log
9f391a874234fa13908773c9ff0f79b054ddd553c3829e9c2eb11e0aa7aa64d7,53429205,20260904/animation-catalogs/1523850217.json
aba8192b9d5d8e7b3c657f4a36bf850441c841e107e13c250614b344948d233e,85,20260904/animation-catalogs/1523850217.log
cfbb3705fe37a9d7f5b0fcd39a7a99121cc504754fee91e41a6222f8aa8b1812,67862337,20260904/animation-catalogs/1582351639.json
32e8cf64d58257021afadf2a8749166d9bf5e3634044439c00d1bedf46ade7e4,85,20260904/animation-catalogs/1582351639.log
288d387c0e7b9294b533f7256b7f8af3808fe0b5652d1617f5f7df315113e133,41216360,20260904/animation-catalogs/166455023.json
80eecd355f8bc3cd814d27f55c70edb37543c5b5273f3be863f288a67ffc9175,84,20260904/animation-catalogs/166455023.log
555e32f7489980f18f142ccf994623536b2a901bb9ba03515994d4d565041c9d,1165023,20260904/animation-catalogs/1669493536.json
7430450b1556ab072a780b7cda487bb2380a572239213083bdee7e7a7341435e,85,20260904/animation-catalogs/1669493536.log
3834ca12503c47646f9101087c65ec334a17261caf8a649aebb7f85c1c9798c2,649206,20260904/animation-catalogs/1684021637.json
fc474a694879304496ae5632951e4ddf678931518a161847237b354f22b3c692,85,20260904/animation-catalogs/1684021637.log
213d974c8df1fa46549f595fe1732e9a8e39f9a8a798d9839488541f78c04fb6,80571981,20260904/animation-catalogs/1694615169.json
33aac915fd131ff69ef6b3a62c5ddf72788d878b2a9f3e1a1d0c0faffd5fbd86,85,20260904/animation-catalogs/1694615169.log
cef889c3dc6a7ecdc6e595bf247beaa8a3d0ffee1803df46e3418f01956f55d5,45774716,20260904/animation-catalogs/1704382549.json
eaad0ba4ee0dde3a4870d8e71adeba34bc8f0b069a44b62302d25dfd0dc2864b,85,20260904/animation-catalogs/1704382549.log
7da554344e172665df0dda9ae8177061a6fe8c73299f544caa73607a6225991d,8260197,20260904/animation-catalogs/1715600529.json
40ee05f10a5fa2d0095240f5e83680f4f379a07cf6977228ace719c04a8358e9,85,20260904/animation-catalogs/1715600529.log
d912d952693f4899cbb6f4808f458112ac9004d38d6a6346801f11a2452058a4,635908,20260904/animation-catalogs/1838112281.json
826429db7ba2b871973acb9c33bc3ccfec0dd1e9ad883b105f4adb5c12ad021c,85,20260904/animation-catalogs/1838112281.log
dbbcfe9519e2220120f9fa3a77bff6a5628b01ab0f380ded8e070fc0f01170c6,8652273,20260904/animation-catalogs/1846016037.json
d553736a1cfe5d37aed3e36c67777361a04d0fd1cca3b86ebae5663e179e598b,85,20260904/animation-catalogs/1846016037.log
a08ab9bb080665a682ff083e5beff654bcc1d08727cd11983d210833d7c3f1f8,6718437,20260904/animation-catalogs/1860708741.json
7176ee0d815d2e48c2bd6b627b41da9f7e12e22f0d1ed2e20ba860f053d0b75f,85,20260904/animation-catalogs/1860708741.log
9c6751b1e32a510214b2512c5f5639be1b728db73e362467e585bd8b7383822d,28779779,20260904/animation-catalogs/1873273914.json
e9318a07bfbcd4c36d0d99aaf9d65512bc24b8aebe402be50bfe88fb759c1e67,85,20260904/animation-catalogs/1873273914.log
16b16329f608b20670f5fe7be387aa477294ad8b9e0e45513132b7706251137a,7572743,20260904/animation-catalogs/1876963883.json
3f978d0400082dca84c24b617f46e2236f3dbf6b0021482ebcbfd1a7e4feea13,85,20260904/animation-catalogs/1876963883.log
046fb8915f9673aeff2d5ac16ec5fe6d4d4642067a29e9b5b721f44c5ff01409,29773454,20260904/animation-catalogs/1916835551.json
d2de77adb6c6d30bfee2247b34b02316c647f2c195a5c792316ee0ee77b575ac,85,20260904/animation-catalogs/1916835551.log
77cf9cabeab694a850f37c8edfb3965ced54b86497b2ccface8ec85b18a84277,120181,20260904/animation-catalogs/1946096281.json
b84ff4db733e8e230325742d71992aa0aedfc93058cde1b129d56cd7968d487f,85,20260904/animation-catalogs/1946096281.log
9cb6cdca0656c7af8c8361714c6d016961554d0a38695f1fca95caa314b13aa4,18922,20260904/animation-catalogs/1986759335.json
bd5297ff4b52b5a3b09f7fc9bb947fe879ff0a33e78a5a3bdbd7a14d76f96f38,85,20260904/animation-catalogs/1986759335.log
a683224abd752409eb03b0ba6d7b6c3793eea1fd788862c8a18bddaa5d5c1e95,8365697,20260904/animation-catalogs/2006710238.json
7035bbe76d2d34271b5dec988a16a4554306c7b90cfb8a84030f569a77a162e7,85,20260904/animation-catalogs/2006710238.log
e5b9b3c181b87f47ba033e49c63bd9a52f8d17a581c81f1e67dab1d176889707,119065,20260904/animation-catalogs/2027913638.json
b047b9cddf3d01c312c39bf473ecccc48949fc96007f3f64b4435af111314b1f,85,20260904/animation-catalogs/2027913638.log
b7b145d558998bf9e7796c6c0514ccb943bb840953a31260cec0276dc7c20e24,62023144,20260904/animation-catalogs/2060327773.json
1c81aaefee50e85a9b811103bee44564df2897633e41b75fa3c486eac01bcbb8,85,20260904/animation-catalogs/2060327773.log
ab9dd31848a1f55ccab5202898b5e43f5a4cfb69ab3f230a3d0f3416521a3e50,2608,20260904/animation-catalogs/2070197004.json
1895350b9241403779a1a8c8c291d18cc264565268b423097829a70b1a5f9cd3,85,20260904/animation-catalogs/2070197004.log
df54e02974fbd8da41521634cdf6e390b5bc4ab57dffaa98b76cb0b0ada2a8c3,30735399,20260904/animation-catalogs/2104872804.json
2345f13bc0ddc6c920744407671f7959d661600f1d16665838fb06f311d15bec,85,20260904/animation-catalogs/2104872804.log
1f564c0159e3ce9844e7b53883bef195a81d852b0d1046a71ec6863cba46f666,8253935,20260904/animation-catalogs/2132654338.json
b489b3b086581d58fe14e7869097c932aa58d94bcadb2bb0203d8c835837bba6,85,20260904/animation-catalogs/2132654338.log
1aa23233e252c54d54b2e24bd449e2dce93c893cf137cadaba11ee6cfb57e473,236601,20260904/animation-catalogs/2139530915.json
1028027db88ea7537abb52dbac1a63b0bfd21cdd3e47dccdea9a31102f3ea2e3,85,20260904/animation-catalogs/2139530915.log
26e640062d6bf365d971c4ea25075411d26cd64fde29915b831cc00611750819,45383935,20260904/animation-catalogs/2183785604.json
0de92e221d2d14fa1899d786d1547d665fd138f576d49eb2015bb8655f494bbe,85,20260904/animation-catalogs/2183785604.log
cbf4e0a985ef027238e6f3d2a34a592bd3cc86c2cf0c7b2143bf0bdcfc9b4d41,8400,20260904/animation-catalogs/2192293107.json
f7c36a465f8d479fedf3bd86499acb9426d548131c44eed82a397224af677231,85,20260904/animation-catalogs/2192293107.log
5289cf6b3098ad3147c88a94f158b7ed7111eec996fe5a23220c9ecc1b15798c,9277767,20260904/animation-catalogs/2195884044.json
992d77136304471831e475ebff26eb1f0b9dcfd4f9f18a1e722f3900c7008f87,85,20260904/animation-catalogs/2195884044.log
0893840db2b3822db62f35e8813b954a6a62555a028e3d79f877b17e52fb94e9,2615,20260904/animation-catalogs/2217709091.json
292f318533f552014b656c289ea3c110c08087808a79106d4857bb95069183f2,85,20260904/animation-catalogs/2217709091.log
cc667a5981d951460103c6e7c7dfe68bc64a0185461f6de4669912cdddf195d2,14348455,20260904/animation-catalogs/223229245.json
6328460073d905f352155e5713af5e2de1a4ae3c8b1d256756bf3152c77b9806,84,20260904/animation-catalogs/223229245.log
0b1de46aa565cb4ad6dcc4a61e03ecb40bc407e67eed63ba0ebf90080f301830,227359,20260904/animation-catalogs/2243828476.json
1ed0bb14b159b5f54c39a771065629a21793e9a8736f85381457c3044c66c272,85,20260904/animation-catalogs/2243828476.log
43799fd4b1f3dbaa50178c8219dd563bafc4a18b1dff334e7794a4d7155ef44b,7906762,20260904/animation-catalogs/2326566219.json
bd553339a44ea4d30c87080c3ca73fd20eae2824d8962a5d65c8bce7e04fdddc,85,20260904/animation-catalogs/2326566219.log
dc47b65b2ec76302681164dd77e6daac5a76b855c279b92833355861c842e064,11411798,20260904/animation-catalogs/2329494380.json
28d0dc5c9ea93b509a7362c054358913c7c85eebfad27fd432c23298b46c2173,85,20260904/animation-catalogs/2329494380.log
afffbc5331c3ca066b933cda4796c5fbb58892cc042c9b9058468752fec8231d,117200,20260904/animation-catalogs/2339775720.json
523823624f61e3dcaf8e61921a5818f81d08db9ef7e363cf84feb0fc70595836,85,20260904/animation-catalogs/2339775720.log
dded22ef9e2a1cd13510acd7d6ac0026c45adfe5df456930c2db98bf885785b0,4904,20260904/animation-catalogs/2352393242.json
fd4aac64002d1a60803c7db506806cbe1e2dc0c8d730aa291c01be5662b62601,85,20260904/animation-catalogs/2352393242.log
8189edcd86a1f1e3586e52a5f66b4144900265a4123d85387ab44960c3eef6bb,13442088,20260904/animation-catalogs/2364458862.json
d9c013cac3f5f2c35f0138cc3b37b9996e71fba9b3e1ed7b822f9d1440c7633c,85,20260904/animation-catalogs/2364458862.log
5cd32f552758dbfd22883cf27b69902129b001794cdc073edaf868b83e45a095,36110050,20260904/animation-catalogs/2375779530.json
d2efe5fa085bde6562672b5ab1ea5d045e4013ebc4cb55ff90aaf65dff31b25b,85,20260904/animation-catalogs/2375779530.log
d5ec9616526811b2b10859f80b2e97a32c1a70c32b17815367b0cccf19c9118f,2623,20260904/animation-catalogs/2405416945.json
793c0836e9de7b72bfa5d7864e3b32ec0ed0adaabe2307c1b00e92c7a56a7623,85,20260904/animation-catalogs/2405416945.log
de9415793f75200cd7a6d6645e1e6bc45c86c9d3c7072631d4bd4942d0a492a3,184279,20260904/animation-catalogs/2414819008.json
b7a8b3dfb5edda103a8c2aab02c175efd241d9ffa14f2f9756bf1c847b6fe422,85,20260904/animation-catalogs/2414819008.log
728f43e0fe21d92f8766a761bb9ad2ef3ed2d0d8c6d45afdb6358d9022b4c6d8,2611,20260904/animation-catalogs/2416830657.json
f5b75a4289f0c3e01178830e2e7ad0a4bfaeb40a8e59bb5a68856309f7849466,85,20260904/animation-catalogs/2416830657.log
3667f52efb792c9342c97b4f75a1ec0d19ecfad5655599d566ebf3fa4dd1c8f9,27506950,20260904/animation-catalogs/242914715.json
6e7953c464ff74a8c037d4a06563f5113d5bdc14db8fdbe13e6a9d7d0f4a4558,84,20260904/animation-catalogs/242914715.log
cdfef47a02fceed82bffd0eb90552052336e782fdc46f34c3d5625a1edbcff4c,66958936,20260904/animation-catalogs/24427665.json
8540f36d3f6a884079a55ae8015a7ced589159bfa04ad96272544aa2d4907c2b,83,20260904/animation-catalogs/24427665.log
a774e87b93bca578b7dfb49b1fcc656f6fd3626523e5882c7501f8a013935fe3,10064178,20260904/animation-catalogs/2571630772.json
e9caa45a6f64426f2f3df826895765403ed80f1cc9793f4639f56fd534e83120,85,20260904/animation-catalogs/2571630772.log
c20c182f1b60b60fcdcf2be739586ad4ac31c179059158f642a4fe4c1904a0fb,79428,20260904/animation-catalogs/2583518027.json
81df7c1b3198171d10a12f940f6dbd9ad3d0314d146d6838556e5260718ec88d,85,20260904/animation-catalogs/2583518027.log
e728dd64d82e6d28abc6d1202647161f7f7ade2fba32fbc61dd175bc34a54acc,9997659,20260904/animation-catalogs/2610841569.json
c2967a5b816e67411a5d18c825a51148785dc6e0e0dac3748ac2629a046ec047,85,20260904/animation-catalogs/2610841569.log
f12bea80cf9242b0d91dff5e806340703c2d901a8ec5b2293ecebdd2f5aad287,16534,20260904/animation-catalogs/261957958.json
a0ba4be8b477e7d04eecb235ea6e6d3ae02dbfcfff25daa4d5c6e267edf236a9,84,20260904/animation-catalogs/261957958.log
81baefacc27996aa952dbd73e72fbd8ba236b457048b96da2a0cfabb477c3f64,8071655,20260904/animation-catalogs/2628649539.json
3cda8d3ca6853154a033a06c99115124311fec11bbb20568341b22630703fdc4,85,20260904/animation-catalogs/2628649539.log
45fc067789155ca4f7b21af46e9963b1490929092e1b10a5ff8ac6f417bec897,6193121,20260904/animation-catalogs/2644159928.json
8efba7c5e13dcedebf7d82f159592f81be603d09122f2b6ac06c0440e977c7cd,85,20260904/animation-catalogs/2644159928.log
40fc9f449e85d5b7fae19cf166285601a1b7b1daeae36f24ef3f5ff5f560d874,14908309,20260904/animation-catalogs/2659919068.json
96becdcb845ad3d4ddae41740bbc11ad9c03b17d598e2731cec776e0b4a52d32,85,20260904/animation-catalogs/2659919068.log
2074ca287c57bad4794b258e2da00dc760d6ff58031aeff5ddf1859c5d6258ee,227046,20260904/animation-catalogs/2702183463.json
8198a5fc8dde88f04049596ce0e806c547cf8eae79b4e4e4e6affbce3b15fa40,85,20260904/animation-catalogs/2702183463.log
549fbfb92dbe0c5fe0ce07486b0ab6a6b44744f209f5fa40aa0e07698ec47726,67871877,20260904/animation-catalogs/2719877903.json
0adec461ae692f3fae1398f18983fcca842e3ec278fbc89ebd393daf1248c3d6,85,20260904/animation-catalogs/2719877903.log
125dfe9f04c9b88fc3beebd7e1f128afa2b1472f0a4bd57ed2e7e65ac5e54e1b,11356914,20260904/animation-catalogs/2748134067.json
79bb0780d38f50be057b34d38561c0e22a4072688039f481b856cca1b7b9e4f4,85,20260904/animation-catalogs/2748134067.log
db92f7a06804c156bfcd461d7f62369ed07d1380098097b990bddb3294ac28ff,32917530,20260904/animation-catalogs/276809377.json
ee603b564a96e9404052a99626b8f73eb72c48971d03d5d124f51eb26c865042,84,20260904/animation-catalogs/276809377.log
4342bdac3f0d1899f4f610ee163a80a97970a30b09f70d06ceb3ada665edb387,6293749,20260904/animation-catalogs/2801920914.json
c9a2ed65e4ad51911705389991d42ec8ba827adcee100d9d5bbbac3bc387e233,85,20260904/animation-catalogs/2801920914.log
f1fcaf686459945ba3edae70a47d38fd13d71d398979c0cfc796cbda750c8c2d,9243962,20260904/animation-catalogs/2807369310.json
006ff74f9cd3588f0bba5c3f75bfa78d1f3ddeb299344ab411a8b0d91d0dd71b,85,20260904/animation-catalogs/2807369310.log
3cb608e5fe50d1cfc22de6c46aa757b3f8752089d56e23faed99e98c01efb73f,10325275,20260904/animation-catalogs/2849370921.json
3ac7655785b18396917bb4ca5d816224d188defd0a1bc50d5ee39318ca995312,85,20260904/animation-catalogs/2849370921.log
eb3f50553916ac375c8d6e548fbc5e3dbfa72d269ab9883fcef39dfab4e822b1,14361049,20260904/animation-catalogs/2906705493.json
d0f3b0f245feb458b11fc1470ad557d76fbbe7dccefa66c1f40f777cf3f31d82,85,20260904/animation-catalogs/2906705493.log
fa1a1f7bf14db489d16d63eca01b2ccbaf6342a29ee1435c70274ca55077933f,18091127,20260904/animation-catalogs/2932222405.json
2d68043ee5e28a9ca588b340a68038785887552bcd37db8eab12f8b90f6326db,85,20260904/animation-catalogs/2932222405.log
8c67ac20c435bd47ca5bdbc45b45533bdbb9c4b44b8f24773cf30a67dfdf15cf,44746494,20260904/animation-catalogs/3063036437.json
6e38e2c1cf8f7a0115091f24c49e09804fb103210bb2bf36d22ce9c68bca3dab,85,20260904/animation-catalogs/3063036437.log
3045e5448972c838a0b334e0445c8bbaabb01c6170d6029176c4d6096a559c0d,1028213,20260904/animation-catalogs/3094050808.json
28bbbe7f24652a8a53617aa0dcd076896d1d740bb17b61be0c038028c683999b,85,20260904/animation-catalogs/3094050808.log
535f0216acac48385219953e676b11d9ca64d7b069d87bc998048269a1c0dc64,29963142,20260904/animation-catalogs/3278416766.json
dbee3d65bf1235ce4dbe7f777a64ca20c2de50c487f14d537b206ebe0e544452,85,20260904/animation-catalogs/3278416766.log
01d13ec7cf7821620f59ffafd105ab0daef40479b2d78f3bb80357ff2789ff24,4219,20260904/animation-catalogs/3302616986.json
7327a0cdcbad22fa627518e476dbdd158ba5eb77122a1e66cc332dcd9010d985,85,20260904/animation-catalogs/3302616986.log
f5528d04262913c1fcbc807b0a5a0b0010386055844a260240a23b798248011e,15649089,20260904/animation-catalogs/3316514000.json
db68153bfc201e5768d700c05c23c5bf77aeb037fabdaab7c299fc17d2031dff,85,20260904/animation-catalogs/3316514000.log
1f25d1f1dc6752d1fd89e22c917312ffb0bab233b6148f2f00c318e965538852,20905123,20260904/animation-catalogs/3325839570.json
73b40d3143e168e88d80440ca0b474b26f68b632826ea17369ff8983ad35133b,85,20260904/animation-catalogs/3325839570.log
c3a43d5fbc2ae5fd89c1c91a8123d1fe390e9f6039793e9ae62179748c350e99,91101,20260904/animation-catalogs/3400898960.json
a6d422af75c15bccb54a0b5c3bc4c9bb6d9f7f012f3656c99e12ccb4f71b86da,85,20260904/animation-catalogs/3400898960.log
9eb88f92026074f67e3a77edb10ced0a6c2772f0df1fd275efca9180b67a2b5f,9250360,20260904/animation-catalogs/3521808087.json
c5e81abb10162efde6f24205d34b4055b3a7dbabd107b85da1a1a12798cf6cc6,85,20260904/animation-catalogs/3521808087.log
d519ec06072e3c8924790214a685539b1cac50bd3975793efe8fb7f7d17e7ceb,24678919,20260904/animation-catalogs/3557498245.json
b2094fd78e15a3c1d01a23ba799b05e4c83efc36a361c3e3bb54d8e9a53d55dd,85,20260904/animation-catalogs/3557498245.log
9554ea62d399029e4408543b9632e2613a0e93bf00aae10f98f4a0338e810d01,19513894,20260904/animation-catalogs/3684114180.json
f376f439e67f052f090fc3efce9b6915889182d06d25f33fb4b43ae39e466ce3,85,20260904/animation-catalogs/3684114180.log
31f905da51bfafd720de2f7e6cb4bb55fc203c69ab63f0da1eec79a17e5b531b,21042482,20260904/animation-catalogs/3705193454.json
ff824f5db6160c5fdffba2c980c68cb4460c15d1a4d2e1778ec89fb8cce3e711,85,20260904/animation-catalogs/3705193454.log
c7199822acd61bb6cb1b6aadb06f3658a465d0219f04afbdc9285e12509b3679,46540788,20260904/animation-catalogs/3825098192.json
0cc2080be925c01d532009871a51eaf986cd57fc0c40d6e137b3b0f2fbfbc33d,85,20260904/animation-catalogs/3825098192.log
333d0c7bd50d3543abfa6fd3de8cae9dbf87cd256aa2131c472a592275f949c0,4942,20260904/animation-catalogs/3872530502.json
c242792e562a60e6dbda6972a85a9327d242ef2fd33bd579788fbc7123023f26,85,20260904/animation-catalogs/3872530502.log
f8962621d95158d6995fa764a8faac2c575df0feecf84bd8644e2902e7411167,12365112,20260904/animation-catalogs/3897234846.json
35efc078c50fcf1a3685c733078a7b9aa15bc4ed8e49cf6661ff4f3ff1112f10,85,20260904/animation-catalogs/3897234846.log
77ff4133c2a99c1303a7f5acbc331370200b08b5f529dd3bae1fa7c2a30c12b0,17745925,20260904/animation-catalogs/3901315218.json
b10a1429569d05123d906e7bdfafb9e7ac79972a3b1f6e88c091da424374343d,85,20260904/animation-catalogs/3901315218.log
038e27f2ad738e4c6f61b01ed2075cdb96d496dd1f7a9da5db70863f660f34dd,17770641,20260904/animation-catalogs/3933241010.json
256f71cf96b418ace191c6724ea15234aaad3af55a58e4c6fa9aa8ffb332fdfb,85,20260904/animation-catalogs/3933241010.log
35ad7d822bf656fa68956a703d61ed379989b0378c33ada3085685d3b98a126d,8260887,20260904/animation-catalogs/3939520730.json
3d54c8ab46dd890fd7bfb3143aa38bda0a1a56b8be0e856fe917ac7cddd36a2a,85,20260904/animation-catalogs/3939520730.log
bf6bebcf7cb7de97dfa873966bb954c508aa86a3355c76be47519902e2529fbd,4914,20260904/animation-catalogs/4042263993.json
394f1f8904c463c6bfb9761b5010a9790540c5d7b9e6ea938ff76d12464345bf,85,20260904/animation-catalogs/4042263993.log
bd06ab8b4cb63345eda2ab3cb5dfef976d0e4dc045ecd2dfca65c8a121ea504d,46671211,20260904/animation-catalogs/4128630151.json
071592e2b6008ef4b0a27e21f2c949a7521d01989afaab8778705a224ce825fc,85,20260904/animation-catalogs/4128630151.log
4037d427549e2894437e77391f878b6d358401f8a9810e5816919ceef2360b88,1401131,20260904/animation-catalogs/4132213415.json
11528f924b9affe8034570183989a9d6d59a3c6ff0ed0bf8fc8a225f66e24cb2,85,20260904/animation-catalogs/4132213415.log
d2ba7ee8043d8980cf0ca6ae51f1def74678884f6c8e1f7b949f44270d3ee171,36493262,20260904/animation-catalogs/4157852381.json
ce3b7004200f21fa079994c8558ec5c88264b9fa8b454c82644b5b1ebd7b632e,85,20260904/animation-catalogs/4157852381.log
a2109c040858e593281856159a30aa479815250c1fd918f18885402b975932ba,24612,20260904/animation-catalogs/4236573562.json
2ce8d5bf52326f50e30e8c67dd3c7bc70aff454535701317afbd0b03711928d9,85,20260904/animation-catalogs/4236573562.log
e5e2ef3e5e4d30de6315d7af113b46b10c6362bbbf632cc196713e82e4c670d9,238112,20260904/animation-catalogs/46458901.json
f0e19bd755993f1d9485532951b9a8ece8451bd840560b0fa1ee905b5bb1e7e1,83,20260904/animation-catalogs/46458901.log
3df72e1f5b52680b8dcbfd4a4fc3ba18df3c57b96cee3f09e7aad389b611a73b,75907934,20260904/animation-catalogs/513807104.json
ca3a605215999cc99cbfe76a6ae9a4037520583125f9d26e80d9435f02a856a8,84,20260904/animation-catalogs/513807104.log
b309f773a8e9c569ced66e91e76537274b3406e4c7e3bda4f1f9e7f595446d61,4238,20260904/animation-catalogs/578207762.json
cdf769451bff3bcb4fa1da499237db36c155e7d5445de05aa4f8aa7dde0e2309,84,20260904/animation-catalogs/578207762.log
19fd2c088d6f6ee85314090a17c35ffd103bd49ca98d66fa95af7aae00ab9df5,13736840,20260904/animation-catalogs/600607555.json
6e26ce26dfbff9d53e67e984e7938452316096c6fe8ab1ec4be0d7f54ef4ac36,84,20260904/animation-catalogs/600607555.log
a181b4cedf9ea27dc59a58a8c95fd541f634d229a93d745e062a7ad2be5f4d8d,8526258,20260904/animation-catalogs/666175487.json
37a745eae293a1f94084297c7822a3a2d8a05bc558139aba0a0cbe964b277fe8,84,20260904/animation-catalogs/666175487.log
ba51e8dbcb4a965d0b1602452df44a9fab541ca8882c8d021b00f7a379a8fb51,8584750,20260904/animation-catalogs/688857604.json
1444cc3e7e535e37ad75a12c3d94f6ce81c1eefaf31c69ac6fdcec2f4394808c,84,20260904/animation-catalogs/688857604.log
9ad58814af3b173cfb4d5196ae01df46b8106db5e313ec7aaddae6fe16913206,21328370,20260904/animation-catalogs/710101617.json
5cf2ad79bb078c27d146dc5feda7eb8336ae1d4e79d4d7b15a9f669c84a2be8c,84,20260904/animation-catalogs/710101617.log
f3250111f1bbd6b62e0e21a126ac337196cbe638d07d6507a6e3cf9eaee85eed,219900,20260904/animation-catalogs/721163356.json
e3d7c39ac6495096ca00777bfc2c639cdb2f64c395334505ef20deeb6e6210e0,84,20260904/animation-catalogs/721163356.log
d44d7824bc1eb96bf7fcf7ca67342f563cc27f1b736a736796be6fb4ab1a8e58,9327654,20260904/animation-catalogs/743950099.json
55fda24456b3c287fd22f83c3eb2a8d396253a07ae7e04963248d344606daae7,84,20260904/animation-catalogs/743950099.log
b5cfee854c863026cdff96686add36046b4b92f8cb65699247ec922bf53f0700,31749880,20260904/animation-catalogs/748631265.json
a1227990efe1bdc3dcc47c0afbbd63223ce75a0b9f45f0ca983fddfaa8a50b95,84,20260904/animation-catalogs/748631265.log
bf168eb2142dc5b12b5631413e70054a68d80e2225ac8a314dfd7f2fe0a1a68e,18789211,20260904/animation-catalogs/760203698.json
4642f6f217a9a93cd832f910cc63f5160c4fcb0677e60f6ec648f03257ffa094,84,20260904/animation-catalogs/760203698.log
92548d13be1cc041ceabdff2b7dfd124a1bfd1cb11f6e296c5e9cef6a837792b,1557911,20260904/animation-catalogs/769160839.json
b14b7ea3603c75082aa783509524ccc260441009e1e2bad078100afb868600b5,84,20260904/animation-catalogs/769160839.log
c9bb4ddca2fe116354bd3f526726502066f52ebb0ec60a3fd10dbe27c5f7d0e9,17770965,20260904/animation-catalogs/776102776.json
64beed2401590904599aac014b5935613eb83abf6595a967084797949c3448a0,84,20260904/animation-catalogs/776102776.log
d65124926c7afdcbabce03a47f94c2147328cd5b58f11a87bc6fa4bd40a75a7b,26261231,20260904/animation-catalogs/857420442.json
c3967c48517a2ece3aa0dad03153dc409a945c3862b196a18341861451f64f20,84,20260904/animation-catalogs/857420442.log
6eb6f291cc0a4bba2997abdd0be2d6486646c8c16c91accc3f28635a7e17a122,436824,20260904/animation-catalogs/915631113.json
62e2f6b92ab36ddea3a2eff7019b75f944c84633b5eb86bd310b9b81ce5c3a35,84,20260904/animation-catalogs/915631113.log
0a87c321e6db0005cb4991f4795f0ff8e037a859fa042926a5d05c2a63f38848,4279459,20260904/animation-catalogs/925645607.json
347ed84f161b21d56ce65d60a10a72dea4c2597b42f1566b8e788ea5c5bfc720,84,20260904/animation-catalogs/925645607.log
1f884c5e96dff115767f09de1b577c925d38858d9464463a563384aa3c879bb1,3693,20260904/animation-render-review.json
e1b8024cfa5b535f84f9ee12a8470c9bebed6e79a5694d3c669cec95c31b5037,78139,20260904/animation-targets.ndjson
5f1659204a3646ba3f37c31a1470b12afc1cc4a8b5bf52b0287323f6da591d3f,18702,20260904/effect-bone-path-evidence.json
b25a300892277cb96a1b5d56882610c7452bb4aec2188c5a2d6780f66a4ed275,9964,20260904/effect-bone-repair.json
0f4bd7fbfe64a75711133d6114b8f82f86dd23bbdb22b6b8e3e212456e159a14,1619,20260904/final-verification.json
16252d4eb6ac9c3f93cc59932ee50796363778a0a550f081b69d75c53e2c2af1,2653,20260904/fresh-hair-catalog.json
4b3fdc241bc483a1357d24e55cce040356fb45650cec014c2176da26602d8353,4078845,20260904/fresh-hair/2583518027/CAB-9fc8bde953e0cc5bedb5d13203291759/5315158174618627359/Remielle_Hair.json
25c61234b92c0de1c625793c14a199450db14a1610c5a04859b8f30d4cb7bee3,665,20260904/fresh-hair/manifest.ndjson
ae3f399be982086cdb823491a902e5ba33c574dfa0ac9324522c024d49b4f5d7,39053,20260904/full-scalar-audit.json
95cdedf72909903520c58c98c300e6d6d4701d56567c2ebf70f3ff73bc3b9f5f,528,20260904/hair-fresh-target.json
005a15c54656ace1ce07800d83540e9309551129a6da534189e03069838c9a24,1419,20260904/hair-runtime-recovery-record.json
b87f58964747637fd2ec11be470d044c0252cca4a183d1328792522069373264,2677,20260904/hair-shadow-shader-findings.json
77b63d8ce14057cfa81e36ffaa7836020abccbc85bbfb3d80266e664599eacae,898,20260904/hair-shadow-shader-index.json
545da7d77425dfedfb99beffc02214d0645519cacbaa7d112ba470485a9c4732,306,20260904/idle-raw-target.json
faaca68368b95d41e44095f581cf9972f1088de9eb97e1060288de5136257c5f,2447,20260904/inspect_native_animation_rig.py
3e97b5f4330369fa512884d6f90e5f15d030778a26c200ebc3d78caf0dc65ca1,2460,20260904/legacy-bone-repair.json
b27aebb8201fd991b65e03899758bef1e2534538077a0345a33fd99d6a174ece,34106,20260904/lut-gpu-audit.json
dc47b65b2ec76302681164dd77e6daac5a76b855c279b92833355861c842e064,11411798,20260904/mc-catalog-2329494380.json
f8962621d95158d6995fa764a8faac2c575df0feecf84bd8644e2902e7411167,12365112,20260904/mc-catalog-3897234846.json
cab7a71953b57093aa4a44b5d89bb2ed6f3f51e8beecefcb9d20d9d9352a8d6e,268,20260904/migoto_hash_artifacts/c07b54c6554b2591_miHoYo_Character_NapStencilShadowCaster_9078208572821743001_11.dxbc
b01be8f30dff766fa66cb100d28aafc8edc99c2683760a569666fc98b66bb45c,246,20260904/migoto_hash_artifacts/c07b54c6554b2591_miHoYo_Character_NapStencilShadowCaster_9078208572821743001_11.hlsl
0cd64f44b2ee25c998880a49abc41e6fe6e85da1cfb85db1f53e627f7aea4ad1,948,20260904/migoto_hash_artifacts/c07b54c6554b2591_miHoYo_Character_NapStencilShadowCaster_9078208572821743001_11.reflection.json
1e9ecf1d02ad3d210dcbfdfd8d264c9fc79cd0c64338f8ac106cbce42703afff,750,20260904/migoto_hash_artifacts/c07b54c6554b2591_miHoYo_Character_NapStencilShadowCaster_9078208572821743001_11.txt
cab7a71953b57093aa4a44b5d89bb2ed6f3f51e8beecefcb9d20d9d9352a8d6e,268,20260904/migoto_hash_artifacts/c07b54c6554b2591_miHoYo_Character_NapStencilShadowCaster_9078208572821743001_6.dxbc
b01be8f30dff766fa66cb100d28aafc8edc99c2683760a569666fc98b66bb45c,246,20260904/migoto_hash_artifacts/c07b54c6554b2591_miHoYo_Character_NapStencilShadowCaster_9078208572821743001_6.hlsl
15f7e24ea63a57339e38257744c1616337101a5ee1ccabf97bd1e259af618959,949,20260904/migoto_hash_artifacts/c07b54c6554b2591_miHoYo_Character_NapStencilShadowCaster_9078208572821743001_6.reflection.json
1e9ecf1d02ad3d210dcbfdfd8d264c9fc79cd0c64338f8ac106cbce42703afff,750,20260904/migoto_hash_artifacts/c07b54c6554b2591_miHoYo_Character_NapStencilShadowCaster_9078208572821743001_6.txt
cab7a71953b57093aa4a44b5d89bb2ed6f3f51e8beecefcb9d20d9d9352a8d6e,268,20260904/migoto_hash_artifacts/c07b54c6554b2591_miHoYo_Character_NapStencilShadowCaster_9078208572821743001_8.dxbc
b01be8f30dff766fa66cb100d28aafc8edc99c2683760a569666fc98b66bb45c,246,20260904/migoto_hash_artifacts/c07b54c6554b2591_miHoYo_Character_NapStencilShadowCaster_9078208572821743001_8.hlsl
01d8a6291e091f67b678b36df07197d3331d41e65308c542de760067b7a22556,959,20260904/migoto_hash_artifacts/c07b54c6554b2591_miHoYo_Character_NapStencilShadowCaster_9078208572821743001_8.reflection.json
1e9ecf1d02ad3d210dcbfdfd8d264c9fc79cd0c64338f8ac106cbce42703afff,750,20260904/migoto_hash_artifacts/c07b54c6554b2591_miHoYo_Character_NapStencilShadowCaster_9078208572821743001_8.txt
65dade7ca9a9636cda2eabe7797358bbf2aa857518158afc01a76bb775bf0f7f,194447,20260904/native-active-flags.json
74549642531af53772aa1d858d3d88285fc8913c19b1883ca477f1dddaed6dcb,4190,20260904/native-animation-verification.json
566150358bfcfbfa5334fabccdfe74adab7b3e22a3c92038bb8c012378d1b68d,1205803,20260904/native-rig-bind-audit.json
eb3f50553916ac375c8d6e548fbc5e3dbfa72d269ab9883fcef39dfab4e822b1,14361049,20260904/native-visibility-catalog.json
581128e13931b69c057450a69934aac755d6d47c80e77328fc63dbfbe17a9182,43,20260904/native-visibility-raw/2906705493/CAB-a54cb8ece006bf575b732cd3ab36fd55/-1027663577407990032.1.raw
924e9c6f0325392435f583c7e99c465a4084aa172fa0dc80cb37c5963cd9b746,43,20260904/native-visibility-raw/2906705493/CAB-a54cb8ece006bf575b732cd3ab36fd55/-1095447133371058308.1.raw
2e7c0dea13824b7191a1fb42cb01de8adec6141ec77f608d738fa857c9478d6e,43,20260904/native-visibility-raw/2906705493/CAB-a54cb8ece006bf575b732cd3ab36fd55/-1102843726136990838.1.raw
df87769ce3cccfc79efcc5b89f92c4dc7ebfdb6b28be8f4600e2ebd177ea9dfb,43,20260904/native-visibility-raw/2906705493/CAB-a54cb8ece006bf575b732cd3ab36fd55/-1106312346194176238.1.raw
502b959b813217e0f2080b9254b68f66341d52ccb926c8952ed83eb904e45f22,47,20260904/native-visibility-raw/2906705493/CAB-a54cb8ece006bf575b732cd3ab36fd55/-1149904613271946886.1.raw
09ae6e071c5302050b9d71864ea3b5722357230e70e5f2ba9bf66a394049d449,224,20260904/native-visibility-raw/2906705493/CAB-a54cb8ece006bf575b732cd3ab36fd55/-1158087645795597371.137.raw
387a47337476792ee0d6edb415d86592ad3e3400bdb4c8b7eee0c4c74d2f9895,47,20260904/native-visibility-raw/2906705493/CAB-a54cb8ece006bf575b732cd3ab36fd55/-1178179724173447537.1.raw
9639db85730bad150c1a8b97348436911eaf02f2c9c75b8a53b0895a2182a60d,47,20260904/native-visibility-raw/2906705493/CAB-a54cb8ece006bf575b732cd3ab36fd55/-1187859081586568602.1.raw
7962dda5bc47447c53fdaf6086ba75c262b3d652028baaf75f756d95188f9bcc,43,20260904/native-visibility-raw/2906705493/CAB-a54cb8ece006bf575b732cd3ab36fd55/-1228998643664375855.1.raw
a9eeb51c1da8cae76381f0041d8199355dd3dab0441413eb9b2a80fc00b310b7,47,20260904/native-visibility-raw/2906705493/CAB-a54cb8ece006bf575b732cd3ab36fd55/-1240473666504079415.1.raw
97f9b16bc822eb53dacbe866b43b3778cb942a65f616f0684f88dbcbc98c8708,47,20260904/native-visibility-raw/2906705493/CAB-a54cb8ece006bf575b732cd3ab36fd55/-1312054820131179091.1.raw
47db7d4ba226cb089fb78ea2d03ff1987ae838bf2016cffe0176f56ddb6e0179,47,20260904/native-visibility-raw/2906705493/CAB-a54cb8ece006bf575b732cd3ab36fd55/-1331697629348049234.1.raw
4225501d209ba433f7cd2181d86b10ddff83b68f53e797cb23af35e206f8b1f2,43,20260904/native-visibility-raw/2906705493/CAB-a54cb8ece006bf575b732cd3ab36fd55/-1343456777142893253.1.raw
01fefe1343d0a0fc9ca290e3325f477dc302f3a7db0da06b537f4fd4fecbc87c,51,20260904/native-visibility-raw/2906705493/CAB-a54cb8ece006bf575b732cd3ab36fd55/-1374076528272343539.1.raw
90c17e78c398884bf3fcd12d3fdbbf256e3ade530d3d179c269af9d82ca03acd,47,20260904/native-visibility-raw/2906705493/CAB-a54cb8ece006bf575b732cd3ab36fd55/-1388908580890507399.1.raw
d08f389cefb67a7624d3b83912e5aa429645dd4cfc2aa2fe2ea68d820bcddf22,47,20260904/native-visibility-raw/2906705493/CAB-a54cb8ece006bf575b732cd3ab36fd55/-1428236939315936201.1.raw
95d06f42ce76d2bd25dde11c18e5bec2d31175fef1fb152bab94da9e1aa563f9,47,20260904/native-visibility-raw/2906705493/CAB-a54cb8ece006bf575b732cd3ab36fd55/-1447360345840569275.1.raw
8680a133fa56a7cfd62cb52f7851005b991867e6eddd246978fed56a44f32827,51,20260904/native-visibility-raw/2906705493/CAB-a54cb8ece006bf575b732cd3ab36fd55/-1466811131606646973.1.raw
88212aa2045ae4a92f07e2e713a938ba5c4aaef23d9d551419644e348347e98a,43,20260904/native-visibility-raw/2906705493/CAB-a54cb8ece006bf575b732cd3ab36fd55/-1466970518729802142.1.raw
4daf9a1a2a8938515cc75346987cc75bf52e70ccf9a3bcca1c1444572f6c6eb4,43,20260904/native-visibility-raw/2906705493/CAB-a54cb8ece006bf575b732cd3ab36fd55/-1485522307880728706.1.raw
509def3098a8b0e972ab8628d3e923da14de864270c9cd4473287b78face10a2,47,20260904/native-visibility-raw/2906705493/CAB-a54cb8ece006bf575b732cd3ab36fd55/-1545368462642813419.1.raw
d2fa4349247ad1be58726388afc3fe8af5726c6be538fc161189d7e6f7551356,43,20260904/native-visibility-raw/2906705493/CAB-a54cb8ece006bf575b732cd3ab36fd55/-1552923682740087084.1.raw
824e431afb78eeef2a43dca03f96a3cc1be22d3f63afe2bd79c3b32b0c8ad4a6,43,20260904/native-visibility-raw/2906705493/CAB-a54cb8ece006bf575b732cd3ab36fd55/-1615946364041671579.1.raw
712c1c2e88733aaea1ecd5843af568e078614664079d46801f2fe8ccb6f747f0,43,20260904/native-visibility-raw/2906705493/CAB-a54cb8ece006bf575b732cd3ab36fd55/-1664180003316486275.1.raw
7989d68cff7e9cb94d913ea327390aa76ab2639d466267a0833b35a8fc2f760d,43,20260904/native-visibility-raw/2906705493/CAB-a54cb8ece006bf575b732cd3ab36fd55/-1665942572927735539.1.raw
cc08daed9e219c01d234c5a0c734c236b5e30b4f629a0804899bf907727ce270,47,20260904/native-visibility-raw/2906705493/CAB-a54cb8ece006bf575b732cd3ab36fd55/-1686932659542660020.1.raw
b4fa0b13911bd3b6db0ad14ffe30b5af77375880714904e11eac2641a5b0fd26,47,20260904/native-visibility-raw/2906705493/CAB-a54cb8ece006bf575b732cd3ab36fd55/-1776384999689053612.1.raw
5f687e96bb50463e1d3431b5667621a1f411dfdc1aa92ea1abfd2f46333033fe,43,20260904/native-visibility-raw/2906705493/CAB-a54cb8ece006bf575b732cd3ab36fd55/-1782461200362108820.1.raw
47266a79758400aa3972510185b436c5ab53de940ea4c7c65d5ccfe768c27852,47,20260904/native-visibility-raw/2906705493/CAB-a54cb8ece006bf575b732cd3ab36fd55/-1807696685663493511.1.raw
0f8373d69418bb4f6bb1dbda7c8230176d421c3d0b3226229c62e111ae8080b6,43,20260904/native-visibility-raw/2906705493/CAB-a54cb8ece006bf575b732cd3ab36fd55/-1822707423283435196.1.raw
1ff3be4f81fd51d4c1e47f6d6005e846dfa21d0398b60d946f7df882b8e94e31,59,20260904/native-visibility-raw/2906705493/CAB-a54cb8ece006bf575b732cd3ab36fd55/-1956503879064711200.1.raw
34bdf1f540bafcdfbf2c564560753eab3bc8c582002995666e9f54800a583e87,43,20260904/native-visibility-raw/2906705493/CAB-a54cb8ece006bf575b732cd3ab36fd55/-1956705892945287310.1.raw
4fe50f5a2aa265bfe44092027e329a345ea4a6e098ec93f66aee0f6298afea08,47,20260904/native-visibility-raw/2906705493/CAB-a54cb8ece006bf575b732cd3ab36fd55/-2002753566260190139.1.raw
a41a4fc3991420c32f79be4aebfb2c048d080b55446d77b4d4b16df3ab68bc12,39,20260904/native-visibility-raw/2906705493/CAB-a54cb8ece006bf575b732cd3ab36fd55/-2053092237043491147.1.raw
fca5ce4145a326aa358dd94f404ec4a58e0c0896312606637b3a98a063e759d4,43,20260904/native-visibility-raw/2906705493/CAB-a54cb8ece006bf575b732cd3ab36fd55/-2064138435349197820.1.raw
d72efcb163c5c58214336e86d28da7c5c844f993e809f2803fa0748c7ffe7969,47,20260904/native-visibility-raw/2906705493/CAB-a54cb8ece006bf575b732cd3ab36fd55/-2097507410119431585.1.raw
8b4f616a4bd5af1df2e0d6c1185041989ab1365ab09438ea52b40792123610e5,47,20260904/native-visibility-raw/2906705493/CAB-a54cb8ece006bf575b732cd3ab36fd55/-2118794211902101795.1.raw
528d862a4c6720a699f2e09bac93aabfba3438f16f2a0fb8ff18d48d867c8654,632,20260904/native-visibility-raw/2906705493/CAB-a54cb8ece006bf575b732cd3ab36fd55/-2175758165994586734.137.raw
fca7f6f7a30e8c232e02d9ecbee3deb3793f8d2ed09b479b6f575a2295d9db18,47,20260904/native-visibility-raw/2906705493/CAB-a54cb8ece006bf575b732cd3ab36fd55/-2246902876229691845.1.raw
917f3fa25e19e9694874f938c6d6e89739d43a0116a5d10c12d8fce9d8c7d24e,43,20260904/native-visibility-raw/2906705493/CAB-a54cb8ece006bf575b732cd3ab36fd55/-2288457984174207561.1.raw
47b6c931d145f3c1ecad01707cd1ed210b583162d9b8289e5d1c4cb8a2d24e41,43,20260904/native-visibility-raw/2906705493/CAB-a54cb8ece006bf575b732cd3ab36fd55/-2294885709593640459.1.raw
c1c777a62469e7307be0e5d0c58a7371aaee42b2ed343dd3c4a622a90a2c7ea9,43,20260904/native-visibility-raw/2906705493/CAB-a54cb8ece006bf575b732cd3ab36fd55/-2321334041284668434.1.raw
07c7187005571e914fa879bd418fd3538c630a779815d06d1338b2925be9d0c1,47,20260904/native-visibility-raw/2906705493/CAB-a54cb8ece006bf575b732cd3ab36fd55/-232462898963742276.1.raw
5536008b5f71966f0940989e980998cb1ed83fad9f86109b1dc80cb13851829e,43,20260904/native-visibility-raw/2906705493/CAB-a54cb8ece006bf575b732cd3ab36fd55/-2342798662148305107.1.raw
47bc07c134ecac992bd69aef7730206946c4dd69469ee758bfbec29fa200de71,43,20260904/native-visibility-raw/2906705493/CAB-a54cb8ece006bf575b732cd3ab36fd55/-2345195950235077850.1.raw
1ef44108e74a0d4d1203579deebcc00ef806a3e5ba85233c757c1fe8172bfe89,43,20260904/native-visibility-raw/2906705493/CAB-a54cb8ece006bf575b732cd3ab36fd55/-2365969102640363150.1.raw
c749728db5d75c2e277af73c20facb072781f129694c30d0da44afb8e6b1554b,43,20260904/native-visibility-raw/2906705493/CAB-a54cb8ece006bf575b732cd3ab36fd55/-2388724866203195862.1.raw
43e3a66dfc536bb94006933c0b9c9d8d640d5bae111c9307c82d3e336107df4b,51,20260904/native-visibility-raw/2906705493/CAB-a54cb8ece006bf575b732cd3ab36fd55/-2395798594919621402.1.raw
bda4026ce3ac3b4e71679728be8152ecf65c34e71086051676363fd76abf2b67,47,20260904/native-visibility-raw/2906705493/CAB-a54cb8ece006bf575b732cd3ab36fd55/-2455567216205281401.1.raw
e9d619b637dafbc2f0e4b2bed93fc7139c8930b10318ec245a4b1c2b4ccdffd0,47,20260904/native-visibility-raw/2906705493/CAB-a54cb8ece006bf575b732cd3ab36fd55/-2505734613296080915.1.raw
e3c1434ed3f9a532236ec702f45a0b668cac7de28193ca527f8d888285ba45cd,43,20260904/native-visibility-raw/2906705493/CAB-a54cb8ece006bf575b732cd3ab36fd55/-2537182503430273833.1.raw
88a55ae325c554d95ff01636fd517bb7ea56311579bc4c4f14ccf3b09625c261,47,20260904/native-visibility-raw/2906705493/CAB-a54cb8ece006bf575b732cd3ab36fd55/-2551245015284387785.1.raw
5f0bd6fe46d8002d7dde23383b0579196aeabc7abb697de956fd0a5c7e9086d9,43,20260904/native-visibility-raw/2906705493/CAB-a54cb8ece006bf575b732cd3ab36fd55/-257555143731647212.1.raw
bdac33e33142b0a0b7255e2efb63711896af4fd1f8edaf210d3ecdc16397cf28,47,20260904/native-visibility-raw/2906705493/CAB-a54cb8ece006bf575b732cd3ab36fd55/-2656397369106094655.1.raw
f0c190d6d5bc8b8289eb8d4bae694e084a06d0b8c3915d29886e011b9cd06387,43,20260904/native-visibility-raw/2906705493/CAB-a54cb8ece006bf575b732cd3ab36fd55/-2667039102864789914.1.raw
2c5538496d4bf643201c3f6088b92184e134beb0b80072d2f77da3346660f5e6,31,20260904/native-visibility-raw/2906705493/CAB-a54cb8ece006bf575b732cd3ab36fd55/-2667284855313602951.1.raw
58a396b4c76c8b00be302ab04a35190a753c2dce523c4d08fc16c017e0721220,47,20260904/native-visibility-raw/2906705493/CAB-a54cb8ece006bf575b732cd3ab36fd55/-2685824776234499453.1.raw
224c93107a3801aa19304ff5e3b146fe5a0b6ab02406e6d4cbc47eab04ec874c,47,20260904/native-visibility-raw/2906705493/CAB-a54cb8ece006bf575b732cd3ab36fd55/-2771191048243423652.1.raw
abcbdb54a475dc6e053775e3f6f8e8eb3c11462fc8d30229c82a43a86381b940,47,20260904/native-visibility-raw/2906705493/CAB-a54cb8ece006bf575b732cd3ab36fd55/-2778302307223795853.1.raw
379c81d847dcf6cd5a005a4e0e77e1777a78de453abc59aed85c15fa01f3d7bd,47,20260904/native-visibility-raw/2906705493/CAB-a54cb8ece006bf575b732cd3ab36fd55/-2889851757377747964.1.raw
2be451dd2fe2894c178342a85e0092c03fa44fb114bfc7fc3d84e27957ec4ba0,47,20260904/native-visibility-raw/2906705493/CAB-a54cb8ece006bf575b732cd3ab36fd55/-2913305038789656796.1.raw
02bb29a70d1a4df3862fa175bfca9776410a682d7cef12b747d6ebe81427886f,43,20260904/native-visibility-raw/2906705493/CAB-a54cb8ece006bf575b732cd3ab36fd55/-2944700290374553442.1.raw
08237c328d0db6dfde186b29fe8026c7f9fb67f58853e1407955b63fa318832b,47,20260904/native-visibility-raw/2906705493/CAB-a54cb8ece006bf575b732cd3ab36fd55/-3027918023353143839.1.raw
2be793a61ec69d488ae3882c185ef6df47d5963da68acccbe17a0ae3e989f3ae,47,20260904/native-visibility-raw/2906705493/CAB-a54cb8ece006bf575b732cd3ab36fd55/-303036564695825235.1.raw
dcca0e3af94a14e74c165827b01c25f70e17dc99db90c57c6ebd6768ad9d8616,43,20260904/native-visibility-raw/2906705493/CAB-a54cb8ece006bf575b732cd3ab36fd55/-303238160242648676.1.raw
8855766f13e6975d1e418ebdabe21bf2719cc43d0ee9b62293a789aefdc330d5,59,20260904/native-visibility-raw/2906705493/CAB-a54cb8ece006bf575b732cd3ab36fd55/-303876150687139801.1.raw
1b774c7fbe2f69c54d394b68d5d4d308ca25f9268abf79a5b031ddfaff4ca9c1,47,20260904/native-visibility-raw/2906705493/CAB-a54cb8ece006bf575b732cd3ab36fd55/-3147664438478073308.1.raw
35c69fe5efbcc64a954c997d4e187cd246362f74eee84abadf500955f5ed05a4,43,20260904/native-visibility-raw/2906705493/CAB-a54cb8ece006bf575b732cd3ab36fd55/-3160728370041747924.1.raw
fa1355d4ee18e24d532c7a7917a357d55f3ebf6db5fe0916a36dd0f1e6d00b58,43,20260904/native-visibility-raw/2906705493/CAB-a54cb8ece006bf575b732cd3ab36fd55/-318057470636501509.1.raw
7ea4c0b099a4966afa5280bbd763ec69e20792c8b0b3d0eebb0afe429472b501,47,20260904/native-visibility-raw/2906705493/CAB-a54cb8ece006bf575b732cd3ab36fd55/-3286114563283689588.1.raw
f7f45442b62c2c8ac8855d4687cd04329b5a213664b48958c4e5f5e6a0620bd0,47,20260904/native-visibility-raw/2906705493/CAB-a54cb8ece006bf575b732cd3ab36fd55/-332544113197618801.1.raw
1ea239dc307151d9e255251c4077dcfa300388c7794ae8525f4805c115b97378,43,20260904/native-visibility-raw/2906705493/CAB-a54cb8ece006bf575b732cd3ab36fd55/-3347604278866875612.1.raw
f8ed036338771214c14ec7323d430b22601032b8b4c64400c6bca8213e902799,47,20260904/native-visibility-raw/2906705493/CAB-a54cb8ece006bf575b732cd3ab36fd55/-3373745681388055062.1.raw
bdfda0ce7928f69029c20acc7154cfedefbeab4b1fffd8f7cb329aeb5ea1ca5d,47,20260904/native-visibility-raw/2906705493/CAB-a54cb8ece006bf575b732cd3ab36fd55/-3377350793447372114.1.raw
48bb6999a2e029493d97ad2f478d62b4857bad20637bf90a53e56fa7a8e4cc32,43,20260904/native-visibility-raw/2906705493/CAB-a54cb8ece006bf575b732cd3ab36fd55/-3391436244724123843.1.raw
053cb66248e91ffce4eb46359d7a45f708fb44187bde3938eaf026fe295cf291,51,20260904/native-visibility-raw/2906705493/CAB-a54cb8ece006bf575b732cd3ab36fd55/-3392542502064424902.1.raw
060e7d95866488afcc8165726648ca1c760bf39cb2727ea097be22f399211fec,51,20260904/native-visibility-raw/2906705493/CAB-a54cb8ece006bf575b732cd3ab36fd55/-3404514752151969331.1.raw
ac431d0977a1654df61605df0e0be2c35968d8e81572ab6870c44a5103057265,43,20260904/native-visibility-raw/2906705493/CAB-a54cb8ece006bf575b732cd3ab36fd55/-3435770318066558722.1.raw
9d3c9567aafbf72b57ba4c618a824c2bbe2cae5fcd01f36bd84e9bbdd4c5adf8,43,20260904/native-visibility-raw/2906705493/CAB-a54cb8ece006bf575b732cd3ab36fd55/-3491683993555648431.1.raw
4c5807b3ef40fe953a8905da1a56a03707b8a14a477ef6c21ed1daed7846a65e,43,20260904/native-visibility-raw/2906705493/CAB-a54cb8ece006bf575b732cd3ab36fd55/-3568019842103590128.1.raw
9ee9bfd8d14fc1e3042a1db1bf9b7096f65618ec1d63137e3365930cb0f8c329,47,20260904/native-visibility-raw/2906705493/CAB-a54cb8ece006bf575b732cd3ab36fd55/-3579148993608657622.1.raw
7f60af4209267f09e786240d3803f06be7b25d051a247f64845921b4f63bcaf5,47,20260904/native-visibility-raw/2906705493/CAB-a54cb8ece006bf575b732cd3ab36fd55/-3579862115085312057.1.raw
8868f8d4b897979165fb3a04e02e4f59273f3b6bb7ef0cd1abbee065f8225696,43,20260904/native-visibility-raw/2906705493/CAB-a54cb8ece006bf575b732cd3ab36fd55/-3617640765221463066.1.raw
2e93fc05b7af569972461b42ed0b84fa4f5c436347ac26b1baa4de9f61eb9d76,43,20260904/native-visibility-raw/2906705493/CAB-a54cb8ece006bf575b732cd3ab36fd55/-367089946555439748.1.raw
b3507bd40e4abc63fcfd55c42e315e39db64034c7e4b55c76174050094f261af,59,20260904/native-visibility-raw/2906705493/CAB-a54cb8ece006bf575b732cd3ab36fd55/-3748787102204029386.1.raw
324d3d6b20c1bc41c006903d03d2878a72f1e038d705cc787d86841e02ef75d4,43,20260904/native-visibility-raw/2906705493/CAB-a54cb8ece006bf575b732cd3ab36fd55/-3786304585803389633.1.raw
376a8117e5cd52dfd1570d2ffe07cb54ec3cd0a129af19d52c7fabc267eb7393,43,20260904/native-visibility-raw/2906705493/CAB-a54cb8ece006bf575b732cd3ab36fd55/-3817953038164017820.1.raw
dd1930bd5c7810b5f00cda1d44dca097bd76859a67925944fd3c7a335eda81a0,47,20260904/native-visibility-raw/2906705493/CAB-a54cb8ece006bf575b732cd3ab36fd55/-3824536513566355535.1.raw
1f8851e7fec657a7e78f51de0fc434d7278522a5c52b1968fc6c47a70268912a,43,20260904/native-visibility-raw/2906705493/CAB-a54cb8ece006bf575b732cd3ab36fd55/-3836002012501169947.1.raw
92bad084520f6515820b9438a2e0782fe06e1e36f80c90dcf2c4288a93009ff5,47,20260904/native-visibility-raw/2906705493/CAB-a54cb8ece006bf575b732cd3ab36fd55/-384189702501184717.1.raw
c1f73c838567860e92d01efc0655dcfe6b4ef57a40aba0eba970719503b82908,47,20260904/native-visibility-raw/2906705493/CAB-a54cb8ece006bf575b732cd3ab36fd55/-3854721269528350816.1.raw
66dd83853761c4091a054622fa0f59796691e761f3fa4f6f35c82bdd2e247a4f,47,20260904/native-visibility-raw/2906705493/CAB-a54cb8ece006bf575b732cd3ab36fd55/-3904387351732452513.1.raw
48f3c93e4f645682beecc5318830cf8d2c712d574c93d02ae091c35705d09e6f,43,20260904/native-visibility-raw/2906705493/CAB-a54cb8ece006bf575b732cd3ab36fd55/-392446946322522108.1.raw
09e9c75a4eab5ad120465074015d7ea5fdcc54e5b28e33013b5129c09686dd17,55,20260904/native-visibility-raw/2906705493/CAB-a54cb8ece006bf575b732cd3ab36fd55/-3932541793583690563.1.raw
2ad07927d9598be35513f6ad2764af05380dfd06874eb0aa7ca0da6fd8d61d01,43,20260904/native-visibility-raw/2906705493/CAB-a54cb8ece006bf575b732cd3ab36fd55/-396230627926751616.1.raw
f8885db8a0c6457e44e221d98d155e8ab41e17f80042e74d62374e51ceb6d5b4,43,20260904/native-visibility-raw/2906705493/CAB-a54cb8ece006bf575b732cd3ab36fd55/-3982135968558739394.1.raw
4c285af08b024d79db9dca1192cc1b4400913d194c6d80b2822285f5b0b58d7d,43,20260904/native-visibility-raw/2906705493/CAB-a54cb8ece006bf575b732cd3ab36fd55/-4061897201920033453.1.raw
74872f89bcdd05461d6de4974d17876290a27eb97d1067a4c58e0607fff34857,47,20260904/native-visibility-raw/2906705493/CAB-a54cb8ece006bf575b732cd3ab36fd55/-4076756492267427283.1.raw
68b9c8a5bc9d45ce04523397f55889b72c2f34b55429969042cf8d79d0362289,43,20260904/native-visibility-raw/2906705493/CAB-a54cb8ece006bf575b732cd3ab36fd55/-408095062592650135.1.raw
3f0b2c14928342b8d8a71b268de3e7296da91393eea48d2b11749e02eaadcbb2,43,20260904/native-visibility-raw/2906705493/CAB-a54cb8ece006bf575b732cd3ab36fd55/-4143088904710563084.1.raw
bd7530fe9f83255523946616e539eea141aab178b7e2b8fae6b4f89d795e5967,47,20260904/native-visibility-raw/2906705493/CAB-a54cb8ece006bf575b732cd3ab36fd55/-4151377987912538259.1.raw
60552b433f821b5bd4e5c73678fea44c2c24912d609bf35def5ef9c416309123,43,20260904/native-visibility-raw/2906705493/CAB-a54cb8ece006bf575b732cd3ab36fd55/-4174629719751488481.1.raw
21a405983fd4b67811c3be41be95fbd15efbd6ba04d91a382967dcc7f9485879,43,20260904/native-visibility-raw/2906705493/CAB-a54cb8ece006bf575b732cd3ab36fd55/-4182890815201497278.1.raw
8614bb102b937b23e5086d480199e8410e459c5b59b15dde103bb9f4ea6cb84b,224,20260904/native-visibility-raw/2906705493/CAB-a54cb8ece006bf575b732cd3ab36fd55/-420565374265623974.137.raw
6f53ad3f52e9bc5d4514a48f435a227ec7ee82f8776da675575015f8a2117463,43,20260904/native-visibility-raw/2906705493/CAB-a54cb8ece006bf575b732cd3ab36fd55/-4215716925445804762.1.raw
d5f8bda417d4660e85e8a3b20383c82a73325a4c5498351e9295a78004bc1f7b,43,20260904/native-visibility-raw/2906705493/CAB-a54cb8ece006bf575b732cd3ab36fd55/-4251862177504849660.1.raw
0a5bd0444305b2916bafe5b4378cd50b3d15aae07e72e4da0faa731f35851a75,47,20260904/native-visibility-raw/2906705493/CAB-a54cb8ece006bf575b732cd3ab36fd55/-426756992736745544.1.raw
6044b117981e46adb357a0a910651af6fe6eacf82fb600434f02952e907cbdf1,43,20260904/native-visibility-raw/2906705493/CAB-a54cb8ece006bf575b732cd3ab36fd55/-4326134029029776306.1.raw
76e76ef2b72c0498d813a901f0f62f04f85fdfd823ad7f0763f4a540cd57e699,43,20260904/native-visibility-raw/2906705493/CAB-a54cb8ece006bf575b732cd3ab36fd55/-433769525860909280.1.raw
a22cbc43aa963893a4884eb67880008de98dd4d34f2e84879b5d3aa7e80b6660,43,20260904/native-visibility-raw/2906705493/CAB-a54cb8ece006bf575b732cd3ab36fd55/-4350458257719731898.1.raw
cecf876323bd88beeae8ddeebd9fd7558ac14630149560d3470f36d5daa327db,43,20260904/native-visibility-raw/2906705493/CAB-a54cb8ece006bf575b732cd3ab36fd55/-4361798181468458944.1.raw
8f55d6266d614ce06e3d2dfa1fcb0a63fc90ad503005f67bce5ca5a3b23c7a74,224,20260904/native-visibility-raw/2906705493/CAB-a54cb8ece006bf575b732cd3ab36fd55/-4415025529477570995.137.raw
b293e158aa3f804a9534cac4e5e62a94cde165a62303d9be7b95d2c43e07a83d,43,20260904/native-visibility-raw/2906705493/CAB-a54cb8ece006bf575b732cd3ab36fd55/-4440463419372862719.1.raw
533d0dec411c5b7cf49246001d770aed6b98db1ae3cacf651fe8497675f83569,39,20260904/native-visibility-raw/2906705493/CAB-a54cb8ece006bf575b732cd3ab36fd55/-4459670108809793945.1.raw
0fe1db22245e212a1238a8ca19bd396ddc9ffcbe500c2a233a056b9b4f10dabe,47,20260904/native-visibility-raw/2906705493/CAB-a54cb8ece006bf575b732cd3ab36fd55/-4540542533863451403.1.raw
432e51a4beee60bb9e090d7f8f38608300a1b42efc827af8578d07288e18ebac,39,20260904/native-visibility-raw/2906705493/CAB-a54cb8ece006bf575b732cd3ab36fd55/-4649038634604609142.1.raw
52ed61e82d91e38f441675e5a98dd0f0be1521855930c25e1c466abf4d8b6ea7,43,20260904/native-visibility-raw/2906705493/CAB-a54cb8ece006bf575b732cd3ab36fd55/-4693919201563339036.1.raw
fdf3accbea21a5d4f11d7d5b52e22775d162a17e92b4efc76a639c7d0ab8ce9e,47,20260904/native-visibility-raw/2906705493/CAB-a54cb8ece006bf575b732cd3ab36fd55/-4710290867128449897.1.raw
0aad8e331d5faf4d8517c8c24a9a58a072ee7937caf28d1768d65f90e04ca26c,47,20260904/native-visibility-raw/2906705493/CAB-a54cb8ece006bf575b732cd3ab36fd55/-4788495263724329020.1.raw
d7b409e4f35575200be5ca4d2d1905519d83c45f38060f85ba20a5aba26df300,43,20260904/native-visibility-raw/2906705493/CAB-a54cb8ece006bf575b732cd3ab36fd55/-4826733446842035913.1.raw
5bbecef1d934755883fabea3e618d96a48f97e8099a086cc5b3bb74cedee413d,47,20260904/native-visibility-raw/2906705493/CAB-a54cb8ece006bf575b732cd3ab36fd55/-4887409757391815699.1.raw
ba5965daa7cb8d3e75e4917669800b721be3763e2985ea2b7a110387aad56d3f,43,20260904/native-visibility-raw/2906705493/CAB-a54cb8ece006bf575b732cd3ab36fd55/-4921358935711074561.1.raw
41031482a105c85972d309aa517b64cd91a99baa30fb17b1dc14b202ad4fd059,47,20260904/native-visibility-raw/2906705493/CAB-a54cb8ece006bf575b732cd3ab36fd55/-4961815628931881750.1.raw
9994c2400f37f5b82f1ad5cd569282de342dd032e3c283b81043335a17b61319,43,20260904/native-visibility-raw/2906705493/CAB-a54cb8ece006bf575b732cd3ab36fd55/-5008674973766350184.1.raw
fcc3a38224caee59666a04c4cba8c364305e588cde4026afcbddb464a1c49a32,43,20260904/native-visibility-raw/2906705493/CAB-a54cb8ece006bf575b732cd3ab36fd55/-5024733232559419157.1.raw
5c95a90eee0c17cf367f77ed2e0fccb3fb35702ebb450f870cdb849ea8687dcc,43,20260904/native-visibility-raw/2906705493/CAB-a54cb8ece006bf575b732cd3ab36fd55/-5050991215837614438.1.raw
38d86dba0c9c4d42cc1cda9733c3491325dd704a16321c0722b81585d2243b24,1304,20260904/native-visibility-raw/2906705493/CAB-a54cb8ece006bf575b732cd3ab36fd55/-5057632963289070313.137.raw
52c1e338562faae0cec135abb3e2adc421213efa60986adcc34ef0577b972f9a,47,20260904/native-visibility-raw/2906705493/CAB-a54cb8ece006bf575b732cd3ab36fd55/-5071246714186849267.1.raw
3606faca871ed4a9ae2ac4c0532138eccb553310e88b87d160c5bf56333682bd,35,20260904/native-visibility-raw/2906705493/CAB-a54cb8ece006bf575b732cd3ab36fd55/-5076201273324782702.1.raw
dfe2a5d218dfa3249dc89d547f3d837941f4ef6b17abc002f44ca0e2f019215a,63,20260904/native-visibility-raw/2906705493/CAB-a54cb8ece006bf575b732cd3ab36fd55/-5085717953118869238.1.raw
64ade1a45d1fb29f439e677007e467ce99a0f95443e6a3663ce202267591902c,43,20260904/native-visibility-raw/2906705493/CAB-a54cb8ece006bf575b732cd3ab36fd55/-5130873342560250834.1.raw
7730d12ba97f5bea4753c029192242eb3e390bc47211c3c74b6245cf6e1fe745,47,20260904/native-visibility-raw/2906705493/CAB-a54cb8ece006bf575b732cd3ab36fd55/-5153555838091894394.1.raw
61bed58ad77b266ec1d98c51b2e855dfae270cc9f47ffa9c8289d813a4ed47f6,43,20260904/native-visibility-raw/2906705493/CAB-a54cb8ece006bf575b732cd3ab36fd55/-5247711407458198387.1.raw
978b7c3ab1d901850e6fd7fbe829399cc11bc6bc68615a9fcf27fd99f0f7f4be,35,20260904/native-visibility-raw/2906705493/CAB-a54cb8ece006bf575b732cd3ab36fd55/-5261491570669312611.1.raw
d874bdf562a774a54cef0cf0732963024c8b22e37747b0a342038a267678a99e,224,20260904/native-visibility-raw/2906705493/CAB-a54cb8ece006bf575b732cd3ab36fd55/-5420258734713655194.137.raw
5b196130dd97a749af779dd1af5a6e9dffeb20c2e9db41d9d4689e1e2e4a61cd,43,20260904/native-visibility-raw/2906705493/CAB-a54cb8ece006bf575b732cd3ab36fd55/-549678240436089938.1.raw
90b1d52a3e421342fc7cd6f556938a39a098a012709ab5f292585c46a8b60766,39,20260904/native-visibility-raw/2906705493/CAB-a54cb8ece006bf575b732cd3ab36fd55/-5499445241257194039.1.raw
a89da8dcbb7f0d32ca61b49d5314196e4c114d40a6f4431b2faa0551492be1f7,43,20260904/native-visibility-raw/2906705493/CAB-a54cb8ece006bf575b732cd3ab36fd55/-5557492366107996512.1.raw
e6f462396b75089fcc0d285b70ab9f525ed16b9075e9a2bb03ee11b679543838,43,20260904/native-visibility-raw/2906705493/CAB-a54cb8ece006bf575b732cd3ab36fd55/-555980194480512616.1.raw
cbbfb7bdf41bd41ebfc9133539d86ab8b8f7aecb94dba34f6c83cb88e304da0c,51,20260904/native-visibility-raw/2906705493/CAB-a54cb8ece006bf575b732cd3ab36fd55/-5626972181323831007.1.raw
bfe5c55906e733b04024c644110170608165302553674fed429685352b27f4a6,47,20260904/native-visibility-raw/2906705493/CAB-a54cb8ece006bf575b732cd3ab36fd55/-5696214310528488393.1.raw
e8b4637025827cca357a8a84b35e5574d2c6ad36e296755703d1442fe2d6be8f,47,20260904/native-visibility-raw/2906705493/CAB-a54cb8ece006bf575b732cd3ab36fd55/-5703295665296257786.1.raw
8f995e53e1db034b1c77d5ce79d3641f95c24d0aae3da9e56b2181ede6bb7b11,43,20260904/native-visibility-raw/2906705493/CAB-a54cb8ece006bf575b732cd3ab36fd55/-5734660200211298387.1.raw
f0dc912f843e28dd2038a9ab7dc21337f0eaca0bb5916ddb2768d1be63c69962,43,20260904/native-visibility-raw/2906705493/CAB-a54cb8ece006bf575b732cd3ab36fd55/-5786366055910422515.1.raw
42518f6ef8aba2543e53d165ac5c27cf6ff690249a04c7bc281481db09d13d6d,47,20260904/native-visibility-raw/2906705493/CAB-a54cb8ece006bf575b732cd3ab36fd55/-5788592286465907421.1.raw
4a40ae587150cb1b07232c7f31fbca956be7d529094a85790374c54e79078138,43,20260904/native-visibility-raw/2906705493/CAB-a54cb8ece006bf575b732cd3ab36fd55/-5824517206160058737.1.raw
d981bdd5aa6d73d1f55f01e670dfaf5f41f6f008efe7fcc4999339530f178340,47,20260904/native-visibility-raw/2906705493/CAB-a54cb8ece006bf575b732cd3ab36fd55/-5867366561060641203.1.raw
cc4e1612b625ee22bb06e02a912ca5a0811182502056051d6e70d74c0b2551c5,47,20260904/native-visibility-raw/2906705493/CAB-a54cb8ece006bf575b732cd3ab36fd55/-5986968633431353536.1.raw
0e527a807ee8060af06e5e1b3aeeaeb35f99d205c6100ca5cb54d6102706c47e,59,20260904/native-visibility-raw/2906705493/CAB-a54cb8ece006bf575b732cd3ab36fd55/-607424417942307411.1.raw
a3d9bb98dcf043efa9930c95dc0eb193b56e072c80ca3a2c8eae01758cd73508,47,20260904/native-visibility-raw/2906705493/CAB-a54cb8ece006bf575b732cd3ab36fd55/-6085929426464841256.1.raw
356f459d62f7e5bb431751003f0a1314ca38628448f461a1927f59331a3b816d,51,20260904/native-visibility-raw/2906705493/CAB-a54cb8ece006bf575b732cd3ab36fd55/-6123979977817646005.1.raw
55cf09ebc8d5f41d6d5c94f6c541d4c17331fe367215157eecbcba329f4131ea,47,20260904/native-visibility-raw/2906705493/CAB-a54cb8ece006bf575b732cd3ab36fd55/-6137915233179362809.1.raw
81c74b505fe49e67d75fe958ba0c49414babbad789ab1c0a29333f6c4055be8f,47,20260904/native-visibility-raw/2906705493/CAB-a54cb8ece006bf575b732cd3ab36fd55/-6256686289630133465.1.raw
629780a1a61d05ba23194c2154fdcec8df92693c3059cd09690a9f2123c0c757,43,20260904/native-visibility-raw/2906705493/CAB-a54cb8ece006bf575b732cd3ab36fd55/-6260119530744958611.1.raw
b51d134b6f29a9824ea4b62a1111c91b25c915ebf2e9aa12bfd6f8b0c2dab1b6,47,20260904/native-visibility-raw/2906705493/CAB-a54cb8ece006bf575b732cd3ab36fd55/-6293977287456908456.1.raw
8be3034a04ca0f6b2b5abdf96933f19dca017c2242486709671717cec3f6c85f,47,20260904/native-visibility-raw/2906705493/CAB-a54cb8ece006bf575b732cd3ab36fd55/-6312030048356616293.1.raw
e2815c1e9cbcba47e065946440be2328db83e18266d148056d3630df1dd3c35d,47,20260904/native-visibility-raw/2906705493/CAB-a54cb8ece006bf575b732cd3ab36fd55/-6328283960121297722.1.raw
d43e8e0ad2ddf7948ebd6dc00fbfed129a78277c9e5a01544b39534bf4d4d874,43,20260904/native-visibility-raw/2906705493/CAB-a54cb8ece006bf575b732cd3ab36fd55/-6330092132147828961.1.raw
4c7f25b831658c8ccc69001d782b71a0d3fbd1bcd440d0d60ec1b9d41aa88e73,47,20260904/native-visibility-raw/2906705493/CAB-a54cb8ece006bf575b732cd3ab36fd55/-6354859321999952070.1.raw
22319abe325eaca3bc53a0a71ce60079b0ea4516fc9f43c62a95824b42721f58,47,20260904/native-visibility-raw/2906705493/CAB-a54cb8ece006bf575b732cd3ab36fd55/-6376348244194014993.1.raw
c978f81b3297ddabdd453ac8567b2ab4238de66b89264e8eaaf094e41a457f1a,51,20260904/native-visibility-raw/2906705493/CAB-a54cb8ece006bf575b732cd3ab36fd55/-6377073184965211970.1.raw
6fb146cb4b3a69a8e36ec42b70124f6b4acca626f14c754db4351f7301baf81c,51,20260904/native-visibility-raw/2906705493/CAB-a54cb8ece006bf575b732cd3ab36fd55/-6411054241937357257.1.raw
bf9764948f175bf963f7c824250d12e8b6dc3019f38a8640c25d471512e13231,47,20260904/native-visibility-raw/2906705493/CAB-a54cb8ece006bf575b732cd3ab36fd55/-6421416982220491368.1.raw
52e9313921687459560688ed45b94d51b184c17ae1b44f293f40c4f2992f6041,43,20260904/native-visibility-raw/2906705493/CAB-a54cb8ece006bf575b732cd3ab36fd55/-6438940194802987124.1.raw
075b4a0b614deefc4dd58ce7e62aed39ea5782552b7a00e7f864fdca7eada5b5,59,20260904/native-visibility-raw/2906705493/CAB-a54cb8ece006bf575b732cd3ab36fd55/-645721007494136656.1.raw
25ade38ed20330b1cbf157385a078d95a183728af285fbd6afd4345317d4abe8,43,20260904/native-visibility-raw/2906705493/CAB-a54cb8ece006bf575b732cd3ab36fd55/-648410746057666717.1.raw
dfac8e4d473e128fb9d1151636807ee89455de8cca802c8341dcdfcd7bee3e7f,43,20260904/native-visibility-raw/2906705493/CAB-a54cb8ece006bf575b732cd3ab36fd55/-6489315183197102993.1.raw
273734026694f0355e694ce2480617749f2cb42a5b7907432e749bd172073b0d,43,20260904/native-visibility-raw/2906705493/CAB-a54cb8ece006bf575b732cd3ab36fd55/-6605829974766947543.1.raw
abffca24848192ed489cebdae21dccfa9b3362679afc24c5845b6d0698aeb724,43,20260904/native-visibility-raw/2906705493/CAB-a54cb8ece006bf575b732cd3ab36fd55/-6610042035864914424.1.raw
7ffd7eb23ae38729b78f8bb282a9007aab68ebd67b827d148f78b0a6b79218e7,224,20260904/native-visibility-raw/2906705493/CAB-a54cb8ece006bf575b732cd3ab36fd55/-6648766156719535261.137.raw
35e07751aafc02663302379b508919f027b9aee0d37928000cc340e6e42ac615,43,20260904/native-visibility-raw/2906705493/CAB-a54cb8ece006bf575b732cd3ab36fd55/-6704699056668545679.1.raw
598dfed36e58e04d035629a58e341f57139ccee46682e6dd266a3eaef18a24a9,43,20260904/native-visibility-raw/2906705493/CAB-a54cb8ece006bf575b732cd3ab36fd55/-6734641835221752499.1.raw
1039dfd0c27e868b42feff204f367422ee75b87c41ab94775ab209e516979c3a,39,20260904/native-visibility-raw/2906705493/CAB-a54cb8ece006bf575b732cd3ab36fd55/-673653318546668121.1.raw
ebd3619b5d30335554e5a16a192ff046019b3de6c59f7f0fb5c3de7f0cb74b81,83,20260904/native-visibility-raw/2906705493/CAB-a54cb8ece006bf575b732cd3ab36fd55/-6757174882302363020.1.raw
bc276b5d8e3a697c545eb906fa3559830635cb5e9ceab92c0198f4c697cc43c2,43,20260904/native-visibility-raw/2906705493/CAB-a54cb8ece006bf575b732cd3ab36fd55/-679901279539429290.1.raw
54226abf63a6f22615f89c1d9c4d7ae6a0ab1e85f5b8ca929ebd610656f82860,43,20260904/native-visibility-raw/2906705493/CAB-a54cb8ece006bf575b732cd3ab36fd55/-6820815324651078683.1.raw
6adcf0026c1d34ca56f0b76895e378475c3cc1d47e613c69b12b562c2ff82f99,47,20260904/native-visibility-raw/2906705493/CAB-a54cb8ece006bf575b732cd3ab36fd55/-6851729255222424739.1.raw
38913368f6bce2e8c4a0133d8e6f2992139cb2b55c4749ec8a28dd44cc96d0fe,51,20260904/native-visibility-raw/2906705493/CAB-a54cb8ece006bf575b732cd3ab36fd55/-6952664309124074148.1.raw
8844fcd3afcc5ae0fdfb76ab9467b60579cc39fbeb6797c7306dad83e56dc56b,43,20260904/native-visibility-raw/2906705493/CAB-a54cb8ece006bf575b732cd3ab36fd55/-6972872674632131407.1.raw
305c55ea258756541f3aa41acd61a9b1b25cb8b9bd27006db9d6a8a0d7bb12c9,43,20260904/native-visibility-raw/2906705493/CAB-a54cb8ece006bf575b732cd3ab36fd55/-7031836596623687375.1.raw
ef76ea01c212b4c1a783f945c3fe30d9196c4eae820ffe93ea4133f775aab7b4,47,20260904/native-visibility-raw/2906705493/CAB-a54cb8ece006bf575b732cd3ab36fd55/-7073013556641077959.1.raw
dd214978c9fc7e70f14d0599d72598374ae0543b5dff11982f9fd4cb80832639,43,20260904/native-visibility-raw/2906705493/CAB-a54cb8ece006bf575b732cd3ab36fd55/-7077088919045516973.1.raw
8b56f0772f633946c68c7e579318540571bab28a18a6314c38c100d34ce1152d,43,20260904/native-visibility-raw/2906705493/CAB-a54cb8ece006bf575b732cd3ab36fd55/-7090557352541103689.1.raw
f8c87d460b23e52171ba245b61446b521e5246f4dc03608b229d7f9a59dca1bf,47,20260904/native-visibility-raw/2906705493/CAB-a54cb8ece006bf575b732cd3ab36fd55/-7152593110214949138.1.raw
d226e55d79ae323b415f74335b56946e4192329e855618c4e936f1317ef5c394,47,20260904/native-visibility-raw/2906705493/CAB-a54cb8ece006bf575b732cd3ab36fd55/-7152939424334562793.1.raw
07b44d4f1151ba58259647504370ebeb223bc8ff12cd5d4f339d6850ff111028,43,20260904/native-visibility-raw/2906705493/CAB-a54cb8ece006bf575b732cd3ab36fd55/-7174056790839580087.1.raw
4bb97531fb9df2b34062131ac2265f7d3a1a39e78a8488f6b79612db8210aca3,43,20260904/native-visibility-raw/2906705493/CAB-a54cb8ece006bf575b732cd3ab36fd55/-7196487705852786027.1.raw
fc0f231507f6c2b5b2aa87828d4545cf8023ed5043ffb6a8a06c0b9d6a1749bc,47,20260904/native-visibility-raw/2906705493/CAB-a54cb8ece006bf575b732cd3ab36fd55/-7196767249917692250.1.raw
eff5f40f089fbe64e1ae2741353ef371d8caeea3fcdaf5f392820bd0029d159c,47,20260904/native-visibility-raw/2906705493/CAB-a54cb8ece006bf575b732cd3ab36fd55/-7202948557893827797.1.raw
68dedb3e279f91108d71c5de4fb2015201d4838c2c70dd10b34894abbaef289c,47,20260904/native-visibility-raw/2906705493/CAB-a54cb8ece006bf575b732cd3ab36fd55/-721326661092858297.1.raw
328aaa5159789272e281b2348be51999a7aa36fe1c7be3f3c686473f738b089e,47,20260904/native-visibility-raw/2906705493/CAB-a54cb8ece006bf575b732cd3ab36fd55/-7220440168912059318.1.raw
471e8524d125f6c47c255569c6132aff8049121b74e496516583880bdca6613d,224,20260904/native-visibility-raw/2906705493/CAB-a54cb8ece006bf575b732cd3ab36fd55/-7235025668004766520.137.raw
396232ebe6b8ab148845cb72f81f03056a9351cd7f17c09c9f1a3e58db2e1a18,43,20260904/native-visibility-raw/2906705493/CAB-a54cb8ece006bf575b732cd3ab36fd55/-7250316416741074652.1.raw
60aae4947ad61e725b31dbaaf72b2762cc4b8d9edb7136ccf0f575eb5780cd4d,43,20260904/native-visibility-raw/2906705493/CAB-a54cb8ece006bf575b732cd3ab36fd55/-7327652365893517527.1.raw
b06420d5b23b9c42157406942537dbccc86f7dedb161158095251e995b9ba977,43,20260904/native-visibility-raw/2906705493/CAB-a54cb8ece006bf575b732cd3ab36fd55/-7331530404777538499.1.raw
ad3c5f8ac2f635fe5b680ab685af0490f61668ab080ea09e4843f7fee47d7261,356,20260904/native-visibility-raw/2906705493/CAB-a54cb8ece006bf575b732cd3ab36fd55/-7439177835893778237.137.raw
841de0a5adc2a05f27a88ce3ef028b0e1dd7ba2a084101bee09cc11df88453b0,43,20260904/native-visibility-raw/2906705493/CAB-a54cb8ece006bf575b732cd3ab36fd55/-7440785458839358375.1.raw
6bb1f8c7d2738f3c011e491e04ca55906f6556c548830cfa5c3fe215bd289a78,47,20260904/native-visibility-raw/2906705493/CAB-a54cb8ece006bf575b732cd3ab36fd55/-7508138334504919840.1.raw
60b353e83897323c2a7d8dde653485944faa7bc9dee861c329a72ec6f0519bb4,43,20260904/native-visibility-raw/2906705493/CAB-a54cb8ece006bf575b732cd3ab36fd55/-7524152270650139137.1.raw
3e00335fea67648f4a59eed23c50def8fbfe71b16486e804646f2485e663c82d,47,20260904/native-visibility-raw/2906705493/CAB-a54cb8ece006bf575b732cd3ab36fd55/-7597852833916467810.1.raw
76a1f58dde481cab1badf2cdccee0faa2c0411f315538196a546a91829044363,43,20260904/native-visibility-raw/2906705493/CAB-a54cb8ece006bf575b732cd3ab36fd55/-7604551261992977531.1.raw
acb3cf03977011843b3f19680292136c8a931d1aae95cdc7928d4a612fa7b534,224,20260904/native-visibility-raw/2906705493/CAB-a54cb8ece006bf575b732cd3ab36fd55/-7649343419898691471.137.raw
a9a18b364a41312ba8ad49926082390641c405cfb11c2880f80d2eab3eb5d45b,47,20260904/native-visibility-raw/2906705493/CAB-a54cb8ece006bf575b732cd3ab36fd55/-7653254655269937833.1.raw
762d6e205b56577c1fd6be842f089ec0f9bdf989ef71fc831b3258b1f4bc7015,43,20260904/native-visibility-raw/2906705493/CAB-a54cb8ece006bf575b732cd3ab36fd55/-7680778112157246110.1.raw
f25561e3322b3b347c19c4cb1a00a35ec9585debbde5917ec129e286e31065e5,47,20260904/native-visibility-raw/2906705493/CAB-a54cb8ece006bf575b732cd3ab36fd55/-7689093776518121231.1.raw
31041b8dbc9aa2cf2de5a785564728eae9d0cd8864781f090e32c6a6d770cc73,47,20260904/native-visibility-raw/2906705493/CAB-a54cb8ece006bf575b732cd3ab36fd55/-7727605615246738202.1.raw
9fe6f66195b28e6b0a79d3ab86c28e31a7ea35fc1142e41f14e8262389937b1c,43,20260904/native-visibility-raw/2906705493/CAB-a54cb8ece006bf575b732cd3ab36fd55/-7795204096004407287.1.raw
587cbf6b7a401b2adedc3d921862b43cba014d778b26e93d2f2f701545882321,51,20260904/native-visibility-raw/2906705493/CAB-a54cb8ece006bf575b732cd3ab36fd55/-7880887704440254182.1.raw
f59fe393b82e5ef5b58bf604d84220d63ef4c81f4070e3020ce5c817d8694309,43,20260904/native-visibility-raw/2906705493/CAB-a54cb8ece006bf575b732cd3ab36fd55/-7922487904804395538.1.raw
02ce91aa3b23e8df14e87ba04539d1c7b809b5e0825d7d3c4a025fd160fc518d,43,20260904/native-visibility-raw/2906705493/CAB-a54cb8ece006bf575b732cd3ab36fd55/-7944841680243294670.1.raw
37ef2b25acab4de49ec25111c89b816f9cae029553f5f93f3c7052d0ce0e05c4,43,20260904/native-visibility-raw/2906705493/CAB-a54cb8ece006bf575b732cd3ab36fd55/-8017589614706288027.1.raw
af6a162d2cd83c77e251f9425d79288fd4f01e08b0d691c730809b22ff80a81a,59,20260904/native-visibility-raw/2906705493/CAB-a54cb8ece006bf575b732cd3ab36fd55/-8055805149573928970.1.raw
97fac9984d0bcd7d2431ace17b0a5d9de47733bf33f42ede75eacb38378e3ede,43,20260904/native-visibility-raw/2906705493/CAB-a54cb8ece006bf575b732cd3ab36fd55/-8080605141534323099.1.raw
42f25c77847d64191db48d0de3b1949d8d255422c13f38211c2672fe23ef2d56,47,20260904/native-visibility-raw/2906705493/CAB-a54cb8ece006bf575b732cd3ab36fd55/-8136577933243056695.1.raw
a08f0953d31a33c2d40b636b837e132545860eb1d2c60fa3c4e72e9ad044d615,43,20260904/native-visibility-raw/2906705493/CAB-a54cb8ece006bf575b732cd3ab36fd55/-8223163948586754710.1.raw
133dc8c66b209ce7b0ca5dc32fea73f9a0df50fab2baa992261da76da77ffd82,47,20260904/native-visibility-raw/2906705493/CAB-a54cb8ece006bf575b732cd3ab36fd55/-8224031406114400426.1.raw
cc0136467360695de7825680a43a148955517ce3dd2aa06835e7dd1977817a5e,47,20260904/native-visibility-raw/2906705493/CAB-a54cb8ece006bf575b732cd3ab36fd55/-824200725821563448.1.raw
7292ca06dd3b018732028e689f082bcc578b0f76f10cff32aae9651121f3cb12,51,20260904/native-visibility-raw/2906705493/CAB-a54cb8ece006bf575b732cd3ab36fd55/-8248508671569164914.1.raw
6ff49dc3567b198c543c508af6f1cc7e256a3015196deb5c7b6559a9eaee2f76,47,20260904/native-visibility-raw/2906705493/CAB-a54cb8ece006bf575b732cd3ab36fd55/-8291840664434452925.1.raw
e89815bba709246cb59ce3654c9c28e6e286702788ccede21a318656f7da7c9a,43,20260904/native-visibility-raw/2906705493/CAB-a54cb8ece006bf575b732cd3ab36fd55/-83064466343327956.1.raw
ce014974fb0c1ed6170190dde7aed0148733792a8ee8ef65c72edf667f7f8fa3,47,20260904/native-visibility-raw/2906705493/CAB-a54cb8ece006bf575b732cd3ab36fd55/-8382512625285488846.1.raw
ec976a76120a0f55062f4243742499a42c1b5896695ff5aff623f38dbc004f6b,51,20260904/native-visibility-raw/2906705493/CAB-a54cb8ece006bf575b732cd3ab36fd55/-8387467487472758947.1.raw
5e952ae8a4120eb30662e6caf346748b642f13da35f6d49a132f504cf55f41e3,43,20260904/native-visibility-raw/2906705493/CAB-a54cb8ece006bf575b732cd3ab36fd55/-8399160859714186330.1.raw
ef591cac183e1d1060e9dd8684dcd48d47363a5cf663e06e3d969a42104cbcb9,47,20260904/native-visibility-raw/2906705493/CAB-a54cb8ece006bf575b732cd3ab36fd55/-8541736024556530866.1.raw
e3d4726027c47b07d61c5cfb1848a754d2250d61be73270a263a492568f60bfa,47,20260904/native-visibility-raw/2906705493/CAB-a54cb8ece006bf575b732cd3ab36fd55/-8609008498467910033.1.raw
58f5242e068e2e0b94c40fe81fb8d9c468180e83298b7857ab2191f44224c2fc,224,20260904/native-visibility-raw/2906705493/CAB-a54cb8ece006bf575b732cd3ab36fd55/-8621700557445519561.137.raw
5a15012e4a60f7d1557590d5da14a78eee07948486f702185f7acc63e8fbe4e5,47,20260904/native-visibility-raw/2906705493/CAB-a54cb8ece006bf575b732cd3ab36fd55/-8640331641843121069.1.raw
aa4287c2797ba01db8e5211e145e846fd0e8d44b9f7992876170d326a151ba64,39,20260904/native-visibility-raw/2906705493/CAB-a54cb8ece006bf575b732cd3ab36fd55/-8730971780243805908.1.raw
e17b9591725189883bbabb181edf9dd18706fef671059449761f5753d91ac30e,47,20260904/native-visibility-raw/2906705493/CAB-a54cb8ece006bf575b732cd3ab36fd55/-8796814464688392933.1.raw
a6e90f49f240e4455c4846fa689dc5f346350393271b274df7765cfefdefde8c,43,20260904/native-visibility-raw/2906705493/CAB-a54cb8ece006bf575b732cd3ab36fd55/-8838976959627916773.1.raw
eec8c6ca3eb43bba37aea3e04d84eff4f6ee4133169e51f3c6374416707e7faf,47,20260904/native-visibility-raw/2906705493/CAB-a54cb8ece006bf575b732cd3ab36fd55/-8901554038757228325.1.raw
11e0bde193b507c6d5b30e75aa33c00dec3042cd90c985f1b93b8776322b32f2,248,20260904/native-visibility-raw/2906705493/CAB-a54cb8ece006bf575b732cd3ab36fd55/-8954149396010411982.137.raw
77910e3c6a1437d62bdf50a0ffa9052f4d5c3faeaef909d64b2af0f1029ce586,43,20260904/native-visibility-raw/2906705493/CAB-a54cb8ece006bf575b732cd3ab36fd55/-8980295173526692197.1.raw
6a763272887403aded43fbd00350bda36370976a23cf01d18dedb497c93f706d,47,20260904/native-visibility-raw/2906705493/CAB-a54cb8ece006bf575b732cd3ab36fd55/-8993318154499366510.1.raw
3cd5fd678a1547a873d62072cbfd2f43c91e5a7ffe11feb2cd15d810b203b38f,43,20260904/native-visibility-raw/2906705493/CAB-a54cb8ece006bf575b732cd3ab36fd55/-9014299913761161971.1.raw
48d6aafb480f2a09fee2369e089990ba13a7496d8cef3879edbd3ebab4e60216,43,20260904/native-visibility-raw/2906705493/CAB-a54cb8ece006bf575b732cd3ab36fd55/-9032393520203375259.1.raw
9be07b163ebda6364ce62bed30cce98a2805d0b8bb24a209e5c8e3aa2a164ad7,43,20260904/native-visibility-raw/2906705493/CAB-a54cb8ece006bf575b732cd3ab36fd55/-911504336839131559.1.raw
79c4713a9135fca7ebf9432e015fddc7ca3aaaa58fdb25f0aca687a254a6e823,47,20260904/native-visibility-raw/2906705493/CAB-a54cb8ece006bf575b732cd3ab36fd55/-9122931642911421086.1.raw
9642c295620876df243dc34f8e0ab5ed54d84d23952f15ce92ede3e78a6686d3,43,20260904/native-visibility-raw/2906705493/CAB-a54cb8ece006bf575b732cd3ab36fd55/-9134399910988973094.1.raw
cc13c58e878d444f4783691efd728696212bb7dbe2dbe6d114dc55b287ae04ec,51,20260904/native-visibility-raw/2906705493/CAB-a54cb8ece006bf575b732cd3ab36fd55/-9147545399426088743.1.raw
d8ad7bccffb1182f0aece87838c25bf9ae900454049626002a1e3514dbc073dc,59,20260904/native-visibility-raw/2906705493/CAB-a54cb8ece006bf575b732cd3ab36fd55/-926859997066523754.1.raw
a0d18b800b6f3f9f06e049d99c411601e64f931afd9ed785e79f211dfca129bd,59,20260904/native-visibility-raw/2906705493/CAB-a54cb8ece006bf575b732cd3ab36fd55/-983093709530857642.1.raw
06ad099794daa7baef821872c773c2c1fdb5428264b1bdcd57496b9a579ca243,43,20260904/native-visibility-raw/2906705493/CAB-a54cb8ece006bf575b732cd3ab36fd55/-993905552153500468.1.raw
123cc321f8271c19898c62f6641316ef07b8749cfd61e360702006f6bd3e257d,43,20260904/native-visibility-raw/2906705493/CAB-a54cb8ece006bf575b732cd3ab36fd55/-997648243353733026.1.raw
b16c323cb23e3fb1729e1813e26ed44bfb2a2732687f01e15da63dfe8d8b6a5d,43,20260904/native-visibility-raw/2906705493/CAB-a54cb8ece006bf575b732cd3ab36fd55/1008833426216949594.1.raw
524fb1c8abaeb613c561891c397f7e916358495ba174bb1fec0925a70c8cac0d,43,20260904/native-visibility-raw/2906705493/CAB-a54cb8ece006bf575b732cd3ab36fd55/1017833402670005729.1.raw
db5fc1f9e1a4f95198a5124057b128e295d1e950c3451a1214a87865c30f2bdf,43,20260904/native-visibility-raw/2906705493/CAB-a54cb8ece006bf575b732cd3ab36fd55/1021818633215298046.1.raw
e2d6e40722eafa54ad6146cddf9680e790abca97ff62301589504c9f3ceeeb44,43,20260904/native-visibility-raw/2906705493/CAB-a54cb8ece006bf575b732cd3ab36fd55/1033959948119934246.1.raw
247154798c08583f58a2aba610a2130f584dcf0dd1aff913a031fe05ffe09477,1064,20260904/native-visibility-raw/2906705493/CAB-a54cb8ece006bf575b732cd3ab36fd55/1083608993247375463.137.raw
f5b39e326ce5c3c4374af16d6b5ad7aa819668a264f744146755a00ace929ac6,47,20260904/native-visibility-raw/2906705493/CAB-a54cb8ece006bf575b732cd3ab36fd55/1103751267256747423.1.raw
89ee614bddef417c278bc2dcbaa6258a9d9a8d531445220c74ad608d2f7b2db2,43,20260904/native-visibility-raw/2906705493/CAB-a54cb8ece006bf575b732cd3ab36fd55/1106715728531882552.1.raw
1771a31887a65818fbb054d2604e90749ff479f3a1c69d6b8750aea152672e9e,47,20260904/native-visibility-raw/2906705493/CAB-a54cb8ece006bf575b732cd3ab36fd55/11133145881809775.1.raw
84bcce57cdbd1efd41b67a0d1c9fe89740110a1fca2dd223378ae9581e3efcb3,224,20260904/native-visibility-raw/2906705493/CAB-a54cb8ece006bf575b732cd3ab36fd55/1122337126600558511.137.raw
ce8aba9b1ddf6fdaafba4b2ae50ad640dda7a167dbe4f5d0645bf667b5d0d6d5,47,20260904/native-visibility-raw/2906705493/CAB-a54cb8ece006bf575b732cd3ab36fd55/1143983196865165859.1.raw
5d65fecbad76560b8715cb3735a825807b90236759e859069cb1d953367188bf,39,20260904/native-visibility-raw/2906705493/CAB-a54cb8ece006bf575b732cd3ab36fd55/1146786947643004617.1.raw
2608f98f450433bc71e7bffbd272ae5b1e4c226ddc6e21f18df7c225638561f2,47,20260904/native-visibility-raw/2906705493/CAB-a54cb8ece006bf575b732cd3ab36fd55/1158227255814948891.1.raw
6f26f2d7ee8785ce073fab361c80b1683eeded808a67419bd00915dff23864af,47,20260904/native-visibility-raw/2906705493/CAB-a54cb8ece006bf575b732cd3ab36fd55/1183041746162308271.1.raw
8ad26a6be08b93b986fb22947468e7cda99fbda2bd1f6be87dd351a72aaf4bc7,43,20260904/native-visibility-raw/2906705493/CAB-a54cb8ece006bf575b732cd3ab36fd55/1251872627665327694.1.raw
ef4908e291ef852de8d7bc768ff977f0dccb732709d768ad8a6cff33ccbdcbc9,47,20260904/native-visibility-raw/2906705493/CAB-a54cb8ece006bf575b732cd3ab36fd55/1315140995441051995.1.raw
ab05fc4d733492516a6933d00945d88490751824072c1b6b05929b096f95e58f,43,20260904/native-visibility-raw/2906705493/CAB-a54cb8ece006bf575b732cd3ab36fd55/1360117306265986662.1.raw
5cbdfb2b08bda558caa6f661c72bf35bda12fc344509ce5a4163547e55a74023,47,20260904/native-visibility-raw/2906705493/CAB-a54cb8ece006bf575b732cd3ab36fd55/1387620763697542119.1.raw
f2a6613a2151775449cdbf6a2ac99fd8762fca34be8e169ee152db1c9c4ab6b2,47,20260904/native-visibility-raw/2906705493/CAB-a54cb8ece006bf575b732cd3ab36fd55/1389192180788038127.1.raw
3cefcc757ebbc015cbe68030ad0bb8380d9a8c00fe26bf4a4d2c812c9bb14c59,47,20260904/native-visibility-raw/2906705493/CAB-a54cb8ece006bf575b732cd3ab36fd55/1421310927457776685.1.raw
3dfae16d766b0613a6637592f62d17814cbcaec7471e6d9d801b7eadb5281c3e,47,20260904/native-visibility-raw/2906705493/CAB-a54cb8ece006bf575b732cd3ab36fd55/1426695094716561295.1.raw
ce6e00170ce8ff4623410777198d93db05306d19821ecaa85800ea2b9d7989c3,43,20260904/native-visibility-raw/2906705493/CAB-a54cb8ece006bf575b732cd3ab36fd55/1473815834093674620.1.raw
969fcb6a5503a68c904ac1c3920b29dcaa758b5728ff473ce03f2d8d98a1f0f5,47,20260904/native-visibility-raw/2906705493/CAB-a54cb8ece006bf575b732cd3ab36fd55/1482886898952044679.1.raw
79c58fcd8abe2b2f08b0adc1f868135a3b7971d19233f0c8a3212fc3853462a0,1316,20260904/native-visibility-raw/2906705493/CAB-a54cb8ece006bf575b732cd3ab36fd55/1512411770363347944.137.raw
278fc5e4b674bddb2d8f6afbdf6d5731c58f1a200984560fbab23958bd6ad1ab,43,20260904/native-visibility-raw/2906705493/CAB-a54cb8ece006bf575b732cd3ab36fd55/1525853167361058573.1.raw
774d471b0269150045d61fb88302bdfe81a46d3a9d9d316c7c73ae3d13ddc53e,43,20260904/native-visibility-raw/2906705493/CAB-a54cb8ece006bf575b732cd3ab36fd55/1589910177275606055.1.raw
e1c9236a1fc6ba46bae3650f4f7cac12f00d490af184a59e5c37671c1efa9a15,47,20260904/native-visibility-raw/2906705493/CAB-a54cb8ece006bf575b732cd3ab36fd55/1596569468989406230.1.raw
f8700596788b6d153ecb69387a04ec67dba0e2f1065c54344cc38ec336ffda4a,51,20260904/native-visibility-raw/2906705493/CAB-a54cb8ece006bf575b732cd3ab36fd55/1622229481595167515.1.raw
157a652dc3b5fc6bf1a171ba3d218dd32737a43b3850c32d5ecc9fe24cf34ad3,43,20260904/native-visibility-raw/2906705493/CAB-a54cb8ece006bf575b732cd3ab36fd55/1669748068035507318.1.raw
2c52ac6d5bb15d5328ec46711a191d8edca21a6d797d19c26ab708c76bd0ad51,39,20260904/native-visibility-raw/2906705493/CAB-a54cb8ece006bf575b732cd3ab36fd55/1687529104037041586.1.raw
d2880271c8b44287968a1a4db4fbe92775ed7a50c2f5afc185affb78eee0d83b,224,20260904/native-visibility-raw/2906705493/CAB-a54cb8ece006bf575b732cd3ab36fd55/1793250827810513158.137.raw
4a3c05afe47bf8898fa22c940cb3b39679083c826e55c65b281ad122f6dc66cc,47,20260904/native-visibility-raw/2906705493/CAB-a54cb8ece006bf575b732cd3ab36fd55/1809142869659537259.1.raw
14d6a468e76e7db8d4063c0b3d4bb8d8ed03ab5b3cf26c84afe96415a852e588,39,20260904/native-visibility-raw/2906705493/CAB-a54cb8ece006bf575b732cd3ab36fd55/184342789863751696.1.raw
62604885c3905b70667fc0a4b8d672d0f4c874deb891823f0fcb62e1cdad1bd6,47,20260904/native-visibility-raw/2906705493/CAB-a54cb8ece006bf575b732cd3ab36fd55/1858844654694069335.1.raw
95f094e4ddfaac744ff4ef1ec58336aa586d1931b25f03316992137dbc78c2d6,43,20260904/native-visibility-raw/2906705493/CAB-a54cb8ece006bf575b732cd3ab36fd55/1870704327257804690.1.raw
942423abf9bf37fa0a23ae04c79d1a5eea589c44debac9c37f8fbd13e2afac1e,43,20260904/native-visibility-raw/2906705493/CAB-a54cb8ece006bf575b732cd3ab36fd55/1881611955574308837.1.raw
ba9d948888be8b98bd464a3c731ade0a5fa3b9c2e45f7c9f3bd7c17990c3f809,43,20260904/native-visibility-raw/2906705493/CAB-a54cb8ece006bf575b732cd3ab36fd55/1959446681470016769.1.raw
2ee4138e8b66cacc954dbc98bb463c0cb30e7f7f7c08031df342b747186f1a93,43,20260904/native-visibility-raw/2906705493/CAB-a54cb8ece006bf575b732cd3ab36fd55/1997639713557877619.1.raw
16fca17f4f8090fcd4fa9ebcd641773b98f92ce52a70251690be0b7bdfd5c087,47,20260904/native-visibility-raw/2906705493/CAB-a54cb8ece006bf575b732cd3ab36fd55/2004562572201062551.1.raw
3e74b017b9ac684083c99bfc70a4dfb66ff6a6f4a6f7134d9f3704bdc650235d,47,20260904/native-visibility-raw/2906705493/CAB-a54cb8ece006bf575b732cd3ab36fd55/2020221265716246116.1.raw
20f217f6d22439e0e17d76edf26802ea9c6195fc5fc9641ba64b802e1eba53d4,43,20260904/native-visibility-raw/2906705493/CAB-a54cb8ece006bf575b732cd3ab36fd55/2023977274106657995.1.raw
055bc772888cb459ebeaeaff5660917013c7150f59f65e1c68960cdf2798a101,43,20260904/native-visibility-raw/2906705493/CAB-a54cb8ece006bf575b732cd3ab36fd55/2042571509836434603.1.raw
dfd8a75e2860657f895c910ba1808e58d8a76da9229cc46181406f246385cf50,43,20260904/native-visibility-raw/2906705493/CAB-a54cb8ece006bf575b732cd3ab36fd55/2087842159292013410.1.raw
3da1ba1b1cba7a7034fa2ff8147a950b0f28e299964f0cc9f3555b34e8fb3ad5,47,20260904/native-visibility-raw/2906705493/CAB-a54cb8ece006bf575b732cd3ab36fd55/2088922458649308713.1.raw
3a5fb25624ba0edb2b4e84f89d8a211b29ecb94c8703cea2910f7855890e142d,59,20260904/native-visibility-raw/2906705493/CAB-a54cb8ece006bf575b732cd3ab36fd55/2093614680354496809.1.raw
8634fbc8fed077977a12fdce93bf446d3b252f42a3486039f6a6a7b3b50e1e12,47,20260904/native-visibility-raw/2906705493/CAB-a54cb8ece006bf575b732cd3ab36fd55/2100532972456264329.1.raw
fe38ff88ac147de2f1fb31217880956c357fd4a3d8960eb87f4e3df2d8b5e60c,47,20260904/native-visibility-raw/2906705493/CAB-a54cb8ece006bf575b732cd3ab36fd55/2110591231208203741.1.raw
171b83c324527c6eedb8c06fd463f8d5bf7826e2849367baffa1d8632d1570f5,47,20260904/native-visibility-raw/2906705493/CAB-a54cb8ece006bf575b732cd3ab36fd55/2186364645950633906.1.raw
90af16de0c265a046924480ecaf90a7c9339328dfc2abced71ce29a0ec7f54eb,47,20260904/native-visibility-raw/2906705493/CAB-a54cb8ece006bf575b732cd3ab36fd55/2186570273587118793.1.raw
b7f1d2be220fd91f9468e6472dcde43e0907fd6effbd523a6fdaf51189175e7c,59,20260904/native-visibility-raw/2906705493/CAB-a54cb8ece006bf575b732cd3ab36fd55/2226847418630800145.1.raw
91081551284b36a4366436311e1438421ca8460f0f2c852f6af5e9c469a066a8,43,20260904/native-visibility-raw/2906705493/CAB-a54cb8ece006bf575b732cd3ab36fd55/2228489585895197844.1.raw
95f142e6d976c70629e313c1cd4357c507e3ffdafc3c03c93ea9895c5079a194,43,20260904/native-visibility-raw/2906705493/CAB-a54cb8ece006bf575b732cd3ab36fd55/2229437372102366670.1.raw
9da7dc6b79a7d3d7537474f5b19d5926d93efa50f583458822edbfbd4fca7160,43,20260904/native-visibility-raw/2906705493/CAB-a54cb8ece006bf575b732cd3ab36fd55/2254035720856698135.1.raw
5078b1bdf7ee7d23da416e1755886ea714f4e1862a178a431b50bfc844829165,43,20260904/native-visibility-raw/2906705493/CAB-a54cb8ece006bf575b732cd3ab36fd55/227921213902761393.1.raw
bfd3a249d119e375db8476382d10333c3c8d814af0f9b7138839d71b3db96c60,43,20260904/native-visibility-raw/2906705493/CAB-a54cb8ece006bf575b732cd3ab36fd55/2283465955664515376.1.raw
bba9fd5a3f4da2d376e222230e1fdcd03db0a6d58308e12634103633e18dd9a8,47,20260904/native-visibility-raw/2906705493/CAB-a54cb8ece006bf575b732cd3ab36fd55/2297437102343484821.1.raw
7d162fa356917610d7b5708895c641cf3c96831462e3727fdd1c3090862e7d3f,47,20260904/native-visibility-raw/2906705493/CAB-a54cb8ece006bf575b732cd3ab36fd55/2300554309375897168.1.raw
39a219012b4b878cb4bc008e5322933849bc1ea8b0644ea46458eecb0ec06c7c,63,20260904/native-visibility-raw/2906705493/CAB-a54cb8ece006bf575b732cd3ab36fd55/2322706649885143401.1.raw
550635fe31d5bb89e9a22bfc45878d6d8c27cff6315af73455433e23b01fd4d7,47,20260904/native-visibility-raw/2906705493/CAB-a54cb8ece006bf575b732cd3ab36fd55/2335297546401683080.1.raw
3d7fc2e1169aa808ade407b53bfa651921200efe806aec52a53398395cfd4030,47,20260904/native-visibility-raw/2906705493/CAB-a54cb8ece006bf575b732cd3ab36fd55/23737531760825788.1.raw
380b3455d34f4ad364bba99de07fc6d29d89187f74a996472ece51ebbbe53df1,39,20260904/native-visibility-raw/2906705493/CAB-a54cb8ece006bf575b732cd3ab36fd55/2389856836168766299.1.raw
58e5107c6ec61d6f7ca56584be27993c634a76c02f0cf67b5f2bac6a27d934b2,47,20260904/native-visibility-raw/2906705493/CAB-a54cb8ece006bf575b732cd3ab36fd55/2418194728270433400.1.raw
d3dd4e572fa1850302f7cc61d00babb3d9deb0e244a472c35af827a386b88bc6,47,20260904/native-visibility-raw/2906705493/CAB-a54cb8ece006bf575b732cd3ab36fd55/249246478940207544.1.raw
85ce32d71d4a346529364e6632a0b5cfe0b81cfc3c17c1e7c2992f04b70c8988,47,20260904/native-visibility-raw/2906705493/CAB-a54cb8ece006bf575b732cd3ab36fd55/2517594486622464273.1.raw
7819b6506d5a0509319cb653cc8607d285d918bb08e33d98013afe4b861aba8d,224,20260904/native-visibility-raw/2906705493/CAB-a54cb8ece006bf575b732cd3ab36fd55/2556212553230146147.137.raw
184e809f44b4fc3e558272f054cc51ee10b8f2b5cbfb4bf0cb8f71408188f89a,47,20260904/native-visibility-raw/2906705493/CAB-a54cb8ece006bf575b732cd3ab36fd55/2605506000415570331.1.raw
52948b47df4dfeaf004de3391c4e64f42eaba66a259a0cba7733cca4d04a3b5d,43,20260904/native-visibility-raw/2906705493/CAB-a54cb8ece006bf575b732cd3ab36fd55/2619018835903489290.1.raw
2302f33eaf14dacccb82af3df52ee2c24031bf92f951a43e06c0f21c66928e64,47,20260904/native-visibility-raw/2906705493/CAB-a54cb8ece006bf575b732cd3ab36fd55/2734288915614406383.1.raw
c9375a6f635543dde8394b7069b9caeacd53bfda51a2cad5cd3e337ea1f545d5,47,20260904/native-visibility-raw/2906705493/CAB-a54cb8ece006bf575b732cd3ab36fd55/2759987009578589474.1.raw
d4a311d9f430089fbb80d6feed83d6708e5a3f76861d2984329971c8f83337b4,47,20260904/native-visibility-raw/2906705493/CAB-a54cb8ece006bf575b732cd3ab36fd55/2775119758869659766.1.raw
8592374ae889ca02e61ce90a0cca2dac30674511b06e6b3cf6ee96d07432d9b7,51,20260904/native-visibility-raw/2906705493/CAB-a54cb8ece006bf575b732cd3ab36fd55/2780622644109826328.1.raw
cb6fe057c6213ba87114a03b961d1b9d2406be1f14ba8fc79dd75abe22aaf5fd,43,20260904/native-visibility-raw/2906705493/CAB-a54cb8ece006bf575b732cd3ab36fd55/2792945256861679070.1.raw
bdc52b1ffae9446d309e8cc29e7ad619a227e5745d116f593e8338f40dcdb897,59,20260904/native-visibility-raw/2906705493/CAB-a54cb8ece006bf575b732cd3ab36fd55/2815292577282638342.1.raw
e382903eb5904ee238be7ee989eb65183daee2008e1a60888631bd5b39f6195d,47,20260904/native-visibility-raw/2906705493/CAB-a54cb8ece006bf575b732cd3ab36fd55/2864538426121792857.1.raw
aa9ae94727ca5d72b1c9448cf01226afa2af054d4cd0e779033234ad808c0006,43,20260904/native-visibility-raw/2906705493/CAB-a54cb8ece006bf575b732cd3ab36fd55/2891479247401280644.1.raw
6ce79ca9cf7b1258562116003aa8fa00ff0ebeaa6bdabcca878a8cd29f46f7c7,43,20260904/native-visibility-raw/2906705493/CAB-a54cb8ece006bf575b732cd3ab36fd55/294022658751296520.1.raw
6de4f4d09475198feb95d207388dbbda9786991ceca37767af8b871b847645c0,43,20260904/native-visibility-raw/2906705493/CAB-a54cb8ece006bf575b732cd3ab36fd55/2943935179714468535.1.raw
8ed8ff0089dbd7e65221409272704d5b1ea4cbdf7b71dbe21e01e30d067f1b39,43,20260904/native-visibility-raw/2906705493/CAB-a54cb8ece006bf575b732cd3ab36fd55/3007721112707124409.1.raw
ae6d2b77771d5cf641d16f3d20f62437844e86103c0c4cb128ddabf727cb70d3,43,20260904/native-visibility-raw/2906705493/CAB-a54cb8ece006bf575b732cd3ab36fd55/3032647196964207037.1.raw
8ed6d8386a3e2abfe0e91896defcf5482e4ca0bd337beacf5e8b8019a0d814e6,43,20260904/native-visibility-raw/2906705493/CAB-a54cb8ece006bf575b732cd3ab36fd55/3042968814882472576.1.raw
864a9035af5e450672586ccad5752d2038287516f9c55eab1a1edb96e38370b3,43,20260904/native-visibility-raw/2906705493/CAB-a54cb8ece006bf575b732cd3ab36fd55/3053450501126946466.1.raw
30efc3837df91d9e5d03c6ce9856827066c295af6393f2272a857c82458529e8,39,20260904/native-visibility-raw/2906705493/CAB-a54cb8ece006bf575b732cd3ab36fd55/3118560574038304888.1.raw
a7eda9677b1da7816af60437f6495f6680da9a2f0c8ca16286f30e6418eb493f,43,20260904/native-visibility-raw/2906705493/CAB-a54cb8ece006bf575b732cd3ab36fd55/313353309935341236.1.raw
1e54964a39d41dfef53cc52469bb4dc29bdae370f12ec451ce22dde14cf5976d,47,20260904/native-visibility-raw/2906705493/CAB-a54cb8ece006bf575b732cd3ab36fd55/3158426475113645326.1.raw
d16d83216f0de251b612b2a73547a5ac21816b091248d1663fe814143dd33ae6,43,20260904/native-visibility-raw/2906705493/CAB-a54cb8ece006bf575b732cd3ab36fd55/3187248306841421048.1.raw
839537b9bb4f0e8da1027e2f919335cc87402de32e649d4385672af98d6e4e66,47,20260904/native-visibility-raw/2906705493/CAB-a54cb8ece006bf575b732cd3ab36fd55/3303831104916536448.1.raw
3df68dd31fbc85fae42b6f84f1181e89fd5f82879cdb732bed9c7e4770ddfddb,39,20260904/native-visibility-raw/2906705493/CAB-a54cb8ece006bf575b732cd3ab36fd55/3313430366454764796.1.raw
01eb89dc34509c6b9201182334e7c6de51aa62090ab746c43b634a5d15d3364c,224,20260904/native-visibility-raw/2906705493/CAB-a54cb8ece006bf575b732cd3ab36fd55/3339103467558348102.137.raw
3bd4e6e372b65f941ea15359c6ef0af920b63cda010f3a9f24f6037b54f2976e,47,20260904/native-visibility-raw/2906705493/CAB-a54cb8ece006bf575b732cd3ab36fd55/3344504624622253003.1.raw
6c8c887874a119ac1e67721ee9dfe0747997c7710784e62ee6fbdf99880fce6e,43,20260904/native-visibility-raw/2906705493/CAB-a54cb8ece006bf575b732cd3ab36fd55/3402594981292202901.1.raw
9011abd430bc26df05bf6ff8c7b1fc0eac22067b048499df098b299d5113797b,43,20260904/native-visibility-raw/2906705493/CAB-a54cb8ece006bf575b732cd3ab36fd55/3436138607481723213.1.raw
5403025ae8f7eb747362bbd9d8158b144b89aec2c425f1e150884a81a60d698a,59,20260904/native-visibility-raw/2906705493/CAB-a54cb8ece006bf575b732cd3ab36fd55/3472229954363448416.1.raw
ce50bdc032e71132a3d2a8b81fc7e46b3f77ba9f45e0be924ad50f6274feb1d7,55,20260904/native-visibility-raw/2906705493/CAB-a54cb8ece006bf575b732cd3ab36fd55/3492382687323636631.1.raw
91b072f2e303b3cd66ad5c3f0412cf30e23ce87d85e3ed2240455f3b340890dc,43,20260904/native-visibility-raw/2906705493/CAB-a54cb8ece006bf575b732cd3ab36fd55/3521091571543617205.1.raw
6d29e2033436d946ba9c5afe479826e053b483d5629bb2585e93da7a468b41ab,43,20260904/native-visibility-raw/2906705493/CAB-a54cb8ece006bf575b732cd3ab36fd55/3564720188757658409.1.raw
62cced6fda469bb8e10aca64669fe2f384357006e056fd71939ecd7572268b21,47,20260904/native-visibility-raw/2906705493/CAB-a54cb8ece006bf575b732cd3ab36fd55/356917392912207156.1.raw
7c7cb3335385c26936b6c9590dc94d7f7db162049e86c98feb5353e5518657dc,1628,20260904/native-visibility-raw/2906705493/CAB-a54cb8ece006bf575b732cd3ab36fd55/3586499500754002266.137.raw
30cec0d2b6b14f2da17c79dca08ac7eb7bc1e70042eb3daecd37769e6da01498,47,20260904/native-visibility-raw/2906705493/CAB-a54cb8ece006bf575b732cd3ab36fd55/3638566126516025229.1.raw
b228b9b2e1b92a5d9ed55f20a269f62056bbcf2df09bcca5894086ba422a4117,43,20260904/native-visibility-raw/2906705493/CAB-a54cb8ece006bf575b732cd3ab36fd55/3684880761905558583.1.raw
6e7853cbb4b943259e0321e9f6dab0987b994b7a979c2e40d929e868e2017751,39,20260904/native-visibility-raw/2906705493/CAB-a54cb8ece006bf575b732cd3ab36fd55/3715166079251512266.1.raw
2adc3b0d6f4a9a6ef9ba19440b28131ceae6126ba40c1dac31ccd3648b62a08d,43,20260904/native-visibility-raw/2906705493/CAB-a54cb8ece006bf575b732cd3ab36fd55/3742465450677982183.1.raw
054821591b0acb96d498087bfa2a9a41b1916648f59adc318b7d4d0e056bf52b,47,20260904/native-visibility-raw/2906705493/CAB-a54cb8ece006bf575b732cd3ab36fd55/3783225512638236416.1.raw
cf2f31a70a02058b99511a0d7a9c7e1165e1a1e7f54d39d28d88450de8a21878,43,20260904/native-visibility-raw/2906705493/CAB-a54cb8ece006bf575b732cd3ab36fd55/3787138322339411786.1.raw
511306f921e87afa5844b00f1acb66d82c9820479f7c6a7523abbe23ca202619,51,20260904/native-visibility-raw/2906705493/CAB-a54cb8ece006bf575b732cd3ab36fd55/3800337554702392243.1.raw
01340432a8496c9fbc7130702ed2b679e90530f49f2c533cdb5c7bb3cf24dac4,43,20260904/native-visibility-raw/2906705493/CAB-a54cb8ece006bf575b732cd3ab36fd55/3804089207099957130.1.raw
ddcd0e6d8d36e6c26565c0565f41a6fac05f3d590d0124ae807fb326806eecf2,43,20260904/native-visibility-raw/2906705493/CAB-a54cb8ece006bf575b732cd3ab36fd55/3814722091549463085.1.raw
8ff1b65e00c2d8934d86f756aba6bb5663c2b5c3cb661b8ce21ec1ad78f7f42b,43,20260904/native-visibility-raw/2906705493/CAB-a54cb8ece006bf575b732cd3ab36fd55/3897894801573594532.1.raw
8c93932fdfadad92645393f073df234f1b81d654d1b04ec38ee51fa5116c4544,43,20260904/native-visibility-raw/2906705493/CAB-a54cb8ece006bf575b732cd3ab36fd55/3914486567279913696.1.raw
662281010fe5f2250cd7a6b0e18368c70bbb0f54a5359dda06cb94b586544f4e,43,20260904/native-visibility-raw/2906705493/CAB-a54cb8ece006bf575b732cd3ab36fd55/3915080307731098992.1.raw
34d34be9523a3d664538b628bd1d94870e1581725fff8996cb4035f3bcb056c0,43,20260904/native-visibility-raw/2906705493/CAB-a54cb8ece006bf575b732cd3ab36fd55/413963818589772484.1.raw
e0509338fc0c7b8f6eeab48d454198eee207d06efa1e1e9c41e230d56e49da34,43,20260904/native-visibility-raw/2906705493/CAB-a54cb8ece006bf575b732cd3ab36fd55/419051753198617558.1.raw
004144fc9951951f62b6978fc9ef111741fcce823afe039eaa9212ce83f2130d,43,20260904/native-visibility-raw/2906705493/CAB-a54cb8ece006bf575b732cd3ab36fd55/4195323822736434216.1.raw
e326a6b9f7f05f756eeb39867df6477f211e1a8566b57fc7af76fdefc5b8944b,39,20260904/native-visibility-raw/2906705493/CAB-a54cb8ece006bf575b732cd3ab36fd55/4288473537487899137.1.raw
e7d280223cfd018dbd5c87ecddf2267e67e61baa6ad3dd030c6ced7a03b0758b,47,20260904/native-visibility-raw/2906705493/CAB-a54cb8ece006bf575b732cd3ab36fd55/4306667589973453959.1.raw
7b2d6c817d0e4c0635e3972af05434b8c0ca47da0047ca6679ea0671281d888c,43,20260904/native-visibility-raw/2906705493/CAB-a54cb8ece006bf575b732cd3ab36fd55/4357065965794182460.1.raw
a32ef2f1ab2272f224eca043a4e8f09a5e353e4f68b985b41316defd850aa42a,43,20260904/native-visibility-raw/2906705493/CAB-a54cb8ece006bf575b732cd3ab36fd55/4399855358451891450.1.raw
17195e1552e3b580c205be499af093905154b7fade9adf43acb4b1761a4c0bc1,39,20260904/native-visibility-raw/2906705493/CAB-a54cb8ece006bf575b732cd3ab36fd55/4408998691887121557.1.raw
ba21197f105c2def33ed39066df6c4b9f519de5e52fbf7300d4d1182f22c92f5,47,20260904/native-visibility-raw/2906705493/CAB-a54cb8ece006bf575b732cd3ab36fd55/4427328174009148082.1.raw
1dcad68d37b1fc2d9cfaa155f4be59c8a43236f4eb1aedf3ef65eccd5b16f44e,47,20260904/native-visibility-raw/2906705493/CAB-a54cb8ece006bf575b732cd3ab36fd55/4443742323675811306.1.raw
ddbd30870beb76365234de43ea68e19ea4ec00d9b91614b88ddd354f7244cb2e,43,20260904/native-visibility-raw/2906705493/CAB-a54cb8ece006bf575b732cd3ab36fd55/4457016414237588391.1.raw
19cbd09726b8332c7b345868ed95d7d0e27c7cb635828f534173072c62333e79,43,20260904/native-visibility-raw/2906705493/CAB-a54cb8ece006bf575b732cd3ab36fd55/4506330597546634995.1.raw
38e887f56672939dcf0bde42df29407cc447dba04f42172d072e90215e003d72,800,20260904/native-visibility-raw/2906705493/CAB-a54cb8ece006bf575b732cd3ab36fd55/4540598114752989812.137.raw
0aebc837482ab80440d87fe054f97253a105e1440808f7db189f2eea16150c21,47,20260904/native-visibility-raw/2906705493/CAB-a54cb8ece006bf575b732cd3ab36fd55/4654451696679887703.1.raw
e9739fe88e3a95956a3af8c5e872a96030a2c795badb174e2c6590a004ea360b,43,20260904/native-visibility-raw/2906705493/CAB-a54cb8ece006bf575b732cd3ab36fd55/4713615842325622890.1.raw
5f71d60f8ca42bc212de875a45487d59a1ca47da96f11d70ae429021c1fe93f1,51,20260904/native-visibility-raw/2906705493/CAB-a54cb8ece006bf575b732cd3ab36fd55/4756738295676696178.1.raw
e14a4d3a3c4ed3bcd365febc7d4410db42c8d2fbfb07ed7d9757dbadee742533,43,20260904/native-visibility-raw/2906705493/CAB-a54cb8ece006bf575b732cd3ab36fd55/4762374392727765916.1.raw
545d450f0b7f0a6817c91ae566c9e61609561a0824fb57e95d715e250a21ff01,47,20260904/native-visibility-raw/2906705493/CAB-a54cb8ece006bf575b732cd3ab36fd55/4853994726518568842.1.raw
9dd57f379c85f6bdb8500fa7c02dbbb2f79b706f042f7542b9c3aaebf96c6434,43,20260904/native-visibility-raw/2906705493/CAB-a54cb8ece006bf575b732cd3ab36fd55/4903344269888175853.1.raw
df621a61856641d73d48fabb1f5026a2416f672a29cd8369fcba74789df616dd,39,20260904/native-visibility-raw/2906705493/CAB-a54cb8ece006bf575b732cd3ab36fd55/4913323376932814325.1.raw
2b3167e03a6e9f23d43fb186c18b4e5b69e31bb28b0d2cfdf05bb1821b8ba645,43,20260904/native-visibility-raw/2906705493/CAB-a54cb8ece006bf575b732cd3ab36fd55/4919134331524983787.1.raw
a1bec98549b6e010aeb496900aceb96283c6d7bce7af1ab563655d8772f7b602,43,20260904/native-visibility-raw/2906705493/CAB-a54cb8ece006bf575b732cd3ab36fd55/4928656751444516681.1.raw
3d98efa0d3f6b0d2255b438212e8045570b5267ed8fc81fe248451ea8d2c449a,43,20260904/native-visibility-raw/2906705493/CAB-a54cb8ece006bf575b732cd3ab36fd55/5008785075424055590.1.raw
a86230e4200bf7754bc0262baece5f81b9f389ca318196b2a705253424a03b67,224,20260904/native-visibility-raw/2906705493/CAB-a54cb8ece006bf575b732cd3ab36fd55/5062926033867015136.137.raw
9c7a990556899cdb17c7a6d69e4fdad6e2d715e12debcee955fb6b84bfd0f149,43,20260904/native-visibility-raw/2906705493/CAB-a54cb8ece006bf575b732cd3ab36fd55/5065350948600844674.1.raw
1ea64a5a6422a91353118f0a346db80fb3418d2a8cfda28cf43c1de2fa23b07b,47,20260904/native-visibility-raw/2906705493/CAB-a54cb8ece006bf575b732cd3ab36fd55/5070903092606524917.1.raw
5826de8566d313c6382e0ff179b429b3e083cf532342ae906f2f6065977ae9db,47,20260904/native-visibility-raw/2906705493/CAB-a54cb8ece006bf575b732cd3ab36fd55/5135546159795590635.1.raw
51d0a5c373185790fdfcd11b6063bea2e97e0f30f053cff6952fc69eaeb6419b,47,20260904/native-visibility-raw/2906705493/CAB-a54cb8ece006bf575b732cd3ab36fd55/5148556181962978183.1.raw
58541359020f3a6245926c73d7621e8290f0155eb1945ddae2787195228cd10b,43,20260904/native-visibility-raw/2906705493/CAB-a54cb8ece006bf575b732cd3ab36fd55/5174336198442143829.1.raw
3f5faacb86d5c03aa27c235cbf807bff76a2c6cf01c92077aa9e8c068e1e111b,47,20260904/native-visibility-raw/2906705493/CAB-a54cb8ece006bf575b732cd3ab36fd55/5195191000141942479.1.raw
24f3f541fba4d1d8ab2875538ee99a4f19b29e76fbe86c3f8b5c975575d3b539,47,20260904/native-visibility-raw/2906705493/CAB-a54cb8ece006bf575b732cd3ab36fd55/524010904147260492.1.raw
df5367cbf41e84f84617bd6ab8c02820bfbeed4820e28915bc5c9133afd05676,43,20260904/native-visibility-raw/2906705493/CAB-a54cb8ece006bf575b732cd3ab36fd55/5240917338855408487.1.raw
d9008799e60e3d4d81380bed63c97cd8562b6357aa6c43ff76a2337c4c848eb5,63,20260904/native-visibility-raw/2906705493/CAB-a54cb8ece006bf575b732cd3ab36fd55/5292441702666208621.1.raw
1c3c1f1e27b8c4530f60a755207b369e1cf4e811d3b63c3ff78316133f2a5715,43,20260904/native-visibility-raw/2906705493/CAB-a54cb8ece006bf575b732cd3ab36fd55/5338875974381493799.1.raw
e6e85a90b627d79ad7b4947feef3a814b9d67f01b02638558df2b3db812dfe8b,55,20260904/native-visibility-raw/2906705493/CAB-a54cb8ece006bf575b732cd3ab36fd55/5430811331056302560.1.raw
3fc7a13cd3f25f40c1cc5c3b18c4f0bf1311561a36c5853244ec26b6601ada26,47,20260904/native-visibility-raw/2906705493/CAB-a54cb8ece006bf575b732cd3ab36fd55/5433192367366704417.1.raw
d067e922cf426924903cc44c7da50217bfc1294d246b336312ab725d1bc091ef,43,20260904/native-visibility-raw/2906705493/CAB-a54cb8ece006bf575b732cd3ab36fd55/5485878769099372481.1.raw
6f569b07121011e19a91b64438002556cb666056f643ed98605d785897d563a6,43,20260904/native-visibility-raw/2906705493/CAB-a54cb8ece006bf575b732cd3ab36fd55/5502794124069495238.1.raw
eb9161c9824a9a1f1410433e66038b750ec04038a8956af9955bdc8b11bf33f8,51,20260904/native-visibility-raw/2906705493/CAB-a54cb8ece006bf575b732cd3ab36fd55/5505324666965959420.1.raw
5db325f79559677cd3fcb1496e20fbd9a6b7e27a9d722e3633d29aeff6c1d60c,43,20260904/native-visibility-raw/2906705493/CAB-a54cb8ece006bf575b732cd3ab36fd55/5511829637103688591.1.raw
882d9e2cb153100d1c4bfccbb424a35970ec94004ccee0fd14e58cc1069a3827,51,20260904/native-visibility-raw/2906705493/CAB-a54cb8ece006bf575b732cd3ab36fd55/5517484884591771354.1.raw
0fc6436ee26e9e824326e8d1a4a53882f3ad10be90520210558a06d66f146bce,47,20260904/native-visibility-raw/2906705493/CAB-a54cb8ece006bf575b732cd3ab36fd55/5519410638263913154.1.raw
ab872f3f1c2ce45912808bea70146987757beaed6177c19cdfd67016d5529010,47,20260904/native-visibility-raw/2906705493/CAB-a54cb8ece006bf575b732cd3ab36fd55/5585506812853347932.1.raw
92c7de670ee32fd8fd2cc21de2e0e06833846ccd17a58ed91e0acc6a516df8b8,51,20260904/native-visibility-raw/2906705493/CAB-a54cb8ece006bf575b732cd3ab36fd55/5605333940207517078.1.raw
51f237a0fb705571f4d2de5f8e020950d1a77a97627f9fe310320953a545c847,43,20260904/native-visibility-raw/2906705493/CAB-a54cb8ece006bf575b732cd3ab36fd55/5613223317358328451.1.raw
5681d3a8abf9ee86a4a5757e058f71bdfdbbbeda0b9e50755a2cfdbc2f99cf33,47,20260904/native-visibility-raw/2906705493/CAB-a54cb8ece006bf575b732cd3ab36fd55/5639159990865301378.1.raw
009b92b0478544cd4e1927a995b63723e425f29daa2dc89478fb83959003c57d,43,20260904/native-visibility-raw/2906705493/CAB-a54cb8ece006bf575b732cd3ab36fd55/5660567248804871241.1.raw
37e67d53a88d1d8843947baf74bba10cd6abe4a1621a716d9fba60edd03240f5,47,20260904/native-visibility-raw/2906705493/CAB-a54cb8ece006bf575b732cd3ab36fd55/5720939540169331266.1.raw
9bb2bddb816a992c37337683cbba1a1def443f4c2b77d39411e49da403cf379f,47,20260904/native-visibility-raw/2906705493/CAB-a54cb8ece006bf575b732cd3ab36fd55/5749907282180677885.1.raw
f97bd37ceedbf4c958c85cce4e117936a89e3cea821029fcdfc0181fb12c86aa,43,20260904/native-visibility-raw/2906705493/CAB-a54cb8ece006bf575b732cd3ab36fd55/5768086139060561477.1.raw
84acb745b0b28ff755299818c3ecae5ab5326b1268e91ddef549e58b53bdace0,47,20260904/native-visibility-raw/2906705493/CAB-a54cb8ece006bf575b732cd3ab36fd55/5841429541830491646.1.raw
a6dab454e4a0d0a7615263e324bb04ce035b35e966b2622c75a5c4e21520dc07,43,20260904/native-visibility-raw/2906705493/CAB-a54cb8ece006bf575b732cd3ab36fd55/5852795311290069837.1.raw
124c3632157e87b9f2cce1f903d5de5479fbc941851ebb123dcf66c886db0a16,43,20260904/native-visibility-raw/2906705493/CAB-a54cb8ece006bf575b732cd3ab36fd55/5896333914229140334.1.raw
2fb39c8e01e50246121bc0d3d02400ed7288bb09bab28865ebb17c6845d75a6b,47,20260904/native-visibility-raw/2906705493/CAB-a54cb8ece006bf575b732cd3ab36fd55/5930933284586350971.1.raw
a18b4c16cb541a5643fe2643e7cfb3d4fd19b699c8f2433badc7369a4b0ca36f,51,20260904/native-visibility-raw/2906705493/CAB-a54cb8ece006bf575b732cd3ab36fd55/5943408139576617190.1.raw
e1b48eaaa4f8c355e7da4a1a104f455d6c2441c46a55825f4c8287540aecd655,63,20260904/native-visibility-raw/2906705493/CAB-a54cb8ece006bf575b732cd3ab36fd55/6044507312888344604.1.raw
342daee69998dcb5c2b4500b6e5b79279bd56960277607ebd2a7b8760c5d87ae,47,20260904/native-visibility-raw/2906705493/CAB-a54cb8ece006bf575b732cd3ab36fd55/6057766958540883203.1.raw
19dae3b65e94e4e0f0102801901f37a511d4b679ac9cee95ac155b8391264af4,43,20260904/native-visibility-raw/2906705493/CAB-a54cb8ece006bf575b732cd3ab36fd55/6063379304312353333.1.raw
d9675235354ae803e3ac41afa0976fb8ebfbe29ad2d94060a4471c47986598fa,43,20260904/native-visibility-raw/2906705493/CAB-a54cb8ece006bf575b732cd3ab36fd55/6079711111520439658.1.raw
b0982043319874d99eaace259919b22d59f8fabf53cdc20458b85dd98984400d,47,20260904/native-visibility-raw/2906705493/CAB-a54cb8ece006bf575b732cd3ab36fd55/6159345321959722295.1.raw
73501940670d94ce0aaacd4db8dd7f983f3a1861b9f8409b4b2b8e910003bddd,47,20260904/native-visibility-raw/2906705493/CAB-a54cb8ece006bf575b732cd3ab36fd55/6162021146055867349.1.raw
fca0da64c784add9c78aef2100f336d0c7935b988e83e92b919facd18f393eea,47,20260904/native-visibility-raw/2906705493/CAB-a54cb8ece006bf575b732cd3ab36fd55/6199649172896451367.1.raw
9e994a458f757ff6f570517809f04610c5da38ee67b098d8bbe0ad37f2642fd5,43,20260904/native-visibility-raw/2906705493/CAB-a54cb8ece006bf575b732cd3ab36fd55/6201914785801588978.1.raw
4d714c783dc6c334888eb0643f916af35635d3eaa2e46ffefa067683f6d84a09,39,20260904/native-visibility-raw/2906705493/CAB-a54cb8ece006bf575b732cd3ab36fd55/6207753951131267915.1.raw
cecca62a828567ad2955c618b625a0091781db73da317405c717d367867c050c,39,20260904/native-visibility-raw/2906705493/CAB-a54cb8ece006bf575b732cd3ab36fd55/6227671732280105774.1.raw
5913b22a1a8258456beccbdf1aa529cc21792627ae51264bac95ca4a69f4be0e,51,20260904/native-visibility-raw/2906705493/CAB-a54cb8ece006bf575b732cd3ab36fd55/6236209230709892901.1.raw
f7c493e87ac6d212fe49334e59253efeb792422f01922a1951fd654844b4a10a,1880,20260904/native-visibility-raw/2906705493/CAB-a54cb8ece006bf575b732cd3ab36fd55/6325778108661050461.137.raw
2aff5e56e77088ef8c30341354fed07bee4a8f6a73e97b3ffabb6ba441bfc0d8,59,20260904/native-visibility-raw/2906705493/CAB-a54cb8ece006bf575b732cd3ab36fd55/6348229267642847445.1.raw
831e473f7710f934f3b32eb388c72437f63a132e403e8ba7ba7e0b8dca2306f8,39,20260904/native-visibility-raw/2906705493/CAB-a54cb8ece006bf575b732cd3ab36fd55/636144700771850974.1.raw
b9d9d209d025e513bf734242fc6ffa6beeb8483151e1d2e75e2335f6677cd927,51,20260904/native-visibility-raw/2906705493/CAB-a54cb8ece006bf575b732cd3ab36fd55/6410174425062835725.1.raw
f316641f1c2874078d8bd8442094a02f7646c1233f219087142e86131ad40256,47,20260904/native-visibility-raw/2906705493/CAB-a54cb8ece006bf575b732cd3ab36fd55/6454801709352931984.1.raw
5c8c76dd4c396082e274b5070caba71e0441147af7fb62bf42a39fd3d7447c20,47,20260904/native-visibility-raw/2906705493/CAB-a54cb8ece006bf575b732cd3ab36fd55/647788135066865474.1.raw
9929d49302b4eef820909ef44521eb3ae04c586c4b344cff4d05c9c928d3a366,43,20260904/native-visibility-raw/2906705493/CAB-a54cb8ece006bf575b732cd3ab36fd55/6546839982461099939.1.raw
8ada36d62c302a40cdaa19b482e873d17438d1d6c027dda49202dcd0a5034f99,39,20260904/native-visibility-raw/2906705493/CAB-a54cb8ece006bf575b732cd3ab36fd55/6591700365408021433.1.raw
dbcd6418460957909e3ffa1969c3c27f7c9805ff5aaad1f8dbe1720cca3868f5,43,20260904/native-visibility-raw/2906705493/CAB-a54cb8ece006bf575b732cd3ab36fd55/6594318871989337756.1.raw
14a4d4673cbaa3dc764b89c52d2584416bc6eebf3746522ea3d726de4532e171,47,20260904/native-visibility-raw/2906705493/CAB-a54cb8ece006bf575b732cd3ab36fd55/6677220832445645745.1.raw
89fd544f86d9eb88cf2a41f758d46baee41715b9e13b1964ae84b3b2a93d7664,308,20260904/native-visibility-raw/2906705493/CAB-a54cb8ece006bf575b732cd3ab36fd55/6709195539735168788.137.raw
076515ae9b35a1ab706fa13806e73d9609c21576427fcf184140cfb76d845d65,43,20260904/native-visibility-raw/2906705493/CAB-a54cb8ece006bf575b732cd3ab36fd55/6721625446834153495.1.raw
89abd1797b8ebdb0bb0c14bd7514db7ddfbf9e7b5eef44684cca426232b7ea7e,47,20260904/native-visibility-raw/2906705493/CAB-a54cb8ece006bf575b732cd3ab36fd55/6735596691815865467.1.raw
c9d8386b3ac31eb2b2f4e92fa0d0cd622c54d0d8cec1701d589c84fb7748b0c7,47,20260904/native-visibility-raw/2906705493/CAB-a54cb8ece006bf575b732cd3ab36fd55/6748700095883111149.1.raw
ae07a0dce6d51c337d0987fba29fdb16ac3630913b1f777effb12455d76dd7d1,43,20260904/native-visibility-raw/2906705493/CAB-a54cb8ece006bf575b732cd3ab36fd55/6785190242673769847.1.raw
51760cc9da5324473b7670fb7f087b28200be074ac9910dce46426e8c431f6f4,59,20260904/native-visibility-raw/2906705493/CAB-a54cb8ece006bf575b732cd3ab36fd55/6873886030710629172.1.raw
9575b9c14273c87dbde0780bd8d04bc29b151cd346f6b15471e17fde46b06a8f,39,20260904/native-visibility-raw/2906705493/CAB-a54cb8ece006bf575b732cd3ab36fd55/6923915604956011497.1.raw
bc4d01533819581343949748d672645f0984d4ccf663f54707b156bf45627a76,224,20260904/native-visibility-raw/2906705493/CAB-a54cb8ece006bf575b732cd3ab36fd55/6931357258623867039.137.raw
86b836be6d00f26e7591d6401707a930840255f951ecaeb238e585425752b674,51,20260904/native-visibility-raw/2906705493/CAB-a54cb8ece006bf575b732cd3ab36fd55/6941052846488814725.1.raw
e49a0e28cb8ca1565d2406ee914038d38176a99c8c144a263f5d41b6b2e376c6,47,20260904/native-visibility-raw/2906705493/CAB-a54cb8ece006bf575b732cd3ab36fd55/6950142876603625026.1.raw
33a132da7d4602efc1e251018c958e11eb97788abf8f23ca956b2edaae45cf57,47,20260904/native-visibility-raw/2906705493/CAB-a54cb8ece006bf575b732cd3ab36fd55/6986788094964841315.1.raw
076586e7415377405a8fdcf305f16fe837dcbf4be4dbd4c18abca77f7e618ca1,47,20260904/native-visibility-raw/2906705493/CAB-a54cb8ece006bf575b732cd3ab36fd55/699428139201782198.1.raw
418af9a5685a5d280a2a26bb68c312776555cae99e4b3473998567fbea3faef6,59,20260904/native-visibility-raw/2906705493/CAB-a54cb8ece006bf575b732cd3ab36fd55/701049396607292749.1.raw
b8da9fc5f4c2ac16cf56cffc493f96e21a1985b7474397675791d9bcfa847143,47,20260904/native-visibility-raw/2906705493/CAB-a54cb8ece006bf575b732cd3ab36fd55/7103821831075327550.1.raw
0a09017ffff94c780e8b6ed40c01a2034c759bc98a224b8bf2ad8d44abd0a3cf,39,20260904/native-visibility-raw/2906705493/CAB-a54cb8ece006bf575b732cd3ab36fd55/7104108273110015461.1.raw
10092dff79b1449e8cb5dae435bde3ad661afa2faf7e6043d17fc95cbbefc151,43,20260904/native-visibility-raw/2906705493/CAB-a54cb8ece006bf575b732cd3ab36fd55/7208762068122377038.1.raw
66904ace54f9baf34593bc44cfe98f8cdbda63eb8dc2634b988022811f73a933,43,20260904/native-visibility-raw/2906705493/CAB-a54cb8ece006bf575b732cd3ab36fd55/722958223203247391.1.raw
c2d3011eae33a8641faf744110d6d4d76d384e379e0ba518f5ea002700e1d647,43,20260904/native-visibility-raw/2906705493/CAB-a54cb8ece006bf575b732cd3ab36fd55/7256043848960788766.1.raw
ab74bea93768ad0c06a3467b0faccc02617e6c5032bd7a63ba5736e33d94847d,47,20260904/native-visibility-raw/2906705493/CAB-a54cb8ece006bf575b732cd3ab36fd55/7257525483427113398.1.raw
dac8fe2555b9cbcc561ea68efdcaa6891f080578596d5aa9042bc56197d8a7fe,47,20260904/native-visibility-raw/2906705493/CAB-a54cb8ece006bf575b732cd3ab36fd55/7312961115486427251.1.raw
85954101f15d9a6e91ee296ddb089b92091679c7363eaf92eb2999215918278f,47,20260904/native-visibility-raw/2906705493/CAB-a54cb8ece006bf575b732cd3ab36fd55/7383531246070517180.1.raw
0dfcf1b6adcdaf2d32eaf145a826d368c390d1864fc92626167a7560ac0312f3,51,20260904/native-visibility-raw/2906705493/CAB-a54cb8ece006bf575b732cd3ab36fd55/7410230841104144229.1.raw
44d6677974bec483834f82998b36412bcc146133262fbee8a83ec4da2f06cd3d,51,20260904/native-visibility-raw/2906705493/CAB-a54cb8ece006bf575b732cd3ab36fd55/760299230879873927.1.raw
96e3e6de12bb856908e15fd713c0ecb811bf6cc06b27c54232b85539e24feae8,43,20260904/native-visibility-raw/2906705493/CAB-a54cb8ece006bf575b732cd3ab36fd55/7610431508420501312.1.raw
18bfb5855c4ccd2f4fd2430793a822cb61ec91cd63315137cbfdd42a186e5776,47,20260904/native-visibility-raw/2906705493/CAB-a54cb8ece006bf575b732cd3ab36fd55/7610788526913667498.1.raw
54803e5cd3e0b35d13bbd31063b7b37355a417d285936db2c68620de246d2cfe,43,20260904/native-visibility-raw/2906705493/CAB-a54cb8ece006bf575b732cd3ab36fd55/762107233465588873.1.raw
8801036afc080be0e5c8e2dd0ef14ab6da2a056ff49332c11efcbaf2c7b7b4a4,43,20260904/native-visibility-raw/2906705493/CAB-a54cb8ece006bf575b732cd3ab36fd55/7628790811434539694.1.raw
cce83f49a049a2ac4886b242efb87d6511920dad13ea4cb4dbc4f1fb9507046e,43,20260904/native-visibility-raw/2906705493/CAB-a54cb8ece006bf575b732cd3ab36fd55/7637252121060351301.1.raw
8875be5f4839f1d7305ff55dfc37461ed0a7fe8b7f0f5f895e9babcb71655303,47,20260904/native-visibility-raw/2906705493/CAB-a54cb8ece006bf575b732cd3ab36fd55/7674569256277753269.1.raw
1e755ff2cb7fc97d27e12543c6c5978b79202e6513fa8c25cf9fa3b7dff1922b,224,20260904/native-visibility-raw/2906705493/CAB-a54cb8ece006bf575b732cd3ab36fd55/7681539234396646671.137.raw
3d5b2e7d033939e4a6933c502735c674d3e7f49e46b9c8ec003e2f780ebd6a13,59,20260904/native-visibility-raw/2906705493/CAB-a54cb8ece006bf575b732cd3ab36fd55/7708843016446987820.1.raw
5fba39942b8bcd0f14afe55cdb1c66c8f676f69f9d54a4b08ef0ab26f7cfbf52,47,20260904/native-visibility-raw/2906705493/CAB-a54cb8ece006bf575b732cd3ab36fd55/7737828569798550137.1.raw
193b4da0dad57fb9d387da526c57ec32bdd56ef555b239e587c76832f4bcd21f,47,20260904/native-visibility-raw/2906705493/CAB-a54cb8ece006bf575b732cd3ab36fd55/7741097359251842218.1.raw
6252b79ea416bb6e126d8bee613c589107f41f3a040476140a4fe4be70a2b3f4,47,20260904/native-visibility-raw/2906705493/CAB-a54cb8ece006bf575b732cd3ab36fd55/7747805958658679246.1.raw
6fc1e2e1d6953fd5879d84b43ffda81f89ba4d051136c7f70010b4be9f4214e6,43,20260904/native-visibility-raw/2906705493/CAB-a54cb8ece006bf575b732cd3ab36fd55/780039641489748507.1.raw
5339194b83bdad2b1fb563d7ef9f15f46c5e37ac7895f4b4217fa149987c321c,43,20260904/native-visibility-raw/2906705493/CAB-a54cb8ece006bf575b732cd3ab36fd55/784991980419647407.1.raw
d86750b9fe93faffc63c7806b6d4e33fce5981bf4a6467b06009e871ae409b2e,47,20260904/native-visibility-raw/2906705493/CAB-a54cb8ece006bf575b732cd3ab36fd55/7859061747981472889.1.raw
4d0ed1f57497fc8a4014f0f581dc3ef0e3e3593a31a1e648ecf0418d9aa3e537,55,20260904/native-visibility-raw/2906705493/CAB-a54cb8ece006bf575b732cd3ab36fd55/7861601232007280722.1.raw
85cce4edbe7aeb81f8ae3b5e9d3ccab812938f8c9d289579d111b379d279ed10,43,20260904/native-visibility-raw/2906705493/CAB-a54cb8ece006bf575b732cd3ab36fd55/7868658214486714394.1.raw
65d9e3e7a2cecc196834250b1152b17fe71187959b20cbd8c412ee86dea8057b,43,20260904/native-visibility-raw/2906705493/CAB-a54cb8ece006bf575b732cd3ab36fd55/7869688496522258237.1.raw
a1728a73f191057d9789f18561df5d01f0699d3d1fcf6c926146bc86796e2006,47,20260904/native-visibility-raw/2906705493/CAB-a54cb8ece006bf575b732cd3ab36fd55/7885992396055786679.1.raw
6aab92951c72263511bb7eb45d6b10330879b532fb2f5c35e179c9e49433c73d,43,20260904/native-visibility-raw/2906705493/CAB-a54cb8ece006bf575b732cd3ab36fd55/7932297372032291337.1.raw
c75d53d754486708876661a1385e2b08b1da38a1001f250c67d9a35330c6e271,43,20260904/native-visibility-raw/2906705493/CAB-a54cb8ece006bf575b732cd3ab36fd55/7938702840928822840.1.raw
1ba5ce7311499602da8fa823a03ade06d3f78c547e536fdeac9d887257203e5b,47,20260904/native-visibility-raw/2906705493/CAB-a54cb8ece006bf575b732cd3ab36fd55/7940048777892414934.1.raw
30daa6af55c4e1f80e97a4fd26a985564b7d66d99ab8b223ab962e7619c6f8d4,43,20260904/native-visibility-raw/2906705493/CAB-a54cb8ece006bf575b732cd3ab36fd55/8012068233041295562.1.raw
a8ad4c858ed884267ea75e56f18ee53cdf4f955ab4c19b6c3733b2307cb84276,43,20260904/native-visibility-raw/2906705493/CAB-a54cb8ece006bf575b732cd3ab36fd55/80212666470665996.1.raw
64a2d736e1885a6a8423a91f6e64f80a37c1c806fa00eef208eb1c7bb5cb9fc8,47,20260904/native-visibility-raw/2906705493/CAB-a54cb8ece006bf575b732cd3ab36fd55/8025886497769635979.1.raw
b535a121e416af8e0469118de14486db5f1a412b2573d991066c5f872648e255,51,20260904/native-visibility-raw/2906705493/CAB-a54cb8ece006bf575b732cd3ab36fd55/8090508774189072766.1.raw
3849816fe0204cf4fe3f466541b5a56c9ff5b23a47070b42f8af260ccbde01f8,47,20260904/native-visibility-raw/2906705493/CAB-a54cb8ece006bf575b732cd3ab36fd55/8136533407028870340.1.raw
cbc040a6fbdb524fbd60912dac83056a858a12e7b7918ee1944c96e5e0714f87,43,20260904/native-visibility-raw/2906705493/CAB-a54cb8ece006bf575b732cd3ab36fd55/8159025810670835295.1.raw
aeb25fae3678d9191a668755f5dea8a8fc0407cd5076faccd095b0ce62e5c5cb,47,20260904/native-visibility-raw/2906705493/CAB-a54cb8ece006bf575b732cd3ab36fd55/8172716475958946407.1.raw
cff25bdfa9b5dea274bcedffc5e7353b1433cd584a5d8e0a500e9f8b7daba8b7,43,20260904/native-visibility-raw/2906705493/CAB-a54cb8ece006bf575b732cd3ab36fd55/8258212611481599242.1.raw
d36d2b605184927edf4329b8173dd6ccefb3c75f0835c3f86d943e8cccc2425f,43,20260904/native-visibility-raw/2906705493/CAB-a54cb8ece006bf575b732cd3ab36fd55/8309439326310789891.1.raw
fef7f5fbf041e5c582d1e7a597af9aa4095c431b8a6b276dfc8c19dd914313f3,43,20260904/native-visibility-raw/2906705493/CAB-a54cb8ece006bf575b732cd3ab36fd55/8310701374946669429.1.raw
7e4808b5dfb3adf4788438993fde2f0dec6aaaa7f09ec85b7412c113348bce79,47,20260904/native-visibility-raw/2906705493/CAB-a54cb8ece006bf575b732cd3ab36fd55/8320177589217148181.1.raw
b8014eafaef858744f8eebecc3fbe5c7eb804583769581c79991254b9ebbcca7,43,20260904/native-visibility-raw/2906705493/CAB-a54cb8ece006bf575b732cd3ab36fd55/8330665281514515335.1.raw
cf1fa719f4eadb7ea0dfe0c27b3a0198eae6c815d2168c303d1dbc87bd027b5a,43,20260904/native-visibility-raw/2906705493/CAB-a54cb8ece006bf575b732cd3ab36fd55/8353928375200989621.1.raw
52168c82912f627aeeb62f7157866cdfd5abd106150a5cdbc31c0f618e9ac918,43,20260904/native-visibility-raw/2906705493/CAB-a54cb8ece006bf575b732cd3ab36fd55/83638238913853299.1.raw
7e81667ece97cbc7f04f9800fd896cf107916771a69359bac9e3336f38ac022d,43,20260904/native-visibility-raw/2906705493/CAB-a54cb8ece006bf575b732cd3ab36fd55/8378698005293477141.1.raw
81cab9acbaef0b14e16ff7f714927ea90d8e3b8af47dcc1aeda291cf6dd6d29b,51,20260904/native-visibility-raw/2906705493/CAB-a54cb8ece006bf575b732cd3ab36fd55/8408527586518713975.1.raw
54ebe1f63597ffccef8b5d6655d4f30ebdb7db1bfabde95b7d005fd39b67273f,51,20260904/native-visibility-raw/2906705493/CAB-a54cb8ece006bf575b732cd3ab36fd55/8409475247444350342.1.raw
377beb2cf82163a4ef01d6629405cf79d0d8db34ca7ea6d6a5461c0a6b1a7e5a,59,20260904/native-visibility-raw/2906705493/CAB-a54cb8ece006bf575b732cd3ab36fd55/8429941848463354909.1.raw
c88eade4b90b5a685b26dc213fd58c7faa5bc195f50a1ae5dd46eb1d592c83d7,47,20260904/native-visibility-raw/2906705493/CAB-a54cb8ece006bf575b732cd3ab36fd55/8503285010815521364.1.raw
1901ddad1b63ea7ba2d55bbdf7caa5ebcc3e32709cd50131cfa7b9c8234f0ea0,43,20260904/native-visibility-raw/2906705493/CAB-a54cb8ece006bf575b732cd3ab36fd55/8547225562589365095.1.raw
68018b29e821f32eff4f3bcf2ce045459f4dc6f876728ade9f0aa401e92d504d,47,20260904/native-visibility-raw/2906705493/CAB-a54cb8ece006bf575b732cd3ab36fd55/8581051944088201626.1.raw
8bc59b6fd3d81c6aeeb1b376ddd8255eafc3e0a10328bdb4f64f69d7eef6962c,47,20260904/native-visibility-raw/2906705493/CAB-a54cb8ece006bf575b732cd3ab36fd55/8611356128638276490.1.raw
4802082856a4d9c1f016e5f193403bccabb79bbc4ee292a0589e2f0a5bd9c30a,47,20260904/native-visibility-raw/2906705493/CAB-a54cb8ece006bf575b732cd3ab36fd55/8695179592293392768.1.raw
5b4969d23f15fa1b095b86243a0015383279fc278da069a087ce572857502b73,224,20260904/native-visibility-raw/2906705493/CAB-a54cb8ece006bf575b732cd3ab36fd55/8716320997657025405.137.raw
a923bfe5af0e34ef4018fd6577513b471e3226b0c41c2b68def615a1eaacefc8,47,20260904/native-visibility-raw/2906705493/CAB-a54cb8ece006bf575b732cd3ab36fd55/8719595812392975493.1.raw
0574a1579a12616a43633d31d4b6a597a9ffcad6a6d5d6b58d4413788670fdce,43,20260904/native-visibility-raw/2906705493/CAB-a54cb8ece006bf575b732cd3ab36fd55/8726504495518899441.1.raw
860a5aea4a5aea57cdc9221332b87edd8e7e2e43a17b60e3ba8a9e5d8309b142,47,20260904/native-visibility-raw/2906705493/CAB-a54cb8ece006bf575b732cd3ab36fd55/8743964634319858637.1.raw
1fb3240c304d561139f454c52e2cd7bf905c2e059f1fe5604d1fcfa62217b19b,47,20260904/native-visibility-raw/2906705493/CAB-a54cb8ece006bf575b732cd3ab36fd55/8748868384874003683.1.raw
6208498a00b7d005c652503d8875d048da8b1b33b424d8162ea870cd583c9299,47,20260904/native-visibility-raw/2906705493/CAB-a54cb8ece006bf575b732cd3ab36fd55/876586364281420873.1.raw
70f7c91541d2606ac45873ecb3c47e5031ef8ccf183bcf1facf7e297f3a35cdd,47,20260904/native-visibility-raw/2906705493/CAB-a54cb8ece006bf575b732cd3ab36fd55/8781025699765451161.1.raw
be0ac4466dacc40ac7a2cf2e06872be0b84117d186c36e07068ef3210efabd31,39,20260904/native-visibility-raw/2906705493/CAB-a54cb8ece006bf575b732cd3ab36fd55/8811727074368684699.1.raw
a9658148ed726f8c91142e9abf7bf768559916fc70e81b8205a85ee75c10f68b,47,20260904/native-visibility-raw/2906705493/CAB-a54cb8ece006bf575b732cd3ab36fd55/8889394799523574355.1.raw
a93c1fbf0f343bc4836cd91cb1d0455d82a865e0878b45532b7faacd2fc6c29a,39,20260904/native-visibility-raw/2906705493/CAB-a54cb8ece006bf575b732cd3ab36fd55/8897898238351087493.1.raw
fce8dd8167ca1ab277e84394809b4678b7258e90c37a8d6b4c5cf184b4c316f3,47,20260904/native-visibility-raw/2906705493/CAB-a54cb8ece006bf575b732cd3ab36fd55/8970930973452939419.1.raw
f451c5cb233d8b54c12c7d939689594ca99ec9b7faa1f4b93f183765cbe65cf6,47,20260904/native-visibility-raw/2906705493/CAB-a54cb8ece006bf575b732cd3ab36fd55/9014844879857569064.1.raw
f717b2433ae0e03f001229ca14963a5a870c618cb45f0e0556a2859f8e2bf71f,51,20260904/native-visibility-raw/2906705493/CAB-a54cb8ece006bf575b732cd3ab36fd55/9049437225255949558.1.raw
2649a3b39793d0ce36aa7a8afba5c466a6e72b9e445c5463436ec165a3962482,59,20260904/native-visibility-raw/2906705493/CAB-a54cb8ece006bf575b732cd3ab36fd55/9176990056310013165.1.raw
7f2eace8a7bb395c21d7fc6ce23766a4ee810d5b17a4cdfb2f8ea3f04b7fbd58,43,20260904/native-visibility-raw/2906705493/CAB-a54cb8ece006bf575b732cd3ab36fd55/9205557427881513292.1.raw
1510b8b26372ef6bfc32259f5415abcd569ef73ab8068873a5d26c55210069ab,39,20260904/native-visibility-raw/2906705493/CAB-a54cb8ece006bf575b732cd3ab36fd55/953635394537929313.1.raw
3ea559fc539830b49f0dbe028016a0e3fc41d199d5e2fa1b8c4e8cc34f539ce5,59,20260904/native-visibility-raw/2906705493/CAB-a54cb8ece006bf575b732cd3ab36fd55/979927431805785445.1.raw
1506957ba3325557992a95d0a1480bb361087107799f6186a69969ead2ff435d,248,20260904/native-visibility-raw/2906705493/CAB-a54cb8ece006bf575b732cd3ab36fd55/979939821508246278.137.raw
4d98829216892747f8618a550b19f3006060b770624dcf138cf2d294d1dd02c0,318967,20260904/native-visibility-raw/manifest.ndjson
47bc6346640f34ec6992cc2cc5ef96c4edb437d171f94a63b8b2f5d205451c9b,379476,20260904/native-visibility-targets.json
73be01c005375b87d325999ceb4ce9b84fa25595285fc9c39527f23762d1c165,8300,20260904/prepare_animation_inputs.py
a57d0dbc91b4f55d5b8e75ff3e8e1e7d4605d22f6c0414bc5d7fec2127ac88d6,4400,20260904/prepare_exact_material_inputs.py
eb0ef0a62df26b807ef56d54437ad35ebb5d2b23c414d419776d24669fe9450d,2997,20260904/prepare_lut_verification.py
c65eeccfb420d8151520b4c8dece8643aea9aefe5427bb7eb5cd97eb68ef4c4e,6252,20260904/prepare_runtime_sources.py
2bdf7cb354d85e6d300c915b1255f511a2105a9ce6519a849ea1138a9e2a2af2,30870,20260904/qualified-mesh-audit.json
5c615ceef4f3328f8aaad9e285d33e8f638deeca65c8934fddf5fcfe179ceee1,138036,20260904/rig-source-candidates.json
16b84577011b2d81c51615449332803475b1e82084d90ca635c6866d13c18309,71573,20260904/runtime-source-selection.json
ee0f1b13ab7c4521ed66e57b002f3d74a37fee8f88e88ff0be4a57a74f3baeb4,46710,20260904/scalar-full-probe.json
be660c902009a8d1b2375f76ef6de3be256c85524fddc5ec3bacba0bac3956dc,238327,20260904/unity-import.json
9b9184b8f6acf8efe0fdab9cbf0fdf3c5e5d2db9b7c86f1cade0a1cfef373df9,1469,20260904/unity-morphs.json
15362c5ab545340e5eae2cb71edadba6b66cf78a0976323506da613d52be13ab,2669,20260904/unity-pipeline-pass.json
b3ff44ab32379201dc525886666d0b9df8f485f2a2e4341b047832e198bba18a,493,20260904/vault-containment-check.json
